ISO-10303-21;
HEADER;
/* Generated by software containing ST-Developer
 * from STEP Tools, Inc. (www.steptools.com) 
 */

FILE_DESCRIPTION(
/* description */ (''),
/* implementation_level */ '2;1');

FILE_NAME(
/* name */ 'assembly.step',
/* time_stamp */ '2026-09-03T18:00:41+02:00',
/* author */ (''),
/* organization */ (''),
/* preprocessor_version */ 'ST-DEVELOPER v20.1',
/* originating_system */ 'Autodesk Translation Framework v15.8.0.0',
/* authorisation */ '');

FILE_SCHEMA (('AUTOMOTIVE_DESIGN { 1 0 10303 214 3 1 1 }'));
ENDSEC;

DATA;
#10=MECHANICAL_DESIGN_GEOMETRIC_PRESENTATION_REPRESENTATION('',(#628,#629,
#630,#631,#632,#633,#634,#635,#636,#637,#638,#639,#640,#641,#642,#643,#644,
#645,#646,#647,#648,#649,#650,#651,#652,#653,#654,#655,#656,#657,#658),
#18638);
#11=CONTEXT_DEPENDENT_OVER_RIDING_STYLED_ITEM('',(#18712),#18669,#658,(#38));
#12=CONTEXT_DEPENDENT_OVER_RIDING_STYLED_ITEM('',(#18712),#18668,#658,(#37));
#13=CONTEXT_DEPENDENT_OVER_RIDING_STYLED_ITEM('',(#18713),#18670,#658,(#39));
#14=CONTEXT_DEPENDENT_OVER_RIDING_STYLED_ITEM('',(#18714),#18671,#658,(#40));
#15=MAPPED_ITEM('',#16,#12135);
#16=REPRESENTATION_MAP(#12135,#18667);
#17=(
BOUNDED_CURVE()
B_SPLINE_CURVE(4,(#17558,#17559,#17560,#17561,#17562),.UNSPECIFIED.,.F.,
 .F.)
B_SPLINE_CURVE_WITH_KNOTS((5,5),(0.,1.),.UNSPECIFIED.)
CURVE()
GEOMETRIC_REPRESENTATION_ITEM()
RATIONAL_B_SPLINE_CURVE((1.,1.,1.,1.,1.))
REPRESENTATION_ITEM('')
);
#18=(
BOUNDED_CURVE()
B_SPLINE_CURVE(4,(#17564,#17565,#17566,#17567,#17568),.UNSPECIFIED.,.F.,
 .F.)
B_SPLINE_CURVE_WITH_KNOTS((5,5),(0.,1.),.UNSPECIFIED.)
CURVE()
GEOMETRIC_REPRESENTATION_ITEM()
RATIONAL_B_SPLINE_CURVE((1.,1.,1.,1.,1.))
REPRESENTATION_ITEM('')
);
#19=(
BOUNDED_CURVE()
B_SPLINE_CURVE(4,(#18403,#18404,#18405,#18406,#18407),.UNSPECIFIED.,.F.,
 .F.)
B_SPLINE_CURVE_WITH_KNOTS((5,5),(0.,1.),.UNSPECIFIED.)
CURVE()
GEOMETRIC_REPRESENTATION_ITEM()
RATIONAL_B_SPLINE_CURVE((1.,1.,1.,1.,1.))
REPRESENTATION_ITEM('')
);
#20=(
BOUNDED_CURVE()
B_SPLINE_CURVE(4,(#18410,#18411,#18412,#18413,#18414),.UNSPECIFIED.,.F.,
 .F.)
B_SPLINE_CURVE_WITH_KNOTS((5,5),(0.,1.),.UNSPECIFIED.)
CURVE()
GEOMETRIC_REPRESENTATION_ITEM()
RATIONAL_B_SPLINE_CURVE((1.,1.,1.,1.,1.))
REPRESENTATION_ITEM('')
);
#21=(
BOUNDED_SURFACE()
B_SPLINE_SURFACE(4,1,((#17547,#17548),(#17549,#17550),(#17551,#17552),(#17553,
#17554),(#17555,#17556)),.UNSPECIFIED.,.F.,.F.,.F.)
B_SPLINE_SURFACE_WITH_KNOTS((5,5),(2,2),(0.,1.),(0.,1.),.UNSPECIFIED.)
GEOMETRIC_REPRESENTATION_ITEM()
RATIONAL_B_SPLINE_SURFACE(((1.,1.),(1.,1.),(1.,1.),(1.,1.),(1.,1.)))
REPRESENTATION_ITEM('')
SURFACE()
);
#22=(
BOUNDED_SURFACE()
B_SPLINE_SURFACE(4,1,((#18392,#18393),(#18394,#18395),(#18396,#18397),(#18398,
#18399),(#18400,#18401)),.UNSPECIFIED.,.F.,.F.,.F.)
B_SPLINE_SURFACE_WITH_KNOTS((5,5),(2,2),(0.,1.),(0.,1.),.UNSPECIFIED.)
GEOMETRIC_REPRESENTATION_ITEM()
RATIONAL_B_SPLINE_SURFACE(((1.,1.),(1.,1.),(1.,1.),(1.,1.),(1.,1.)))
REPRESENTATION_ITEM('')
SURFACE()
);
#23=CONICAL_SURFACE('',#11557,4.95,0.785398163397459);
#24=CONICAL_SURFACE('',#11567,5.1643654710252,0.0615261668428168);
#25=CONICAL_SURFACE('',#11572,4.95,0.785398163397459);
#26=CONICAL_SURFACE('',#11582,5.1643654710252,0.0615261668428168);
#27=ITEM_DEFINED_TRANSFORMATION($,$,#11328,#11437);
#28=ITEM_DEFINED_TRANSFORMATION($,$,#11396,#11438);
#29=ITEM_DEFINED_TRANSFORMATION($,$,#11177,#12129);
#30=ITEM_DEFINED_TRANSFORMATION($,$,#11256,#12130);
#31=ITEM_DEFINED_TRANSFORMATION($,$,#11298,#12131);
#32=ITEM_DEFINED_TRANSFORMATION($,$,#11327,#12132);
#33=ITEM_DEFINED_TRANSFORMATION($,$,#11439,#12133);
#34=ITEM_DEFINED_TRANSFORMATION($,$,#11439,#12134);
#35=(
REPRESENTATION_RELATIONSHIP($,$,#18672,#18671)
REPRESENTATION_RELATIONSHIP_WITH_TRANSFORMATION(#27)
SHAPE_REPRESENTATION_RELATIONSHIP()
);
#36=(
REPRESENTATION_RELATIONSHIP($,$,#18673,#18671)
REPRESENTATION_RELATIONSHIP_WITH_TRANSFORMATION(#28)
SHAPE_REPRESENTATION_RELATIONSHIP()
);
#37=(
REPRESENTATION_RELATIONSHIP($,$,#18668,#18667)
REPRESENTATION_RELATIONSHIP_WITH_TRANSFORMATION(#29)
SHAPE_REPRESENTATION_RELATIONSHIP()
);
#38=(
REPRESENTATION_RELATIONSHIP($,$,#18669,#18667)
REPRESENTATION_RELATIONSHIP_WITH_TRANSFORMATION(#30)
SHAPE_REPRESENTATION_RELATIONSHIP()
);
#39=(
REPRESENTATION_RELATIONSHIP($,$,#18670,#18667)
REPRESENTATION_RELATIONSHIP_WITH_TRANSFORMATION(#31)
SHAPE_REPRESENTATION_RELATIONSHIP()
);
#40=(
REPRESENTATION_RELATIONSHIP($,$,#18671,#18667)
REPRESENTATION_RELATIONSHIP_WITH_TRANSFORMATION(#32)
SHAPE_REPRESENTATION_RELATIONSHIP()
);
#41=(
REPRESENTATION_RELATIONSHIP($,$,#18674,#18667)
REPRESENTATION_RELATIONSHIP_WITH_TRANSFORMATION(#33)
SHAPE_REPRESENTATION_RELATIONSHIP()
);
#42=(
REPRESENTATION_RELATIONSHIP($,$,#18674,#18667)
REPRESENTATION_RELATIONSHIP_WITH_TRANSFORMATION(#34)
SHAPE_REPRESENTATION_RELATIONSHIP()
);
#43=CONTEXT_DEPENDENT_SHAPE_REPRESENTATION(#35,#18658);
#44=CONTEXT_DEPENDENT_SHAPE_REPRESENTATION(#36,#18659);
#45=CONTEXT_DEPENDENT_SHAPE_REPRESENTATION(#37,#18661);
#46=CONTEXT_DEPENDENT_SHAPE_REPRESENTATION(#38,#18662);
#47=CONTEXT_DEPENDENT_SHAPE_REPRESENTATION(#39,#18663);
#48=CONTEXT_DEPENDENT_SHAPE_REPRESENTATION(#40,#18664);
#49=CONTEXT_DEPENDENT_SHAPE_REPRESENTATION(#41,#18665);
#50=CONTEXT_DEPENDENT_SHAPE_REPRESENTATION(#42,#18666);
#51=NEXT_ASSEMBLY_USAGE_OCCURRENCE('gYRO:1','gYRO:1','gYRO:1',#18680,#18681,
'gYRO:1');
#52=NEXT_ASSEMBLY_USAGE_OCCURRENCE('Frame:1','Frame:1','Frame:1',#18680,
#18682,'Frame:1');
#53=NEXT_ASSEMBLY_USAGE_OCCURRENCE('LCD mount:1','LCD mount:1',
'LCD mount:1',#18676,#18677,'LCD mount:1');
#54=NEXT_ASSEMBLY_USAGE_OCCURRENCE('Condensor lens mount:1',
'Condensor lens mount:1','Condensor lens mount:1',#18676,#18678,
'Condensor lens mount:1');
#55=NEXT_ASSEMBLY_USAGE_OCCURRENCE('LED mount:1','LED mount:1',
'LED mount:1',#18676,#18679,'LED mount:1');
#56=NEXT_ASSEMBLY_USAGE_OCCURRENCE('Projector Lens mount:1',
'Projector Lens mount:1','Projector Lens mount:1',#18676,#18680,
'Projector Lens mount:1');
#57=NEXT_ASSEMBLY_USAGE_OCCURRENCE('housing:1','housing:1','housing:1',
#18676,#18683,'housing:1');
#58=NEXT_ASSEMBLY_USAGE_OCCURRENCE('housing:2','housing:2','housing:2',
#18676,#18683,'housing:2');
#59=SHAPE_REPRESENTATION_RELATIONSHIP('SRR','None',#18668,#65);
#60=SHAPE_REPRESENTATION_RELATIONSHIP('SRR','None',#18669,#66);
#61=SHAPE_REPRESENTATION_RELATIONSHIP('SRR','None',#18670,#67);
#62=SHAPE_REPRESENTATION_RELATIONSHIP('SRR','None',#18672,#68);
#63=SHAPE_REPRESENTATION_RELATIONSHIP('SRR','None',#18673,#69);
#64=SHAPE_REPRESENTATION_RELATIONSHIP('SRR','None',#18674,#70);
#65=ADVANCED_BREP_SHAPE_REPRESENTATION('',(#659,#660,#661,#662),#18631);
#66=ADVANCED_BREP_SHAPE_REPRESENTATION('',(#663,#664),#18632);
#67=ADVANCED_BREP_SHAPE_REPRESENTATION('',(#665),#18633);
#68=ADVANCED_BREP_SHAPE_REPRESENTATION('',(#666,#667),#18635);
#69=ADVANCED_BREP_SHAPE_REPRESENTATION('',(#668),#18636);
#70=ADVANCED_BREP_SHAPE_REPRESENTATION('',(#669,#670,#671,#672,#673,#674,
#675,#676,#677,#678,#679,#680,#681,#682,#683,#684,#685,#686,#687,#688),
#18637);
#71=B_SPLINE_CURVE_WITH_KNOTS('',3,(#15411,#15412,#15413,#15414,#15415,
#15416,#15417),.UNSPECIFIED.,.F.,.F.,(4,3,4),(0.,0.00674920347624604,0.0157481414445741),
 .UNSPECIFIED.);
#72=B_SPLINE_CURVE_WITH_KNOTS('',3,(#15421,#15422,#15423,#15424),
 .UNSPECIFIED.,.F.,.F.,(4,4),(0.00666666590505169,0.183333259738135),
 .UNSPECIFIED.);
#73=B_SPLINE_CURVE_WITH_KNOTS('',3,(#15427,#15428,#15429,#15430),
 .UNSPECIFIED.,.F.,.F.,(4,4),(0.00666666590505169,0.183333259738135),
 .UNSPECIFIED.);
#74=B_SPLINE_CURVE_WITH_KNOTS('',3,(#15459,#15460,#15461,#15462),
 .UNSPECIFIED.,.F.,.F.,(4,4),(-0.183333259738135,0.),.UNSPECIFIED.);
#75=B_SPLINE_CURVE_WITH_KNOTS('',3,(#15465,#15466,#15467,#15468),
 .UNSPECIFIED.,.F.,.F.,(4,4),(0.00666666590505169,0.183333259738135),
 .UNSPECIFIED.);
#76=B_SPLINE_CURVE_WITH_KNOTS('',3,(#15513,#15514,#15515,#15516),
 .UNSPECIFIED.,.F.,.F.,(4,4),(0.00666666590505169,0.183333259738135),
 .UNSPECIFIED.);
#77=B_SPLINE_CURVE_WITH_KNOTS('',3,(#15519,#15520,#15521,#15522),
 .UNSPECIFIED.,.F.,.F.,(4,4),(-0.183333259738135,0.),.UNSPECIFIED.);
#78=B_SPLINE_CURVE_WITH_KNOTS('',3,(#15829,#15830,#15831,#15832,#15833,
#15834,#15835,#15836),.UNSPECIFIED.,.F.,.F.,(4,2,2,4),(0.306859304980102,
0.361633752347073,0.421906044832887,0.482178337318701),.UNSPECIFIED.);
#79=B_SPLINE_CURVE_WITH_KNOTS('',3,(#15838,#15839,#15840,#15841,#15842,
#15843,#15844,#15845,#15846,#15847,#15848,#15849,#15850,#15851),
 .UNSPECIFIED.,.F.,.F.,(4,2,2,2,2,2,4),(0.,0.0602722924858136,0.120544584971627,
0.180816876815489,0.24108916865935,0.301361460503212,0.306859304980102),
 .UNSPECIFIED.);
#80=B_SPLINE_CURVE_WITH_KNOTS('',3,(#15868,#15869,#15870,#15871,#15872,
#15873,#15874,#15875,#15876,#15877,#15878,#15879,#15880,#15881,#15882,#15883,
#15884,#15885),.UNSPECIFIED.,.F.,.F.,(4,2,2,2,2,2,2,2,4),(-0.482178337318701,
-0.421906044832887,-0.361633752347073,-0.301361460503212,-0.24108916865935,
-0.180816876815489,-0.120544584971627,-0.0602722924858136,0.),
 .UNSPECIFIED.);
#81=B_SPLINE_CURVE_WITH_KNOTS('',3,(#16007,#16008,#16009,#16010,#16011,
#16012,#16013,#16014,#16015,#16016,#16017,#16018,#16019,#16020),
 .UNSPECIFIED.,.F.,.F.,(4,2,2,2,2,2,4),(-0.306859304980102,-0.301361460503212,
-0.24108916865935,-0.180816876815489,-0.120544584971627,-0.0602722924858136,
0.),.UNSPECIFIED.);
#82=B_SPLINE_CURVE_WITH_KNOTS('',3,(#16021,#16022,#16023,#16024,#16025,
#16026,#16027,#16028),.UNSPECIFIED.,.F.,.F.,(4,2,2,4),(-0.482178337318701,
-0.421906044832887,-0.361633752347074,-0.306859304980102),.UNSPECIFIED.);
#83=B_SPLINE_CURVE_WITH_KNOTS('',3,(#16038,#16039,#16040,#16041,#16042,
#16043,#16044,#16045,#16046,#16047,#16048,#16049,#16050,#16051,#16052,#16053,
#16054,#16055),.UNSPECIFIED.,.F.,.F.,(4,2,2,2,2,2,2,2,4),(0.,0.0602722924858136,
0.120544584971627,0.180816876815489,0.24108916865935,0.301361460503212,
0.361633752347074,0.421906044832887,0.482178337318701),.UNSPECIFIED.);
#84=B_SPLINE_CURVE_WITH_KNOTS('',3,(#16090,#16091,#16092,#16093,#16094,
#16095,#16096,#16097,#16098,#16099,#16100,#16101,#16102,#16103,#16104,#16105,
#16106,#16107,#16108,#16109),.UNSPECIFIED.,.F.,.F.,(4,2,2,2,2,2,2,2,2,4),
(0.247426026051442,0.307743955713225,0.368061885375009,0.428608039771281,
0.489154194167553,0.549700348563825,0.610246502960097,0.670564432621881,
0.730882362283664,0.75437617364188),.UNSPECIFIED.);
#85=B_SPLINE_CURVE_WITH_KNOTS('',3,(#16110,#16111,#16112,#16113),
 .UNSPECIFIED.,.F.,.F.,(4,4),(0.223932214693226,0.247426026051442),
 .UNSPECIFIED.);
#86=B_SPLINE_CURVE_WITH_KNOTS('',3,(#16120,#16121,#16122,#16123,#16124,
#16125,#16126,#16127),.UNSPECIFIED.,.F.,.F.,(4,2,2,4),(0.223622501748746,
0.260149901127371,0.305042370665691,0.319779576282964),.UNSPECIFIED.);
#87=B_SPLINE_CURVE_WITH_KNOTS('',3,(#16131,#16132,#16133,#16134),
 .UNSPECIFIED.,.F.,.F.,(4,4),(0.724240267798725,0.747005379636087),
 .UNSPECIFIED.);
#88=B_SPLINE_CURVE_WITH_KNOTS('',3,(#16136,#16137,#16138,#16139,#16140,
#16141,#16142,#16143),.UNSPECIFIED.,.F.,.F.,(4,2,2,4),(0.65084830510187,
0.665585510719143,0.710477980257463,0.724240267798725),.UNSPECIFIED.);
#89=B_SPLINE_CURVE_WITH_KNOTS('',3,(#16147,#16148,#16149,#16150,#16151,
#16152,#16153,#16154,#16155,#16156,#16157,#16158,#16159,#16160,#16161,#16162,
#16163,#16164),.UNSPECIFIED.,.F.,.F.,(4,2,2,2,2,2,2,2,4),(0.319779576282964,
0.35006219475362,0.395082018841549,0.440197979766983,0.485313940692417,
0.530429901617851,0.575545862543285,0.620565686631214,0.65084830510187),
 .UNSPECIFIED.);
#90=B_SPLINE_SURFACE_WITH_KNOTS('',3,3,((#15385,#15386,#15387,#15388,#15389),
(#15390,#15391,#15392,#15393,#15394),(#15395,#15396,#15397,#15398,#15399),
(#15400,#15401,#15402,#15403,#15404),(#15405,#15406,#15407,#15408,#15409)),
 .UNSPECIFIED.,.F.,.F.,.F.,(4,1,4),(4,1,4),(0.,0.571428571428571,1.),(-0.785398168364494,
-2.4835203893403E-9,0.785398163397453),.UNSPECIFIED.);
#91=SPHERICAL_SURFACE('',#11208,0.1);
#92=TOROIDAL_SURFACE('',#11202,12.15,0.1);
#93=TOROIDAL_SURFACE('',#11226,11.75,0.5);
#94=TOROIDAL_SURFACE('',#11263,49.9999988824129,0.5);
#95=TOROIDAL_SURFACE('',#11270,50.1,0.1);
#96=TOROIDAL_SURFACE('',#11283,50.1,0.1);
#97=TOROIDAL_SURFACE('',#11291,49.9999988824129,0.5);
#98=TOROIDAL_SURFACE('',#11345,37.4999983347952,0.499999988824129);
#99=TOROIDAL_SURFACE('',#11389,37.4999983347952,0.499999988824129);
#100=TOROIDAL_SURFACE('',#11564,5.99999999999939,0.999999999999395);
#101=TOROIDAL_SURFACE('',#11569,4.32873094205023,1.00000000000017);
#102=TOROIDAL_SURFACE('',#11579,5.99999999999939,0.999999999999395);
#103=TOROIDAL_SURFACE('',#11584,4.32873094205023,1.00000000000017);
#104=CIRCLE('',#11197,0.1);
#105=CIRCLE('',#11198,0.0999999999999979);
#106=CIRCLE('',#11200,0.1);
#107=CIRCLE('',#11201,0.0999999999999979);
#108=CIRCLE('',#11203,0.1);
#109=CIRCLE('',#11204,12.15);
#110=CIRCLE('',#11205,12.25);
#111=CIRCLE('',#11207,0.0999999999999979);
#112=CIRCLE('',#11209,0.100000000000004);
#113=CIRCLE('',#11211,0.4);
#114=CIRCLE('',#11213,0.0999999999999979);
#115=CIRCLE('',#11216,12.25);
#116=CIRCLE('',#11219,0.5);
#117=CIRCLE('',#11220,0.5);
#118=CIRCLE('',#11223,0.499999999999998);
#119=CIRCLE('',#11225,0.499999999999998);
#120=CIRCLE('',#11227,11.75);
#121=CIRCLE('',#11230,11.75);
#122=CIRCLE('',#11233,0.1);
#123=CIRCLE('',#11234,0.1);
#124=CIRCLE('',#11238,11.75);
#125=CIRCLE('',#11239,11.75);
#126=CIRCLE('',#11245,0.1);
#127=CIRCLE('',#11246,0.1);
#128=CIRCLE('',#11251,11.75);
#129=CIRCLE('',#11252,11.75);
#130=CIRCLE('',#11262,50.);
#131=CIRCLE('',#11264,50.0833331470688);
#132=CIRCLE('',#11265,0.5);
#133=CIRCLE('',#11266,50.4999988824129);
#134=CIRCLE('',#11268,50.);
#135=CIRCLE('',#11269,50.);
#136=CIRCLE('',#11271,0.1);
#137=CIRCLE('',#11278,50.4999988824129);
#138=CIRCLE('',#11284,50.);
#139=CIRCLE('',#11285,0.1);
#140=CIRCLE('',#11286,50.0833331470688);
#141=CIRCLE('',#11287,50.0833331470688);
#142=CIRCLE('',#11288,50.);
#143=CIRCLE('',#11290,50.);
#144=CIRCLE('',#11292,0.5);
#145=CIRCLE('',#11330,1.6);
#146=CIRCLE('',#11333,67.5);
#147=CIRCLE('',#11334,67.5);
#148=CIRCLE('',#11335,37.9999983236194);
#149=CIRCLE('',#11337,1.6);
#150=CIRCLE('',#11340,37.5);
#151=CIRCLE('',#11341,37.5);
#152=CIRCLE('',#11342,37.5);
#153=CIRCLE('',#11344,67.5);
#154=CIRCLE('',#11346,0.499999988824129);
#155=CIRCLE('',#11349,1.6);
#156=CIRCLE('',#11350,1.6);
#157=CIRCLE('',#11352,2.75000000000002);
#158=CIRCLE('',#11353,2.75000000000002);
#159=CIRCLE('',#11356,2.74999999999999);
#160=CIRCLE('',#11357,2.74999999999999);
#161=CIRCLE('',#11362,1.6);
#162=CIRCLE('',#11363,1.6);
#163=CIRCLE('',#11365,2.75000000000002);
#164=CIRCLE('',#11366,2.75000000000002);
#165=CIRCLE('',#11369,2.74999999999999);
#166=CIRCLE('',#11370,2.74999999999999);
#167=CIRCLE('',#11378,1.6);
#168=CIRCLE('',#11381,67.5);
#169=CIRCLE('',#11382,67.5);
#170=CIRCLE('',#11383,67.5);
#171=CIRCLE('',#11385,1.6);
#172=CIRCLE('',#11388,37.9999983236194);
#173=CIRCLE('',#11390,37.5);
#174=CIRCLE('',#11391,37.5);
#175=CIRCLE('',#11392,0.499999988824129);
#176=CIRCLE('',#11394,37.5);
#177=CIRCLE('',#11398,5.1);
#178=CIRCLE('',#11399,5.1);
#179=CIRCLE('',#11401,5.1);
#180=CIRCLE('',#11402,5.1);
#181=CIRCLE('',#11404,1.6);
#182=CIRCLE('',#11405,1.6);
#183=CIRCLE('',#11407,1.6);
#184=CIRCLE('',#11408,1.6);
#185=CIRCLE('',#11410,67.5);
#186=CIRCLE('',#11411,67.5);
#187=CIRCLE('',#11414,67.5);
#188=CIRCLE('',#11415,67.5);
#189=CIRCLE('',#11417,67.5);
#190=CIRCLE('',#11418,67.5);
#191=CIRCLE('',#11421,67.5);
#192=CIRCLE('',#11422,67.5);
#193=CIRCLE('',#11479,9.99999999999999);
#194=CIRCLE('',#11480,10.);
#195=CIRCLE('',#11481,10.);
#196=CIRCLE('',#11482,9.99999999999999);
#197=CIRCLE('',#11491,2.);
#198=CIRCLE('',#11492,2.);
#199=CIRCLE('',#11493,9.99999999999999);
#200=CIRCLE('',#11494,10.);
#201=CIRCLE('',#11495,10.);
#202=CIRCLE('',#11496,9.99999999999999);
#203=CIRCLE('',#11498,2.);
#204=CIRCLE('',#11501,2.);
#205=CIRCLE('',#11513,1.6);
#206=CIRCLE('',#11514,1.6);
#207=CIRCLE('',#11518,5.);
#208=CIRCLE('',#11519,5.);
#209=CIRCLE('',#11521,5.99999999999998);
#210=CIRCLE('',#11522,5.99999999999998);
#211=CIRCLE('',#11525,6.);
#212=CIRCLE('',#11526,6.);
#213=CIRCLE('',#11543,5.);
#214=CIRCLE('',#11544,5.);
#215=CIRCLE('',#11546,5.);
#216=CIRCLE('',#11547,5.);
#217=CIRCLE('',#11550,5.);
#218=CIRCLE('',#11552,5.);
#219=CIRCLE('',#11558,5.);
#220=CIRCLE('',#11559,4.9);
#221=CIRCLE('',#11560,5.);
#222=CIRCLE('',#11563,5.);
#223=CIRCLE('',#11565,0.999999999999395);
#224=CIRCLE('',#11566,5.00189213760447);
#225=CIRCLE('',#11568,5.32683880444593);
#226=CIRCLE('',#11570,5.3287309420504);
#227=CIRCLE('',#11571,1.00000000000017);
#228=CIRCLE('',#11573,5.);
#229=CIRCLE('',#11574,5.);
#230=CIRCLE('',#11575,4.9);
#231=CIRCLE('',#11578,5.);
#232=CIRCLE('',#11580,0.999999999999395);
#233=CIRCLE('',#11581,5.00189213760447);
#234=CIRCLE('',#11583,5.32683880444593);
#235=CIRCLE('',#11585,5.3287309420504);
#236=CIRCLE('',#11586,1.00000000000017);
#237=CIRCLE('',#11589,1.49999999999999);
#238=CIRCLE('',#11590,1.49999999999999);
#239=CIRCLE('',#11592,1.49999999999999);
#240=CIRCLE('',#11593,1.49999999999999);
#241=CIRCLE('',#11595,1.49999999999999);
#242=CIRCLE('',#11596,1.49999999999999);
#243=CIRCLE('',#11598,1.49999999999999);
#244=CIRCLE('',#11599,1.49999999999999);
#245=CIRCLE('',#11601,1.49999999999999);
#246=CIRCLE('',#11602,1.49999999999999);
#247=CIRCLE('',#11604,1.49999999999999);
#248=CIRCLE('',#11605,1.49999999999999);
#249=CIRCLE('',#11607,1.49999999999999);
#250=CIRCLE('',#11608,1.49999999999999);
#251=CIRCLE('',#11610,1.49999999999999);
#252=CIRCLE('',#11611,1.49999999999999);
#253=CIRCLE('',#11613,1.49999999999999);
#254=CIRCLE('',#11614,1.49999999999999);
#255=CIRCLE('',#11616,1.49999999999999);
#256=CIRCLE('',#11617,1.49999999999999);
#257=CIRCLE('',#11631,401.149373939362);
#258=CIRCLE('',#11632,401.149373939362);
#259=CIRCLE('',#11636,401.149373939362);
#260=CIRCLE('',#11637,401.149373939362);
#261=CIRCLE('',#11641,401.149373939362);
#262=CIRCLE('',#11642,401.149373939362);
#263=CIRCLE('',#11646,401.149373939362);
#264=CIRCLE('',#11647,401.149373939362);
#265=CIRCLE('',#11651,401.149373939362);
#266=CIRCLE('',#11652,401.149373939362);
#267=CIRCLE('',#11656,401.149373939362);
#268=CIRCLE('',#11657,401.149373939362);
#269=CIRCLE('',#11661,401.149373939362);
#270=CIRCLE('',#11662,401.149373939362);
#271=CIRCLE('',#11666,401.149373939362);
#272=CIRCLE('',#11667,401.149373939362);
#273=CIRCLE('',#11671,401.149373939362);
#274=CIRCLE('',#11672,401.149373939362);
#275=CIRCLE('',#11676,401.149373939362);
#276=CIRCLE('',#11677,401.149373939362);
#277=CIRCLE('',#11681,401.149373939362);
#278=CIRCLE('',#11682,401.149373939362);
#279=CIRCLE('',#11686,401.149373939362);
#280=CIRCLE('',#11687,401.149373939362);
#281=CIRCLE('',#11691,401.149373939362);
#282=CIRCLE('',#11692,401.149373939362);
#283=CIRCLE('',#11696,401.149373939362);
#284=CIRCLE('',#11697,401.149373939362);
#285=CIRCLE('',#11701,401.149373939362);
#286=CIRCLE('',#11702,401.149373939362);
#287=CIRCLE('',#11706,401.149373939362);
#288=CIRCLE('',#11707,401.149373939362);
#289=CIRCLE('',#11711,401.149373939362);
#290=CIRCLE('',#11712,401.149373939362);
#291=CIRCLE('',#11716,401.149373939362);
#292=CIRCLE('',#11717,401.149373939362);
#293=CIRCLE('',#11721,401.149373939362);
#294=CIRCLE('',#11722,401.149373939362);
#295=CIRCLE('',#11726,401.149373939362);
#296=CIRCLE('',#11727,401.149373939362);
#297=CIRCLE('',#11731,401.149373939362);
#298=CIRCLE('',#11732,401.149373939362);
#299=CIRCLE('',#11736,401.149373939362);
#300=CIRCLE('',#11737,401.149373939362);
#301=CIRCLE('',#11741,401.149373939362);
#302=CIRCLE('',#11742,401.149373939362);
#303=CIRCLE('',#11746,401.149373939362);
#304=CIRCLE('',#11747,401.149373939362);
#305=CIRCLE('',#11751,401.149373939362);
#306=CIRCLE('',#11752,401.149373939362);
#307=CIRCLE('',#11756,401.149373939362);
#308=CIRCLE('',#11757,401.149373939362);
#309=CIRCLE('',#11761,401.149373939362);
#310=CIRCLE('',#11762,401.149373939362);
#311=CIRCLE('',#11766,401.149373939362);
#312=CIRCLE('',#11767,401.149373939362);
#313=CIRCLE('',#11771,401.149373939362);
#314=CIRCLE('',#11772,401.149373939362);
#315=CIRCLE('',#11776,401.149373939362);
#316=CIRCLE('',#11777,401.149373939362);
#317=CIRCLE('',#11781,20.4433101549548);
#318=CIRCLE('',#11782,20.4433101549548);
#319=CIRCLE('',#11784,442.035994249271);
#320=CIRCLE('',#11785,442.035994249271);
#321=CIRCLE('',#11792,1.5);
#322=CIRCLE('',#11793,1.5);
#323=CIRCLE('',#11796,1.6);
#324=CIRCLE('',#11797,1.6);
#325=CIRCLE('',#11800,1.59999999999998);
#326=CIRCLE('',#11801,1.59999999999998);
#327=CIRCLE('',#11803,401.149373939362);
#328=CIRCLE('',#11804,401.149373939362);
#329=CIRCLE('',#11808,0.999999999999896);
#330=CIRCLE('',#11809,0.999999999999896);
#331=CIRCLE('',#11815,5.);
#332=CIRCLE('',#11816,5.);
#333=CIRCLE('',#11818,5.99999999999998);
#334=CIRCLE('',#11819,5.99999999999998);
#335=CIRCLE('',#11822,6.);
#336=CIRCLE('',#11823,6.);
#337=CIRCLE('',#11830,5.);
#338=CIRCLE('',#11831,5.);
#339=CIRCLE('',#11833,5.);
#340=CIRCLE('',#11834,5.);
#341=CIRCLE('',#11837,5.);
#342=CIRCLE('',#11839,5.);
#343=CIRCLE('',#11845,1.6);
#344=CIRCLE('',#11846,1.6);
#345=CIRCLE('',#11850,1.49999999999999);
#346=CIRCLE('',#11851,1.49999999999999);
#347=CIRCLE('',#11853,1.49999999999999);
#348=CIRCLE('',#11854,1.49999999999999);
#349=CIRCLE('',#11856,1.49999999999999);
#350=CIRCLE('',#11857,1.49999999999999);
#351=CIRCLE('',#11859,1.49999999999999);
#352=CIRCLE('',#11860,1.49999999999999);
#353=CIRCLE('',#11862,1.49999999999999);
#354=CIRCLE('',#11863,1.49999999999999);
#355=CIRCLE('',#11865,1.49999999999999);
#356=CIRCLE('',#11866,1.49999999999999);
#357=CIRCLE('',#11868,1.49999999999999);
#358=CIRCLE('',#11869,1.49999999999999);
#359=CIRCLE('',#11871,1.49999999999999);
#360=CIRCLE('',#11872,1.49999999999999);
#361=CIRCLE('',#11874,1.49999999999999);
#362=CIRCLE('',#11875,1.49999999999999);
#363=CIRCLE('',#11877,1.49999999999999);
#364=CIRCLE('',#11878,1.49999999999999);
#365=CIRCLE('',#11886,401.149373939362);
#366=CIRCLE('',#11887,401.149373939362);
#367=CIRCLE('',#11891,401.149373939362);
#368=CIRCLE('',#11892,401.149373939362);
#369=CIRCLE('',#11896,401.149373939362);
#370=CIRCLE('',#11897,401.149373939362);
#371=CIRCLE('',#11901,401.149373939362);
#372=CIRCLE('',#11902,401.149373939362);
#373=CIRCLE('',#11906,401.149373939362);
#374=CIRCLE('',#11907,401.149373939362);
#375=CIRCLE('',#11911,401.149373939362);
#376=CIRCLE('',#11912,401.149373939362);
#377=CIRCLE('',#11916,401.149373939362);
#378=CIRCLE('',#11917,401.149373939362);
#379=CIRCLE('',#11921,401.149373939362);
#380=CIRCLE('',#11922,401.149373939362);
#381=CIRCLE('',#11926,401.149373939362);
#382=CIRCLE('',#11927,401.149373939362);
#383=CIRCLE('',#11931,401.149373939362);
#384=CIRCLE('',#11932,401.149373939362);
#385=CIRCLE('',#11936,401.149373939362);
#386=CIRCLE('',#11937,401.149373939362);
#387=CIRCLE('',#11941,401.149373939362);
#388=CIRCLE('',#11942,401.149373939362);
#389=CIRCLE('',#11946,401.149373939362);
#390=CIRCLE('',#11947,401.149373939362);
#391=CIRCLE('',#11951,401.149373939362);
#392=CIRCLE('',#11952,401.149373939362);
#393=CIRCLE('',#11956,401.149373939362);
#394=CIRCLE('',#11957,401.149373939362);
#395=CIRCLE('',#11961,401.149373939362);
#396=CIRCLE('',#11962,401.149373939362);
#397=CIRCLE('',#11966,401.149373939362);
#398=CIRCLE('',#11967,401.149373939362);
#399=CIRCLE('',#11971,401.149373939362);
#400=CIRCLE('',#11972,401.149373939362);
#401=CIRCLE('',#11976,401.149373939362);
#402=CIRCLE('',#11977,401.149373939362);
#403=CIRCLE('',#11981,401.149373939362);
#404=CIRCLE('',#11982,401.149373939362);
#405=CIRCLE('',#11986,401.149373939362);
#406=CIRCLE('',#11987,401.149373939362);
#407=CIRCLE('',#11991,401.149373939362);
#408=CIRCLE('',#11992,401.149373939362);
#409=CIRCLE('',#11996,401.149373939362);
#410=CIRCLE('',#11997,401.149373939362);
#411=CIRCLE('',#12001,401.149373939362);
#412=CIRCLE('',#12002,401.149373939362);
#413=CIRCLE('',#12006,401.149373939362);
#414=CIRCLE('',#12007,401.149373939362);
#415=CIRCLE('',#12011,401.149373939362);
#416=CIRCLE('',#12012,401.149373939362);
#417=CIRCLE('',#12016,401.149373939362);
#418=CIRCLE('',#12017,401.149373939362);
#419=CIRCLE('',#12021,401.149373939362);
#420=CIRCLE('',#12022,401.149373939362);
#421=CIRCLE('',#12026,401.149373939362);
#422=CIRCLE('',#12027,401.149373939362);
#423=CIRCLE('',#12031,401.149373939362);
#424=CIRCLE('',#12032,401.149373939362);
#425=CIRCLE('',#12036,20.4433101549548);
#426=CIRCLE('',#12037,20.4433101549548);
#427=CIRCLE('',#12039,442.035994249271);
#428=CIRCLE('',#12040,442.035994249271);
#429=CIRCLE('',#12047,1.5);
#430=CIRCLE('',#12048,1.5);
#431=CIRCLE('',#12051,1.6);
#432=CIRCLE('',#12052,1.6);
#433=CIRCLE('',#12055,1.59999999999998);
#434=CIRCLE('',#12056,1.59999999999998);
#435=CIRCLE('',#12058,401.149373939362);
#436=CIRCLE('',#12059,401.149373939362);
#437=CIRCLE('',#12063,0.999999999999896);
#438=CIRCLE('',#12064,0.999999999999896);
#439=CIRCLE('',#12070,5.);
#440=CIRCLE('',#12071,5.);
#441=CIRCLE('',#12074,4.50000000000001);
#442=CIRCLE('',#12075,4.50000000000001);
#443=CIRCLE('',#12080,4.49999999999998);
#444=CIRCLE('',#12081,4.49999999999998);
#445=CIRCLE('',#12085,5.);
#446=CIRCLE('',#12086,5.);
#447=CIRCLE('',#12089,4.50000000000001);
#448=CIRCLE('',#12090,4.50000000000001);
#449=CIRCLE('',#12095,4.49999999999998);
#450=CIRCLE('',#12096,4.49999999999998);
#451=CIRCLE('',#12100,5.);
#452=CIRCLE('',#12101,5.);
#453=CIRCLE('',#12104,4.50000000000001);
#454=CIRCLE('',#12105,4.50000000000001);
#455=CIRCLE('',#12110,4.49999999999998);
#456=CIRCLE('',#12111,4.49999999999998);
#457=CIRCLE('',#12115,5.);
#458=CIRCLE('',#12116,5.);
#459=CIRCLE('',#12119,4.50000000000001);
#460=CIRCLE('',#12120,4.50000000000001);
#461=CIRCLE('',#12125,4.49999999999998);
#462=CIRCLE('',#12126,4.49999999999998);
#463=CYLINDRICAL_SURFACE('',#11196,0.1);
#464=CYLINDRICAL_SURFACE('',#11199,0.1);
#465=CYLINDRICAL_SURFACE('',#11206,0.1);
#466=CYLINDRICAL_SURFACE('',#11212,0.1);
#467=CYLINDRICAL_SURFACE('',#11215,12.25);
#468=CYLINDRICAL_SURFACE('',#11222,0.5);
#469=CYLINDRICAL_SURFACE('',#11224,0.5);
#470=CYLINDRICAL_SURFACE('',#11229,11.75);
#471=CYLINDRICAL_SURFACE('',#11232,0.1);
#472=CYLINDRICAL_SURFACE('',#11237,11.75);
#473=CYLINDRICAL_SURFACE('',#11244,0.1);
#474=CYLINDRICAL_SURFACE('',#11250,11.75);
#475=CYLINDRICAL_SURFACE('',#11267,50.);
#476=CYLINDRICAL_SURFACE('',#11289,50.);
#477=CYLINDRICAL_SURFACE('',#11331,1.6);
#478=CYLINDRICAL_SURFACE('',#11338,1.6);
#479=CYLINDRICAL_SURFACE('',#11339,37.5);
#480=CYLINDRICAL_SURFACE('',#11347,67.5);
#481=CYLINDRICAL_SURFACE('',#11348,1.6);
#482=CYLINDRICAL_SURFACE('',#11351,2.75000000000002);
#483=CYLINDRICAL_SURFACE('',#11355,2.74999999999999);
#484=CYLINDRICAL_SURFACE('',#11361,1.6);
#485=CYLINDRICAL_SURFACE('',#11364,2.75000000000002);
#486=CYLINDRICAL_SURFACE('',#11368,2.74999999999999);
#487=CYLINDRICAL_SURFACE('',#11377,1.6);
#488=CYLINDRICAL_SURFACE('',#11380,67.5);
#489=CYLINDRICAL_SURFACE('',#11386,1.6);
#490=CYLINDRICAL_SURFACE('',#11393,37.5);
#491=CYLINDRICAL_SURFACE('',#11397,5.1);
#492=CYLINDRICAL_SURFACE('',#11400,5.1);
#493=CYLINDRICAL_SURFACE('',#11403,1.6);
#494=CYLINDRICAL_SURFACE('',#11406,1.6);
#495=CYLINDRICAL_SURFACE('',#11409,67.5);
#496=CYLINDRICAL_SURFACE('',#11413,67.5);
#497=CYLINDRICAL_SURFACE('',#11416,67.5);
#498=CYLINDRICAL_SURFACE('',#11420,67.5);
#499=CYLINDRICAL_SURFACE('',#11497,2.);
#500=CYLINDRICAL_SURFACE('',#11500,2.);
#501=CYLINDRICAL_SURFACE('',#11502,10.);
#502=CYLINDRICAL_SURFACE('',#11504,9.99999999999999);
#503=CYLINDRICAL_SURFACE('',#11506,9.99999999999999);
#504=CYLINDRICAL_SURFACE('',#11508,10.);
#505=CYLINDRICAL_SURFACE('',#11512,1.6);
#506=CYLINDRICAL_SURFACE('',#11517,5.);
#507=CYLINDRICAL_SURFACE('',#11520,5.99999999999998);
#508=CYLINDRICAL_SURFACE('',#11524,6.);
#509=CYLINDRICAL_SURFACE('',#11542,5.);
#510=CYLINDRICAL_SURFACE('',#11549,5.);
#511=CYLINDRICAL_SURFACE('',#11551,5.);
#512=CYLINDRICAL_SURFACE('',#11562,5.);
#513=CYLINDRICAL_SURFACE('',#11577,5.);
#514=CYLINDRICAL_SURFACE('',#11587,5.3287309420504);
#515=CYLINDRICAL_SURFACE('',#11588,1.49999999999999);
#516=CYLINDRICAL_SURFACE('',#11591,1.49999999999999);
#517=CYLINDRICAL_SURFACE('',#11594,1.49999999999999);
#518=CYLINDRICAL_SURFACE('',#11597,1.49999999999999);
#519=CYLINDRICAL_SURFACE('',#11600,1.49999999999999);
#520=CYLINDRICAL_SURFACE('',#11603,1.49999999999999);
#521=CYLINDRICAL_SURFACE('',#11606,1.49999999999999);
#522=CYLINDRICAL_SURFACE('',#11609,1.49999999999999);
#523=CYLINDRICAL_SURFACE('',#11612,1.49999999999999);
#524=CYLINDRICAL_SURFACE('',#11615,1.49999999999999);
#525=CYLINDRICAL_SURFACE('',#11630,401.149373939362);
#526=CYLINDRICAL_SURFACE('',#11635,401.149373939362);
#527=CYLINDRICAL_SURFACE('',#11640,401.149373939362);
#528=CYLINDRICAL_SURFACE('',#11645,401.149373939362);
#529=CYLINDRICAL_SURFACE('',#11650,401.149373939362);
#530=CYLINDRICAL_SURFACE('',#11655,401.149373939362);
#531=CYLINDRICAL_SURFACE('',#11660,401.149373939362);
#532=CYLINDRICAL_SURFACE('',#11665,401.149373939362);
#533=CYLINDRICAL_SURFACE('',#11670,401.149373939362);
#534=CYLINDRICAL_SURFACE('',#11675,401.149373939362);
#535=CYLINDRICAL_SURFACE('',#11680,401.149373939362);
#536=CYLINDRICAL_SURFACE('',#11685,401.149373939362);
#537=CYLINDRICAL_SURFACE('',#11690,401.149373939362);
#538=CYLINDRICAL_SURFACE('',#11695,401.149373939362);
#539=CYLINDRICAL_SURFACE('',#11700,401.149373939362);
#540=CYLINDRICAL_SURFACE('',#11705,401.149373939362);
#541=CYLINDRICAL_SURFACE('',#11710,401.149373939362);
#542=CYLINDRICAL_SURFACE('',#11715,401.149373939362);
#543=CYLINDRICAL_SURFACE('',#11720,401.149373939362);
#544=CYLINDRICAL_SURFACE('',#11725,401.149373939362);
#545=CYLINDRICAL_SURFACE('',#11730,401.149373939362);
#546=CYLINDRICAL_SURFACE('',#11735,401.149373939362);
#547=CYLINDRICAL_SURFACE('',#11740,401.149373939362);
#548=CYLINDRICAL_SURFACE('',#11745,401.149373939362);
#549=CYLINDRICAL_SURFACE('',#11750,401.149373939362);
#550=CYLINDRICAL_SURFACE('',#11755,401.149373939362);
#551=CYLINDRICAL_SURFACE('',#11760,401.149373939362);
#552=CYLINDRICAL_SURFACE('',#11765,401.149373939362);
#553=CYLINDRICAL_SURFACE('',#11770,401.149373939362);
#554=CYLINDRICAL_SURFACE('',#11775,401.149373939362);
#555=CYLINDRICAL_SURFACE('',#11780,20.4433101549548);
#556=CYLINDRICAL_SURFACE('',#11783,442.035994249271);
#557=CYLINDRICAL_SURFACE('',#11791,1.5);
#558=CYLINDRICAL_SURFACE('',#11795,1.6);
#559=CYLINDRICAL_SURFACE('',#11799,1.59999999999998);
#560=CYLINDRICAL_SURFACE('',#11802,401.149373939362);
#561=CYLINDRICAL_SURFACE('',#11807,0.999999999999896);
#562=CYLINDRICAL_SURFACE('',#11814,5.);
#563=CYLINDRICAL_SURFACE('',#11817,5.99999999999998);
#564=CYLINDRICAL_SURFACE('',#11821,6.);
#565=CYLINDRICAL_SURFACE('',#11829,5.);
#566=CYLINDRICAL_SURFACE('',#11836,5.);
#567=CYLINDRICAL_SURFACE('',#11838,5.);
#568=CYLINDRICAL_SURFACE('',#11844,1.6);
#569=CYLINDRICAL_SURFACE('',#11849,1.49999999999999);
#570=CYLINDRICAL_SURFACE('',#11852,1.49999999999999);
#571=CYLINDRICAL_SURFACE('',#11855,1.49999999999999);
#572=CYLINDRICAL_SURFACE('',#11858,1.49999999999999);
#573=CYLINDRICAL_SURFACE('',#11861,1.49999999999999);
#574=CYLINDRICAL_SURFACE('',#11864,1.49999999999999);
#575=CYLINDRICAL_SURFACE('',#11867,1.49999999999999);
#576=CYLINDRICAL_SURFACE('',#11870,1.49999999999999);
#577=CYLINDRICAL_SURFACE('',#11873,1.49999999999999);
#578=CYLINDRICAL_SURFACE('',#11876,1.49999999999999);
#579=CYLINDRICAL_SURFACE('',#11885,401.149373939362);
#580=CYLINDRICAL_SURFACE('',#11890,401.149373939362);
#581=CYLINDRICAL_SURFACE('',#11895,401.149373939362);
#582=CYLINDRICAL_SURFACE('',#11900,401.149373939362);
#583=CYLINDRICAL_SURFACE('',#11905,401.149373939362);
#584=CYLINDRICAL_SURFACE('',#11910,401.149373939362);
#585=CYLINDRICAL_SURFACE('',#11915,401.149373939362);
#586=CYLINDRICAL_SURFACE('',#11920,401.149373939362);
#587=CYLINDRICAL_SURFACE('',#11925,401.149373939362);
#588=CYLINDRICAL_SURFACE('',#11930,401.149373939362);
#589=CYLINDRICAL_SURFACE('',#11935,401.149373939362);
#590=CYLINDRICAL_SURFACE('',#11940,401.149373939362);
#591=CYLINDRICAL_SURFACE('',#11945,401.149373939362);
#592=CYLINDRICAL_SURFACE('',#11950,401.149373939362);
#593=CYLINDRICAL_SURFACE('',#11955,401.149373939362);
#594=CYLINDRICAL_SURFACE('',#11960,401.149373939362);
#595=CYLINDRICAL_SURFACE('',#11965,401.149373939362);
#596=CYLINDRICAL_SURFACE('',#11970,401.149373939362);
#597=CYLINDRICAL_SURFACE('',#11975,401.149373939362);
#598=CYLINDRICAL_SURFACE('',#11980,401.149373939362);
#599=CYLINDRICAL_SURFACE('',#11985,401.149373939362);
#600=CYLINDRICAL_SURFACE('',#11990,401.149373939362);
#601=CYLINDRICAL_SURFACE('',#11995,401.149373939362);
#602=CYLINDRICAL_SURFACE('',#12000,401.149373939362);
#603=CYLINDRICAL_SURFACE('',#12005,401.149373939362);
#604=CYLINDRICAL_SURFACE('',#12010,401.149373939362);
#605=CYLINDRICAL_SURFACE('',#12015,401.149373939362);
#606=CYLINDRICAL_SURFACE('',#12020,401.149373939362);
#607=CYLINDRICAL_SURFACE('',#12025,401.149373939362);
#608=CYLINDRICAL_SURFACE('',#12030,401.149373939362);
#609=CYLINDRICAL_SURFACE('',#12035,20.4433101549548);
#610=CYLINDRICAL_SURFACE('',#12038,442.035994249271);
#611=CYLINDRICAL_SURFACE('',#12046,1.5);
#612=CYLINDRICAL_SURFACE('',#12050,1.6);
#613=CYLINDRICAL_SURFACE('',#12054,1.59999999999998);
#614=CYLINDRICAL_SURFACE('',#12057,401.149373939362);
#615=CYLINDRICAL_SURFACE('',#12062,0.999999999999896);
#616=CYLINDRICAL_SURFACE('',#12069,5.);
#617=CYLINDRICAL_SURFACE('',#12073,4.50000000000001);
#618=CYLINDRICAL_SURFACE('',#12079,4.49999999999998);
#619=CYLINDRICAL_SURFACE('',#12084,5.);
#620=CYLINDRICAL_SURFACE('',#12088,4.50000000000001);
#621=CYLINDRICAL_SURFACE('',#12094,4.49999999999998);
#622=CYLINDRICAL_SURFACE('',#12099,5.);
#623=CYLINDRICAL_SURFACE('',#12103,4.50000000000001);
#624=CYLINDRICAL_SURFACE('',#12109,4.49999999999998);
#625=CYLINDRICAL_SURFACE('',#12114,5.);
#626=CYLINDRICAL_SURFACE('',#12118,4.50000000000001);
#627=CYLINDRICAL_SURFACE('',#12124,4.49999999999998);
#628=STYLED_ITEM('',(#18712),#659);
#629=STYLED_ITEM('',(#18712),#660);
#630=STYLED_ITEM('',(#18712),#661);
#631=STYLED_ITEM('',(#18712),#662);
#632=STYLED_ITEM('',(#18712),#663);
#633=STYLED_ITEM('',(#18712),#664);
#634=STYLED_ITEM('',(#18713),#665);
#635=STYLED_ITEM('',(#18714),#666);
#636=STYLED_ITEM('',(#18714),#667);
#637=STYLED_ITEM('',(#18714),#668);
#638=STYLED_ITEM('',(#18715),#669);
#639=STYLED_ITEM('',(#18716),#670);
#640=STYLED_ITEM('',(#18717),#671);
#641=STYLED_ITEM('',(#18715),#672);
#642=STYLED_ITEM('',(#18715),#673);
#643=STYLED_ITEM('',(#18716),#674);
#644=STYLED_ITEM('',(#18717),#675);
#645=STYLED_ITEM('',(#18718),#676);
#646=STYLED_ITEM('',(#18717),#677);
#647=STYLED_ITEM('',(#18716),#678);
#648=STYLED_ITEM('',(#18717),#679);
#649=STYLED_ITEM('',(#18715),#680);
#650=STYLED_ITEM('',(#18716),#681);
#651=STYLED_ITEM('',(#18717),#682);
#652=STYLED_ITEM('',(#18717),#683);
#653=STYLED_ITEM('',(#18716),#684);
#654=STYLED_ITEM('',(#18711),#685);
#655=STYLED_ITEM('',(#18711),#686);
#656=STYLED_ITEM('',(#18711),#687);
#657=STYLED_ITEM('',(#18711),#688);
#658=STYLED_ITEM('',(#18719),#15);
#659=MANIFOLD_SOLID_BREP('Body1',#11079);
#660=MANIFOLD_SOLID_BREP('Body2',#11080);
#661=MANIFOLD_SOLID_BREP('Body3',#11081);
#662=MANIFOLD_SOLID_BREP('Body4',#11082);
#663=MANIFOLD_SOLID_BREP('Body4',#11083);
#664=MANIFOLD_SOLID_BREP('Body5',#11084);
#665=MANIFOLD_SOLID_BREP('Body1',#11085);
#666=MANIFOLD_SOLID_BREP('Body1',#11086);
#667=MANIFOLD_SOLID_BREP('Body2',#11087);
#668=MANIFOLD_SOLID_BREP('Body1',#11088);
#669=MANIFOLD_SOLID_BREP('Main',#11089);
#670=MANIFOLD_SOLID_BREP('Spring Point ',#11090);
#671=MANIFOLD_SOLID_BREP('Mount',#11091);
#672=MANIFOLD_SOLID_BREP('Bottom',#11092);
#673=MANIFOLD_SOLID_BREP('Mount2',#11093);
#674=MANIFOLD_SOLID_BREP('Shaft',#11094);
#675=MANIFOLD_SOLID_BREP('Join',#11095);
#676=MANIFOLD_SOLID_BREP('Screen',#11096);
#677=MANIFOLD_SOLID_BREP('Arc',#11097);
#678=MANIFOLD_SOLID_BREP('Pawl',#11098);
#679=MANIFOLD_SOLID_BREP('Mount (1)',#11099);
#680=MANIFOLD_SOLID_BREP('Mount2 (1)',#11100);
#681=MANIFOLD_SOLID_BREP('Spring Point  (1)',#11101);
#682=MANIFOLD_SOLID_BREP('Join (1)',#11102);
#683=MANIFOLD_SOLID_BREP('Arc (1)',#11103);
#684=MANIFOLD_SOLID_BREP('Pawl (1)',#11104);
#685=MANIFOLD_SOLID_BREP('Body32',#11105);
#686=MANIFOLD_SOLID_BREP('Body33',#11106);
#687=MANIFOLD_SOLID_BREP('Body34',#11107);
#688=MANIFOLD_SOLID_BREP('Body35',#11108);
#689=FACE_BOUND('',#1395,.T.);
#690=FACE_BOUND('',#1396,.T.);
#691=FACE_BOUND('',#1398,.T.);
#692=FACE_BOUND('',#1399,.T.);
#693=FACE_BOUND('',#1440,.T.);
#694=FACE_BOUND('',#1449,.T.);
#695=FACE_BOUND('',#1451,.T.);
#696=FACE_BOUND('',#1464,.T.);
#697=FACE_BOUND('',#1470,.T.);
#698=FACE_BOUND('',#1480,.T.);
#699=FACE_BOUND('',#1482,.T.);
#700=FACE_BOUND('',#1483,.T.);
#701=FACE_BOUND('',#1497,.T.);
#702=FACE_BOUND('',#1498,.T.);
#703=FACE_BOUND('',#1502,.T.);
#704=FACE_BOUND('',#1507,.T.);
#705=FACE_BOUND('',#1515,.T.);
#706=FACE_BOUND('',#1517,.T.);
#707=FACE_BOUND('',#1524,.T.);
#708=FACE_BOUND('',#1528,.T.);
#709=FACE_BOUND('',#1537,.T.);
#710=FACE_BOUND('',#1541,.T.);
#711=FACE_BOUND('',#1542,.T.);
#712=FACE_BOUND('',#1544,.T.);
#713=FACE_BOUND('',#1555,.T.);
#714=FACE_BOUND('',#1557,.T.);
#715=FACE_BOUND('',#1558,.T.);
#716=FACE_BOUND('',#1559,.T.);
#717=FACE_BOUND('',#1567,.T.);
#718=FACE_BOUND('',#1568,.T.);
#719=FACE_BOUND('',#1569,.T.);
#720=FACE_BOUND('',#1575,.T.);
#721=FACE_BOUND('',#1582,.T.);
#722=FACE_BOUND('',#1616,.T.);
#723=FACE_BOUND('',#1625,.T.);
#724=FACE_BOUND('',#1639,.T.);
#725=FACE_BOUND('',#1651,.T.);
#726=FACE_BOUND('',#1653,.T.);
#727=FACE_BOUND('',#1663,.T.);
#728=FACE_BOUND('',#1665,.T.);
#729=FACE_BOUND('',#1668,.T.);
#730=FACE_BOUND('',#1674,.T.);
#731=FACE_BOUND('',#1705,.T.);
#732=FACE_BOUND('',#1706,.T.);
#733=FACE_BOUND('',#1707,.T.);
#734=FACE_BOUND('',#1708,.T.);
#735=FACE_BOUND('',#1709,.T.);
#736=FACE_BOUND('',#1710,.T.);
#737=FACE_BOUND('',#1711,.T.);
#738=FACE_BOUND('',#1712,.T.);
#739=FACE_BOUND('',#1713,.T.);
#740=FACE_BOUND('',#1714,.T.);
#741=FACE_BOUND('',#1716,.T.);
#742=FACE_BOUND('',#1717,.T.);
#743=FACE_BOUND('',#1718,.T.);
#744=FACE_BOUND('',#1719,.T.);
#745=FACE_BOUND('',#1720,.T.);
#746=FACE_BOUND('',#1721,.T.);
#747=FACE_BOUND('',#1722,.T.);
#748=FACE_BOUND('',#1723,.T.);
#749=FACE_BOUND('',#1724,.T.);
#750=FACE_BOUND('',#1725,.T.);
#751=FACE_BOUND('',#1842,.T.);
#752=FACE_BOUND('',#1843,.T.);
#753=FACE_BOUND('',#1845,.T.);
#754=FACE_BOUND('',#1846,.T.);
#755=FACE_BOUND('',#1855,.T.);
#756=FACE_BOUND('',#1857,.T.);
#757=FACE_BOUND('',#1860,.T.);
#758=FACE_BOUND('',#1866,.T.);
#759=FACE_BOUND('',#1887,.T.);
#760=FACE_BOUND('',#1888,.T.);
#761=FACE_BOUND('',#1889,.T.);
#762=FACE_BOUND('',#1890,.T.);
#763=FACE_BOUND('',#1891,.T.);
#764=FACE_BOUND('',#1892,.T.);
#765=FACE_BOUND('',#1893,.T.);
#766=FACE_BOUND('',#1894,.T.);
#767=FACE_BOUND('',#1895,.T.);
#768=FACE_BOUND('',#1896,.T.);
#769=FACE_BOUND('',#1898,.T.);
#770=FACE_BOUND('',#1899,.T.);
#771=FACE_BOUND('',#1900,.T.);
#772=FACE_BOUND('',#1901,.T.);
#773=FACE_BOUND('',#1902,.T.);
#774=FACE_BOUND('',#1903,.T.);
#775=FACE_BOUND('',#1904,.T.);
#776=FACE_BOUND('',#1905,.T.);
#777=FACE_BOUND('',#1906,.T.);
#778=FACE_BOUND('',#1907,.T.);
#779=FACE_BOUND('',#2018,.T.);
#780=FACE_BOUND('',#2019,.T.);
#781=FACE_BOUND('',#2021,.T.);
#782=FACE_BOUND('',#2022,.T.);
#783=FACE_BOUND('',#2031,.T.);
#784=FACE_BOUND('',#2033,.T.);
#785=FACE_BOUND('',#2042,.T.);
#786=FACE_BOUND('',#2044,.T.);
#787=FACE_BOUND('',#2053,.T.);
#788=FACE_BOUND('',#2055,.T.);
#789=FACE_BOUND('',#2064,.T.);
#790=FACE_BOUND('',#2066,.T.);
#791=FACE_OUTER_BOUND('',#1378,.T.);
#792=FACE_OUTER_BOUND('',#1379,.T.);
#793=FACE_OUTER_BOUND('',#1380,.T.);
#794=FACE_OUTER_BOUND('',#1381,.T.);
#795=FACE_OUTER_BOUND('',#1382,.T.);
#796=FACE_OUTER_BOUND('',#1383,.T.);
#797=FACE_OUTER_BOUND('',#1384,.T.);
#798=FACE_OUTER_BOUND('',#1385,.T.);
#799=FACE_OUTER_BOUND('',#1386,.T.);
#800=FACE_OUTER_BOUND('',#1387,.T.);
#801=FACE_OUTER_BOUND('',#1388,.T.);
#802=FACE_OUTER_BOUND('',#1389,.T.);
#803=FACE_OUTER_BOUND('',#1390,.T.);
#804=FACE_OUTER_BOUND('',#1391,.T.);
#805=FACE_OUTER_BOUND('',#1392,.T.);
#806=FACE_OUTER_BOUND('',#1393,.T.);
#807=FACE_OUTER_BOUND('',#1394,.T.);
#808=FACE_OUTER_BOUND('',#1397,.T.);
#809=FACE_OUTER_BOUND('',#1400,.T.);
#810=FACE_OUTER_BOUND('',#1401,.T.);
#811=FACE_OUTER_BOUND('',#1402,.T.);
#812=FACE_OUTER_BOUND('',#1403,.T.);
#813=FACE_OUTER_BOUND('',#1404,.T.);
#814=FACE_OUTER_BOUND('',#1405,.T.);
#815=FACE_OUTER_BOUND('',#1406,.T.);
#816=FACE_OUTER_BOUND('',#1407,.T.);
#817=FACE_OUTER_BOUND('',#1408,.T.);
#818=FACE_OUTER_BOUND('',#1409,.T.);
#819=FACE_OUTER_BOUND('',#1410,.T.);
#820=FACE_OUTER_BOUND('',#1411,.T.);
#821=FACE_OUTER_BOUND('',#1412,.T.);
#822=FACE_OUTER_BOUND('',#1413,.T.);
#823=FACE_OUTER_BOUND('',#1414,.T.);
#824=FACE_OUTER_BOUND('',#1415,.T.);
#825=FACE_OUTER_BOUND('',#1416,.T.);
#826=FACE_OUTER_BOUND('',#1417,.T.);
#827=FACE_OUTER_BOUND('',#1418,.T.);
#828=FACE_OUTER_BOUND('',#1419,.T.);
#829=FACE_OUTER_BOUND('',#1420,.T.);
#830=FACE_OUTER_BOUND('',#1421,.T.);
#831=FACE_OUTER_BOUND('',#1422,.T.);
#832=FACE_OUTER_BOUND('',#1423,.T.);
#833=FACE_OUTER_BOUND('',#1424,.T.);
#834=FACE_OUTER_BOUND('',#1425,.T.);
#835=FACE_OUTER_BOUND('',#1426,.T.);
#836=FACE_OUTER_BOUND('',#1427,.T.);
#837=FACE_OUTER_BOUND('',#1428,.T.);
#838=FACE_OUTER_BOUND('',#1429,.T.);
#839=FACE_OUTER_BOUND('',#1430,.T.);
#840=FACE_OUTER_BOUND('',#1431,.T.);
#841=FACE_OUTER_BOUND('',#1432,.T.);
#842=FACE_OUTER_BOUND('',#1433,.T.);
#843=FACE_OUTER_BOUND('',#1434,.T.);
#844=FACE_OUTER_BOUND('',#1435,.T.);
#845=FACE_OUTER_BOUND('',#1436,.T.);
#846=FACE_OUTER_BOUND('',#1437,.T.);
#847=FACE_OUTER_BOUND('',#1438,.T.);
#848=FACE_OUTER_BOUND('',#1439,.T.);
#849=FACE_OUTER_BOUND('',#1441,.T.);
#850=FACE_OUTER_BOUND('',#1442,.T.);
#851=FACE_OUTER_BOUND('',#1443,.T.);
#852=FACE_OUTER_BOUND('',#1444,.T.);
#853=FACE_OUTER_BOUND('',#1445,.T.);
#854=FACE_OUTER_BOUND('',#1446,.T.);
#855=FACE_OUTER_BOUND('',#1447,.T.);
#856=FACE_OUTER_BOUND('',#1448,.T.);
#857=FACE_OUTER_BOUND('',#1450,.T.);
#858=FACE_OUTER_BOUND('',#1452,.T.);
#859=FACE_OUTER_BOUND('',#1453,.T.);
#860=FACE_OUTER_BOUND('',#1454,.T.);
#861=FACE_OUTER_BOUND('',#1455,.T.);
#862=FACE_OUTER_BOUND('',#1456,.T.);
#863=FACE_OUTER_BOUND('',#1457,.T.);
#864=FACE_OUTER_BOUND('',#1458,.T.);
#865=FACE_OUTER_BOUND('',#1459,.T.);
#866=FACE_OUTER_BOUND('',#1460,.T.);
#867=FACE_OUTER_BOUND('',#1461,.T.);
#868=FACE_OUTER_BOUND('',#1462,.T.);
#869=FACE_OUTER_BOUND('',#1463,.T.);
#870=FACE_OUTER_BOUND('',#1465,.T.);
#871=FACE_OUTER_BOUND('',#1466,.T.);
#872=FACE_OUTER_BOUND('',#1467,.T.);
#873=FACE_OUTER_BOUND('',#1468,.T.);
#874=FACE_OUTER_BOUND('',#1469,.T.);
#875=FACE_OUTER_BOUND('',#1471,.T.);
#876=FACE_OUTER_BOUND('',#1472,.T.);
#877=FACE_OUTER_BOUND('',#1473,.T.);
#878=FACE_OUTER_BOUND('',#1474,.T.);
#879=FACE_OUTER_BOUND('',#1475,.T.);
#880=FACE_OUTER_BOUND('',#1476,.T.);
#881=FACE_OUTER_BOUND('',#1477,.T.);
#882=FACE_OUTER_BOUND('',#1478,.T.);
#883=FACE_OUTER_BOUND('',#1479,.T.);
#884=FACE_OUTER_BOUND('',#1481,.T.);
#885=FACE_OUTER_BOUND('',#1484,.T.);
#886=FACE_OUTER_BOUND('',#1485,.T.);
#887=FACE_OUTER_BOUND('',#1486,.T.);
#888=FACE_OUTER_BOUND('',#1487,.T.);
#889=FACE_OUTER_BOUND('',#1488,.T.);
#890=FACE_OUTER_BOUND('',#1489,.T.);
#891=FACE_OUTER_BOUND('',#1490,.T.);
#892=FACE_OUTER_BOUND('',#1491,.T.);
#893=FACE_OUTER_BOUND('',#1492,.T.);
#894=FACE_OUTER_BOUND('',#1493,.T.);
#895=FACE_OUTER_BOUND('',#1494,.T.);
#896=FACE_OUTER_BOUND('',#1495,.T.);
#897=FACE_OUTER_BOUND('',#1496,.T.);
#898=FACE_OUTER_BOUND('',#1499,.T.);
#899=FACE_OUTER_BOUND('',#1500,.T.);
#900=FACE_OUTER_BOUND('',#1501,.T.);
#901=FACE_OUTER_BOUND('',#1503,.T.);
#902=FACE_OUTER_BOUND('',#1504,.T.);
#903=FACE_OUTER_BOUND('',#1505,.T.);
#904=FACE_OUTER_BOUND('',#1506,.T.);
#905=FACE_OUTER_BOUND('',#1508,.T.);
#906=FACE_OUTER_BOUND('',#1509,.T.);
#907=FACE_OUTER_BOUND('',#1510,.T.);
#908=FACE_OUTER_BOUND('',#1511,.T.);
#909=FACE_OUTER_BOUND('',#1512,.T.);
#910=FACE_OUTER_BOUND('',#1513,.T.);
#911=FACE_OUTER_BOUND('',#1514,.T.);
#912=FACE_OUTER_BOUND('',#1516,.T.);
#913=FACE_OUTER_BOUND('',#1518,.T.);
#914=FACE_OUTER_BOUND('',#1519,.T.);
#915=FACE_OUTER_BOUND('',#1520,.T.);
#916=FACE_OUTER_BOUND('',#1521,.T.);
#917=FACE_OUTER_BOUND('',#1522,.T.);
#918=FACE_OUTER_BOUND('',#1523,.T.);
#919=FACE_OUTER_BOUND('',#1525,.T.);
#920=FACE_OUTER_BOUND('',#1526,.T.);
#921=FACE_OUTER_BOUND('',#1527,.T.);
#922=FACE_OUTER_BOUND('',#1529,.T.);
#923=FACE_OUTER_BOUND('',#1530,.T.);
#924=FACE_OUTER_BOUND('',#1531,.T.);
#925=FACE_OUTER_BOUND('',#1532,.T.);
#926=FACE_OUTER_BOUND('',#1533,.T.);
#927=FACE_OUTER_BOUND('',#1534,.T.);
#928=FACE_OUTER_BOUND('',#1535,.T.);
#929=FACE_OUTER_BOUND('',#1536,.T.);
#930=FACE_OUTER_BOUND('',#1538,.T.);
#931=FACE_OUTER_BOUND('',#1539,.T.);
#932=FACE_OUTER_BOUND('',#1540,.T.);
#933=FACE_OUTER_BOUND('',#1543,.T.);
#934=FACE_OUTER_BOUND('',#1545,.T.);
#935=FACE_OUTER_BOUND('',#1546,.T.);
#936=FACE_OUTER_BOUND('',#1547,.T.);
#937=FACE_OUTER_BOUND('',#1548,.T.);
#938=FACE_OUTER_BOUND('',#1549,.T.);
#939=FACE_OUTER_BOUND('',#1550,.T.);
#940=FACE_OUTER_BOUND('',#1551,.T.);
#941=FACE_OUTER_BOUND('',#1552,.T.);
#942=FACE_OUTER_BOUND('',#1553,.T.);
#943=FACE_OUTER_BOUND('',#1554,.T.);
#944=FACE_OUTER_BOUND('',#1556,.T.);
#945=FACE_OUTER_BOUND('',#1560,.T.);
#946=FACE_OUTER_BOUND('',#1561,.T.);
#947=FACE_OUTER_BOUND('',#1562,.T.);
#948=FACE_OUTER_BOUND('',#1563,.T.);
#949=FACE_OUTER_BOUND('',#1564,.T.);
#950=FACE_OUTER_BOUND('',#1565,.T.);
#951=FACE_OUTER_BOUND('',#1566,.T.);
#952=FACE_OUTER_BOUND('',#1570,.T.);
#953=FACE_OUTER_BOUND('',#1571,.T.);
#954=FACE_OUTER_BOUND('',#1572,.T.);
#955=FACE_OUTER_BOUND('',#1573,.T.);
#956=FACE_OUTER_BOUND('',#1574,.T.);
#957=FACE_OUTER_BOUND('',#1576,.T.);
#958=FACE_OUTER_BOUND('',#1577,.T.);
#959=FACE_OUTER_BOUND('',#1578,.T.);
#960=FACE_OUTER_BOUND('',#1579,.T.);
#961=FACE_OUTER_BOUND('',#1580,.T.);
#962=FACE_OUTER_BOUND('',#1581,.T.);
#963=FACE_OUTER_BOUND('',#1583,.T.);
#964=FACE_OUTER_BOUND('',#1584,.T.);
#965=FACE_OUTER_BOUND('',#1585,.T.);
#966=FACE_OUTER_BOUND('',#1586,.T.);
#967=FACE_OUTER_BOUND('',#1587,.T.);
#968=FACE_OUTER_BOUND('',#1588,.T.);
#969=FACE_OUTER_BOUND('',#1589,.T.);
#970=FACE_OUTER_BOUND('',#1590,.T.);
#971=FACE_OUTER_BOUND('',#1591,.T.);
#972=FACE_OUTER_BOUND('',#1592,.T.);
#973=FACE_OUTER_BOUND('',#1593,.T.);
#974=FACE_OUTER_BOUND('',#1594,.T.);
#975=FACE_OUTER_BOUND('',#1595,.T.);
#976=FACE_OUTER_BOUND('',#1596,.T.);
#977=FACE_OUTER_BOUND('',#1597,.T.);
#978=FACE_OUTER_BOUND('',#1598,.T.);
#979=FACE_OUTER_BOUND('',#1599,.T.);
#980=FACE_OUTER_BOUND('',#1600,.T.);
#981=FACE_OUTER_BOUND('',#1601,.T.);
#982=FACE_OUTER_BOUND('',#1602,.T.);
#983=FACE_OUTER_BOUND('',#1603,.T.);
#984=FACE_OUTER_BOUND('',#1604,.T.);
#985=FACE_OUTER_BOUND('',#1605,.T.);
#986=FACE_OUTER_BOUND('',#1606,.T.);
#987=FACE_OUTER_BOUND('',#1607,.T.);
#988=FACE_OUTER_BOUND('',#1608,.T.);
#989=FACE_OUTER_BOUND('',#1609,.T.);
#990=FACE_OUTER_BOUND('',#1610,.T.);
#991=FACE_OUTER_BOUND('',#1611,.T.);
#992=FACE_OUTER_BOUND('',#1612,.T.);
#993=FACE_OUTER_BOUND('',#1613,.T.);
#994=FACE_OUTER_BOUND('',#1614,.T.);
#995=FACE_OUTER_BOUND('',#1615,.T.);
#996=FACE_OUTER_BOUND('',#1617,.T.);
#997=FACE_OUTER_BOUND('',#1618,.T.);
#998=FACE_OUTER_BOUND('',#1619,.T.);
#999=FACE_OUTER_BOUND('',#1620,.T.);
#1000=FACE_OUTER_BOUND('',#1621,.T.);
#1001=FACE_OUTER_BOUND('',#1622,.T.);
#1002=FACE_OUTER_BOUND('',#1623,.T.);
#1003=FACE_OUTER_BOUND('',#1624,.T.);
#1004=FACE_OUTER_BOUND('',#1626,.T.);
#1005=FACE_OUTER_BOUND('',#1627,.T.);
#1006=FACE_OUTER_BOUND('',#1628,.T.);
#1007=FACE_OUTER_BOUND('',#1629,.T.);
#1008=FACE_OUTER_BOUND('',#1630,.T.);
#1009=FACE_OUTER_BOUND('',#1631,.T.);
#1010=FACE_OUTER_BOUND('',#1632,.T.);
#1011=FACE_OUTER_BOUND('',#1633,.T.);
#1012=FACE_OUTER_BOUND('',#1634,.T.);
#1013=FACE_OUTER_BOUND('',#1635,.T.);
#1014=FACE_OUTER_BOUND('',#1636,.T.);
#1015=FACE_OUTER_BOUND('',#1637,.T.);
#1016=FACE_OUTER_BOUND('',#1638,.T.);
#1017=FACE_OUTER_BOUND('',#1640,.T.);
#1018=FACE_OUTER_BOUND('',#1641,.T.);
#1019=FACE_OUTER_BOUND('',#1642,.T.);
#1020=FACE_OUTER_BOUND('',#1643,.T.);
#1021=FACE_OUTER_BOUND('',#1644,.T.);
#1022=FACE_OUTER_BOUND('',#1645,.T.);
#1023=FACE_OUTER_BOUND('',#1646,.T.);
#1024=FACE_OUTER_BOUND('',#1647,.T.);
#1025=FACE_OUTER_BOUND('',#1648,.T.);
#1026=FACE_OUTER_BOUND('',#1649,.T.);
#1027=FACE_OUTER_BOUND('',#1650,.T.);
#1028=FACE_OUTER_BOUND('',#1652,.T.);
#1029=FACE_OUTER_BOUND('',#1654,.T.);
#1030=FACE_OUTER_BOUND('',#1655,.T.);
#1031=FACE_OUTER_BOUND('',#1656,.T.);
#1032=FACE_OUTER_BOUND('',#1657,.T.);
#1033=FACE_OUTER_BOUND('',#1658,.T.);
#1034=FACE_OUTER_BOUND('',#1659,.T.);
#1035=FACE_OUTER_BOUND('',#1660,.T.);
#1036=FACE_OUTER_BOUND('',#1661,.T.);
#1037=FACE_OUTER_BOUND('',#1662,.T.);
#1038=FACE_OUTER_BOUND('',#1664,.T.);
#1039=FACE_OUTER_BOUND('',#1666,.T.);
#1040=FACE_OUTER_BOUND('',#1667,.T.);
#1041=FACE_OUTER_BOUND('',#1669,.T.);
#1042=FACE_OUTER_BOUND('',#1670,.T.);
#1043=FACE_OUTER_BOUND('',#1671,.T.);
#1044=FACE_OUTER_BOUND('',#1672,.T.);
#1045=FACE_OUTER_BOUND('',#1673,.T.);
#1046=FACE_OUTER_BOUND('',#1675,.T.);
#1047=FACE_OUTER_BOUND('',#1676,.T.);
#1048=FACE_OUTER_BOUND('',#1677,.T.);
#1049=FACE_OUTER_BOUND('',#1678,.T.);
#1050=FACE_OUTER_BOUND('',#1679,.T.);
#1051=FACE_OUTER_BOUND('',#1680,.T.);
#1052=FACE_OUTER_BOUND('',#1681,.T.);
#1053=FACE_OUTER_BOUND('',#1682,.T.);
#1054=FACE_OUTER_BOUND('',#1683,.T.);
#1055=FACE_OUTER_BOUND('',#1684,.T.);
#1056=FACE_OUTER_BOUND('',#1685,.T.);
#1057=FACE_OUTER_BOUND('',#1686,.T.);
#1058=FACE_OUTER_BOUND('',#1687,.T.);
#1059=FACE_OUTER_BOUND('',#1688,.T.);
#1060=FACE_OUTER_BOUND('',#1689,.T.);
#1061=FACE_OUTER_BOUND('',#1690,.T.);
#1062=FACE_OUTER_BOUND('',#1691,.T.);
#1063=FACE_OUTER_BOUND('',#1692,.T.);
#1064=FACE_OUTER_BOUND('',#1693,.T.);
#1065=FACE_OUTER_BOUND('',#1694,.T.);
#1066=FACE_OUTER_BOUND('',#1695,.T.);
#1067=FACE_OUTER_BOUND('',#1696,.T.);
#1068=FACE_OUTER_BOUND('',#1697,.T.);
#1069=FACE_OUTER_BOUND('',#1698,.T.);
#1070=FACE_OUTER_BOUND('',#1699,.T.);
#1071=FACE_OUTER_BOUND('',#1700,.T.);
#1072=FACE_OUTER_BOUND('',#1701,.T.);
#1073=FACE_OUTER_BOUND('',#1702,.T.);
#1074=FACE_OUTER_BOUND('',#1703,.T.);
#1075=FACE_OUTER_BOUND('',#1704,.T.);
#1076=FACE_OUTER_BOUND('',#1715,.T.);
#1077=FACE_OUTER_BOUND('',#1726,.T.);
#1078=FACE_OUTER_BOUND('',#1727,.T.);
#1079=FACE_OUTER_BOUND('',#1728,.T.);
#1080=FACE_OUTER_BOUND('',#1729,.T.);
#1081=FACE_OUTER_BOUND('',#1730,.T.);
#1082=FACE_OUTER_BOUND('',#1731,.T.);
#1083=FACE_OUTER_BOUND('',#1732,.T.);
#1084=FACE_OUTER_BOUND('',#1733,.T.);
#1085=FACE_OUTER_BOUND('',#1734,.T.);
#1086=FACE_OUTER_BOUND('',#1735,.T.);
#1087=FACE_OUTER_BOUND('',#1736,.T.);
#1088=FACE_OUTER_BOUND('',#1737,.T.);
#1089=FACE_OUTER_BOUND('',#1738,.T.);
#1090=FACE_OUTER_BOUND('',#1739,.T.);
#1091=FACE_OUTER_BOUND('',#1740,.T.);
#1092=FACE_OUTER_BOUND('',#1741,.T.);
#1093=FACE_OUTER_BOUND('',#1742,.T.);
#1094=FACE_OUTER_BOUND('',#1743,.T.);
#1095=FACE_OUTER_BOUND('',#1744,.T.);
#1096=FACE_OUTER_BOUND('',#1745,.T.);
#1097=FACE_OUTER_BOUND('',#1746,.T.);
#1098=FACE_OUTER_BOUND('',#1747,.T.);
#1099=FACE_OUTER_BOUND('',#1748,.T.);
#1100=FACE_OUTER_BOUND('',#1749,.T.);
#1101=FACE_OUTER_BOUND('',#1750,.T.);
#1102=FACE_OUTER_BOUND('',#1751,.T.);
#1103=FACE_OUTER_BOUND('',#1752,.T.);
#1104=FACE_OUTER_BOUND('',#1753,.T.);
#1105=FACE_OUTER_BOUND('',#1754,.T.);
#1106=FACE_OUTER_BOUND('',#1755,.T.);
#1107=FACE_OUTER_BOUND('',#1756,.T.);
#1108=FACE_OUTER_BOUND('',#1757,.T.);
#1109=FACE_OUTER_BOUND('',#1758,.T.);
#1110=FACE_OUTER_BOUND('',#1759,.T.);
#1111=FACE_OUTER_BOUND('',#1760,.T.);
#1112=FACE_OUTER_BOUND('',#1761,.T.);
#1113=FACE_OUTER_BOUND('',#1762,.T.);
#1114=FACE_OUTER_BOUND('',#1763,.T.);
#1115=FACE_OUTER_BOUND('',#1764,.T.);
#1116=FACE_OUTER_BOUND('',#1765,.T.);
#1117=FACE_OUTER_BOUND('',#1766,.T.);
#1118=FACE_OUTER_BOUND('',#1767,.T.);
#1119=FACE_OUTER_BOUND('',#1768,.T.);
#1120=FACE_OUTER_BOUND('',#1769,.T.);
#1121=FACE_OUTER_BOUND('',#1770,.T.);
#1122=FACE_OUTER_BOUND('',#1771,.T.);
#1123=FACE_OUTER_BOUND('',#1772,.T.);
#1124=FACE_OUTER_BOUND('',#1773,.T.);
#1125=FACE_OUTER_BOUND('',#1774,.T.);
#1126=FACE_OUTER_BOUND('',#1775,.T.);
#1127=FACE_OUTER_BOUND('',#1776,.T.);
#1128=FACE_OUTER_BOUND('',#1777,.T.);
#1129=FACE_OUTER_BOUND('',#1778,.T.);
#1130=FACE_OUTER_BOUND('',#1779,.T.);
#1131=FACE_OUTER_BOUND('',#1780,.T.);
#1132=FACE_OUTER_BOUND('',#1781,.T.);
#1133=FACE_OUTER_BOUND('',#1782,.T.);
#1134=FACE_OUTER_BOUND('',#1783,.T.);
#1135=FACE_OUTER_BOUND('',#1784,.T.);
#1136=FACE_OUTER_BOUND('',#1785,.T.);
#1137=FACE_OUTER_BOUND('',#1786,.T.);
#1138=FACE_OUTER_BOUND('',#1787,.T.);
#1139=FACE_OUTER_BOUND('',#1788,.T.);
#1140=FACE_OUTER_BOUND('',#1789,.T.);
#1141=FACE_OUTER_BOUND('',#1790,.T.);
#1142=FACE_OUTER_BOUND('',#1791,.T.);
#1143=FACE_OUTER_BOUND('',#1792,.T.);
#1144=FACE_OUTER_BOUND('',#1793,.T.);
#1145=FACE_OUTER_BOUND('',#1794,.T.);
#1146=FACE_OUTER_BOUND('',#1795,.T.);
#1147=FACE_OUTER_BOUND('',#1796,.T.);
#1148=FACE_OUTER_BOUND('',#1797,.T.);
#1149=FACE_OUTER_BOUND('',#1798,.T.);
#1150=FACE_OUTER_BOUND('',#1799,.T.);
#1151=FACE_OUTER_BOUND('',#1800,.T.);
#1152=FACE_OUTER_BOUND('',#1801,.T.);
#1153=FACE_OUTER_BOUND('',#1802,.T.);
#1154=FACE_OUTER_BOUND('',#1803,.T.);
#1155=FACE_OUTER_BOUND('',#1804,.T.);
#1156=FACE_OUTER_BOUND('',#1805,.T.);
#1157=FACE_OUTER_BOUND('',#1806,.T.);
#1158=FACE_OUTER_BOUND('',#1807,.T.);
#1159=FACE_OUTER_BOUND('',#1808,.T.);
#1160=FACE_OUTER_BOUND('',#1809,.T.);
#1161=FACE_OUTER_BOUND('',#1810,.T.);
#1162=FACE_OUTER_BOUND('',#1811,.T.);
#1163=FACE_OUTER_BOUND('',#1812,.T.);
#1164=FACE_OUTER_BOUND('',#1813,.T.);
#1165=FACE_OUTER_BOUND('',#1814,.T.);
#1166=FACE_OUTER_BOUND('',#1815,.T.);
#1167=FACE_OUTER_BOUND('',#1816,.T.);
#1168=FACE_OUTER_BOUND('',#1817,.T.);
#1169=FACE_OUTER_BOUND('',#1818,.T.);
#1170=FACE_OUTER_BOUND('',#1819,.T.);
#1171=FACE_OUTER_BOUND('',#1820,.T.);
#1172=FACE_OUTER_BOUND('',#1821,.T.);
#1173=FACE_OUTER_BOUND('',#1822,.T.);
#1174=FACE_OUTER_BOUND('',#1823,.T.);
#1175=FACE_OUTER_BOUND('',#1824,.T.);
#1176=FACE_OUTER_BOUND('',#1825,.T.);
#1177=FACE_OUTER_BOUND('',#1826,.T.);
#1178=FACE_OUTER_BOUND('',#1827,.T.);
#1179=FACE_OUTER_BOUND('',#1828,.T.);
#1180=FACE_OUTER_BOUND('',#1829,.T.);
#1181=FACE_OUTER_BOUND('',#1830,.T.);
#1182=FACE_OUTER_BOUND('',#1831,.T.);
#1183=FACE_OUTER_BOUND('',#1832,.T.);
#1184=FACE_OUTER_BOUND('',#1833,.T.);
#1185=FACE_OUTER_BOUND('',#1834,.T.);
#1186=FACE_OUTER_BOUND('',#1835,.T.);
#1187=FACE_OUTER_BOUND('',#1836,.T.);
#1188=FACE_OUTER_BOUND('',#1837,.T.);
#1189=FACE_OUTER_BOUND('',#1838,.T.);
#1190=FACE_OUTER_BOUND('',#1839,.T.);
#1191=FACE_OUTER_BOUND('',#1840,.T.);
#1192=FACE_OUTER_BOUND('',#1841,.T.);
#1193=FACE_OUTER_BOUND('',#1844,.T.);
#1194=FACE_OUTER_BOUND('',#1847,.T.);
#1195=FACE_OUTER_BOUND('',#1848,.T.);
#1196=FACE_OUTER_BOUND('',#1849,.T.);
#1197=FACE_OUTER_BOUND('',#1850,.T.);
#1198=FACE_OUTER_BOUND('',#1851,.T.);
#1199=FACE_OUTER_BOUND('',#1852,.T.);
#1200=FACE_OUTER_BOUND('',#1853,.T.);
#1201=FACE_OUTER_BOUND('',#1854,.T.);
#1202=FACE_OUTER_BOUND('',#1856,.T.);
#1203=FACE_OUTER_BOUND('',#1858,.T.);
#1204=FACE_OUTER_BOUND('',#1859,.T.);
#1205=FACE_OUTER_BOUND('',#1861,.T.);
#1206=FACE_OUTER_BOUND('',#1862,.T.);
#1207=FACE_OUTER_BOUND('',#1863,.T.);
#1208=FACE_OUTER_BOUND('',#1864,.T.);
#1209=FACE_OUTER_BOUND('',#1865,.T.);
#1210=FACE_OUTER_BOUND('',#1867,.T.);
#1211=FACE_OUTER_BOUND('',#1868,.T.);
#1212=FACE_OUTER_BOUND('',#1869,.T.);
#1213=FACE_OUTER_BOUND('',#1870,.T.);
#1214=FACE_OUTER_BOUND('',#1871,.T.);
#1215=FACE_OUTER_BOUND('',#1872,.T.);
#1216=FACE_OUTER_BOUND('',#1873,.T.);
#1217=FACE_OUTER_BOUND('',#1874,.T.);
#1218=FACE_OUTER_BOUND('',#1875,.T.);
#1219=FACE_OUTER_BOUND('',#1876,.T.);
#1220=FACE_OUTER_BOUND('',#1877,.T.);
#1221=FACE_OUTER_BOUND('',#1878,.T.);
#1222=FACE_OUTER_BOUND('',#1879,.T.);
#1223=FACE_OUTER_BOUND('',#1880,.T.);
#1224=FACE_OUTER_BOUND('',#1881,.T.);
#1225=FACE_OUTER_BOUND('',#1882,.T.);
#1226=FACE_OUTER_BOUND('',#1883,.T.);
#1227=FACE_OUTER_BOUND('',#1884,.T.);
#1228=FACE_OUTER_BOUND('',#1885,.T.);
#1229=FACE_OUTER_BOUND('',#1886,.T.);
#1230=FACE_OUTER_BOUND('',#1897,.T.);
#1231=FACE_OUTER_BOUND('',#1908,.T.);
#1232=FACE_OUTER_BOUND('',#1909,.T.);
#1233=FACE_OUTER_BOUND('',#1910,.T.);
#1234=FACE_OUTER_BOUND('',#1911,.T.);
#1235=FACE_OUTER_BOUND('',#1912,.T.);
#1236=FACE_OUTER_BOUND('',#1913,.T.);
#1237=FACE_OUTER_BOUND('',#1914,.T.);
#1238=FACE_OUTER_BOUND('',#1915,.T.);
#1239=FACE_OUTER_BOUND('',#1916,.T.);
#1240=FACE_OUTER_BOUND('',#1917,.T.);
#1241=FACE_OUTER_BOUND('',#1918,.T.);
#1242=FACE_OUTER_BOUND('',#1919,.T.);
#1243=FACE_OUTER_BOUND('',#1920,.T.);
#1244=FACE_OUTER_BOUND('',#1921,.T.);
#1245=FACE_OUTER_BOUND('',#1922,.T.);
#1246=FACE_OUTER_BOUND('',#1923,.T.);
#1247=FACE_OUTER_BOUND('',#1924,.T.);
#1248=FACE_OUTER_BOUND('',#1925,.T.);
#1249=FACE_OUTER_BOUND('',#1926,.T.);
#1250=FACE_OUTER_BOUND('',#1927,.T.);
#1251=FACE_OUTER_BOUND('',#1928,.T.);
#1252=FACE_OUTER_BOUND('',#1929,.T.);
#1253=FACE_OUTER_BOUND('',#1930,.T.);
#1254=FACE_OUTER_BOUND('',#1931,.T.);
#1255=FACE_OUTER_BOUND('',#1932,.T.);
#1256=FACE_OUTER_BOUND('',#1933,.T.);
#1257=FACE_OUTER_BOUND('',#1934,.T.);
#1258=FACE_OUTER_BOUND('',#1935,.T.);
#1259=FACE_OUTER_BOUND('',#1936,.T.);
#1260=FACE_OUTER_BOUND('',#1937,.T.);
#1261=FACE_OUTER_BOUND('',#1938,.T.);
#1262=FACE_OUTER_BOUND('',#1939,.T.);
#1263=FACE_OUTER_BOUND('',#1940,.T.);
#1264=FACE_OUTER_BOUND('',#1941,.T.);
#1265=FACE_OUTER_BOUND('',#1942,.T.);
#1266=FACE_OUTER_BOUND('',#1943,.T.);
#1267=FACE_OUTER_BOUND('',#1944,.T.);
#1268=FACE_OUTER_BOUND('',#1945,.T.);
#1269=FACE_OUTER_BOUND('',#1946,.T.);
#1270=FACE_OUTER_BOUND('',#1947,.T.);
#1271=FACE_OUTER_BOUND('',#1948,.T.);
#1272=FACE_OUTER_BOUND('',#1949,.T.);
#1273=FACE_OUTER_BOUND('',#1950,.T.);
#1274=FACE_OUTER_BOUND('',#1951,.T.);
#1275=FACE_OUTER_BOUND('',#1952,.T.);
#1276=FACE_OUTER_BOUND('',#1953,.T.);
#1277=FACE_OUTER_BOUND('',#1954,.T.);
#1278=FACE_OUTER_BOUND('',#1955,.T.);
#1279=FACE_OUTER_BOUND('',#1956,.T.);
#1280=FACE_OUTER_BOUND('',#1957,.T.);
#1281=FACE_OUTER_BOUND('',#1958,.T.);
#1282=FACE_OUTER_BOUND('',#1959,.T.);
#1283=FACE_OUTER_BOUND('',#1960,.T.);
#1284=FACE_OUTER_BOUND('',#1961,.T.);
#1285=FACE_OUTER_BOUND('',#1962,.T.);
#1286=FACE_OUTER_BOUND('',#1963,.T.);
#1287=FACE_OUTER_BOUND('',#1964,.T.);
#1288=FACE_OUTER_BOUND('',#1965,.T.);
#1289=FACE_OUTER_BOUND('',#1966,.T.);
#1290=FACE_OUTER_BOUND('',#1967,.T.);
#1291=FACE_OUTER_BOUND('',#1968,.T.);
#1292=FACE_OUTER_BOUND('',#1969,.T.);
#1293=FACE_OUTER_BOUND('',#1970,.T.);
#1294=FACE_OUTER_BOUND('',#1971,.T.);
#1295=FACE_OUTER_BOUND('',#1972,.T.);
#1296=FACE_OUTER_BOUND('',#1973,.T.);
#1297=FACE_OUTER_BOUND('',#1974,.T.);
#1298=FACE_OUTER_BOUND('',#1975,.T.);
#1299=FACE_OUTER_BOUND('',#1976,.T.);
#1300=FACE_OUTER_BOUND('',#1977,.T.);
#1301=FACE_OUTER_BOUND('',#1978,.T.);
#1302=FACE_OUTER_BOUND('',#1979,.T.);
#1303=FACE_OUTER_BOUND('',#1980,.T.);
#1304=FACE_OUTER_BOUND('',#1981,.T.);
#1305=FACE_OUTER_BOUND('',#1982,.T.);
#1306=FACE_OUTER_BOUND('',#1983,.T.);
#1307=FACE_OUTER_BOUND('',#1984,.T.);
#1308=FACE_OUTER_BOUND('',#1985,.T.);
#1309=FACE_OUTER_BOUND('',#1986,.T.);
#1310=FACE_OUTER_BOUND('',#1987,.T.);
#1311=FACE_OUTER_BOUND('',#1988,.T.);
#1312=FACE_OUTER_BOUND('',#1989,.T.);
#1313=FACE_OUTER_BOUND('',#1990,.T.);
#1314=FACE_OUTER_BOUND('',#1991,.T.);
#1315=FACE_OUTER_BOUND('',#1992,.T.);
#1316=FACE_OUTER_BOUND('',#1993,.T.);
#1317=FACE_OUTER_BOUND('',#1994,.T.);
#1318=FACE_OUTER_BOUND('',#1995,.T.);
#1319=FACE_OUTER_BOUND('',#1996,.T.);
#1320=FACE_OUTER_BOUND('',#1997,.T.);
#1321=FACE_OUTER_BOUND('',#1998,.T.);
#1322=FACE_OUTER_BOUND('',#1999,.T.);
#1323=FACE_OUTER_BOUND('',#2000,.T.);
#1324=FACE_OUTER_BOUND('',#2001,.T.);
#1325=FACE_OUTER_BOUND('',#2002,.T.);
#1326=FACE_OUTER_BOUND('',#2003,.T.);
#1327=FACE_OUTER_BOUND('',#2004,.T.);
#1328=FACE_OUTER_BOUND('',#2005,.T.);
#1329=FACE_OUTER_BOUND('',#2006,.T.);
#1330=FACE_OUTER_BOUND('',#2007,.T.);
#1331=FACE_OUTER_BOUND('',#2008,.T.);
#1332=FACE_OUTER_BOUND('',#2009,.T.);
#1333=FACE_OUTER_BOUND('',#2010,.T.);
#1334=FACE_OUTER_BOUND('',#2011,.T.);
#1335=FACE_OUTER_BOUND('',#2012,.T.);
#1336=FACE_OUTER_BOUND('',#2013,.T.);
#1337=FACE_OUTER_BOUND('',#2014,.T.);
#1338=FACE_OUTER_BOUND('',#2015,.T.);
#1339=FACE_OUTER_BOUND('',#2016,.T.);
#1340=FACE_OUTER_BOUND('',#2017,.T.);
#1341=FACE_OUTER_BOUND('',#2020,.T.);
#1342=FACE_OUTER_BOUND('',#2023,.T.);
#1343=FACE_OUTER_BOUND('',#2024,.T.);
#1344=FACE_OUTER_BOUND('',#2025,.T.);
#1345=FACE_OUTER_BOUND('',#2026,.T.);
#1346=FACE_OUTER_BOUND('',#2027,.T.);
#1347=FACE_OUTER_BOUND('',#2028,.T.);
#1348=FACE_OUTER_BOUND('',#2029,.T.);
#1349=FACE_OUTER_BOUND('',#2030,.T.);
#1350=FACE_OUTER_BOUND('',#2032,.T.);
#1351=FACE_OUTER_BOUND('',#2034,.T.);
#1352=FACE_OUTER_BOUND('',#2035,.T.);
#1353=FACE_OUTER_BOUND('',#2036,.T.);
#1354=FACE_OUTER_BOUND('',#2037,.T.);
#1355=FACE_OUTER_BOUND('',#2038,.T.);
#1356=FACE_OUTER_BOUND('',#2039,.T.);
#1357=FACE_OUTER_BOUND('',#2040,.T.);
#1358=FACE_OUTER_BOUND('',#2041,.T.);
#1359=FACE_OUTER_BOUND('',#2043,.T.);
#1360=FACE_OUTER_BOUND('',#2045,.T.);
#1361=FACE_OUTER_BOUND('',#2046,.T.);
#1362=FACE_OUTER_BOUND('',#2047,.T.);
#1363=FACE_OUTER_BOUND('',#2048,.T.);
#1364=FACE_OUTER_BOUND('',#2049,.T.);
#1365=FACE_OUTER_BOUND('',#2050,.T.);
#1366=FACE_OUTER_BOUND('',#2051,.T.);
#1367=FACE_OUTER_BOUND('',#2052,.T.);
#1368=FACE_OUTER_BOUND('',#2054,.T.);
#1369=FACE_OUTER_BOUND('',#2056,.T.);
#1370=FACE_OUTER_BOUND('',#2057,.T.);
#1371=FACE_OUTER_BOUND('',#2058,.T.);
#1372=FACE_OUTER_BOUND('',#2059,.T.);
#1373=FACE_OUTER_BOUND('',#2060,.T.);
#1374=FACE_OUTER_BOUND('',#2061,.T.);
#1375=FACE_OUTER_BOUND('',#2062,.T.);
#1376=FACE_OUTER_BOUND('',#2063,.T.);
#1377=FACE_OUTER_BOUND('',#2065,.T.);
#1378=EDGE_LOOP('',(#6986,#6987,#6988,#6989));
#1379=EDGE_LOOP('',(#6990,#6991,#6992,#6993));
#1380=EDGE_LOOP('',(#6994,#6995,#6996,#6997));
#1381=EDGE_LOOP('',(#6998,#6999,#7000,#7001));
#1382=EDGE_LOOP('',(#7002,#7003,#7004,#7005));
#1383=EDGE_LOOP('',(#7006,#7007,#7008,#7009));
#1384=EDGE_LOOP('',(#7010,#7011,#7012,#7013));
#1385=EDGE_LOOP('',(#7014,#7015,#7016,#7017));
#1386=EDGE_LOOP('',(#7018,#7019,#7020,#7021));
#1387=EDGE_LOOP('',(#7022,#7023,#7024,#7025));
#1388=EDGE_LOOP('',(#7026,#7027,#7028,#7029));
#1389=EDGE_LOOP('',(#7030,#7031,#7032,#7033));
#1390=EDGE_LOOP('',(#7034,#7035,#7036,#7037));
#1391=EDGE_LOOP('',(#7038,#7039,#7040,#7041));
#1392=EDGE_LOOP('',(#7042,#7043,#7044,#7045));
#1393=EDGE_LOOP('',(#7046,#7047,#7048,#7049));
#1394=EDGE_LOOP('',(#7050,#7051,#7052,#7053,#7054,#7055,#7056,#7057));
#1395=EDGE_LOOP('',(#7058,#7059,#7060,#7061));
#1396=EDGE_LOOP('',(#7062,#7063,#7064,#7065));
#1397=EDGE_LOOP('',(#7066,#7067,#7068,#7069,#7070,#7071,#7072,#7073));
#1398=EDGE_LOOP('',(#7074,#7075,#7076,#7077));
#1399=EDGE_LOOP('',(#7078,#7079,#7080,#7081));
#1400=EDGE_LOOP('',(#7082,#7083,#7084,#7085));
#1401=EDGE_LOOP('',(#7086,#7087,#7088,#7089));
#1402=EDGE_LOOP('',(#7090,#7091,#7092,#7093));
#1403=EDGE_LOOP('',(#7094,#7095,#7096,#7097));
#1404=EDGE_LOOP('',(#7098,#7099,#7100));
#1405=EDGE_LOOP('',(#7101,#7102,#7103,#7104));
#1406=EDGE_LOOP('',(#7105,#7106,#7107,#7108));
#1407=EDGE_LOOP('',(#7109,#7110,#7111,#7112));
#1408=EDGE_LOOP('',(#7113,#7114,#7115,#7116));
#1409=EDGE_LOOP('',(#7117,#7118,#7119,#7120));
#1410=EDGE_LOOP('',(#7121,#7122,#7123,#7124,#7125));
#1411=EDGE_LOOP('',(#7126,#7127,#7128,#7129));
#1412=EDGE_LOOP('',(#7130,#7131,#7132,#7133,#7134,#7135));
#1413=EDGE_LOOP('',(#7136,#7137,#7138,#7139));
#1414=EDGE_LOOP('',(#7140,#7141,#7142,#7143));
#1415=EDGE_LOOP('',(#7144,#7145,#7146,#7147));
#1416=EDGE_LOOP('',(#7148,#7149,#7150,#7151));
#1417=EDGE_LOOP('',(#7152,#7153,#7154,#7155));
#1418=EDGE_LOOP('',(#7156,#7157,#7158,#7159,#7160,#7161,#7162,#7163));
#1419=EDGE_LOOP('',(#7164,#7165,#7166,#7167));
#1420=EDGE_LOOP('',(#7168,#7169,#7170,#7171,#7172));
#1421=EDGE_LOOP('',(#7173,#7174,#7175,#7176));
#1422=EDGE_LOOP('',(#7177,#7178,#7179,#7180));
#1423=EDGE_LOOP('',(#7181,#7182,#7183,#7184));
#1424=EDGE_LOOP('',(#7185,#7186,#7187,#7188,#7189));
#1425=EDGE_LOOP('',(#7190,#7191,#7192,#7193,#7194));
#1426=EDGE_LOOP('',(#7195,#7196,#7197,#7198,#7199));
#1427=EDGE_LOOP('',(#7200,#7201,#7202,#7203));
#1428=EDGE_LOOP('',(#7204,#7205,#7206,#7207,#7208));
#1429=EDGE_LOOP('',(#7209,#7210,#7211,#7212));
#1430=EDGE_LOOP('',(#7213,#7214,#7215,#7216,#7217));
#1431=EDGE_LOOP('',(#7218,#7219,#7220,#7221));
#1432=EDGE_LOOP('',(#7222,#7223,#7224,#7225));
#1433=EDGE_LOOP('',(#7226,#7227,#7228,#7229,#7230));
#1434=EDGE_LOOP('',(#7231,#7232,#7233,#7234,#7235));
#1435=EDGE_LOOP('',(#7236,#7237,#7238,#7239));
#1436=EDGE_LOOP('',(#7240,#7241,#7242,#7243));
#1437=EDGE_LOOP('',(#7244,#7245,#7246,#7247));
#1438=EDGE_LOOP('',(#7248,#7249,#7250,#7251));
#1439=EDGE_LOOP('',(#7252,#7253,#7254,#7255,#7256,#7257,#7258,#7259));
#1440=EDGE_LOOP('',(#7260));
#1441=EDGE_LOOP('',(#7261,#7262,#7263,#7264));
#1442=EDGE_LOOP('',(#7265,#7266,#7267,#7268,#7269));
#1443=EDGE_LOOP('',(#7270,#7271,#7272,#7273,#7274));
#1444=EDGE_LOOP('',(#7275,#7276,#7277,#7278));
#1445=EDGE_LOOP('',(#7279,#7280,#7281,#7282));
#1446=EDGE_LOOP('',(#7283,#7284,#7285,#7286));
#1447=EDGE_LOOP('',(#7287,#7288,#7289,#7290));
#1448=EDGE_LOOP('',(#7291,#7292,#7293,#7294,#7295,#7296,#7297,#7298));
#1449=EDGE_LOOP('',(#7299));
#1450=EDGE_LOOP('',(#7300,#7301,#7302,#7303,#7304,#7305,#7306,#7307));
#1451=EDGE_LOOP('',(#7308));
#1452=EDGE_LOOP('',(#7309,#7310,#7311,#7312));
#1453=EDGE_LOOP('',(#7313,#7314,#7315,#7316));
#1454=EDGE_LOOP('',(#7317,#7318,#7319,#7320));
#1455=EDGE_LOOP('',(#7321,#7322,#7323,#7324));
#1456=EDGE_LOOP('',(#7325,#7326,#7327,#7328,#7329,#7330));
#1457=EDGE_LOOP('',(#7331,#7332,#7333,#7334,#7335));
#1458=EDGE_LOOP('',(#7336,#7337,#7338,#7339,#7340));
#1459=EDGE_LOOP('',(#7341,#7342,#7343,#7344));
#1460=EDGE_LOOP('',(#7345,#7346,#7347,#7348));
#1461=EDGE_LOOP('',(#7349,#7350,#7351,#7352));
#1462=EDGE_LOOP('',(#7353,#7354,#7355,#7356));
#1463=EDGE_LOOP('',(#7357,#7358,#7359,#7360,#7361,#7362,#7363,#7364));
#1464=EDGE_LOOP('',(#7365));
#1465=EDGE_LOOP('',(#7366,#7367,#7368,#7369));
#1466=EDGE_LOOP('',(#7370,#7371,#7372,#7373));
#1467=EDGE_LOOP('',(#7374,#7375,#7376,#7377));
#1468=EDGE_LOOP('',(#7378,#7379,#7380,#7381));
#1469=EDGE_LOOP('',(#7382,#7383,#7384,#7385));
#1470=EDGE_LOOP('',(#7386,#7387,#7388,#7389));
#1471=EDGE_LOOP('',(#7390,#7391,#7392,#7393));
#1472=EDGE_LOOP('',(#7394,#7395,#7396,#7397));
#1473=EDGE_LOOP('',(#7398,#7399,#7400,#7401));
#1474=EDGE_LOOP('',(#7402,#7403,#7404,#7405));
#1475=EDGE_LOOP('',(#7406,#7407,#7408,#7409));
#1476=EDGE_LOOP('',(#7410,#7411,#7412,#7413));
#1477=EDGE_LOOP('',(#7414,#7415,#7416,#7417));
#1478=EDGE_LOOP('',(#7418,#7419,#7420,#7421));
#1479=EDGE_LOOP('',(#7422,#7423,#7424,#7425));
#1480=EDGE_LOOP('',(#7426,#7427,#7428,#7429));
#1481=EDGE_LOOP('',(#7430,#7431,#7432,#7433,#7434,#7435,#7436,#7437));
#1482=EDGE_LOOP('',(#7438,#7439,#7440,#7441));
#1483=EDGE_LOOP('',(#7442,#7443,#7444,#7445));
#1484=EDGE_LOOP('',(#7446,#7447,#7448,#7449));
#1485=EDGE_LOOP('',(#7450,#7451,#7452,#7453));
#1486=EDGE_LOOP('',(#7454,#7455,#7456,#7457));
#1487=EDGE_LOOP('',(#7458,#7459,#7460,#7461));
#1488=EDGE_LOOP('',(#7462,#7463,#7464,#7465));
#1489=EDGE_LOOP('',(#7466,#7467,#7468,#7469));
#1490=EDGE_LOOP('',(#7470,#7471,#7472,#7473));
#1491=EDGE_LOOP('',(#7474,#7475,#7476,#7477));
#1492=EDGE_LOOP('',(#7478,#7479,#7480,#7481));
#1493=EDGE_LOOP('',(#7482,#7483,#7484,#7485));
#1494=EDGE_LOOP('',(#7486,#7487,#7488,#7489));
#1495=EDGE_LOOP('',(#7490,#7491,#7492,#7493));
#1496=EDGE_LOOP('',(#7494,#7495,#7496,#7497,#7498,#7499,#7500,#7501));
#1497=EDGE_LOOP('',(#7502,#7503,#7504,#7505));
#1498=EDGE_LOOP('',(#7506,#7507,#7508,#7509));
#1499=EDGE_LOOP('',(#7510,#7511));
#1500=EDGE_LOOP('',(#7512,#7513,#7514,#7515,#7516));
#1501=EDGE_LOOP('',(#7517,#7518,#7519,#7520,#7521,#7522,#7523,#7524));
#1502=EDGE_LOOP('',(#7525));
#1503=EDGE_LOOP('',(#7526,#7527));
#1504=EDGE_LOOP('',(#7528,#7529,#7530,#7531));
#1505=EDGE_LOOP('',(#7532,#7533,#7534,#7535,#7536));
#1506=EDGE_LOOP('',(#7537));
#1507=EDGE_LOOP('',(#7538));
#1508=EDGE_LOOP('',(#7539,#7540,#7541,#7542,#7543));
#1509=EDGE_LOOP('',(#7544,#7545,#7546,#7547,#7548,#7549,#7550,#7551));
#1510=EDGE_LOOP('',(#7552,#7553,#7554,#7555));
#1511=EDGE_LOOP('',(#7556,#7557,#7558,#7559));
#1512=EDGE_LOOP('',(#7560,#7561,#7562,#7563));
#1513=EDGE_LOOP('',(#7564,#7565,#7566,#7567));
#1514=EDGE_LOOP('',(#7568,#7569,#7570,#7571,#7572,#7573));
#1515=EDGE_LOOP('',(#7574));
#1516=EDGE_LOOP('',(#7575,#7576,#7577,#7578,#7579,#7580));
#1517=EDGE_LOOP('',(#7581));
#1518=EDGE_LOOP('',(#7582,#7583,#7584,#7585));
#1519=EDGE_LOOP('',(#7586,#7587,#7588,#7589));
#1520=EDGE_LOOP('',(#7590,#7591,#7592,#7593));
#1521=EDGE_LOOP('',(#7594,#7595,#7596,#7597));
#1522=EDGE_LOOP('',(#7598,#7599,#7600,#7601));
#1523=EDGE_LOOP('',(#7602,#7603,#7604,#7605,#7606,#7607));
#1524=EDGE_LOOP('',(#7608));
#1525=EDGE_LOOP('',(#7609,#7610,#7611,#7612));
#1526=EDGE_LOOP('',(#7613,#7614,#7615,#7616,#7617,#7618,#7619,#7620,#7621,
#7622));
#1527=EDGE_LOOP('',(#7623,#7624,#7625,#7626,#7627,#7628));
#1528=EDGE_LOOP('',(#7629));
#1529=EDGE_LOOP('',(#7630,#7631,#7632,#7633,#7634,#7635,#7636,#7637,#7638,
#7639));
#1530=EDGE_LOOP('',(#7640,#7641,#7642,#7643));
#1531=EDGE_LOOP('',(#7644,#7645,#7646,#7647,#7648));
#1532=EDGE_LOOP('',(#7649,#7650));
#1533=EDGE_LOOP('',(#7651,#7652,#7653,#7654,#7655,#7656,#7657,#7658));
#1534=EDGE_LOOP('',(#7659,#7660));
#1535=EDGE_LOOP('',(#7661,#7662,#7663,#7664));
#1536=EDGE_LOOP('',(#7665,#7666,#7667,#7668,#7669,#7670,#7671,#7672));
#1537=EDGE_LOOP('',(#7673));
#1538=EDGE_LOOP('',(#7674,#7675,#7676,#7677,#7678));
#1539=EDGE_LOOP('',(#7679,#7680,#7681,#7682,#7683));
#1540=EDGE_LOOP('',(#7684));
#1541=EDGE_LOOP('',(#7685,#7686,#7687,#7688));
#1542=EDGE_LOOP('',(#7689));
#1543=EDGE_LOOP('',(#7690,#7691,#7692,#7693));
#1544=EDGE_LOOP('',(#7694,#7695,#7696));
#1545=EDGE_LOOP('',(#7697,#7698,#7699,#7700,#7701,#7702,#7703,#7704,#7705,
#7706,#7707));
#1546=EDGE_LOOP('',(#7708,#7709,#7710,#7711,#7712,#7713));
#1547=EDGE_LOOP('',(#7714,#7715,#7716,#7717,#7718,#7719,#7720,#7721));
#1548=EDGE_LOOP('',(#7722,#7723,#7724,#7725));
#1549=EDGE_LOOP('',(#7726,#7727,#7728,#7729));
#1550=EDGE_LOOP('',(#7730,#7731,#7732,#7733));
#1551=EDGE_LOOP('',(#7734,#7735,#7736,#7737));
#1552=EDGE_LOOP('',(#7738,#7739,#7740,#7741));
#1553=EDGE_LOOP('',(#7742,#7743,#7744,#7745));
#1554=EDGE_LOOP('',(#7746,#7747,#7748,#7749));
#1555=EDGE_LOOP('',(#7750));
#1556=EDGE_LOOP('',(#7751,#7752,#7753,#7754,#7755,#7756,#7757,#7758));
#1557=EDGE_LOOP('',(#7759));
#1558=EDGE_LOOP('',(#7760));
#1559=EDGE_LOOP('',(#7761,#7762,#7763,#7764,#7765,#7766,#7767,#7768));
#1560=EDGE_LOOP('',(#7769,#7770));
#1561=EDGE_LOOP('',(#7771,#7772));
#1562=EDGE_LOOP('',(#7773,#7774,#7775,#7776));
#1563=EDGE_LOOP('',(#7777,#7778,#7779,#7780));
#1564=EDGE_LOOP('',(#7781,#7782,#7783,#7784));
#1565=EDGE_LOOP('',(#7785,#7786,#7787,#7788));
#1566=EDGE_LOOP('',(#7789,#7790,#7791,#7792,#7793,#7794,#7795,#7796));
#1567=EDGE_LOOP('',(#7797));
#1568=EDGE_LOOP('',(#7798));
#1569=EDGE_LOOP('',(#7799,#7800,#7801,#7802,#7803,#7804,#7805,#7806));
#1570=EDGE_LOOP('',(#7807,#7808,#7809,#7810));
#1571=EDGE_LOOP('',(#7811,#7812,#7813,#7814));
#1572=EDGE_LOOP('',(#7815,#7816,#7817,#7818));
#1573=EDGE_LOOP('',(#7819,#7820,#7821,#7822));
#1574=EDGE_LOOP('',(#7823,#7824,#7825,#7826));
#1575=EDGE_LOOP('',(#7827));
#1576=EDGE_LOOP('',(#7828,#7829,#7830,#7831));
#1577=EDGE_LOOP('',(#7832,#7833,#7834,#7835));
#1578=EDGE_LOOP('',(#7836,#7837,#7838,#7839));
#1579=EDGE_LOOP('',(#7840,#7841,#7842,#7843));
#1580=EDGE_LOOP('',(#7844,#7845,#7846,#7847,#7848,#7849));
#1581=EDGE_LOOP('',(#7850,#7851,#7852,#7853));
#1582=EDGE_LOOP('',(#7854,#7855,#7856,#7857,#7858,#7859,#7860,#7861,#7862,
#7863,#7864,#7865,#7866,#7867,#7868,#7869,#7870,#7871,#7872,#7873,#7874,
#7875,#7876,#7877,#7878,#7879,#7880,#7881,#7882,#7883,#7884,#7885,#7886,
#7887,#7888,#7889));
#1583=EDGE_LOOP('',(#7890,#7891,#7892,#7893));
#1584=EDGE_LOOP('',(#7894,#7895,#7896,#7897));
#1585=EDGE_LOOP('',(#7898,#7899,#7900,#7901));
#1586=EDGE_LOOP('',(#7902,#7903,#7904,#7905));
#1587=EDGE_LOOP('',(#7906,#7907,#7908,#7909));
#1588=EDGE_LOOP('',(#7910,#7911,#7912,#7913));
#1589=EDGE_LOOP('',(#7914,#7915,#7916,#7917));
#1590=EDGE_LOOP('',(#7918,#7919,#7920,#7921));
#1591=EDGE_LOOP('',(#7922,#7923,#7924,#7925));
#1592=EDGE_LOOP('',(#7926,#7927,#7928,#7929));
#1593=EDGE_LOOP('',(#7930,#7931,#7932,#7933));
#1594=EDGE_LOOP('',(#7934,#7935,#7936,#7937));
#1595=EDGE_LOOP('',(#7938,#7939,#7940,#7941));
#1596=EDGE_LOOP('',(#7942,#7943,#7944,#7945));
#1597=EDGE_LOOP('',(#7946,#7947,#7948,#7949));
#1598=EDGE_LOOP('',(#7950,#7951,#7952,#7953));
#1599=EDGE_LOOP('',(#7954,#7955,#7956,#7957));
#1600=EDGE_LOOP('',(#7958,#7959,#7960,#7961));
#1601=EDGE_LOOP('',(#7962,#7963,#7964,#7965));
#1602=EDGE_LOOP('',(#7966,#7967,#7968,#7969));
#1603=EDGE_LOOP('',(#7970,#7971,#7972,#7973));
#1604=EDGE_LOOP('',(#7974,#7975,#7976,#7977));
#1605=EDGE_LOOP('',(#7978,#7979,#7980,#7981));
#1606=EDGE_LOOP('',(#7982,#7983,#7984,#7985));
#1607=EDGE_LOOP('',(#7986,#7987,#7988,#7989,#7990,#7991));
#1608=EDGE_LOOP('',(#7992,#7993,#7994,#7995));
#1609=EDGE_LOOP('',(#7996,#7997,#7998,#7999));
#1610=EDGE_LOOP('',(#8000,#8001,#8002,#8003));
#1611=EDGE_LOOP('',(#8004,#8005,#8006,#8007));
#1612=EDGE_LOOP('',(#8008,#8009,#8010,#8011));
#1613=EDGE_LOOP('',(#8012,#8013,#8014,#8015));
#1614=EDGE_LOOP('',(#8016,#8017,#8018,#8019,#8020,#8021,#8022,#8023,#8024,
#8025,#8026,#8027,#8028,#8029,#8030,#8031,#8032,#8033,#8034,#8035,#8036,
#8037,#8038,#8039,#8040,#8041,#8042,#8043,#8044,#8045,#8046,#8047,#8048,
#8049,#8050,#8051));
#1615=EDGE_LOOP('',(#8052,#8053,#8054,#8055));
#1616=EDGE_LOOP('',(#8056,#8057,#8058,#8059,#8060,#8061,#8062,#8063));
#1617=EDGE_LOOP('',(#8064,#8065,#8066,#8067));
#1618=EDGE_LOOP('',(#8068,#8069,#8070,#8071));
#1619=EDGE_LOOP('',(#8072,#8073,#8074,#8075));
#1620=EDGE_LOOP('',(#8076,#8077,#8078,#8079,#8080,#8081));
#1621=EDGE_LOOP('',(#8082,#8083,#8084,#8085));
#1622=EDGE_LOOP('',(#8086,#8087,#8088,#8089,#8090,#8091));
#1623=EDGE_LOOP('',(#8092,#8093,#8094,#8095));
#1624=EDGE_LOOP('',(#8096,#8097,#8098,#8099,#8100,#8101));
#1625=EDGE_LOOP('',(#8102,#8103,#8104,#8105,#8106,#8107,#8108,#8109));
#1626=EDGE_LOOP('',(#8110,#8111,#8112,#8113));
#1627=EDGE_LOOP('',(#8114,#8115,#8116,#8117));
#1628=EDGE_LOOP('',(#8118,#8119,#8120,#8121));
#1629=EDGE_LOOP('',(#8122,#8123,#8124,#8125));
#1630=EDGE_LOOP('',(#8126,#8127,#8128,#8129));
#1631=EDGE_LOOP('',(#8130,#8131,#8132,#8133));
#1632=EDGE_LOOP('',(#8134,#8135,#8136,#8137));
#1633=EDGE_LOOP('',(#8138,#8139,#8140,#8141));
#1634=EDGE_LOOP('',(#8142,#8143,#8144,#8145));
#1635=EDGE_LOOP('',(#8146,#8147,#8148,#8149));
#1636=EDGE_LOOP('',(#8150,#8151,#8152,#8153));
#1637=EDGE_LOOP('',(#8154,#8155,#8156,#8157));
#1638=EDGE_LOOP('',(#8158,#8159,#8160,#8161,#8162,#8163));
#1639=EDGE_LOOP('',(#8164,#8165,#8166,#8167));
#1640=EDGE_LOOP('',(#8168,#8169,#8170,#8171));
#1641=EDGE_LOOP('',(#8172));
#1642=EDGE_LOOP('',(#8173));
#1643=EDGE_LOOP('',(#8174,#8175,#8176,#8177));
#1644=EDGE_LOOP('',(#8178,#8179,#8180,#8181));
#1645=EDGE_LOOP('',(#8182,#8183,#8184,#8185));
#1646=EDGE_LOOP('',(#8186,#8187,#8188,#8189));
#1647=EDGE_LOOP('',(#8190,#8191,#8192,#8193));
#1648=EDGE_LOOP('',(#8194,#8195,#8196,#8197));
#1649=EDGE_LOOP('',(#8198,#8199,#8200,#8201));
#1650=EDGE_LOOP('',(#8202,#8203,#8204,#8205,#8206,#8207));
#1651=EDGE_LOOP('',(#8208));
#1652=EDGE_LOOP('',(#8209,#8210,#8211,#8212,#8213,#8214));
#1653=EDGE_LOOP('',(#8215));
#1654=EDGE_LOOP('',(#8216,#8217,#8218,#8219));
#1655=EDGE_LOOP('',(#8220,#8221,#8222,#8223));
#1656=EDGE_LOOP('',(#8224,#8225,#8226,#8227));
#1657=EDGE_LOOP('',(#8228,#8229,#8230,#8231));
#1658=EDGE_LOOP('',(#8232,#8233,#8234,#8235));
#1659=EDGE_LOOP('',(#8236,#8237,#8238,#8239));
#1660=EDGE_LOOP('',(#8240,#8241,#8242,#8243));
#1661=EDGE_LOOP('',(#8244,#8245,#8246,#8247));
#1662=EDGE_LOOP('',(#8248,#8249,#8250,#8251));
#1663=EDGE_LOOP('',(#8252,#8253,#8254,#8255));
#1664=EDGE_LOOP('',(#8256,#8257,#8258,#8259));
#1665=EDGE_LOOP('',(#8260,#8261,#8262,#8263));
#1666=EDGE_LOOP('',(#8264,#8265,#8266,#8267));
#1667=EDGE_LOOP('',(#8268,#8269,#8270,#8271,#8272,#8273));
#1668=EDGE_LOOP('',(#8274));
#1669=EDGE_LOOP('',(#8275,#8276,#8277,#8278));
#1670=EDGE_LOOP('',(#8279,#8280,#8281,#8282));
#1671=EDGE_LOOP('',(#8283,#8284,#8285,#8286));
#1672=EDGE_LOOP('',(#8287,#8288,#8289,#8290));
#1673=EDGE_LOOP('',(#8291,#8292,#8293,#8294,#8295,#8296));
#1674=EDGE_LOOP('',(#8297));
#1675=EDGE_LOOP('',(#8298,#8299,#8300,#8301));
#1676=EDGE_LOOP('',(#8302,#8303,#8304,#8305));
#1677=EDGE_LOOP('',(#8306,#8307,#8308,#8309,#8310));
#1678=EDGE_LOOP('',(#8311));
#1679=EDGE_LOOP('',(#8312,#8313,#8314,#8315,#8316));
#1680=EDGE_LOOP('',(#8317,#8318,#8319,#8320));
#1681=EDGE_LOOP('',(#8321,#8322,#8323,#8324));
#1682=EDGE_LOOP('',(#8325,#8326,#8327,#8328));
#1683=EDGE_LOOP('',(#8329,#8330,#8331,#8332,#8333));
#1684=EDGE_LOOP('',(#8334));
#1685=EDGE_LOOP('',(#8335,#8336,#8337,#8338,#8339));
#1686=EDGE_LOOP('',(#8340,#8341,#8342,#8343));
#1687=EDGE_LOOP('',(#8344,#8345,#8346,#8347));
#1688=EDGE_LOOP('',(#8348,#8349,#8350,#8351));
#1689=EDGE_LOOP('',(#8352,#8353,#8354,#8355));
#1690=EDGE_LOOP('',(#8356,#8357,#8358,#8359));
#1691=EDGE_LOOP('',(#8360,#8361,#8362,#8363));
#1692=EDGE_LOOP('',(#8364,#8365,#8366,#8367));
#1693=EDGE_LOOP('',(#8368,#8369,#8370,#8371));
#1694=EDGE_LOOP('',(#8372,#8373,#8374,#8375));
#1695=EDGE_LOOP('',(#8376,#8377,#8378,#8379));
#1696=EDGE_LOOP('',(#8380,#8381,#8382,#8383));
#1697=EDGE_LOOP('',(#8384,#8385,#8386,#8387));
#1698=EDGE_LOOP('',(#8388,#8389,#8390,#8391));
#1699=EDGE_LOOP('',(#8392,#8393,#8394,#8395));
#1700=EDGE_LOOP('',(#8396,#8397,#8398,#8399));
#1701=EDGE_LOOP('',(#8400,#8401,#8402,#8403));
#1702=EDGE_LOOP('',(#8404,#8405,#8406,#8407));
#1703=EDGE_LOOP('',(#8408,#8409,#8410,#8411));
#1704=EDGE_LOOP('',(#8412,#8413,#8414,#8415));
#1705=EDGE_LOOP('',(#8416));
#1706=EDGE_LOOP('',(#8417));
#1707=EDGE_LOOP('',(#8418));
#1708=EDGE_LOOP('',(#8419));
#1709=EDGE_LOOP('',(#8420));
#1710=EDGE_LOOP('',(#8421));
#1711=EDGE_LOOP('',(#8422));
#1712=EDGE_LOOP('',(#8423));
#1713=EDGE_LOOP('',(#8424));
#1714=EDGE_LOOP('',(#8425));
#1715=EDGE_LOOP('',(#8426,#8427,#8428,#8429));
#1716=EDGE_LOOP('',(#8430));
#1717=EDGE_LOOP('',(#8431));
#1718=EDGE_LOOP('',(#8432));
#1719=EDGE_LOOP('',(#8433));
#1720=EDGE_LOOP('',(#8434));
#1721=EDGE_LOOP('',(#8435));
#1722=EDGE_LOOP('',(#8436));
#1723=EDGE_LOOP('',(#8437));
#1724=EDGE_LOOP('',(#8438));
#1725=EDGE_LOOP('',(#8439));
#1726=EDGE_LOOP('',(#8440,#8441,#8442,#8443));
#1727=EDGE_LOOP('',(#8444,#8445,#8446,#8447));
#1728=EDGE_LOOP('',(#8448,#8449,#8450,#8451));
#1729=EDGE_LOOP('',(#8452,#8453,#8454,#8455));
#1730=EDGE_LOOP('',(#8456,#8457,#8458,#8459));
#1731=EDGE_LOOP('',(#8460,#8461,#8462,#8463));
#1732=EDGE_LOOP('',(#8464,#8465,#8466,#8467));
#1733=EDGE_LOOP('',(#8468,#8469,#8470,#8471));
#1734=EDGE_LOOP('',(#8472,#8473,#8474,#8475));
#1735=EDGE_LOOP('',(#8476,#8477,#8478,#8479));
#1736=EDGE_LOOP('',(#8480,#8481,#8482,#8483));
#1737=EDGE_LOOP('',(#8484,#8485,#8486,#8487));
#1738=EDGE_LOOP('',(#8488,#8489,#8490,#8491));
#1739=EDGE_LOOP('',(#8492,#8493,#8494,#8495));
#1740=EDGE_LOOP('',(#8496,#8497,#8498,#8499));
#1741=EDGE_LOOP('',(#8500,#8501,#8502,#8503));
#1742=EDGE_LOOP('',(#8504,#8505,#8506,#8507));
#1743=EDGE_LOOP('',(#8508,#8509,#8510,#8511));
#1744=EDGE_LOOP('',(#8512,#8513,#8514,#8515));
#1745=EDGE_LOOP('',(#8516,#8517,#8518,#8519));
#1746=EDGE_LOOP('',(#8520,#8521,#8522,#8523));
#1747=EDGE_LOOP('',(#8524,#8525,#8526,#8527));
#1748=EDGE_LOOP('',(#8528,#8529,#8530,#8531));
#1749=EDGE_LOOP('',(#8532,#8533,#8534,#8535));
#1750=EDGE_LOOP('',(#8536,#8537,#8538,#8539));
#1751=EDGE_LOOP('',(#8540,#8541,#8542,#8543));
#1752=EDGE_LOOP('',(#8544,#8545,#8546,#8547));
#1753=EDGE_LOOP('',(#8548,#8549,#8550,#8551));
#1754=EDGE_LOOP('',(#8552,#8553,#8554,#8555));
#1755=EDGE_LOOP('',(#8556,#8557,#8558,#8559));
#1756=EDGE_LOOP('',(#8560,#8561,#8562,#8563));
#1757=EDGE_LOOP('',(#8564,#8565,#8566,#8567));
#1758=EDGE_LOOP('',(#8568,#8569,#8570,#8571));
#1759=EDGE_LOOP('',(#8572,#8573,#8574,#8575));
#1760=EDGE_LOOP('',(#8576,#8577,#8578,#8579));
#1761=EDGE_LOOP('',(#8580,#8581,#8582,#8583));
#1762=EDGE_LOOP('',(#8584,#8585,#8586,#8587));
#1763=EDGE_LOOP('',(#8588,#8589,#8590,#8591));
#1764=EDGE_LOOP('',(#8592,#8593,#8594,#8595));
#1765=EDGE_LOOP('',(#8596,#8597,#8598,#8599));
#1766=EDGE_LOOP('',(#8600,#8601,#8602,#8603));
#1767=EDGE_LOOP('',(#8604,#8605,#8606,#8607));
#1768=EDGE_LOOP('',(#8608,#8609,#8610,#8611));
#1769=EDGE_LOOP('',(#8612,#8613,#8614,#8615));
#1770=EDGE_LOOP('',(#8616,#8617,#8618,#8619));
#1771=EDGE_LOOP('',(#8620,#8621,#8622,#8623));
#1772=EDGE_LOOP('',(#8624,#8625,#8626,#8627));
#1773=EDGE_LOOP('',(#8628,#8629,#8630,#8631));
#1774=EDGE_LOOP('',(#8632,#8633,#8634,#8635));
#1775=EDGE_LOOP('',(#8636,#8637,#8638,#8639));
#1776=EDGE_LOOP('',(#8640,#8641,#8642,#8643));
#1777=EDGE_LOOP('',(#8644,#8645,#8646,#8647));
#1778=EDGE_LOOP('',(#8648,#8649,#8650,#8651));
#1779=EDGE_LOOP('',(#8652,#8653,#8654,#8655));
#1780=EDGE_LOOP('',(#8656,#8657,#8658,#8659));
#1781=EDGE_LOOP('',(#8660,#8661,#8662,#8663));
#1782=EDGE_LOOP('',(#8664,#8665,#8666,#8667));
#1783=EDGE_LOOP('',(#8668,#8669,#8670,#8671));
#1784=EDGE_LOOP('',(#8672,#8673,#8674,#8675));
#1785=EDGE_LOOP('',(#8676,#8677,#8678,#8679));
#1786=EDGE_LOOP('',(#8680,#8681,#8682,#8683));
#1787=EDGE_LOOP('',(#8684,#8685,#8686,#8687));
#1788=EDGE_LOOP('',(#8688,#8689,#8690,#8691));
#1789=EDGE_LOOP('',(#8692,#8693,#8694,#8695));
#1790=EDGE_LOOP('',(#8696,#8697,#8698,#8699));
#1791=EDGE_LOOP('',(#8700,#8701,#8702,#8703));
#1792=EDGE_LOOP('',(#8704,#8705,#8706,#8707));
#1793=EDGE_LOOP('',(#8708,#8709,#8710,#8711));
#1794=EDGE_LOOP('',(#8712,#8713,#8714,#8715));
#1795=EDGE_LOOP('',(#8716,#8717,#8718,#8719));
#1796=EDGE_LOOP('',(#8720,#8721,#8722,#8723));
#1797=EDGE_LOOP('',(#8724,#8725,#8726,#8727));
#1798=EDGE_LOOP('',(#8728,#8729,#8730,#8731));
#1799=EDGE_LOOP('',(#8732,#8733,#8734,#8735));
#1800=EDGE_LOOP('',(#8736,#8737,#8738,#8739));
#1801=EDGE_LOOP('',(#8740,#8741,#8742,#8743));
#1802=EDGE_LOOP('',(#8744,#8745,#8746,#8747));
#1803=EDGE_LOOP('',(#8748,#8749,#8750,#8751));
#1804=EDGE_LOOP('',(#8752,#8753,#8754,#8755));
#1805=EDGE_LOOP('',(#8756,#8757,#8758,#8759));
#1806=EDGE_LOOP('',(#8760,#8761,#8762,#8763));
#1807=EDGE_LOOP('',(#8764,#8765,#8766,#8767));
#1808=EDGE_LOOP('',(#8768,#8769,#8770,#8771));
#1809=EDGE_LOOP('',(#8772,#8773,#8774,#8775));
#1810=EDGE_LOOP('',(#8776,#8777,#8778,#8779));
#1811=EDGE_LOOP('',(#8780,#8781,#8782,#8783));
#1812=EDGE_LOOP('',(#8784,#8785,#8786,#8787));
#1813=EDGE_LOOP('',(#8788,#8789,#8790,#8791));
#1814=EDGE_LOOP('',(#8792,#8793,#8794,#8795));
#1815=EDGE_LOOP('',(#8796,#8797,#8798,#8799));
#1816=EDGE_LOOP('',(#8800,#8801,#8802,#8803));
#1817=EDGE_LOOP('',(#8804,#8805,#8806,#8807));
#1818=EDGE_LOOP('',(#8808,#8809,#8810,#8811));
#1819=EDGE_LOOP('',(#8812,#8813,#8814,#8815));
#1820=EDGE_LOOP('',(#8816,#8817,#8818,#8819));
#1821=EDGE_LOOP('',(#8820,#8821,#8822,#8823));
#1822=EDGE_LOOP('',(#8824,#8825,#8826,#8827));
#1823=EDGE_LOOP('',(#8828,#8829,#8830,#8831));
#1824=EDGE_LOOP('',(#8832,#8833,#8834,#8835));
#1825=EDGE_LOOP('',(#8836,#8837,#8838,#8839));
#1826=EDGE_LOOP('',(#8840,#8841,#8842,#8843));
#1827=EDGE_LOOP('',(#8844,#8845,#8846,#8847,#8848,#8849,#8850,#8851,#8852,
#8853,#8854,#8855,#8856,#8857,#8858,#8859,#8860,#8861,#8862,#8863,#8864,
#8865,#8866,#8867,#8868,#8869,#8870,#8871,#8872,#8873,#8874,#8875,#8876,
#8877,#8878,#8879,#8880,#8881,#8882,#8883,#8884,#8885,#8886,#8887,#8888,
#8889,#8890,#8891,#8892,#8893,#8894,#8895,#8896,#8897,#8898,#8899,#8900,
#8901,#8902,#8903,#8904,#8905,#8906,#8907,#8908,#8909,#8910,#8911,#8912,
#8913,#8914,#8915,#8916,#8917,#8918,#8919,#8920,#8921,#8922,#8923,#8924,
#8925,#8926,#8927,#8928,#8929,#8930,#8931,#8932,#8933,#8934,#8935,#8936,
#8937,#8938));
#1828=EDGE_LOOP('',(#8939,#8940,#8941,#8942,#8943,#8944,#8945,#8946,#8947,
#8948,#8949,#8950,#8951,#8952,#8953,#8954,#8955,#8956,#8957,#8958,#8959,
#8960,#8961,#8962,#8963,#8964,#8965,#8966,#8967,#8968,#8969,#8970,#8971,
#8972,#8973,#8974,#8975,#8976,#8977,#8978,#8979,#8980,#8981,#8982,#8983,
#8984,#8985,#8986,#8987,#8988,#8989,#8990,#8991,#8992,#8993,#8994,#8995,
#8996,#8997,#8998,#8999,#9000,#9001,#9002,#9003,#9004,#9005,#9006,#9007,
#9008,#9009,#9010,#9011,#9012,#9013,#9014,#9015,#9016,#9017,#9018,#9019,
#9020,#9021,#9022,#9023,#9024,#9025,#9026,#9027,#9028,#9029,#9030,#9031,
#9032,#9033));
#1829=EDGE_LOOP('',(#9034,#9035,#9036,#9037));
#1830=EDGE_LOOP('',(#9038,#9039,#9040,#9041));
#1831=EDGE_LOOP('',(#9042,#9043,#9044,#9045));
#1832=EDGE_LOOP('',(#9046,#9047,#9048,#9049));
#1833=EDGE_LOOP('',(#9050,#9051,#9052,#9053));
#1834=EDGE_LOOP('',(#9054,#9055,#9056,#9057));
#1835=EDGE_LOOP('',(#9058,#9059,#9060,#9061));
#1836=EDGE_LOOP('',(#9062,#9063,#9064,#9065));
#1837=EDGE_LOOP('',(#9066,#9067,#9068,#9069));
#1838=EDGE_LOOP('',(#9070,#9071,#9072,#9073));
#1839=EDGE_LOOP('',(#9074,#9075,#9076,#9077));
#1840=EDGE_LOOP('',(#9078,#9079,#9080,#9081));
#1841=EDGE_LOOP('',(#9082,#9083,#9084,#9085,#9086,#9087,#9088));
#1842=EDGE_LOOP('',(#9089,#9090,#9091,#9092));
#1843=EDGE_LOOP('',(#9093));
#1844=EDGE_LOOP('',(#9094,#9095,#9096,#9097,#9098,#9099,#9100));
#1845=EDGE_LOOP('',(#9101,#9102,#9103,#9104));
#1846=EDGE_LOOP('',(#9105));
#1847=EDGE_LOOP('',(#9106,#9107,#9108,#9109));
#1848=EDGE_LOOP('',(#9110,#9111,#9112,#9113));
#1849=EDGE_LOOP('',(#9114,#9115,#9116,#9117));
#1850=EDGE_LOOP('',(#9118,#9119,#9120,#9121));
#1851=EDGE_LOOP('',(#9122,#9123,#9124,#9125));
#1852=EDGE_LOOP('',(#9126,#9127,#9128,#9129));
#1853=EDGE_LOOP('',(#9130,#9131,#9132,#9133));
#1854=EDGE_LOOP('',(#9134,#9135,#9136,#9137,#9138,#9139));
#1855=EDGE_LOOP('',(#9140));
#1856=EDGE_LOOP('',(#9141,#9142,#9143,#9144,#9145,#9146));
#1857=EDGE_LOOP('',(#9147));
#1858=EDGE_LOOP('',(#9148,#9149,#9150,#9151));
#1859=EDGE_LOOP('',(#9152,#9153,#9154,#9155,#9156,#9157));
#1860=EDGE_LOOP('',(#9158));
#1861=EDGE_LOOP('',(#9159,#9160,#9161,#9162));
#1862=EDGE_LOOP('',(#9163,#9164,#9165,#9166));
#1863=EDGE_LOOP('',(#9167,#9168,#9169,#9170));
#1864=EDGE_LOOP('',(#9171,#9172,#9173,#9174));
#1865=EDGE_LOOP('',(#9175,#9176,#9177,#9178,#9179,#9180));
#1866=EDGE_LOOP('',(#9181));
#1867=EDGE_LOOP('',(#9182,#9183,#9184,#9185));
#1868=EDGE_LOOP('',(#9186,#9187,#9188,#9189));
#1869=EDGE_LOOP('',(#9190,#9191,#9192,#9193));
#1870=EDGE_LOOP('',(#9194));
#1871=EDGE_LOOP('',(#9195));
#1872=EDGE_LOOP('',(#9196,#9197,#9198,#9199));
#1873=EDGE_LOOP('',(#9200,#9201,#9202,#9203));
#1874=EDGE_LOOP('',(#9204,#9205,#9206,#9207));
#1875=EDGE_LOOP('',(#9208,#9209,#9210,#9211));
#1876=EDGE_LOOP('',(#9212,#9213,#9214,#9215));
#1877=EDGE_LOOP('',(#9216,#9217,#9218,#9219));
#1878=EDGE_LOOP('',(#9220,#9221,#9222,#9223));
#1879=EDGE_LOOP('',(#9224,#9225,#9226,#9227));
#1880=EDGE_LOOP('',(#9228,#9229,#9230,#9231));
#1881=EDGE_LOOP('',(#9232,#9233,#9234,#9235));
#1882=EDGE_LOOP('',(#9236,#9237,#9238,#9239));
#1883=EDGE_LOOP('',(#9240,#9241,#9242,#9243));
#1884=EDGE_LOOP('',(#9244,#9245,#9246,#9247));
#1885=EDGE_LOOP('',(#9248,#9249,#9250,#9251));
#1886=EDGE_LOOP('',(#9252,#9253,#9254,#9255));
#1887=EDGE_LOOP('',(#9256));
#1888=EDGE_LOOP('',(#9257));
#1889=EDGE_LOOP('',(#9258));
#1890=EDGE_LOOP('',(#9259));
#1891=EDGE_LOOP('',(#9260));
#1892=EDGE_LOOP('',(#9261));
#1893=EDGE_LOOP('',(#9262));
#1894=EDGE_LOOP('',(#9263));
#1895=EDGE_LOOP('',(#9264));
#1896=EDGE_LOOP('',(#9265));
#1897=EDGE_LOOP('',(#9266,#9267,#9268,#9269));
#1898=EDGE_LOOP('',(#9270));
#1899=EDGE_LOOP('',(#9271));
#1900=EDGE_LOOP('',(#9272));
#1901=EDGE_LOOP('',(#9273));
#1902=EDGE_LOOP('',(#9274));
#1903=EDGE_LOOP('',(#9275));
#1904=EDGE_LOOP('',(#9276));
#1905=EDGE_LOOP('',(#9277));
#1906=EDGE_LOOP('',(#9278));
#1907=EDGE_LOOP('',(#9279));
#1908=EDGE_LOOP('',(#9280,#9281,#9282,#9283));
#1909=EDGE_LOOP('',(#9284,#9285,#9286,#9287));
#1910=EDGE_LOOP('',(#9288,#9289,#9290,#9291));
#1911=EDGE_LOOP('',(#9292,#9293,#9294,#9295));
#1912=EDGE_LOOP('',(#9296,#9297,#9298,#9299));
#1913=EDGE_LOOP('',(#9300,#9301,#9302,#9303));
#1914=EDGE_LOOP('',(#9304,#9305,#9306,#9307));
#1915=EDGE_LOOP('',(#9308,#9309,#9310,#9311));
#1916=EDGE_LOOP('',(#9312,#9313,#9314,#9315));
#1917=EDGE_LOOP('',(#9316,#9317,#9318,#9319));
#1918=EDGE_LOOP('',(#9320,#9321,#9322,#9323));
#1919=EDGE_LOOP('',(#9324,#9325,#9326,#9327));
#1920=EDGE_LOOP('',(#9328,#9329,#9330,#9331));
#1921=EDGE_LOOP('',(#9332,#9333,#9334,#9335));
#1922=EDGE_LOOP('',(#9336,#9337,#9338,#9339));
#1923=EDGE_LOOP('',(#9340,#9341,#9342,#9343));
#1924=EDGE_LOOP('',(#9344,#9345,#9346,#9347));
#1925=EDGE_LOOP('',(#9348,#9349,#9350,#9351));
#1926=EDGE_LOOP('',(#9352,#9353,#9354,#9355));
#1927=EDGE_LOOP('',(#9356,#9357,#9358,#9359));
#1928=EDGE_LOOP('',(#9360,#9361,#9362,#9363));
#1929=EDGE_LOOP('',(#9364,#9365,#9366,#9367));
#1930=EDGE_LOOP('',(#9368,#9369,#9370,#9371));
#1931=EDGE_LOOP('',(#9372,#9373,#9374,#9375));
#1932=EDGE_LOOP('',(#9376,#9377,#9378,#9379));
#1933=EDGE_LOOP('',(#9380,#9381,#9382,#9383));
#1934=EDGE_LOOP('',(#9384,#9385,#9386,#9387));
#1935=EDGE_LOOP('',(#9388,#9389,#9390,#9391));
#1936=EDGE_LOOP('',(#9392,#9393,#9394,#9395));
#1937=EDGE_LOOP('',(#9396,#9397,#9398,#9399));
#1938=EDGE_LOOP('',(#9400,#9401,#9402,#9403));
#1939=EDGE_LOOP('',(#9404,#9405,#9406,#9407));
#1940=EDGE_LOOP('',(#9408,#9409,#9410,#9411));
#1941=EDGE_LOOP('',(#9412,#9413,#9414,#9415));
#1942=EDGE_LOOP('',(#9416,#9417,#9418,#9419));
#1943=EDGE_LOOP('',(#9420,#9421,#9422,#9423));
#1944=EDGE_LOOP('',(#9424,#9425,#9426,#9427));
#1945=EDGE_LOOP('',(#9428,#9429,#9430,#9431));
#1946=EDGE_LOOP('',(#9432,#9433,#9434,#9435));
#1947=EDGE_LOOP('',(#9436,#9437,#9438,#9439));
#1948=EDGE_LOOP('',(#9440,#9441,#9442,#9443));
#1949=EDGE_LOOP('',(#9444,#9445,#9446,#9447));
#1950=EDGE_LOOP('',(#9448,#9449,#9450,#9451));
#1951=EDGE_LOOP('',(#9452,#9453,#9454,#9455));
#1952=EDGE_LOOP('',(#9456,#9457,#9458,#9459));
#1953=EDGE_LOOP('',(#9460,#9461,#9462,#9463));
#1954=EDGE_LOOP('',(#9464,#9465,#9466,#9467));
#1955=EDGE_LOOP('',(#9468,#9469,#9470,#9471));
#1956=EDGE_LOOP('',(#9472,#9473,#9474,#9475));
#1957=EDGE_LOOP('',(#9476,#9477,#9478,#9479));
#1958=EDGE_LOOP('',(#9480,#9481,#9482,#9483));
#1959=EDGE_LOOP('',(#9484,#9485,#9486,#9487));
#1960=EDGE_LOOP('',(#9488,#9489,#9490,#9491));
#1961=EDGE_LOOP('',(#9492,#9493,#9494,#9495));
#1962=EDGE_LOOP('',(#9496,#9497,#9498,#9499));
#1963=EDGE_LOOP('',(#9500,#9501,#9502,#9503));
#1964=EDGE_LOOP('',(#9504,#9505,#9506,#9507));
#1965=EDGE_LOOP('',(#9508,#9509,#9510,#9511));
#1966=EDGE_LOOP('',(#9512,#9513,#9514,#9515));
#1967=EDGE_LOOP('',(#9516,#9517,#9518,#9519));
#1968=EDGE_LOOP('',(#9520,#9521,#9522,#9523));
#1969=EDGE_LOOP('',(#9524,#9525,#9526,#9527));
#1970=EDGE_LOOP('',(#9528,#9529,#9530,#9531));
#1971=EDGE_LOOP('',(#9532,#9533,#9534,#9535));
#1972=EDGE_LOOP('',(#9536,#9537,#9538,#9539));
#1973=EDGE_LOOP('',(#9540,#9541,#9542,#9543));
#1974=EDGE_LOOP('',(#9544,#9545,#9546,#9547));
#1975=EDGE_LOOP('',(#9548,#9549,#9550,#9551));
#1976=EDGE_LOOP('',(#9552,#9553,#9554,#9555));
#1977=EDGE_LOOP('',(#9556,#9557,#9558,#9559));
#1978=EDGE_LOOP('',(#9560,#9561,#9562,#9563));
#1979=EDGE_LOOP('',(#9564,#9565,#9566,#9567));
#1980=EDGE_LOOP('',(#9568,#9569,#9570,#9571));
#1981=EDGE_LOOP('',(#9572,#9573,#9574,#9575));
#1982=EDGE_LOOP('',(#9576,#9577,#9578,#9579));
#1983=EDGE_LOOP('',(#9580,#9581,#9582,#9583));
#1984=EDGE_LOOP('',(#9584,#9585,#9586,#9587));
#1985=EDGE_LOOP('',(#9588,#9589,#9590,#9591));
#1986=EDGE_LOOP('',(#9592,#9593,#9594,#9595));
#1987=EDGE_LOOP('',(#9596,#9597,#9598,#9599));
#1988=EDGE_LOOP('',(#9600,#9601,#9602,#9603));
#1989=EDGE_LOOP('',(#9604,#9605,#9606,#9607));
#1990=EDGE_LOOP('',(#9608,#9609,#9610,#9611));
#1991=EDGE_LOOP('',(#9612,#9613,#9614,#9615));
#1992=EDGE_LOOP('',(#9616,#9617,#9618,#9619));
#1993=EDGE_LOOP('',(#9620,#9621,#9622,#9623));
#1994=EDGE_LOOP('',(#9624,#9625,#9626,#9627));
#1995=EDGE_LOOP('',(#9628,#9629,#9630,#9631));
#1996=EDGE_LOOP('',(#9632,#9633,#9634,#9635));
#1997=EDGE_LOOP('',(#9636,#9637,#9638,#9639));
#1998=EDGE_LOOP('',(#9640,#9641,#9642,#9643));
#1999=EDGE_LOOP('',(#9644,#9645,#9646,#9647));
#2000=EDGE_LOOP('',(#9648,#9649,#9650,#9651));
#2001=EDGE_LOOP('',(#9652,#9653,#9654,#9655));
#2002=EDGE_LOOP('',(#9656,#9657,#9658,#9659));
#2003=EDGE_LOOP('',(#9660,#9661,#9662,#9663,#9664,#9665,#9666,#9667,#9668,
#9669,#9670,#9671,#9672,#9673,#9674,#9675,#9676,#9677,#9678,#9679,#9680,
#9681,#9682,#9683,#9684,#9685,#9686,#9687,#9688,#9689,#9690,#9691,#9692,
#9693,#9694,#9695,#9696,#9697,#9698,#9699,#9700,#9701,#9702,#9703,#9704,
#9705,#9706,#9707,#9708,#9709,#9710,#9711,#9712,#9713,#9714,#9715,#9716,
#9717,#9718,#9719,#9720,#9721,#9722,#9723,#9724,#9725,#9726,#9727,#9728,
#9729,#9730,#9731,#9732,#9733,#9734,#9735,#9736,#9737,#9738,#9739,#9740,
#9741,#9742,#9743,#9744,#9745,#9746,#9747,#9748,#9749,#9750,#9751,#9752,
#9753,#9754));
#2004=EDGE_LOOP('',(#9755,#9756,#9757,#9758,#9759,#9760,#9761,#9762,#9763,
#9764,#9765,#9766,#9767,#9768,#9769,#9770,#9771,#9772,#9773,#9774,#9775,
#9776,#9777,#9778,#9779,#9780,#9781,#9782,#9783,#9784,#9785,#9786,#9787,
#9788,#9789,#9790,#9791,#9792,#9793,#9794,#9795,#9796,#9797,#9798,#9799,
#9800,#9801,#9802,#9803,#9804,#9805,#9806,#9807,#9808,#9809,#9810,#9811,
#9812,#9813,#9814,#9815,#9816,#9817,#9818,#9819,#9820,#9821,#9822,#9823,
#9824,#9825,#9826,#9827,#9828,#9829,#9830,#9831,#9832,#9833,#9834,#9835,
#9836,#9837,#9838,#9839,#9840,#9841,#9842,#9843,#9844,#9845,#9846,#9847,
#9848,#9849));
#2005=EDGE_LOOP('',(#9850,#9851,#9852,#9853));
#2006=EDGE_LOOP('',(#9854,#9855,#9856,#9857));
#2007=EDGE_LOOP('',(#9858,#9859,#9860,#9861));
#2008=EDGE_LOOP('',(#9862,#9863,#9864,#9865));
#2009=EDGE_LOOP('',(#9866,#9867,#9868,#9869));
#2010=EDGE_LOOP('',(#9870,#9871,#9872,#9873));
#2011=EDGE_LOOP('',(#9874,#9875,#9876,#9877));
#2012=EDGE_LOOP('',(#9878,#9879,#9880,#9881));
#2013=EDGE_LOOP('',(#9882,#9883,#9884,#9885));
#2014=EDGE_LOOP('',(#9886,#9887,#9888,#9889));
#2015=EDGE_LOOP('',(#9890,#9891,#9892,#9893));
#2016=EDGE_LOOP('',(#9894,#9895,#9896,#9897));
#2017=EDGE_LOOP('',(#9898,#9899,#9900,#9901,#9902,#9903,#9904));
#2018=EDGE_LOOP('',(#9905,#9906,#9907,#9908));
#2019=EDGE_LOOP('',(#9909));
#2020=EDGE_LOOP('',(#9910,#9911,#9912,#9913,#9914,#9915,#9916));
#2021=EDGE_LOOP('',(#9917,#9918,#9919,#9920));
#2022=EDGE_LOOP('',(#9921));
#2023=EDGE_LOOP('',(#9922,#9923,#9924,#9925));
#2024=EDGE_LOOP('',(#9926,#9927,#9928,#9929));
#2025=EDGE_LOOP('',(#9930,#9931,#9932,#9933));
#2026=EDGE_LOOP('',(#9934,#9935,#9936,#9937));
#2027=EDGE_LOOP('',(#9938,#9939,#9940,#9941));
#2028=EDGE_LOOP('',(#9942,#9943,#9944,#9945));
#2029=EDGE_LOOP('',(#9946,#9947,#9948,#9949));
#2030=EDGE_LOOP('',(#9950,#9951,#9952,#9953,#9954,#9955));
#2031=EDGE_LOOP('',(#9956));
#2032=EDGE_LOOP('',(#9957,#9958,#9959,#9960,#9961,#9962));
#2033=EDGE_LOOP('',(#9963));
#2034=EDGE_LOOP('',(#9964,#9965,#9966,#9967));
#2035=EDGE_LOOP('',(#9968,#9969,#9970,#9971));
#2036=EDGE_LOOP('',(#9972,#9973,#9974,#9975));
#2037=EDGE_LOOP('',(#9976,#9977,#9978,#9979));
#2038=EDGE_LOOP('',(#9980,#9981,#9982,#9983));
#2039=EDGE_LOOP('',(#9984,#9985,#9986,#9987));
#2040=EDGE_LOOP('',(#9988,#9989,#9990,#9991));
#2041=EDGE_LOOP('',(#9992,#9993,#9994,#9995,#9996,#9997));
#2042=EDGE_LOOP('',(#9998));
#2043=EDGE_LOOP('',(#9999,#10000,#10001,#10002,#10003,#10004));
#2044=EDGE_LOOP('',(#10005));
#2045=EDGE_LOOP('',(#10006,#10007,#10008,#10009));
#2046=EDGE_LOOP('',(#10010,#10011,#10012,#10013));
#2047=EDGE_LOOP('',(#10014,#10015,#10016,#10017));
#2048=EDGE_LOOP('',(#10018,#10019,#10020,#10021));
#2049=EDGE_LOOP('',(#10022,#10023,#10024,#10025));
#2050=EDGE_LOOP('',(#10026,#10027,#10028,#10029));
#2051=EDGE_LOOP('',(#10030,#10031,#10032,#10033));
#2052=EDGE_LOOP('',(#10034,#10035,#10036,#10037,#10038,#10039));
#2053=EDGE_LOOP('',(#10040));
#2054=EDGE_LOOP('',(#10041,#10042,#10043,#10044,#10045,#10046));
#2055=EDGE_LOOP('',(#10047));
#2056=EDGE_LOOP('',(#10048,#10049,#10050,#10051));
#2057=EDGE_LOOP('',(#10052,#10053,#10054,#10055));
#2058=EDGE_LOOP('',(#10056,#10057,#10058,#10059));
#2059=EDGE_LOOP('',(#10060,#10061,#10062,#10063));
#2060=EDGE_LOOP('',(#10064,#10065,#10066,#10067));
#2061=EDGE_LOOP('',(#10068,#10069,#10070,#10071));
#2062=EDGE_LOOP('',(#10072,#10073,#10074,#10075));
#2063=EDGE_LOOP('',(#10076,#10077,#10078,#10079,#10080,#10081));
#2064=EDGE_LOOP('',(#10082));
#2065=EDGE_LOOP('',(#10083,#10084,#10085,#10086,#10087,#10088));
#2066=EDGE_LOOP('',(#10089));
#2067=LINE('',#15231,#3237);
#2068=LINE('',#15233,#3238);
#2069=LINE('',#15235,#3239);
#2070=LINE('',#15236,#3240);
#2071=LINE('',#15239,#3241);
#2072=LINE('',#15241,#3242);
#2073=LINE('',#15242,#3243);
#2074=LINE('',#15245,#3244);
#2075=LINE('',#15247,#3245);
#2076=LINE('',#15248,#3246);
#2077=LINE('',#15250,#3247);
#2078=LINE('',#15251,#3248);
#2079=LINE('',#15255,#3249);
#2080=LINE('',#15257,#3250);
#2081=LINE('',#15259,#3251);
#2082=LINE('',#15260,#3252);
#2083=LINE('',#15263,#3253);
#2084=LINE('',#15265,#3254);
#2085=LINE('',#15266,#3255);
#2086=LINE('',#15269,#3256);
#2087=LINE('',#15271,#3257);
#2088=LINE('',#15272,#3258);
#2089=LINE('',#15274,#3259);
#2090=LINE('',#15275,#3260);
#2091=LINE('',#15279,#3261);
#2092=LINE('',#15281,#3262);
#2093=LINE('',#15283,#3263);
#2094=LINE('',#15284,#3264);
#2095=LINE('',#15287,#3265);
#2096=LINE('',#15289,#3266);
#2097=LINE('',#15290,#3267);
#2098=LINE('',#15293,#3268);
#2099=LINE('',#15295,#3269);
#2100=LINE('',#15296,#3270);
#2101=LINE('',#15299,#3271);
#2102=LINE('',#15301,#3272);
#2103=LINE('',#15302,#3273);
#2104=LINE('',#15305,#3274);
#2105=LINE('',#15307,#3275);
#2106=LINE('',#15308,#3276);
#2107=LINE('',#15311,#3277);
#2108=LINE('',#15313,#3278);
#2109=LINE('',#15314,#3279);
#2110=LINE('',#15317,#3280);
#2111=LINE('',#15319,#3281);
#2112=LINE('',#15320,#3282);
#2113=LINE('',#15322,#3283);
#2114=LINE('',#15323,#3284);
#2115=LINE('',#15331,#3285);
#2116=LINE('',#15334,#3286);
#2117=LINE('',#15340,#3287);
#2118=LINE('',#15343,#3288);
#2119=LINE('',#15353,#3289);
#2120=LINE('',#15354,#3290);
#2121=LINE('',#15359,#3291);
#2122=LINE('',#15362,#3292);
#2123=LINE('',#15365,#3293);
#2124=LINE('',#15369,#3294);
#2125=LINE('',#15370,#3295);
#2126=LINE('',#15373,#3296);
#2127=LINE('',#15377,#3297);
#2128=LINE('',#15378,#3298);
#2129=LINE('',#15381,#3299);
#2130=LINE('',#15383,#3300);
#2131=LINE('',#15426,#3301);
#2132=LINE('',#15435,#3302);
#2133=LINE('',#15441,#3303);
#2134=LINE('',#15442,#3304);
#2135=LINE('',#15451,#3305);
#2136=LINE('',#15454,#3306);
#2137=LINE('',#15457,#3307);
#2138=LINE('',#15464,#3308);
#2139=LINE('',#15471,#3309);
#2140=LINE('',#15472,#3310);
#2141=LINE('',#15478,#3311);
#2142=LINE('',#15481,#3312);
#2143=LINE('',#15483,#3313);
#2144=LINE('',#15484,#3314);
#2145=LINE('',#15486,#3315);
#2146=LINE('',#15487,#3316);
#2147=LINE('',#15495,#3317);
#2148=LINE('',#15498,#3318);
#2149=LINE('',#15501,#3319);
#2150=LINE('',#15503,#3320);
#2151=LINE('',#15505,#3321);
#2152=LINE('',#15506,#3322);
#2153=LINE('',#15509,#3323);
#2154=LINE('',#15510,#3324);
#2155=LINE('',#15518,#3325);
#2156=LINE('',#15527,#3326);
#2157=LINE('',#15530,#3327);
#2158=LINE('',#15531,#3328);
#2159=LINE('',#15538,#3329);
#2160=LINE('',#15540,#3330);
#2161=LINE('',#15542,#3331);
#2162=LINE('',#15543,#3332);
#2163=LINE('',#15546,#3333);
#2164=LINE('',#15548,#3334);
#2165=LINE('',#15549,#3335);
#2166=LINE('',#15552,#3336);
#2167=LINE('',#15554,#3337);
#2168=LINE('',#15555,#3338);
#2169=LINE('',#15558,#3339);
#2170=LINE('',#15560,#3340);
#2171=LINE('',#15561,#3341);
#2172=LINE('',#15565,#3342);
#2173=LINE('',#15566,#3343);
#2174=LINE('',#15568,#3344);
#2175=LINE('',#15569,#3345);
#2176=LINE('',#15582,#3346);
#2177=LINE('',#15588,#3347);
#2178=LINE('',#15589,#3348);
#2179=LINE('',#15592,#3349);
#2180=LINE('',#15593,#3350);
#2181=LINE('',#15596,#3351);
#2182=LINE('',#15597,#3352);
#2183=LINE('',#15599,#3353);
#2184=LINE('',#15604,#3354);
#2185=LINE('',#15606,#3355);
#2186=LINE('',#15608,#3356);
#2187=LINE('',#15610,#3357);
#2188=LINE('',#15612,#3358);
#2189=LINE('',#15614,#3359);
#2190=LINE('',#15616,#3360);
#2191=LINE('',#15617,#3361);
#2192=LINE('',#15622,#3362);
#2193=LINE('',#15624,#3363);
#2194=LINE('',#15625,#3364);
#2195=LINE('',#15628,#3365);
#2196=LINE('',#15629,#3366);
#2197=LINE('',#15632,#3367);
#2198=LINE('',#15633,#3368);
#2199=LINE('',#15636,#3369);
#2200=LINE('',#15637,#3370);
#2201=LINE('',#15651,#3371);
#2202=LINE('',#15656,#3372);
#2203=LINE('',#15657,#3373);
#2204=LINE('',#15660,#3374);
#2205=LINE('',#15661,#3375);
#2206=LINE('',#15664,#3376);
#2207=LINE('',#15665,#3377);
#2208=LINE('',#15667,#3378);
#2209=LINE('',#15673,#3379);
#2210=LINE('',#15675,#3380);
#2211=LINE('',#15677,#3381);
#2212=LINE('',#15678,#3382);
#2213=LINE('',#15681,#3383);
#2214=LINE('',#15683,#3384);
#2215=LINE('',#15684,#3385);
#2216=LINE('',#15687,#3386);
#2217=LINE('',#15689,#3387);
#2218=LINE('',#15690,#3388);
#2219=LINE('',#15692,#3389);
#2220=LINE('',#15693,#3390);
#2221=LINE('',#15697,#3391);
#2222=LINE('',#15699,#3392);
#2223=LINE('',#15701,#3393);
#2224=LINE('',#15702,#3394);
#2225=LINE('',#15705,#3395);
#2226=LINE('',#15707,#3396);
#2227=LINE('',#15708,#3397);
#2228=LINE('',#15711,#3398);
#2229=LINE('',#15712,#3399);
#2230=LINE('',#15715,#3400);
#2231=LINE('',#15716,#3401);
#2232=LINE('',#15718,#3402);
#2233=LINE('',#15722,#3403);
#2234=LINE('',#15724,#3404);
#2235=LINE('',#15726,#3405);
#2236=LINE('',#15727,#3406);
#2237=LINE('',#15730,#3407);
#2238=LINE('',#15732,#3408);
#2239=LINE('',#15733,#3409);
#2240=LINE('',#15736,#3410);
#2241=LINE('',#15738,#3411);
#2242=LINE('',#15739,#3412);
#2243=LINE('',#15741,#3413);
#2244=LINE('',#15742,#3414);
#2245=LINE('',#15746,#3415);
#2246=LINE('',#15748,#3416);
#2247=LINE('',#15750,#3417);
#2248=LINE('',#15751,#3418);
#2249=LINE('',#15755,#3419);
#2250=LINE('',#15757,#3420);
#2251=LINE('',#15759,#3421);
#2252=LINE('',#15761,#3422);
#2253=LINE('',#15763,#3423);
#2254=LINE('',#15765,#3424);
#2255=LINE('',#15767,#3425);
#2256=LINE('',#15768,#3426);
#2257=LINE('',#15772,#3427);
#2258=LINE('',#15773,#3428);
#2259=LINE('',#15774,#3429);
#2260=LINE('',#15777,#3430);
#2261=LINE('',#15778,#3431);
#2262=LINE('',#15781,#3432);
#2263=LINE('',#15782,#3433);
#2264=LINE('',#15784,#3434);
#2265=LINE('',#15788,#3435);
#2266=LINE('',#15789,#3436);
#2267=LINE('',#15790,#3437);
#2268=LINE('',#15793,#3438);
#2269=LINE('',#15794,#3439);
#2270=LINE('',#15797,#3440);
#2271=LINE('',#15798,#3441);
#2272=LINE('',#15801,#3442);
#2273=LINE('',#15802,#3443);
#2274=LINE('',#15805,#3444);
#2275=LINE('',#15806,#3445);
#2276=LINE('',#15809,#3446);
#2277=LINE('',#15810,#3447);
#2278=LINE('',#15813,#3448);
#2279=LINE('',#15814,#3449);
#2280=LINE('',#15816,#3450);
#2281=LINE('',#15823,#3451);
#2282=LINE('',#15827,#3452);
#2283=LINE('',#15852,#3453);
#2284=LINE('',#15857,#3454);
#2285=LINE('',#15859,#3455);
#2286=LINE('',#15861,#3456);
#2287=LINE('',#15891,#3457);
#2288=LINE('',#15900,#3458);
#2289=LINE('',#15905,#3459);
#2290=LINE('',#15912,#3460);
#2291=LINE('',#15915,#3461);
#2292=LINE('',#15918,#3462);
#2293=LINE('',#15920,#3463);
#2294=LINE('',#15921,#3464);
#2295=LINE('',#15926,#3465);
#2296=LINE('',#15930,#3466);
#2297=LINE('',#15932,#3467);
#2298=LINE('',#15933,#3468);
#2299=LINE('',#15936,#3469);
#2300=LINE('',#15938,#3470);
#2301=LINE('',#15939,#3471);
#2302=LINE('',#15942,#3472);
#2303=LINE('',#15944,#3473);
#2304=LINE('',#15945,#3474);
#2305=LINE('',#15950,#3475);
#2306=LINE('',#15957,#3476);
#2307=LINE('',#15960,#3477);
#2308=LINE('',#15963,#3478);
#2309=LINE('',#15965,#3479);
#2310=LINE('',#15966,#3480);
#2311=LINE('',#15972,#3481);
#2312=LINE('',#15975,#3482);
#2313=LINE('',#15977,#3483);
#2314=LINE('',#15978,#3484);
#2315=LINE('',#15980,#3485);
#2316=LINE('',#15981,#3486);
#2317=LINE('',#15985,#3487);
#2318=LINE('',#15986,#3488);
#2319=LINE('',#15987,#3489);
#2320=LINE('',#15990,#3490);
#2321=LINE('',#15991,#3491);
#2322=LINE('',#15994,#3492);
#2323=LINE('',#15995,#3493);
#2324=LINE('',#15997,#3494);
#2325=LINE('',#16001,#3495);
#2326=LINE('',#16005,#3496);
#2327=LINE('',#16030,#3497);
#2328=LINE('',#16034,#3498);
#2329=LINE('',#16060,#3499);
#2330=LINE('',#16063,#3500);
#2331=LINE('',#16064,#3501);
#2332=LINE('',#16077,#3502);
#2333=LINE('',#16084,#3503);
#2334=LINE('',#16088,#3504);
#2335=LINE('',#16118,#3505);
#2336=LINE('',#16129,#3506);
#2337=LINE('',#16145,#3507);
#2338=LINE('',#16168,#3508);
#2339=LINE('',#16173,#3509);
#2340=LINE('',#16180,#3510);
#2341=LINE('',#16183,#3511);
#2342=LINE('',#16186,#3512);
#2343=LINE('',#16188,#3513);
#2344=LINE('',#16189,#3514);
#2345=LINE('',#16195,#3515);
#2346=LINE('',#16201,#3516);
#2347=LINE('',#16204,#3517);
#2348=LINE('',#16207,#3518);
#2349=LINE('',#16209,#3519);
#2350=LINE('',#16210,#3520);
#2351=LINE('',#16215,#3521);
#2352=LINE('',#16218,#3522);
#2353=LINE('',#16219,#3523);
#2354=LINE('',#16223,#3524);
#2355=LINE('',#16225,#3525);
#2356=LINE('',#16227,#3526);
#2357=LINE('',#16229,#3527);
#2358=LINE('',#16231,#3528);
#2359=LINE('',#16233,#3529);
#2360=LINE('',#16235,#3530);
#2361=LINE('',#16236,#3531);
#2362=LINE('',#16237,#3532);
#2363=LINE('',#16242,#3533);
#2364=LINE('',#16244,#3534);
#2365=LINE('',#16245,#3535);
#2366=LINE('',#16248,#3536);
#2367=LINE('',#16249,#3537);
#2368=LINE('',#16252,#3538);
#2369=LINE('',#16253,#3539);
#2370=LINE('',#16256,#3540);
#2371=LINE('',#16257,#3541);
#2372=LINE('',#16261,#3542);
#2373=LINE('',#16262,#3543);
#2374=LINE('',#16264,#3544);
#2375=LINE('',#16265,#3545);
#2376=LINE('',#16266,#3546);
#2377=LINE('',#16268,#3547);
#2378=LINE('',#16270,#3548);
#2379=LINE('',#16272,#3549);
#2380=LINE('',#16281,#3550);
#2381=LINE('',#16283,#3551);
#2382=LINE('',#16285,#3552);
#2383=LINE('',#16286,#3553);
#2384=LINE('',#16289,#3554);
#2385=LINE('',#16291,#3555);
#2386=LINE('',#16292,#3556);
#2387=LINE('',#16295,#3557);
#2388=LINE('',#16297,#3558);
#2389=LINE('',#16298,#3559);
#2390=LINE('',#16301,#3560);
#2391=LINE('',#16303,#3561);
#2392=LINE('',#16304,#3562);
#2393=LINE('',#16307,#3563);
#2394=LINE('',#16309,#3564);
#2395=LINE('',#16311,#3565);
#2396=LINE('',#16313,#3566);
#2397=LINE('',#16314,#3567);
#2398=LINE('',#16318,#3568);
#2399=LINE('',#16320,#3569);
#2400=LINE('',#16322,#3570);
#2401=LINE('',#16323,#3571);
#2402=LINE('',#16325,#3572);
#2403=LINE('',#16327,#3573);
#2404=LINE('',#16329,#3574);
#2405=LINE('',#16331,#3575);
#2406=LINE('',#16333,#3576);
#2407=LINE('',#16335,#3577);
#2408=LINE('',#16337,#3578);
#2409=LINE('',#16339,#3579);
#2410=LINE('',#16341,#3580);
#2411=LINE('',#16343,#3581);
#2412=LINE('',#16345,#3582);
#2413=LINE('',#16347,#3583);
#2414=LINE('',#16349,#3584);
#2415=LINE('',#16351,#3585);
#2416=LINE('',#16353,#3586);
#2417=LINE('',#16355,#3587);
#2418=LINE('',#16357,#3588);
#2419=LINE('',#16359,#3589);
#2420=LINE('',#16361,#3590);
#2421=LINE('',#16363,#3591);
#2422=LINE('',#16365,#3592);
#2423=LINE('',#16367,#3593);
#2424=LINE('',#16369,#3594);
#2425=LINE('',#16371,#3595);
#2426=LINE('',#16373,#3596);
#2427=LINE('',#16375,#3597);
#2428=LINE('',#16377,#3598);
#2429=LINE('',#16379,#3599);
#2430=LINE('',#16381,#3600);
#2431=LINE('',#16383,#3601);
#2432=LINE('',#16384,#3602);
#2433=LINE('',#16387,#3603);
#2434=LINE('',#16389,#3604);
#2435=LINE('',#16390,#3605);
#2436=LINE('',#16393,#3606);
#2437=LINE('',#16394,#3607);
#2438=LINE('',#16397,#3608);
#2439=LINE('',#16398,#3609);
#2440=LINE('',#16401,#3610);
#2441=LINE('',#16403,#3611);
#2442=LINE('',#16404,#3612);
#2443=LINE('',#16407,#3613);
#2444=LINE('',#16408,#3614);
#2445=LINE('',#16410,#3615);
#2446=LINE('',#16413,#3616);
#2447=LINE('',#16415,#3617);
#2448=LINE('',#16416,#3618);
#2449=LINE('',#16419,#3619);
#2450=LINE('',#16420,#3620);
#2451=LINE('',#16423,#3621);
#2452=LINE('',#16424,#3622);
#2453=LINE('',#16427,#3623);
#2454=LINE('',#16429,#3624);
#2455=LINE('',#16430,#3625);
#2456=LINE('',#16433,#3626);
#2457=LINE('',#16434,#3627);
#2458=LINE('',#16437,#3628);
#2459=LINE('',#16438,#3629);
#2460=LINE('',#16441,#3630);
#2461=LINE('',#16443,#3631);
#2462=LINE('',#16444,#3632);
#2463=LINE('',#16447,#3633);
#2464=LINE('',#16448,#3634);
#2465=LINE('',#16451,#3635);
#2466=LINE('',#16452,#3636);
#2467=LINE('',#16455,#3637);
#2468=LINE('',#16457,#3638);
#2469=LINE('',#16458,#3639);
#2470=LINE('',#16461,#3640);
#2471=LINE('',#16462,#3641);
#2472=LINE('',#16465,#3642);
#2473=LINE('',#16466,#3643);
#2474=LINE('',#16469,#3644);
#2475=LINE('',#16471,#3645);
#2476=LINE('',#16472,#3646);
#2477=LINE('',#16475,#3647);
#2478=LINE('',#16476,#3648);
#2479=LINE('',#16479,#3649);
#2480=LINE('',#16480,#3650);
#2481=LINE('',#16482,#3651);
#2482=LINE('',#16484,#3652);
#2483=LINE('',#16487,#3653);
#2484=LINE('',#16488,#3654);
#2485=LINE('',#16491,#3655);
#2486=LINE('',#16493,#3656);
#2487=LINE('',#16495,#3657);
#2488=LINE('',#16496,#3658);
#2489=LINE('',#16498,#3659);
#2490=LINE('',#16500,#3660);
#2491=LINE('',#16503,#3661);
#2492=LINE('',#16504,#3662);
#2493=LINE('',#16506,#3663);
#2494=LINE('',#16510,#3664);
#2495=LINE('',#16511,#3665);
#2496=LINE('',#16512,#3666);
#2497=LINE('',#16516,#3667);
#2498=LINE('',#16517,#3668);
#2499=LINE('',#16518,#3669);
#2500=LINE('',#16520,#3670);
#2501=LINE('',#16521,#3671);
#2502=LINE('',#16525,#3672);
#2503=LINE('',#16529,#3673);
#2504=LINE('',#16533,#3674);
#2505=LINE('',#16537,#3675);
#2506=LINE('',#16540,#3676);
#2507=LINE('',#16543,#3677);
#2508=LINE('',#16545,#3678);
#2509=LINE('',#16546,#3679);
#2510=LINE('',#16550,#3680);
#2511=LINE('',#16551,#3681);
#2512=LINE('',#16552,#3682);
#2513=LINE('',#16555,#3683);
#2514=LINE('',#16557,#3684);
#2515=LINE('',#16558,#3685);
#2516=LINE('',#16561,#3686);
#2517=LINE('',#16563,#3687);
#2518=LINE('',#16564,#3688);
#2519=LINE('',#16566,#3689);
#2520=LINE('',#16567,#3690);
#2521=LINE('',#16568,#3691);
#2522=LINE('',#16574,#3692);
#2523=LINE('',#16578,#3693);
#2524=LINE('',#16582,#3694);
#2525=LINE('',#16586,#3695);
#2526=LINE('',#16590,#3696);
#2527=LINE('',#16595,#3697);
#2528=LINE('',#16598,#3698);
#2529=LINE('',#16599,#3699);
#2530=LINE('',#16603,#3700);
#2531=LINE('',#16604,#3701);
#2532=LINE('',#16606,#3702);
#2533=LINE('',#16608,#3703);
#2534=LINE('',#16610,#3704);
#2535=LINE('',#16612,#3705);
#2536=LINE('',#16614,#3706);
#2537=LINE('',#16616,#3707);
#2538=LINE('',#16624,#3708);
#2539=LINE('',#16632,#3709);
#2540=LINE('',#16639,#3710);
#2541=LINE('',#16642,#3711);
#2542=LINE('',#16645,#3712);
#2543=LINE('',#16647,#3713);
#2544=LINE('',#16648,#3714);
#2545=LINE('',#16654,#3715);
#2546=LINE('',#16657,#3716);
#2547=LINE('',#16659,#3717);
#2548=LINE('',#16660,#3718);
#2549=LINE('',#16663,#3719);
#2550=LINE('',#16665,#3720);
#2551=LINE('',#16666,#3721);
#2552=LINE('',#16668,#3722);
#2553=LINE('',#16669,#3723);
#2554=LINE('',#16675,#3724);
#2555=LINE('',#16677,#3725);
#2556=LINE('',#16679,#3726);
#2557=LINE('',#16680,#3727);
#2558=LINE('',#16683,#3728);
#2559=LINE('',#16685,#3729);
#2560=LINE('',#16686,#3730);
#2561=LINE('',#16689,#3731);
#2562=LINE('',#16691,#3732);
#2563=LINE('',#16692,#3733);
#2564=LINE('',#16694,#3734);
#2565=LINE('',#16695,#3735);
#2566=LINE('',#16699,#3736);
#2567=LINE('',#16701,#3737);
#2568=LINE('',#16703,#3738);
#2569=LINE('',#16704,#3739);
#2570=LINE('',#16707,#3740);
#2571=LINE('',#16709,#3741);
#2572=LINE('',#16710,#3742);
#2573=LINE('',#16713,#3743);
#2574=LINE('',#16715,#3744);
#2575=LINE('',#16716,#3745);
#2576=LINE('',#16718,#3746);
#2577=LINE('',#16719,#3747);
#2578=LINE('',#16727,#3748);
#2579=LINE('',#16730,#3749);
#2580=LINE('',#16733,#3750);
#2581=LINE('',#16737,#3751);
#2582=LINE('',#16739,#3752);
#2583=LINE('',#16740,#3753);
#2584=LINE('',#16745,#3754);
#2585=LINE('',#16746,#3755);
#2586=LINE('',#16750,#3756);
#2587=LINE('',#16753,#3757);
#2588=LINE('',#16757,#3758);
#2589=LINE('',#16758,#3759);
#2590=LINE('',#16761,#3760);
#2591=LINE('',#16762,#3761);
#2592=LINE('',#16764,#3762);
#2593=LINE('',#16771,#3763);
#2594=LINE('',#16778,#3764);
#2595=LINE('',#16786,#3765);
#2596=LINE('',#16797,#3766);
#2597=LINE('',#16803,#3767);
#2598=LINE('',#16811,#3768);
#2599=LINE('',#16817,#3769);
#2600=LINE('',#16822,#3770);
#2601=LINE('',#16828,#3771);
#2602=LINE('',#16834,#3772);
#2603=LINE('',#16840,#3773);
#2604=LINE('',#16846,#3774);
#2605=LINE('',#16852,#3775);
#2606=LINE('',#16858,#3776);
#2607=LINE('',#16864,#3777);
#2608=LINE('',#16870,#3778);
#2609=LINE('',#16876,#3779);
#2610=LINE('',#16881,#3780);
#2611=LINE('',#16883,#3781);
#2612=LINE('',#16885,#3782);
#2613=LINE('',#16886,#3783);
#2614=LINE('',#16889,#3784);
#2615=LINE('',#16891,#3785);
#2616=LINE('',#16892,#3786);
#2617=LINE('',#16895,#3787);
#2618=LINE('',#16897,#3788);
#2619=LINE('',#16898,#3789);
#2620=LINE('',#16900,#3790);
#2621=LINE('',#16901,#3791);
#2622=LINE('',#16907,#3792);
#2623=LINE('',#16909,#3793);
#2624=LINE('',#16911,#3794);
#2625=LINE('',#16912,#3795);
#2626=LINE('',#16915,#3796);
#2627=LINE('',#16917,#3797);
#2628=LINE('',#16918,#3798);
#2629=LINE('',#16921,#3799);
#2630=LINE('',#16923,#3800);
#2631=LINE('',#16924,#3801);
#2632=LINE('',#16926,#3802);
#2633=LINE('',#16927,#3803);
#2634=LINE('',#16935,#3804);
#2635=LINE('',#16938,#3805);
#2636=LINE('',#16941,#3806);
#2637=LINE('',#16943,#3807);
#2638=LINE('',#16944,#3808);
#2639=LINE('',#16947,#3809);
#2640=LINE('',#16949,#3810);
#2641=LINE('',#16950,#3811);
#2642=LINE('',#16956,#3812);
#2643=LINE('',#16959,#3813);
#2644=LINE('',#16961,#3814);
#2645=LINE('',#16962,#3815);
#2646=LINE('',#16965,#3816);
#2647=LINE('',#16967,#3817);
#2648=LINE('',#16968,#3818);
#2649=LINE('',#16974,#3819);
#2650=LINE('',#16977,#3820);
#2651=LINE('',#16979,#3821);
#2652=LINE('',#16980,#3822);
#2653=LINE('',#16983,#3823);
#2654=LINE('',#16985,#3824);
#2655=LINE('',#16986,#3825);
#2656=LINE('',#16992,#3826);
#2657=LINE('',#16995,#3827);
#2658=LINE('',#16997,#3828);
#2659=LINE('',#16998,#3829);
#2660=LINE('',#17001,#3830);
#2661=LINE('',#17003,#3831);
#2662=LINE('',#17004,#3832);
#2663=LINE('',#17010,#3833);
#2664=LINE('',#17013,#3834);
#2665=LINE('',#17015,#3835);
#2666=LINE('',#17016,#3836);
#2667=LINE('',#17019,#3837);
#2668=LINE('',#17021,#3838);
#2669=LINE('',#17022,#3839);
#2670=LINE('',#17028,#3840);
#2671=LINE('',#17031,#3841);
#2672=LINE('',#17033,#3842);
#2673=LINE('',#17034,#3843);
#2674=LINE('',#17037,#3844);
#2675=LINE('',#17039,#3845);
#2676=LINE('',#17040,#3846);
#2677=LINE('',#17046,#3847);
#2678=LINE('',#17049,#3848);
#2679=LINE('',#17051,#3849);
#2680=LINE('',#17052,#3850);
#2681=LINE('',#17055,#3851);
#2682=LINE('',#17057,#3852);
#2683=LINE('',#17058,#3853);
#2684=LINE('',#17064,#3854);
#2685=LINE('',#17067,#3855);
#2686=LINE('',#17069,#3856);
#2687=LINE('',#17070,#3857);
#2688=LINE('',#17073,#3858);
#2689=LINE('',#17075,#3859);
#2690=LINE('',#17076,#3860);
#2691=LINE('',#17082,#3861);
#2692=LINE('',#17085,#3862);
#2693=LINE('',#17087,#3863);
#2694=LINE('',#17088,#3864);
#2695=LINE('',#17091,#3865);
#2696=LINE('',#17093,#3866);
#2697=LINE('',#17094,#3867);
#2698=LINE('',#17100,#3868);
#2699=LINE('',#17103,#3869);
#2700=LINE('',#17105,#3870);
#2701=LINE('',#17106,#3871);
#2702=LINE('',#17109,#3872);
#2703=LINE('',#17111,#3873);
#2704=LINE('',#17112,#3874);
#2705=LINE('',#17118,#3875);
#2706=LINE('',#17121,#3876);
#2707=LINE('',#17123,#3877);
#2708=LINE('',#17124,#3878);
#2709=LINE('',#17127,#3879);
#2710=LINE('',#17129,#3880);
#2711=LINE('',#17130,#3881);
#2712=LINE('',#17136,#3882);
#2713=LINE('',#17139,#3883);
#2714=LINE('',#17141,#3884);
#2715=LINE('',#17142,#3885);
#2716=LINE('',#17145,#3886);
#2717=LINE('',#17147,#3887);
#2718=LINE('',#17148,#3888);
#2719=LINE('',#17154,#3889);
#2720=LINE('',#17157,#3890);
#2721=LINE('',#17159,#3891);
#2722=LINE('',#17160,#3892);
#2723=LINE('',#17163,#3893);
#2724=LINE('',#17165,#3894);
#2725=LINE('',#17166,#3895);
#2726=LINE('',#17172,#3896);
#2727=LINE('',#17175,#3897);
#2728=LINE('',#17177,#3898);
#2729=LINE('',#17178,#3899);
#2730=LINE('',#17181,#3900);
#2731=LINE('',#17183,#3901);
#2732=LINE('',#17184,#3902);
#2733=LINE('',#17190,#3903);
#2734=LINE('',#17193,#3904);
#2735=LINE('',#17195,#3905);
#2736=LINE('',#17196,#3906);
#2737=LINE('',#17199,#3907);
#2738=LINE('',#17201,#3908);
#2739=LINE('',#17202,#3909);
#2740=LINE('',#17208,#3910);
#2741=LINE('',#17211,#3911);
#2742=LINE('',#17213,#3912);
#2743=LINE('',#17214,#3913);
#2744=LINE('',#17217,#3914);
#2745=LINE('',#17219,#3915);
#2746=LINE('',#17220,#3916);
#2747=LINE('',#17226,#3917);
#2748=LINE('',#17229,#3918);
#2749=LINE('',#17231,#3919);
#2750=LINE('',#17232,#3920);
#2751=LINE('',#17235,#3921);
#2752=LINE('',#17237,#3922);
#2753=LINE('',#17238,#3923);
#2754=LINE('',#17244,#3924);
#2755=LINE('',#17247,#3925);
#2756=LINE('',#17249,#3926);
#2757=LINE('',#17250,#3927);
#2758=LINE('',#17253,#3928);
#2759=LINE('',#17255,#3929);
#2760=LINE('',#17256,#3930);
#2761=LINE('',#17262,#3931);
#2762=LINE('',#17265,#3932);
#2763=LINE('',#17267,#3933);
#2764=LINE('',#17268,#3934);
#2765=LINE('',#17271,#3935);
#2766=LINE('',#17273,#3936);
#2767=LINE('',#17274,#3937);
#2768=LINE('',#17280,#3938);
#2769=LINE('',#17283,#3939);
#2770=LINE('',#17285,#3940);
#2771=LINE('',#17286,#3941);
#2772=LINE('',#17289,#3942);
#2773=LINE('',#17291,#3943);
#2774=LINE('',#17292,#3944);
#2775=LINE('',#17298,#3945);
#2776=LINE('',#17301,#3946);
#2777=LINE('',#17303,#3947);
#2778=LINE('',#17304,#3948);
#2779=LINE('',#17307,#3949);
#2780=LINE('',#17309,#3950);
#2781=LINE('',#17310,#3951);
#2782=LINE('',#17316,#3952);
#2783=LINE('',#17319,#3953);
#2784=LINE('',#17321,#3954);
#2785=LINE('',#17322,#3955);
#2786=LINE('',#17325,#3956);
#2787=LINE('',#17327,#3957);
#2788=LINE('',#17328,#3958);
#2789=LINE('',#17334,#3959);
#2790=LINE('',#17337,#3960);
#2791=LINE('',#17339,#3961);
#2792=LINE('',#17340,#3962);
#2793=LINE('',#17343,#3963);
#2794=LINE('',#17345,#3964);
#2795=LINE('',#17346,#3965);
#2796=LINE('',#17352,#3966);
#2797=LINE('',#17355,#3967);
#2798=LINE('',#17357,#3968);
#2799=LINE('',#17358,#3969);
#2800=LINE('',#17361,#3970);
#2801=LINE('',#17363,#3971);
#2802=LINE('',#17364,#3972);
#2803=LINE('',#17370,#3973);
#2804=LINE('',#17373,#3974);
#2805=LINE('',#17375,#3975);
#2806=LINE('',#17376,#3976);
#2807=LINE('',#17379,#3977);
#2808=LINE('',#17381,#3978);
#2809=LINE('',#17382,#3979);
#2810=LINE('',#17388,#3980);
#2811=LINE('',#17391,#3981);
#2812=LINE('',#17393,#3982);
#2813=LINE('',#17394,#3983);
#2814=LINE('',#17397,#3984);
#2815=LINE('',#17399,#3985);
#2816=LINE('',#17400,#3986);
#2817=LINE('',#17406,#3987);
#2818=LINE('',#17409,#3988);
#2819=LINE('',#17411,#3989);
#2820=LINE('',#17412,#3990);
#2821=LINE('',#17415,#3991);
#2822=LINE('',#17417,#3992);
#2823=LINE('',#17418,#3993);
#2824=LINE('',#17424,#3994);
#2825=LINE('',#17427,#3995);
#2826=LINE('',#17429,#3996);
#2827=LINE('',#17430,#3997);
#2828=LINE('',#17433,#3998);
#2829=LINE('',#17435,#3999);
#2830=LINE('',#17436,#4000);
#2831=LINE('',#17442,#4001);
#2832=LINE('',#17445,#4002);
#2833=LINE('',#17447,#4003);
#2834=LINE('',#17448,#4004);
#2835=LINE('',#17451,#4005);
#2836=LINE('',#17453,#4006);
#2837=LINE('',#17454,#4007);
#2838=LINE('',#17460,#4008);
#2839=LINE('',#17463,#4009);
#2840=LINE('',#17465,#4010);
#2841=LINE('',#17466,#4011);
#2842=LINE('',#17469,#4012);
#2843=LINE('',#17471,#4013);
#2844=LINE('',#17472,#4014);
#2845=LINE('',#17478,#4015);
#2846=LINE('',#17484,#4016);
#2847=LINE('',#17487,#4017);
#2848=LINE('',#17489,#4018);
#2849=LINE('',#17490,#4019);
#2850=LINE('',#17493,#4020);
#2851=LINE('',#17495,#4021);
#2852=LINE('',#17496,#4022);
#2853=LINE('',#17498,#4023);
#2854=LINE('',#17499,#4024);
#2855=LINE('',#17506,#4025);
#2856=LINE('',#17511,#4026);
#2857=LINE('',#17513,#4027);
#2858=LINE('',#17515,#4028);
#2859=LINE('',#17516,#4029);
#2860=LINE('',#17522,#4030);
#2861=LINE('',#17525,#4031);
#2862=LINE('',#17527,#4032);
#2863=LINE('',#17528,#4033);
#2864=LINE('',#17537,#4034);
#2865=LINE('',#17540,#4035);
#2866=LINE('',#17543,#4036);
#2867=LINE('',#17545,#4037);
#2868=LINE('',#17546,#4038);
#2869=LINE('',#17569,#4039);
#2870=LINE('',#17572,#4040);
#2871=LINE('',#17574,#4041);
#2872=LINE('',#17575,#4042);
#2873=LINE('',#17581,#4043);
#2874=LINE('',#17584,#4044);
#2875=LINE('',#17586,#4045);
#2876=LINE('',#17587,#4046);
#2877=LINE('',#17589,#4047);
#2878=LINE('',#17590,#4048);
#2879=LINE('',#17597,#4049);
#2880=LINE('',#17604,#4050);
#2881=LINE('',#17607,#4051);
#2882=LINE('',#17610,#4052);
#2883=LINE('',#17612,#4053);
#2884=LINE('',#17613,#4054);
#2885=LINE('',#17618,#4055);
#2886=LINE('',#17622,#4056);
#2887=LINE('',#17624,#4057);
#2888=LINE('',#17625,#4058);
#2889=LINE('',#17628,#4059);
#2890=LINE('',#17630,#4060);
#2891=LINE('',#17631,#4061);
#2892=LINE('',#17633,#4062);
#2893=LINE('',#17634,#4063);
#2894=LINE('',#17642,#4064);
#2895=LINE('',#17645,#4065);
#2896=LINE('',#17648,#4066);
#2897=LINE('',#17650,#4067);
#2898=LINE('',#17652,#4068);
#2899=LINE('',#17655,#4069);
#2900=LINE('',#17660,#4070);
#2901=LINE('',#17661,#4071);
#2902=LINE('',#17664,#4072);
#2903=LINE('',#17668,#4073);
#2904=LINE('',#17672,#4074);
#2905=LINE('',#17673,#4075);
#2906=LINE('',#17676,#4076);
#2907=LINE('',#17677,#4077);
#2908=LINE('',#17679,#4078);
#2909=LINE('',#17685,#4079);
#2910=LINE('',#17693,#4080);
#2911=LINE('',#17699,#4081);
#2912=LINE('',#17705,#4082);
#2913=LINE('',#17711,#4083);
#2914=LINE('',#17717,#4084);
#2915=LINE('',#17723,#4085);
#2916=LINE('',#17729,#4086);
#2917=LINE('',#17735,#4087);
#2918=LINE('',#17741,#4088);
#2919=LINE('',#17747,#4089);
#2920=LINE('',#17752,#4090);
#2921=LINE('',#17754,#4091);
#2922=LINE('',#17756,#4092);
#2923=LINE('',#17757,#4093);
#2924=LINE('',#17760,#4094);
#2925=LINE('',#17762,#4095);
#2926=LINE('',#17763,#4096);
#2927=LINE('',#17766,#4097);
#2928=LINE('',#17768,#4098);
#2929=LINE('',#17769,#4099);
#2930=LINE('',#17771,#4100);
#2931=LINE('',#17772,#4101);
#2932=LINE('',#17780,#4102);
#2933=LINE('',#17783,#4103);
#2934=LINE('',#17786,#4104);
#2935=LINE('',#17788,#4105);
#2936=LINE('',#17789,#4106);
#2937=LINE('',#17792,#4107);
#2938=LINE('',#17794,#4108);
#2939=LINE('',#17795,#4109);
#2940=LINE('',#17800,#4110);
#2941=LINE('',#17804,#4111);
#2942=LINE('',#17806,#4112);
#2943=LINE('',#17807,#4113);
#2944=LINE('',#17810,#4114);
#2945=LINE('',#17812,#4115);
#2946=LINE('',#17813,#4116);
#2947=LINE('',#17818,#4117);
#2948=LINE('',#17822,#4118);
#2949=LINE('',#17824,#4119);
#2950=LINE('',#17825,#4120);
#2951=LINE('',#17828,#4121);
#2952=LINE('',#17830,#4122);
#2953=LINE('',#17831,#4123);
#2954=LINE('',#17836,#4124);
#2955=LINE('',#17840,#4125);
#2956=LINE('',#17842,#4126);
#2957=LINE('',#17843,#4127);
#2958=LINE('',#17846,#4128);
#2959=LINE('',#17848,#4129);
#2960=LINE('',#17849,#4130);
#2961=LINE('',#17854,#4131);
#2962=LINE('',#17858,#4132);
#2963=LINE('',#17860,#4133);
#2964=LINE('',#17861,#4134);
#2965=LINE('',#17864,#4135);
#2966=LINE('',#17866,#4136);
#2967=LINE('',#17867,#4137);
#2968=LINE('',#17872,#4138);
#2969=LINE('',#17876,#4139);
#2970=LINE('',#17878,#4140);
#2971=LINE('',#17879,#4141);
#2972=LINE('',#17882,#4142);
#2973=LINE('',#17884,#4143);
#2974=LINE('',#17885,#4144);
#2975=LINE('',#17890,#4145);
#2976=LINE('',#17894,#4146);
#2977=LINE('',#17896,#4147);
#2978=LINE('',#17897,#4148);
#2979=LINE('',#17900,#4149);
#2980=LINE('',#17902,#4150);
#2981=LINE('',#17903,#4151);
#2982=LINE('',#17908,#4152);
#2983=LINE('',#17912,#4153);
#2984=LINE('',#17914,#4154);
#2985=LINE('',#17915,#4155);
#2986=LINE('',#17918,#4156);
#2987=LINE('',#17920,#4157);
#2988=LINE('',#17921,#4158);
#2989=LINE('',#17926,#4159);
#2990=LINE('',#17930,#4160);
#2991=LINE('',#17932,#4161);
#2992=LINE('',#17933,#4162);
#2993=LINE('',#17936,#4163);
#2994=LINE('',#17938,#4164);
#2995=LINE('',#17939,#4165);
#2996=LINE('',#17944,#4166);
#2997=LINE('',#17948,#4167);
#2998=LINE('',#17950,#4168);
#2999=LINE('',#17951,#4169);
#3000=LINE('',#17954,#4170);
#3001=LINE('',#17956,#4171);
#3002=LINE('',#17957,#4172);
#3003=LINE('',#17962,#4173);
#3004=LINE('',#17966,#4174);
#3005=LINE('',#17968,#4175);
#3006=LINE('',#17969,#4176);
#3007=LINE('',#17972,#4177);
#3008=LINE('',#17974,#4178);
#3009=LINE('',#17975,#4179);
#3010=LINE('',#17980,#4180);
#3011=LINE('',#17984,#4181);
#3012=LINE('',#17986,#4182);
#3013=LINE('',#17987,#4183);
#3014=LINE('',#17990,#4184);
#3015=LINE('',#17992,#4185);
#3016=LINE('',#17993,#4186);
#3017=LINE('',#17998,#4187);
#3018=LINE('',#18002,#4188);
#3019=LINE('',#18004,#4189);
#3020=LINE('',#18005,#4190);
#3021=LINE('',#18008,#4191);
#3022=LINE('',#18010,#4192);
#3023=LINE('',#18011,#4193);
#3024=LINE('',#18016,#4194);
#3025=LINE('',#18020,#4195);
#3026=LINE('',#18022,#4196);
#3027=LINE('',#18023,#4197);
#3028=LINE('',#18026,#4198);
#3029=LINE('',#18028,#4199);
#3030=LINE('',#18029,#4200);
#3031=LINE('',#18034,#4201);
#3032=LINE('',#18038,#4202);
#3033=LINE('',#18040,#4203);
#3034=LINE('',#18041,#4204);
#3035=LINE('',#18044,#4205);
#3036=LINE('',#18046,#4206);
#3037=LINE('',#18047,#4207);
#3038=LINE('',#18052,#4208);
#3039=LINE('',#18056,#4209);
#3040=LINE('',#18058,#4210);
#3041=LINE('',#18059,#4211);
#3042=LINE('',#18062,#4212);
#3043=LINE('',#18064,#4213);
#3044=LINE('',#18065,#4214);
#3045=LINE('',#18070,#4215);
#3046=LINE('',#18074,#4216);
#3047=LINE('',#18076,#4217);
#3048=LINE('',#18077,#4218);
#3049=LINE('',#18080,#4219);
#3050=LINE('',#18082,#4220);
#3051=LINE('',#18083,#4221);
#3052=LINE('',#18088,#4222);
#3053=LINE('',#18092,#4223);
#3054=LINE('',#18094,#4224);
#3055=LINE('',#18095,#4225);
#3056=LINE('',#18098,#4226);
#3057=LINE('',#18100,#4227);
#3058=LINE('',#18101,#4228);
#3059=LINE('',#18106,#4229);
#3060=LINE('',#18110,#4230);
#3061=LINE('',#18112,#4231);
#3062=LINE('',#18113,#4232);
#3063=LINE('',#18116,#4233);
#3064=LINE('',#18118,#4234);
#3065=LINE('',#18119,#4235);
#3066=LINE('',#18124,#4236);
#3067=LINE('',#18128,#4237);
#3068=LINE('',#18130,#4238);
#3069=LINE('',#18131,#4239);
#3070=LINE('',#18134,#4240);
#3071=LINE('',#18136,#4241);
#3072=LINE('',#18137,#4242);
#3073=LINE('',#18142,#4243);
#3074=LINE('',#18146,#4244);
#3075=LINE('',#18148,#4245);
#3076=LINE('',#18149,#4246);
#3077=LINE('',#18152,#4247);
#3078=LINE('',#18154,#4248);
#3079=LINE('',#18155,#4249);
#3080=LINE('',#18160,#4250);
#3081=LINE('',#18164,#4251);
#3082=LINE('',#18166,#4252);
#3083=LINE('',#18167,#4253);
#3084=LINE('',#18170,#4254);
#3085=LINE('',#18172,#4255);
#3086=LINE('',#18173,#4256);
#3087=LINE('',#18178,#4257);
#3088=LINE('',#18182,#4258);
#3089=LINE('',#18184,#4259);
#3090=LINE('',#18185,#4260);
#3091=LINE('',#18188,#4261);
#3092=LINE('',#18190,#4262);
#3093=LINE('',#18191,#4263);
#3094=LINE('',#18196,#4264);
#3095=LINE('',#18200,#4265);
#3096=LINE('',#18202,#4266);
#3097=LINE('',#18203,#4267);
#3098=LINE('',#18206,#4268);
#3099=LINE('',#18208,#4269);
#3100=LINE('',#18209,#4270);
#3101=LINE('',#18214,#4271);
#3102=LINE('',#18218,#4272);
#3103=LINE('',#18220,#4273);
#3104=LINE('',#18221,#4274);
#3105=LINE('',#18224,#4275);
#3106=LINE('',#18226,#4276);
#3107=LINE('',#18227,#4277);
#3108=LINE('',#18232,#4278);
#3109=LINE('',#18236,#4279);
#3110=LINE('',#18238,#4280);
#3111=LINE('',#18239,#4281);
#3112=LINE('',#18242,#4282);
#3113=LINE('',#18244,#4283);
#3114=LINE('',#18245,#4284);
#3115=LINE('',#18250,#4285);
#3116=LINE('',#18254,#4286);
#3117=LINE('',#18256,#4287);
#3118=LINE('',#18257,#4288);
#3119=LINE('',#18260,#4289);
#3120=LINE('',#18262,#4290);
#3121=LINE('',#18263,#4291);
#3122=LINE('',#18268,#4292);
#3123=LINE('',#18272,#4293);
#3124=LINE('',#18274,#4294);
#3125=LINE('',#18275,#4295);
#3126=LINE('',#18278,#4296);
#3127=LINE('',#18280,#4297);
#3128=LINE('',#18281,#4298);
#3129=LINE('',#18286,#4299);
#3130=LINE('',#18290,#4300);
#3131=LINE('',#18292,#4301);
#3132=LINE('',#18293,#4302);
#3133=LINE('',#18296,#4303);
#3134=LINE('',#18298,#4304);
#3135=LINE('',#18299,#4305);
#3136=LINE('',#18304,#4306);
#3137=LINE('',#18308,#4307);
#3138=LINE('',#18310,#4308);
#3139=LINE('',#18311,#4309);
#3140=LINE('',#18314,#4310);
#3141=LINE('',#18316,#4311);
#3142=LINE('',#18317,#4312);
#3143=LINE('',#18322,#4313);
#3144=LINE('',#18328,#4314);
#3145=LINE('',#18332,#4315);
#3146=LINE('',#18334,#4316);
#3147=LINE('',#18335,#4317);
#3148=LINE('',#18338,#4318);
#3149=LINE('',#18340,#4319);
#3150=LINE('',#18341,#4320);
#3151=LINE('',#18343,#4321);
#3152=LINE('',#18344,#4322);
#3153=LINE('',#18351,#4323);
#3154=LINE('',#18356,#4324);
#3155=LINE('',#18358,#4325);
#3156=LINE('',#18360,#4326);
#3157=LINE('',#18361,#4327);
#3158=LINE('',#18366,#4328);
#3159=LINE('',#18370,#4329);
#3160=LINE('',#18372,#4330);
#3161=LINE('',#18373,#4331);
#3162=LINE('',#18382,#4332);
#3163=LINE('',#18385,#4333);
#3164=LINE('',#18388,#4334);
#3165=LINE('',#18390,#4335);
#3166=LINE('',#18391,#4336);
#3167=LINE('',#18409,#4337);
#3168=LINE('',#18417,#4338);
#3169=LINE('',#18419,#4339);
#3170=LINE('',#18420,#4340);
#3171=LINE('',#18425,#4341);
#3172=LINE('',#18429,#4342);
#3173=LINE('',#18431,#4343);
#3174=LINE('',#18432,#4344);
#3175=LINE('',#18434,#4345);
#3176=LINE('',#18435,#4346);
#3177=LINE('',#18442,#4347);
#3178=LINE('',#18447,#4348);
#3179=LINE('',#18449,#4349);
#3180=LINE('',#18451,#4350);
#3181=LINE('',#18452,#4351);
#3182=LINE('',#18458,#4352);
#3183=LINE('',#18461,#4353);
#3184=LINE('',#18463,#4354);
#3185=LINE('',#18464,#4355);
#3186=LINE('',#18467,#4356);
#3187=LINE('',#18469,#4357);
#3188=LINE('',#18470,#4358);
#3189=LINE('',#18473,#4359);
#3190=LINE('',#18475,#4360);
#3191=LINE('',#18476,#4361);
#3192=LINE('',#18486,#4362);
#3193=LINE('',#18491,#4363);
#3194=LINE('',#18493,#4364);
#3195=LINE('',#18495,#4365);
#3196=LINE('',#18496,#4366);
#3197=LINE('',#18501,#4367);
#3198=LINE('',#18505,#4368);
#3199=LINE('',#18507,#4369);
#3200=LINE('',#18508,#4370);
#3201=LINE('',#18511,#4371);
#3202=LINE('',#18513,#4372);
#3203=LINE('',#18514,#4373);
#3204=LINE('',#18517,#4374);
#3205=LINE('',#18519,#4375);
#3206=LINE('',#18520,#4376);
#3207=LINE('',#18530,#4377);
#3208=LINE('',#18535,#4378);
#3209=LINE('',#18537,#4379);
#3210=LINE('',#18539,#4380);
#3211=LINE('',#18540,#4381);
#3212=LINE('',#18545,#4382);
#3213=LINE('',#18549,#4383);
#3214=LINE('',#18551,#4384);
#3215=LINE('',#18552,#4385);
#3216=LINE('',#18555,#4386);
#3217=LINE('',#18557,#4387);
#3218=LINE('',#18558,#4388);
#3219=LINE('',#18561,#4389);
#3220=LINE('',#18563,#4390);
#3221=LINE('',#18564,#4391);
#3222=LINE('',#18574,#4392);
#3223=LINE('',#18579,#4393);
#3224=LINE('',#18581,#4394);
#3225=LINE('',#18583,#4395);
#3226=LINE('',#18584,#4396);
#3227=LINE('',#18590,#4397);
#3228=LINE('',#18593,#4398);
#3229=LINE('',#18595,#4399);
#3230=LINE('',#18596,#4400);
#3231=LINE('',#18599,#4401);
#3232=LINE('',#18601,#4402);
#3233=LINE('',#18602,#4403);
#3234=LINE('',#18605,#4404);
#3235=LINE('',#18607,#4405);
#3236=LINE('',#18608,#4406);
#3237=VECTOR('',#12142,10.);
#3238=VECTOR('',#12143,10.);
#3239=VECTOR('',#12144,10.);
#3240=VECTOR('',#12145,10.);
#3241=VECTOR('',#12148,10.);
#3242=VECTOR('',#12149,10.);
#3243=VECTOR('',#12150,10.);
#3244=VECTOR('',#12153,10.);
#3245=VECTOR('',#12154,10.);
#3246=VECTOR('',#12155,10.);
#3247=VECTOR('',#12158,10.);
#3248=VECTOR('',#12159,10.);
#3249=VECTOR('',#12162,10.);
#3250=VECTOR('',#12163,10.);
#3251=VECTOR('',#12164,10.);
#3252=VECTOR('',#12165,10.);
#3253=VECTOR('',#12168,10.);
#3254=VECTOR('',#12169,10.);
#3255=VECTOR('',#12170,10.);
#3256=VECTOR('',#12173,10.);
#3257=VECTOR('',#12174,10.);
#3258=VECTOR('',#12175,10.);
#3259=VECTOR('',#12178,10.);
#3260=VECTOR('',#12179,10.);
#3261=VECTOR('',#12182,10.);
#3262=VECTOR('',#12183,10.);
#3263=VECTOR('',#12184,10.);
#3264=VECTOR('',#12185,10.);
#3265=VECTOR('',#12188,10.);
#3266=VECTOR('',#12189,10.);
#3267=VECTOR('',#12190,10.);
#3268=VECTOR('',#12193,10.);
#3269=VECTOR('',#12194,10.);
#3270=VECTOR('',#12195,10.);
#3271=VECTOR('',#12198,10.);
#3272=VECTOR('',#12199,10.);
#3273=VECTOR('',#12200,10.);
#3274=VECTOR('',#12203,10.);
#3275=VECTOR('',#12204,10.);
#3276=VECTOR('',#12205,10.);
#3277=VECTOR('',#12208,10.);
#3278=VECTOR('',#12209,10.);
#3279=VECTOR('',#12210,10.);
#3280=VECTOR('',#12213,10.);
#3281=VECTOR('',#12214,10.);
#3282=VECTOR('',#12215,10.);
#3283=VECTOR('',#12218,10.);
#3284=VECTOR('',#12219,10.);
#3285=VECTOR('',#12228,10.);
#3286=VECTOR('',#12231,10.);
#3287=VECTOR('',#12236,10.);
#3288=VECTOR('',#12239,10.);
#3289=VECTOR('',#12252,10.);
#3290=VECTOR('',#12253,10.);
#3291=VECTOR('',#12260,10.);
#3292=VECTOR('',#12263,10.);
#3293=VECTOR('',#12266,10.);
#3294=VECTOR('',#12271,10.);
#3295=VECTOR('',#12272,10.);
#3296=VECTOR('',#12275,10.);
#3297=VECTOR('',#12280,10.);
#3298=VECTOR('',#12281,10.);
#3299=VECTOR('',#12284,10.);
#3300=VECTOR('',#12285,10.);
#3301=VECTOR('',#12292,10.);
#3302=VECTOR('',#12299,10.);
#3303=VECTOR('',#12308,10.);
#3304=VECTOR('',#12309,10.);
#3305=VECTOR('',#12320,10.);
#3306=VECTOR('',#12323,10.);
#3307=VECTOR('',#12326,10.);
#3308=VECTOR('',#12327,10.);
#3309=VECTOR('',#12330,10.);
#3310=VECTOR('',#12331,10.);
#3311=VECTOR('',#12338,10.);
#3312=VECTOR('',#12341,10.);
#3313=VECTOR('',#12342,10.);
#3314=VECTOR('',#12343,10.);
#3315=VECTOR('',#12346,10.);
#3316=VECTOR('',#12347,10.);
#3317=VECTOR('',#12356,10.);
#3318=VECTOR('',#12359,10.);
#3319=VECTOR('',#12362,10.);
#3320=VECTOR('',#12363,10.);
#3321=VECTOR('',#12364,10.);
#3322=VECTOR('',#12365,10.);
#3323=VECTOR('',#12368,10.);
#3324=VECTOR('',#12369,10.);
#3325=VECTOR('',#12372,10.);
#3326=VECTOR('',#12377,10.);
#3327=VECTOR('',#12382,10.);
#3328=VECTOR('',#12383,10.);
#3329=VECTOR('',#12392,10.);
#3330=VECTOR('',#12393,10.);
#3331=VECTOR('',#12394,10.);
#3332=VECTOR('',#12395,10.);
#3333=VECTOR('',#12398,10.);
#3334=VECTOR('',#12399,10.);
#3335=VECTOR('',#12400,10.);
#3336=VECTOR('',#12403,10.);
#3337=VECTOR('',#12404,10.);
#3338=VECTOR('',#12405,10.);
#3339=VECTOR('',#12408,10.);
#3340=VECTOR('',#12409,10.);
#3341=VECTOR('',#12410,10.);
#3342=VECTOR('',#12413,10.);
#3343=VECTOR('',#12414,10.);
#3344=VECTOR('',#12415,10.);
#3345=VECTOR('',#12416,10.);
#3346=VECTOR('',#12431,50.);
#3347=VECTOR('',#12440,10.);
#3348=VECTOR('',#12441,10.);
#3349=VECTOR('',#12444,10.);
#3350=VECTOR('',#12445,10.);
#3351=VECTOR('',#12448,10.);
#3352=VECTOR('',#12449,10.);
#3353=VECTOR('',#12452,10.);
#3354=VECTOR('',#12457,10.);
#3355=VECTOR('',#12458,10.);
#3356=VECTOR('',#12459,10.);
#3357=VECTOR('',#12460,10.);
#3358=VECTOR('',#12461,10.);
#3359=VECTOR('',#12462,10.);
#3360=VECTOR('',#12463,10.);
#3361=VECTOR('',#12464,10.);
#3362=VECTOR('',#12469,10.);
#3363=VECTOR('',#12470,10.);
#3364=VECTOR('',#12471,10.);
#3365=VECTOR('',#12474,10.);
#3366=VECTOR('',#12475,10.);
#3367=VECTOR('',#12478,10.);
#3368=VECTOR('',#12479,10.);
#3369=VECTOR('',#12482,10.);
#3370=VECTOR('',#12483,10.);
#3371=VECTOR('',#12500,50.);
#3372=VECTOR('',#12507,10.);
#3373=VECTOR('',#12508,10.);
#3374=VECTOR('',#12511,10.);
#3375=VECTOR('',#12512,10.);
#3376=VECTOR('',#12515,10.);
#3377=VECTOR('',#12516,10.);
#3378=VECTOR('',#12519,10.);
#3379=VECTOR('',#12526,10.);
#3380=VECTOR('',#12527,10.);
#3381=VECTOR('',#12528,10.);
#3382=VECTOR('',#12529,10.);
#3383=VECTOR('',#12532,10.);
#3384=VECTOR('',#12533,10.);
#3385=VECTOR('',#12534,10.);
#3386=VECTOR('',#12537,10.);
#3387=VECTOR('',#12538,10.);
#3388=VECTOR('',#12539,10.);
#3389=VECTOR('',#12542,10.);
#3390=VECTOR('',#12543,10.);
#3391=VECTOR('',#12546,10.);
#3392=VECTOR('',#12547,10.);
#3393=VECTOR('',#12548,10.);
#3394=VECTOR('',#12549,10.);
#3395=VECTOR('',#12552,10.);
#3396=VECTOR('',#12553,10.);
#3397=VECTOR('',#12554,10.);
#3398=VECTOR('',#12557,10.);
#3399=VECTOR('',#12558,10.);
#3400=VECTOR('',#12561,10.);
#3401=VECTOR('',#12562,10.);
#3402=VECTOR('',#12565,10.);
#3403=VECTOR('',#12568,10.);
#3404=VECTOR('',#12569,10.);
#3405=VECTOR('',#12570,10.);
#3406=VECTOR('',#12571,10.);
#3407=VECTOR('',#12574,10.);
#3408=VECTOR('',#12575,10.);
#3409=VECTOR('',#12576,10.);
#3410=VECTOR('',#12579,10.);
#3411=VECTOR('',#12580,10.);
#3412=VECTOR('',#12581,10.);
#3413=VECTOR('',#12584,10.);
#3414=VECTOR('',#12585,10.);
#3415=VECTOR('',#12588,10.);
#3416=VECTOR('',#12589,10.);
#3417=VECTOR('',#12590,10.);
#3418=VECTOR('',#12591,10.);
#3419=VECTOR('',#12594,10.);
#3420=VECTOR('',#12595,10.);
#3421=VECTOR('',#12596,10.);
#3422=VECTOR('',#12597,10.);
#3423=VECTOR('',#12598,10.);
#3424=VECTOR('',#12599,10.);
#3425=VECTOR('',#12600,10.);
#3426=VECTOR('',#12601,10.);
#3427=VECTOR('',#12604,10.);
#3428=VECTOR('',#12605,10.);
#3429=VECTOR('',#12606,10.);
#3430=VECTOR('',#12609,10.);
#3431=VECTOR('',#12610,10.);
#3432=VECTOR('',#12613,10.);
#3433=VECTOR('',#12614,10.);
#3434=VECTOR('',#12617,10.);
#3435=VECTOR('',#12620,10.);
#3436=VECTOR('',#12621,10.);
#3437=VECTOR('',#12622,10.);
#3438=VECTOR('',#12625,10.);
#3439=VECTOR('',#12626,10.);
#3440=VECTOR('',#12629,10.);
#3441=VECTOR('',#12630,10.);
#3442=VECTOR('',#12633,10.);
#3443=VECTOR('',#12634,10.);
#3444=VECTOR('',#12637,10.);
#3445=VECTOR('',#12638,10.);
#3446=VECTOR('',#12641,10.);
#3447=VECTOR('',#12642,10.);
#3448=VECTOR('',#12645,10.);
#3449=VECTOR('',#12646,10.);
#3450=VECTOR('',#12649,10.);
#3451=VECTOR('',#12658,10.);
#3452=VECTOR('',#12663,10.);
#3453=VECTOR('',#12664,10.);
#3454=VECTOR('',#12669,10.);
#3455=VECTOR('',#12670,10.);
#3456=VECTOR('',#12671,10.);
#3457=VECTOR('',#12686,37.5);
#3458=VECTOR('',#12701,67.5);
#3459=VECTOR('',#12706,1.6);
#3460=VECTOR('',#12713,10.);
#3461=VECTOR('',#12716,10.);
#3462=VECTOR('',#12719,10.);
#3463=VECTOR('',#12720,10.);
#3464=VECTOR('',#12721,10.);
#3465=VECTOR('',#12726,10.);
#3466=VECTOR('',#12731,10.);
#3467=VECTOR('',#12732,10.);
#3468=VECTOR('',#12733,10.);
#3469=VECTOR('',#12736,10.);
#3470=VECTOR('',#12737,10.);
#3471=VECTOR('',#12738,10.);
#3472=VECTOR('',#12741,10.);
#3473=VECTOR('',#12742,10.);
#3474=VECTOR('',#12743,10.);
#3475=VECTOR('',#12748,1.6);
#3476=VECTOR('',#12755,10.);
#3477=VECTOR('',#12758,10.);
#3478=VECTOR('',#12761,10.);
#3479=VECTOR('',#12762,10.);
#3480=VECTOR('',#12763,10.);
#3481=VECTOR('',#12770,10.);
#3482=VECTOR('',#12773,10.);
#3483=VECTOR('',#12774,10.);
#3484=VECTOR('',#12775,10.);
#3485=VECTOR('',#12778,10.);
#3486=VECTOR('',#12779,10.);
#3487=VECTOR('',#12782,10.);
#3488=VECTOR('',#12783,10.);
#3489=VECTOR('',#12784,10.);
#3490=VECTOR('',#12787,10.);
#3491=VECTOR('',#12788,10.);
#3492=VECTOR('',#12791,10.);
#3493=VECTOR('',#12792,10.);
#3494=VECTOR('',#12795,10.);
#3495=VECTOR('',#12798,10.);
#3496=VECTOR('',#12801,10.);
#3497=VECTOR('',#12804,10.);
#3498=VECTOR('',#12809,67.5);
#3499=VECTOR('',#12816,10.);
#3500=VECTOR('',#12821,10.);
#3501=VECTOR('',#12822,10.);
#3502=VECTOR('',#12839,37.5);
#3503=VECTOR('',#12848,5.1);
#3504=VECTOR('',#12851,10.);
#3505=VECTOR('',#12856,5.1);
#3506=VECTOR('',#12857,10.);
#3507=VECTOR('',#12858,5.1);
#3508=VECTOR('',#12865,1.6);
#3509=VECTOR('',#12872,1.6);
#3510=VECTOR('',#12879,10.);
#3511=VECTOR('',#12882,10.);
#3512=VECTOR('',#12885,10.);
#3513=VECTOR('',#12886,10.);
#3514=VECTOR('',#12887,10.);
#3515=VECTOR('',#12894,10.);
#3516=VECTOR('',#12899,10.);
#3517=VECTOR('',#12902,10.);
#3518=VECTOR('',#12905,10.);
#3519=VECTOR('',#12906,10.);
#3520=VECTOR('',#12907,10.);
#3521=VECTOR('',#12912,10.);
#3522=VECTOR('',#12917,10.);
#3523=VECTOR('',#12918,10.);
#3524=VECTOR('',#12921,10.);
#3525=VECTOR('',#12922,10.);
#3526=VECTOR('',#12923,10.);
#3527=VECTOR('',#12924,10.);
#3528=VECTOR('',#12925,10.);
#3529=VECTOR('',#12926,10.);
#3530=VECTOR('',#12927,10.);
#3531=VECTOR('',#12928,10.);
#3532=VECTOR('',#12929,10.);
#3533=VECTOR('',#12936,10.);
#3534=VECTOR('',#12937,10.);
#3535=VECTOR('',#12938,10.);
#3536=VECTOR('',#12941,10.);
#3537=VECTOR('',#12942,10.);
#3538=VECTOR('',#12945,10.);
#3539=VECTOR('',#12946,10.);
#3540=VECTOR('',#12949,10.);
#3541=VECTOR('',#12950,10.);
#3542=VECTOR('',#12953,10.);
#3543=VECTOR('',#12954,10.);
#3544=VECTOR('',#12955,10.);
#3545=VECTOR('',#12956,10.);
#3546=VECTOR('',#12957,10.);
#3547=VECTOR('',#12960,10.);
#3548=VECTOR('',#12963,10.);
#3549=VECTOR('',#12966,10.);
#3550=VECTOR('',#12979,10.);
#3551=VECTOR('',#12980,10.);
#3552=VECTOR('',#12981,10.);
#3553=VECTOR('',#12982,10.);
#3554=VECTOR('',#12985,10.);
#3555=VECTOR('',#12986,10.);
#3556=VECTOR('',#12987,10.);
#3557=VECTOR('',#12990,10.);
#3558=VECTOR('',#12991,10.);
#3559=VECTOR('',#12992,10.);
#3560=VECTOR('',#12995,10.);
#3561=VECTOR('',#12996,10.);
#3562=VECTOR('',#12997,10.);
#3563=VECTOR('',#13000,10.);
#3564=VECTOR('',#13001,10.);
#3565=VECTOR('',#13002,10.);
#3566=VECTOR('',#13003,10.);
#3567=VECTOR('',#13004,10.);
#3568=VECTOR('',#13007,10.);
#3569=VECTOR('',#13008,10.);
#3570=VECTOR('',#13009,10.);
#3571=VECTOR('',#13010,10.);
#3572=VECTOR('',#13011,10.);
#3573=VECTOR('',#13012,10.);
#3574=VECTOR('',#13013,10.);
#3575=VECTOR('',#13014,10.);
#3576=VECTOR('',#13015,10.);
#3577=VECTOR('',#13016,10.);
#3578=VECTOR('',#13017,10.);
#3579=VECTOR('',#13018,10.);
#3580=VECTOR('',#13019,10.);
#3581=VECTOR('',#13020,10.);
#3582=VECTOR('',#13021,10.);
#3583=VECTOR('',#13022,10.);
#3584=VECTOR('',#13023,10.);
#3585=VECTOR('',#13024,10.);
#3586=VECTOR('',#13025,10.);
#3587=VECTOR('',#13026,10.);
#3588=VECTOR('',#13027,10.);
#3589=VECTOR('',#13028,10.);
#3590=VECTOR('',#13029,10.);
#3591=VECTOR('',#13030,10.);
#3592=VECTOR('',#13031,10.);
#3593=VECTOR('',#13032,10.);
#3594=VECTOR('',#13033,10.);
#3595=VECTOR('',#13034,10.);
#3596=VECTOR('',#13035,10.);
#3597=VECTOR('',#13036,10.);
#3598=VECTOR('',#13037,10.);
#3599=VECTOR('',#13038,10.);
#3600=VECTOR('',#13039,10.);
#3601=VECTOR('',#13040,10.);
#3602=VECTOR('',#13041,10.);
#3603=VECTOR('',#13044,10.);
#3604=VECTOR('',#13045,10.);
#3605=VECTOR('',#13046,10.);
#3606=VECTOR('',#13049,10.);
#3607=VECTOR('',#13050,10.);
#3608=VECTOR('',#13053,10.);
#3609=VECTOR('',#13054,10.);
#3610=VECTOR('',#13057,10.);
#3611=VECTOR('',#13058,10.);
#3612=VECTOR('',#13059,10.);
#3613=VECTOR('',#13062,10.);
#3614=VECTOR('',#13063,10.);
#3615=VECTOR('',#13066,10.);
#3616=VECTOR('',#13069,10.);
#3617=VECTOR('',#13070,10.);
#3618=VECTOR('',#13071,10.);
#3619=VECTOR('',#13074,10.);
#3620=VECTOR('',#13075,10.);
#3621=VECTOR('',#13078,10.);
#3622=VECTOR('',#13079,10.);
#3623=VECTOR('',#13082,10.);
#3624=VECTOR('',#13083,10.);
#3625=VECTOR('',#13084,10.);
#3626=VECTOR('',#13087,10.);
#3627=VECTOR('',#13088,10.);
#3628=VECTOR('',#13091,10.);
#3629=VECTOR('',#13092,10.);
#3630=VECTOR('',#13095,10.);
#3631=VECTOR('',#13096,10.);
#3632=VECTOR('',#13097,10.);
#3633=VECTOR('',#13100,10.);
#3634=VECTOR('',#13101,10.);
#3635=VECTOR('',#13104,10.);
#3636=VECTOR('',#13105,10.);
#3637=VECTOR('',#13108,10.);
#3638=VECTOR('',#13109,10.);
#3639=VECTOR('',#13110,10.);
#3640=VECTOR('',#13113,10.);
#3641=VECTOR('',#13114,10.);
#3642=VECTOR('',#13117,10.);
#3643=VECTOR('',#13118,10.);
#3644=VECTOR('',#13121,10.);
#3645=VECTOR('',#13122,10.);
#3646=VECTOR('',#13123,10.);
#3647=VECTOR('',#13126,10.);
#3648=VECTOR('',#13127,10.);
#3649=VECTOR('',#13130,10.);
#3650=VECTOR('',#13131,10.);
#3651=VECTOR('',#13134,10.);
#3652=VECTOR('',#13137,10.);
#3653=VECTOR('',#13140,10.);
#3654=VECTOR('',#13141,10.);
#3655=VECTOR('',#13144,10.);
#3656=VECTOR('',#13145,10.);
#3657=VECTOR('',#13146,10.);
#3658=VECTOR('',#13147,10.);
#3659=VECTOR('',#13150,10.);
#3660=VECTOR('',#13153,10.);
#3661=VECTOR('',#13156,10.);
#3662=VECTOR('',#13157,10.);
#3663=VECTOR('',#13160,10.);
#3664=VECTOR('',#13163,10.);
#3665=VECTOR('',#13164,10.);
#3666=VECTOR('',#13165,10.);
#3667=VECTOR('',#13168,10.);
#3668=VECTOR('',#13169,10.);
#3669=VECTOR('',#13170,10.);
#3670=VECTOR('',#13173,10.);
#3671=VECTOR('',#13174,10.);
#3672=VECTOR('',#13177,10.);
#3673=VECTOR('',#13180,10.);
#3674=VECTOR('',#13183,10.);
#3675=VECTOR('',#13186,10.);
#3676=VECTOR('',#13191,10.);
#3677=VECTOR('',#13194,10.);
#3678=VECTOR('',#13195,10.);
#3679=VECTOR('',#13196,10.);
#3680=VECTOR('',#13199,10.);
#3681=VECTOR('',#13200,10.);
#3682=VECTOR('',#13201,10.);
#3683=VECTOR('',#13204,10.);
#3684=VECTOR('',#13205,10.);
#3685=VECTOR('',#13206,10.);
#3686=VECTOR('',#13209,10.);
#3687=VECTOR('',#13210,10.);
#3688=VECTOR('',#13211,10.);
#3689=VECTOR('',#13214,10.);
#3690=VECTOR('',#13215,10.);
#3691=VECTOR('',#13216,10.);
#3692=VECTOR('',#13223,10.);
#3693=VECTOR('',#13226,10.);
#3694=VECTOR('',#13229,10.);
#3695=VECTOR('',#13232,10.);
#3696=VECTOR('',#13235,10.);
#3697=VECTOR('',#13242,10.);
#3698=VECTOR('',#13245,10.);
#3699=VECTOR('',#13246,10.);
#3700=VECTOR('',#13253,10.);
#3701=VECTOR('',#13254,10.);
#3702=VECTOR('',#13257,10.);
#3703=VECTOR('',#13260,10.);
#3704=VECTOR('',#13263,10.);
#3705=VECTOR('',#13266,10.);
#3706=VECTOR('',#13269,10.);
#3707=VECTOR('',#13272,10.);
#3708=VECTOR('',#13283,1.6);
#3709=VECTOR('',#13294,5.);
#3710=VECTOR('',#13301,10.);
#3711=VECTOR('',#13304,10.);
#3712=VECTOR('',#13307,10.);
#3713=VECTOR('',#13308,10.);
#3714=VECTOR('',#13309,10.);
#3715=VECTOR('',#13316,10.);
#3716=VECTOR('',#13319,10.);
#3717=VECTOR('',#13320,10.);
#3718=VECTOR('',#13321,10.);
#3719=VECTOR('',#13324,10.);
#3720=VECTOR('',#13325,10.);
#3721=VECTOR('',#13326,10.);
#3722=VECTOR('',#13329,10.);
#3723=VECTOR('',#13330,10.);
#3724=VECTOR('',#13337,10.);
#3725=VECTOR('',#13338,10.);
#3726=VECTOR('',#13339,10.);
#3727=VECTOR('',#13340,10.);
#3728=VECTOR('',#13343,10.);
#3729=VECTOR('',#13344,10.);
#3730=VECTOR('',#13345,10.);
#3731=VECTOR('',#13348,10.);
#3732=VECTOR('',#13349,10.);
#3733=VECTOR('',#13350,10.);
#3734=VECTOR('',#13353,10.);
#3735=VECTOR('',#13354,10.);
#3736=VECTOR('',#13357,10.);
#3737=VECTOR('',#13358,10.);
#3738=VECTOR('',#13359,10.);
#3739=VECTOR('',#13360,10.);
#3740=VECTOR('',#13363,10.);
#3741=VECTOR('',#13364,10.);
#3742=VECTOR('',#13365,10.);
#3743=VECTOR('',#13368,10.);
#3744=VECTOR('',#13369,10.);
#3745=VECTOR('',#13370,10.);
#3746=VECTOR('',#13373,10.);
#3747=VECTOR('',#13374,10.);
#3748=VECTOR('',#13383,10.);
#3749=VECTOR('',#13386,10.);
#3750=VECTOR('',#13389,10.);
#3751=VECTOR('',#13392,10.);
#3752=VECTOR('',#13393,10.);
#3753=VECTOR('',#13394,10.);
#3754=VECTOR('',#13399,10.);
#3755=VECTOR('',#13400,10.);
#3756=VECTOR('',#13405,10.);
#3757=VECTOR('',#13408,5.);
#3758=VECTOR('',#13413,10.);
#3759=VECTOR('',#13414,10.);
#3760=VECTOR('',#13417,10.);
#3761=VECTOR('',#13418,10.);
#3762=VECTOR('',#13421,10.);
#3763=VECTOR('',#13428,4.95);
#3764=VECTOR('',#13439,5.);
#3765=VECTOR('',#13450,5.1643654710252);
#3766=VECTOR('',#13463,4.95);
#3767=VECTOR('',#13472,5.);
#3768=VECTOR('',#13483,5.1643654710252);
#3769=VECTOR('',#13492,5.3287309420504);
#3770=VECTOR('',#13497,1.49999999999999);
#3771=VECTOR('',#13504,1.49999999999999);
#3772=VECTOR('',#13511,1.49999999999999);
#3773=VECTOR('',#13518,1.49999999999999);
#3774=VECTOR('',#13525,1.49999999999999);
#3775=VECTOR('',#13532,1.49999999999999);
#3776=VECTOR('',#13539,1.49999999999999);
#3777=VECTOR('',#13546,1.49999999999999);
#3778=VECTOR('',#13553,1.49999999999999);
#3779=VECTOR('',#13560,1.49999999999999);
#3780=VECTOR('',#13565,10.);
#3781=VECTOR('',#13566,10.);
#3782=VECTOR('',#13567,10.);
#3783=VECTOR('',#13568,10.);
#3784=VECTOR('',#13571,10.);
#3785=VECTOR('',#13572,10.);
#3786=VECTOR('',#13573,10.);
#3787=VECTOR('',#13576,10.);
#3788=VECTOR('',#13577,10.);
#3789=VECTOR('',#13578,10.);
#3790=VECTOR('',#13581,10.);
#3791=VECTOR('',#13582,10.);
#3792=VECTOR('',#13589,10.);
#3793=VECTOR('',#13590,10.);
#3794=VECTOR('',#13591,10.);
#3795=VECTOR('',#13592,10.);
#3796=VECTOR('',#13595,10.);
#3797=VECTOR('',#13596,10.);
#3798=VECTOR('',#13597,10.);
#3799=VECTOR('',#13600,10.);
#3800=VECTOR('',#13601,10.);
#3801=VECTOR('',#13602,10.);
#3802=VECTOR('',#13605,10.);
#3803=VECTOR('',#13606,10.);
#3804=VECTOR('',#13615,10.);
#3805=VECTOR('',#13618,10.);
#3806=VECTOR('',#13621,10.);
#3807=VECTOR('',#13622,10.);
#3808=VECTOR('',#13623,10.);
#3809=VECTOR('',#13626,10.);
#3810=VECTOR('',#13627,10.);
#3811=VECTOR('',#13628,10.);
#3812=VECTOR('',#13635,10.);
#3813=VECTOR('',#13638,10.);
#3814=VECTOR('',#13639,10.);
#3815=VECTOR('',#13640,10.);
#3816=VECTOR('',#13643,10.);
#3817=VECTOR('',#13644,10.);
#3818=VECTOR('',#13645,10.);
#3819=VECTOR('',#13652,10.);
#3820=VECTOR('',#13655,10.);
#3821=VECTOR('',#13656,10.);
#3822=VECTOR('',#13657,10.);
#3823=VECTOR('',#13660,10.);
#3824=VECTOR('',#13661,10.);
#3825=VECTOR('',#13662,10.);
#3826=VECTOR('',#13669,10.);
#3827=VECTOR('',#13672,10.);
#3828=VECTOR('',#13673,10.);
#3829=VECTOR('',#13674,10.);
#3830=VECTOR('',#13677,10.);
#3831=VECTOR('',#13678,10.);
#3832=VECTOR('',#13679,10.);
#3833=VECTOR('',#13686,10.);
#3834=VECTOR('',#13689,10.);
#3835=VECTOR('',#13690,10.);
#3836=VECTOR('',#13691,10.);
#3837=VECTOR('',#13694,10.);
#3838=VECTOR('',#13695,10.);
#3839=VECTOR('',#13696,10.);
#3840=VECTOR('',#13703,10.);
#3841=VECTOR('',#13706,10.);
#3842=VECTOR('',#13707,10.);
#3843=VECTOR('',#13708,10.);
#3844=VECTOR('',#13711,10.);
#3845=VECTOR('',#13712,10.);
#3846=VECTOR('',#13713,10.);
#3847=VECTOR('',#13720,10.);
#3848=VECTOR('',#13723,10.);
#3849=VECTOR('',#13724,10.);
#3850=VECTOR('',#13725,10.);
#3851=VECTOR('',#13728,10.);
#3852=VECTOR('',#13729,10.);
#3853=VECTOR('',#13730,10.);
#3854=VECTOR('',#13737,10.);
#3855=VECTOR('',#13740,10.);
#3856=VECTOR('',#13741,10.);
#3857=VECTOR('',#13742,10.);
#3858=VECTOR('',#13745,10.);
#3859=VECTOR('',#13746,10.);
#3860=VECTOR('',#13747,10.);
#3861=VECTOR('',#13754,10.);
#3862=VECTOR('',#13757,10.);
#3863=VECTOR('',#13758,10.);
#3864=VECTOR('',#13759,10.);
#3865=VECTOR('',#13762,10.);
#3866=VECTOR('',#13763,10.);
#3867=VECTOR('',#13764,10.);
#3868=VECTOR('',#13771,10.);
#3869=VECTOR('',#13774,10.);
#3870=VECTOR('',#13775,10.);
#3871=VECTOR('',#13776,10.);
#3872=VECTOR('',#13779,10.);
#3873=VECTOR('',#13780,10.);
#3874=VECTOR('',#13781,10.);
#3875=VECTOR('',#13788,10.);
#3876=VECTOR('',#13791,10.);
#3877=VECTOR('',#13792,10.);
#3878=VECTOR('',#13793,10.);
#3879=VECTOR('',#13796,10.);
#3880=VECTOR('',#13797,10.);
#3881=VECTOR('',#13798,10.);
#3882=VECTOR('',#13805,10.);
#3883=VECTOR('',#13808,10.);
#3884=VECTOR('',#13809,10.);
#3885=VECTOR('',#13810,10.);
#3886=VECTOR('',#13813,10.);
#3887=VECTOR('',#13814,10.);
#3888=VECTOR('',#13815,10.);
#3889=VECTOR('',#13822,10.);
#3890=VECTOR('',#13825,10.);
#3891=VECTOR('',#13826,10.);
#3892=VECTOR('',#13827,10.);
#3893=VECTOR('',#13830,10.);
#3894=VECTOR('',#13831,10.);
#3895=VECTOR('',#13832,10.);
#3896=VECTOR('',#13839,10.);
#3897=VECTOR('',#13842,10.);
#3898=VECTOR('',#13843,10.);
#3899=VECTOR('',#13844,10.);
#3900=VECTOR('',#13847,10.);
#3901=VECTOR('',#13848,10.);
#3902=VECTOR('',#13849,10.);
#3903=VECTOR('',#13856,10.);
#3904=VECTOR('',#13859,10.);
#3905=VECTOR('',#13860,10.);
#3906=VECTOR('',#13861,10.);
#3907=VECTOR('',#13864,10.);
#3908=VECTOR('',#13865,10.);
#3909=VECTOR('',#13866,10.);
#3910=VECTOR('',#13873,10.);
#3911=VECTOR('',#13876,10.);
#3912=VECTOR('',#13877,10.);
#3913=VECTOR('',#13878,10.);
#3914=VECTOR('',#13881,10.);
#3915=VECTOR('',#13882,10.);
#3916=VECTOR('',#13883,10.);
#3917=VECTOR('',#13890,10.);
#3918=VECTOR('',#13893,10.);
#3919=VECTOR('',#13894,10.);
#3920=VECTOR('',#13895,10.);
#3921=VECTOR('',#13898,10.);
#3922=VECTOR('',#13899,10.);
#3923=VECTOR('',#13900,10.);
#3924=VECTOR('',#13907,10.);
#3925=VECTOR('',#13910,10.);
#3926=VECTOR('',#13911,10.);
#3927=VECTOR('',#13912,10.);
#3928=VECTOR('',#13915,10.);
#3929=VECTOR('',#13916,10.);
#3930=VECTOR('',#13917,10.);
#3931=VECTOR('',#13924,10.);
#3932=VECTOR('',#13927,10.);
#3933=VECTOR('',#13928,10.);
#3934=VECTOR('',#13929,10.);
#3935=VECTOR('',#13932,10.);
#3936=VECTOR('',#13933,10.);
#3937=VECTOR('',#13934,10.);
#3938=VECTOR('',#13941,10.);
#3939=VECTOR('',#13944,10.);
#3940=VECTOR('',#13945,10.);
#3941=VECTOR('',#13946,10.);
#3942=VECTOR('',#13949,10.);
#3943=VECTOR('',#13950,10.);
#3944=VECTOR('',#13951,10.);
#3945=VECTOR('',#13958,10.);
#3946=VECTOR('',#13961,10.);
#3947=VECTOR('',#13962,10.);
#3948=VECTOR('',#13963,10.);
#3949=VECTOR('',#13966,10.);
#3950=VECTOR('',#13967,10.);
#3951=VECTOR('',#13968,10.);
#3952=VECTOR('',#13975,10.);
#3953=VECTOR('',#13978,10.);
#3954=VECTOR('',#13979,10.);
#3955=VECTOR('',#13980,10.);
#3956=VECTOR('',#13983,10.);
#3957=VECTOR('',#13984,10.);
#3958=VECTOR('',#13985,10.);
#3959=VECTOR('',#13992,10.);
#3960=VECTOR('',#13995,10.);
#3961=VECTOR('',#13996,10.);
#3962=VECTOR('',#13997,10.);
#3963=VECTOR('',#14000,10.);
#3964=VECTOR('',#14001,10.);
#3965=VECTOR('',#14002,10.);
#3966=VECTOR('',#14009,10.);
#3967=VECTOR('',#14012,10.);
#3968=VECTOR('',#14013,10.);
#3969=VECTOR('',#14014,10.);
#3970=VECTOR('',#14017,10.);
#3971=VECTOR('',#14018,10.);
#3972=VECTOR('',#14019,10.);
#3973=VECTOR('',#14026,10.);
#3974=VECTOR('',#14029,10.);
#3975=VECTOR('',#14030,10.);
#3976=VECTOR('',#14031,10.);
#3977=VECTOR('',#14034,10.);
#3978=VECTOR('',#14035,10.);
#3979=VECTOR('',#14036,10.);
#3980=VECTOR('',#14043,10.);
#3981=VECTOR('',#14046,10.);
#3982=VECTOR('',#14047,10.);
#3983=VECTOR('',#14048,10.);
#3984=VECTOR('',#14051,10.);
#3985=VECTOR('',#14052,10.);
#3986=VECTOR('',#14053,10.);
#3987=VECTOR('',#14060,10.);
#3988=VECTOR('',#14063,10.);
#3989=VECTOR('',#14064,10.);
#3990=VECTOR('',#14065,10.);
#3991=VECTOR('',#14068,10.);
#3992=VECTOR('',#14069,10.);
#3993=VECTOR('',#14070,10.);
#3994=VECTOR('',#14077,10.);
#3995=VECTOR('',#14080,10.);
#3996=VECTOR('',#14081,10.);
#3997=VECTOR('',#14082,10.);
#3998=VECTOR('',#14085,10.);
#3999=VECTOR('',#14086,10.);
#4000=VECTOR('',#14087,10.);
#4001=VECTOR('',#14094,10.);
#4002=VECTOR('',#14097,10.);
#4003=VECTOR('',#14098,10.);
#4004=VECTOR('',#14099,10.);
#4005=VECTOR('',#14102,10.);
#4006=VECTOR('',#14103,10.);
#4007=VECTOR('',#14104,10.);
#4008=VECTOR('',#14111,10.);
#4009=VECTOR('',#14114,10.);
#4010=VECTOR('',#14115,10.);
#4011=VECTOR('',#14116,10.);
#4012=VECTOR('',#14119,10.);
#4013=VECTOR('',#14120,10.);
#4014=VECTOR('',#14121,10.);
#4015=VECTOR('',#14128,10.);
#4016=VECTOR('',#14135,10.);
#4017=VECTOR('',#14138,10.);
#4018=VECTOR('',#14139,10.);
#4019=VECTOR('',#14140,10.);
#4020=VECTOR('',#14143,10.);
#4021=VECTOR('',#14144,10.);
#4022=VECTOR('',#14145,10.);
#4023=VECTOR('',#14148,10.);
#4024=VECTOR('',#14149,10.);
#4025=VECTOR('',#14158,1.5);
#4026=VECTOR('',#14163,10.);
#4027=VECTOR('',#14164,10.);
#4028=VECTOR('',#14165,10.);
#4029=VECTOR('',#14166,10.);
#4030=VECTOR('',#14173,10.);
#4031=VECTOR('',#14176,10.);
#4032=VECTOR('',#14177,10.);
#4033=VECTOR('',#14178,10.);
#4034=VECTOR('',#14189,10.);
#4035=VECTOR('',#14192,10.);
#4036=VECTOR('',#14195,10.);
#4037=VECTOR('',#14196,10.);
#4038=VECTOR('',#14197,10.);
#4039=VECTOR('',#14198,10.);
#4040=VECTOR('',#14201,10.);
#4041=VECTOR('',#14202,10.);
#4042=VECTOR('',#14203,10.);
#4043=VECTOR('',#14210,10.);
#4044=VECTOR('',#14213,10.);
#4045=VECTOR('',#14214,10.);
#4046=VECTOR('',#14215,10.);
#4047=VECTOR('',#14218,10.);
#4048=VECTOR('',#14219,10.);
#4049=VECTOR('',#14228,5.);
#4050=VECTOR('',#14235,10.);
#4051=VECTOR('',#14238,10.);
#4052=VECTOR('',#14241,10.);
#4053=VECTOR('',#14242,10.);
#4054=VECTOR('',#14243,10.);
#4055=VECTOR('',#14248,10.);
#4056=VECTOR('',#14253,10.);
#4057=VECTOR('',#14254,10.);
#4058=VECTOR('',#14255,10.);
#4059=VECTOR('',#14258,10.);
#4060=VECTOR('',#14259,10.);
#4061=VECTOR('',#14260,10.);
#4062=VECTOR('',#14263,10.);
#4063=VECTOR('',#14264,10.);
#4064=VECTOR('',#14273,10.);
#4065=VECTOR('',#14276,10.);
#4066=VECTOR('',#14279,10.);
#4067=VECTOR('',#14280,10.);
#4068=VECTOR('',#14281,10.);
#4069=VECTOR('',#14284,10.);
#4070=VECTOR('',#14289,10.);
#4071=VECTOR('',#14290,10.);
#4072=VECTOR('',#14293,10.);
#4073=VECTOR('',#14298,5.);
#4074=VECTOR('',#14303,10.);
#4075=VECTOR('',#14304,10.);
#4076=VECTOR('',#14307,10.);
#4077=VECTOR('',#14308,10.);
#4078=VECTOR('',#14311,10.);
#4079=VECTOR('',#14318,1.6);
#4080=VECTOR('',#14329,1.49999999999999);
#4081=VECTOR('',#14336,1.49999999999999);
#4082=VECTOR('',#14343,1.49999999999999);
#4083=VECTOR('',#14350,1.49999999999999);
#4084=VECTOR('',#14357,1.49999999999999);
#4085=VECTOR('',#14364,1.49999999999999);
#4086=VECTOR('',#14371,1.49999999999999);
#4087=VECTOR('',#14378,1.49999999999999);
#4088=VECTOR('',#14385,1.49999999999999);
#4089=VECTOR('',#14392,1.49999999999999);
#4090=VECTOR('',#14397,10.);
#4091=VECTOR('',#14398,10.);
#4092=VECTOR('',#14399,10.);
#4093=VECTOR('',#14400,10.);
#4094=VECTOR('',#14403,10.);
#4095=VECTOR('',#14404,10.);
#4096=VECTOR('',#14405,10.);
#4097=VECTOR('',#14408,10.);
#4098=VECTOR('',#14409,10.);
#4099=VECTOR('',#14410,10.);
#4100=VECTOR('',#14413,10.);
#4101=VECTOR('',#14414,10.);
#4102=VECTOR('',#14423,10.);
#4103=VECTOR('',#14426,10.);
#4104=VECTOR('',#14429,10.);
#4105=VECTOR('',#14430,10.);
#4106=VECTOR('',#14431,10.);
#4107=VECTOR('',#14434,10.);
#4108=VECTOR('',#14435,10.);
#4109=VECTOR('',#14436,10.);
#4110=VECTOR('',#14441,10.);
#4111=VECTOR('',#14446,10.);
#4112=VECTOR('',#14447,10.);
#4113=VECTOR('',#14448,10.);
#4114=VECTOR('',#14451,10.);
#4115=VECTOR('',#14452,10.);
#4116=VECTOR('',#14453,10.);
#4117=VECTOR('',#14458,10.);
#4118=VECTOR('',#14463,10.);
#4119=VECTOR('',#14464,10.);
#4120=VECTOR('',#14465,10.);
#4121=VECTOR('',#14468,10.);
#4122=VECTOR('',#14469,10.);
#4123=VECTOR('',#14470,10.);
#4124=VECTOR('',#14475,10.);
#4125=VECTOR('',#14480,10.);
#4126=VECTOR('',#14481,10.);
#4127=VECTOR('',#14482,10.);
#4128=VECTOR('',#14485,10.);
#4129=VECTOR('',#14486,10.);
#4130=VECTOR('',#14487,10.);
#4131=VECTOR('',#14492,10.);
#4132=VECTOR('',#14497,10.);
#4133=VECTOR('',#14498,10.);
#4134=VECTOR('',#14499,10.);
#4135=VECTOR('',#14502,10.);
#4136=VECTOR('',#14503,10.);
#4137=VECTOR('',#14504,10.);
#4138=VECTOR('',#14509,10.);
#4139=VECTOR('',#14514,10.);
#4140=VECTOR('',#14515,10.);
#4141=VECTOR('',#14516,10.);
#4142=VECTOR('',#14519,10.);
#4143=VECTOR('',#14520,10.);
#4144=VECTOR('',#14521,10.);
#4145=VECTOR('',#14526,10.);
#4146=VECTOR('',#14531,10.);
#4147=VECTOR('',#14532,10.);
#4148=VECTOR('',#14533,10.);
#4149=VECTOR('',#14536,10.);
#4150=VECTOR('',#14537,10.);
#4151=VECTOR('',#14538,10.);
#4152=VECTOR('',#14543,10.);
#4153=VECTOR('',#14548,10.);
#4154=VECTOR('',#14549,10.);
#4155=VECTOR('',#14550,10.);
#4156=VECTOR('',#14553,10.);
#4157=VECTOR('',#14554,10.);
#4158=VECTOR('',#14555,10.);
#4159=VECTOR('',#14560,10.);
#4160=VECTOR('',#14565,10.);
#4161=VECTOR('',#14566,10.);
#4162=VECTOR('',#14567,10.);
#4163=VECTOR('',#14570,10.);
#4164=VECTOR('',#14571,10.);
#4165=VECTOR('',#14572,10.);
#4166=VECTOR('',#14577,10.);
#4167=VECTOR('',#14582,10.);
#4168=VECTOR('',#14583,10.);
#4169=VECTOR('',#14584,10.);
#4170=VECTOR('',#14587,10.);
#4171=VECTOR('',#14588,10.);
#4172=VECTOR('',#14589,10.);
#4173=VECTOR('',#14594,10.);
#4174=VECTOR('',#14599,10.);
#4175=VECTOR('',#14600,10.);
#4176=VECTOR('',#14601,10.);
#4177=VECTOR('',#14604,10.);
#4178=VECTOR('',#14605,10.);
#4179=VECTOR('',#14606,10.);
#4180=VECTOR('',#14611,10.);
#4181=VECTOR('',#14616,10.);
#4182=VECTOR('',#14617,10.);
#4183=VECTOR('',#14618,10.);
#4184=VECTOR('',#14621,10.);
#4185=VECTOR('',#14622,10.);
#4186=VECTOR('',#14623,10.);
#4187=VECTOR('',#14628,10.);
#4188=VECTOR('',#14633,10.);
#4189=VECTOR('',#14634,10.);
#4190=VECTOR('',#14635,10.);
#4191=VECTOR('',#14638,10.);
#4192=VECTOR('',#14639,10.);
#4193=VECTOR('',#14640,10.);
#4194=VECTOR('',#14645,10.);
#4195=VECTOR('',#14650,10.);
#4196=VECTOR('',#14651,10.);
#4197=VECTOR('',#14652,10.);
#4198=VECTOR('',#14655,10.);
#4199=VECTOR('',#14656,10.);
#4200=VECTOR('',#14657,10.);
#4201=VECTOR('',#14662,10.);
#4202=VECTOR('',#14667,10.);
#4203=VECTOR('',#14668,10.);
#4204=VECTOR('',#14669,10.);
#4205=VECTOR('',#14672,10.);
#4206=VECTOR('',#14673,10.);
#4207=VECTOR('',#14674,10.);
#4208=VECTOR('',#14679,10.);
#4209=VECTOR('',#14684,10.);
#4210=VECTOR('',#14685,10.);
#4211=VECTOR('',#14686,10.);
#4212=VECTOR('',#14689,10.);
#4213=VECTOR('',#14690,10.);
#4214=VECTOR('',#14691,10.);
#4215=VECTOR('',#14696,10.);
#4216=VECTOR('',#14701,10.);
#4217=VECTOR('',#14702,10.);
#4218=VECTOR('',#14703,10.);
#4219=VECTOR('',#14706,10.);
#4220=VECTOR('',#14707,10.);
#4221=VECTOR('',#14708,10.);
#4222=VECTOR('',#14713,10.);
#4223=VECTOR('',#14718,10.);
#4224=VECTOR('',#14719,10.);
#4225=VECTOR('',#14720,10.);
#4226=VECTOR('',#14723,10.);
#4227=VECTOR('',#14724,10.);
#4228=VECTOR('',#14725,10.);
#4229=VECTOR('',#14730,10.);
#4230=VECTOR('',#14735,10.);
#4231=VECTOR('',#14736,10.);
#4232=VECTOR('',#14737,10.);
#4233=VECTOR('',#14740,10.);
#4234=VECTOR('',#14741,10.);
#4235=VECTOR('',#14742,10.);
#4236=VECTOR('',#14747,10.);
#4237=VECTOR('',#14752,10.);
#4238=VECTOR('',#14753,10.);
#4239=VECTOR('',#14754,10.);
#4240=VECTOR('',#14757,10.);
#4241=VECTOR('',#14758,10.);
#4242=VECTOR('',#14759,10.);
#4243=VECTOR('',#14764,10.);
#4244=VECTOR('',#14769,10.);
#4245=VECTOR('',#14770,10.);
#4246=VECTOR('',#14771,10.);
#4247=VECTOR('',#14774,10.);
#4248=VECTOR('',#14775,10.);
#4249=VECTOR('',#14776,10.);
#4250=VECTOR('',#14781,10.);
#4251=VECTOR('',#14786,10.);
#4252=VECTOR('',#14787,10.);
#4253=VECTOR('',#14788,10.);
#4254=VECTOR('',#14791,10.);
#4255=VECTOR('',#14792,10.);
#4256=VECTOR('',#14793,10.);
#4257=VECTOR('',#14798,10.);
#4258=VECTOR('',#14803,10.);
#4259=VECTOR('',#14804,10.);
#4260=VECTOR('',#14805,10.);
#4261=VECTOR('',#14808,10.);
#4262=VECTOR('',#14809,10.);
#4263=VECTOR('',#14810,10.);
#4264=VECTOR('',#14815,10.);
#4265=VECTOR('',#14820,10.);
#4266=VECTOR('',#14821,10.);
#4267=VECTOR('',#14822,10.);
#4268=VECTOR('',#14825,10.);
#4269=VECTOR('',#14826,10.);
#4270=VECTOR('',#14827,10.);
#4271=VECTOR('',#14832,10.);
#4272=VECTOR('',#14837,10.);
#4273=VECTOR('',#14838,10.);
#4274=VECTOR('',#14839,10.);
#4275=VECTOR('',#14842,10.);
#4276=VECTOR('',#14843,10.);
#4277=VECTOR('',#14844,10.);
#4278=VECTOR('',#14849,10.);
#4279=VECTOR('',#14854,10.);
#4280=VECTOR('',#14855,10.);
#4281=VECTOR('',#14856,10.);
#4282=VECTOR('',#14859,10.);
#4283=VECTOR('',#14860,10.);
#4284=VECTOR('',#14861,10.);
#4285=VECTOR('',#14866,10.);
#4286=VECTOR('',#14871,10.);
#4287=VECTOR('',#14872,10.);
#4288=VECTOR('',#14873,10.);
#4289=VECTOR('',#14876,10.);
#4290=VECTOR('',#14877,10.);
#4291=VECTOR('',#14878,10.);
#4292=VECTOR('',#14883,10.);
#4293=VECTOR('',#14888,10.);
#4294=VECTOR('',#14889,10.);
#4295=VECTOR('',#14890,10.);
#4296=VECTOR('',#14893,10.);
#4297=VECTOR('',#14894,10.);
#4298=VECTOR('',#14895,10.);
#4299=VECTOR('',#14900,10.);
#4300=VECTOR('',#14905,10.);
#4301=VECTOR('',#14906,10.);
#4302=VECTOR('',#14907,10.);
#4303=VECTOR('',#14910,10.);
#4304=VECTOR('',#14911,10.);
#4305=VECTOR('',#14912,10.);
#4306=VECTOR('',#14917,10.);
#4307=VECTOR('',#14922,10.);
#4308=VECTOR('',#14923,10.);
#4309=VECTOR('',#14924,10.);
#4310=VECTOR('',#14927,10.);
#4311=VECTOR('',#14928,10.);
#4312=VECTOR('',#14929,10.);
#4313=VECTOR('',#14934,10.);
#4314=VECTOR('',#14941,10.);
#4315=VECTOR('',#14946,10.);
#4316=VECTOR('',#14947,10.);
#4317=VECTOR('',#14948,10.);
#4318=VECTOR('',#14951,10.);
#4319=VECTOR('',#14952,10.);
#4320=VECTOR('',#14953,10.);
#4321=VECTOR('',#14956,10.);
#4322=VECTOR('',#14957,10.);
#4323=VECTOR('',#14966,1.5);
#4324=VECTOR('',#14971,10.);
#4325=VECTOR('',#14972,10.);
#4326=VECTOR('',#14973,10.);
#4327=VECTOR('',#14974,10.);
#4328=VECTOR('',#14979,10.);
#4329=VECTOR('',#14984,10.);
#4330=VECTOR('',#14985,10.);
#4331=VECTOR('',#14986,10.);
#4332=VECTOR('',#14997,10.);
#4333=VECTOR('',#15000,10.);
#4334=VECTOR('',#15003,10.);
#4335=VECTOR('',#15004,10.);
#4336=VECTOR('',#15005,10.);
#4337=VECTOR('',#15006,10.);
#4338=VECTOR('',#15009,10.);
#4339=VECTOR('',#15010,10.);
#4340=VECTOR('',#15011,10.);
#4341=VECTOR('',#15016,10.);
#4342=VECTOR('',#15021,10.);
#4343=VECTOR('',#15022,10.);
#4344=VECTOR('',#15023,10.);
#4345=VECTOR('',#15026,10.);
#4346=VECTOR('',#15027,10.);
#4347=VECTOR('',#15036,5.);
#4348=VECTOR('',#15041,10.);
#4349=VECTOR('',#15042,10.);
#4350=VECTOR('',#15043,10.);
#4351=VECTOR('',#15044,10.);
#4352=VECTOR('',#15051,10.);
#4353=VECTOR('',#15054,10.);
#4354=VECTOR('',#15055,10.);
#4355=VECTOR('',#15056,10.);
#4356=VECTOR('',#15059,10.);
#4357=VECTOR('',#15060,10.);
#4358=VECTOR('',#15061,10.);
#4359=VECTOR('',#15064,10.);
#4360=VECTOR('',#15065,10.);
#4361=VECTOR('',#15066,10.);
#4362=VECTOR('',#15081,5.);
#4363=VECTOR('',#15086,10.);
#4364=VECTOR('',#15087,10.);
#4365=VECTOR('',#15088,10.);
#4366=VECTOR('',#15089,10.);
#4367=VECTOR('',#15094,10.);
#4368=VECTOR('',#15099,10.);
#4369=VECTOR('',#15100,10.);
#4370=VECTOR('',#15101,10.);
#4371=VECTOR('',#15104,10.);
#4372=VECTOR('',#15105,10.);
#4373=VECTOR('',#15106,10.);
#4374=VECTOR('',#15109,10.);
#4375=VECTOR('',#15110,10.);
#4376=VECTOR('',#15111,10.);
#4377=VECTOR('',#15126,5.);
#4378=VECTOR('',#15131,10.);
#4379=VECTOR('',#15132,10.);
#4380=VECTOR('',#15133,10.);
#4381=VECTOR('',#15134,10.);
#4382=VECTOR('',#15139,10.);
#4383=VECTOR('',#15144,10.);
#4384=VECTOR('',#15145,10.);
#4385=VECTOR('',#15146,10.);
#4386=VECTOR('',#15149,10.);
#4387=VECTOR('',#15150,10.);
#4388=VECTOR('',#15151,10.);
#4389=VECTOR('',#15154,10.);
#4390=VECTOR('',#15155,10.);
#4391=VECTOR('',#15156,10.);
#4392=VECTOR('',#15171,5.);
#4393=VECTOR('',#15176,10.);
#4394=VECTOR('',#15177,10.);
#4395=VECTOR('',#15178,10.);
#4396=VECTOR('',#15179,10.);
#4397=VECTOR('',#15186,10.);
#4398=VECTOR('',#15189,10.);
#4399=VECTOR('',#15190,10.);
#4400=VECTOR('',#15191,10.);
#4401=VECTOR('',#15194,10.);
#4402=VECTOR('',#15195,10.);
#4403=VECTOR('',#15196,10.);
#4404=VECTOR('',#15199,10.);
#4405=VECTOR('',#15200,10.);
#4406=VECTOR('',#15201,10.);
#4407=VERTEX_POINT('',#15229);
#4408=VERTEX_POINT('',#15230);
#4409=VERTEX_POINT('',#15232);
#4410=VERTEX_POINT('',#15234);
#4411=VERTEX_POINT('',#15238);
#4412=VERTEX_POINT('',#15240);
#4413=VERTEX_POINT('',#15244);
#4414=VERTEX_POINT('',#15246);
#4415=VERTEX_POINT('',#15253);
#4416=VERTEX_POINT('',#15254);
#4417=VERTEX_POINT('',#15256);
#4418=VERTEX_POINT('',#15258);
#4419=VERTEX_POINT('',#15262);
#4420=VERTEX_POINT('',#15264);
#4421=VERTEX_POINT('',#15268);
#4422=VERTEX_POINT('',#15270);
#4423=VERTEX_POINT('',#15277);
#4424=VERTEX_POINT('',#15278);
#4425=VERTEX_POINT('',#15280);
#4426=VERTEX_POINT('',#15282);
#4427=VERTEX_POINT('',#15286);
#4428=VERTEX_POINT('',#15288);
#4429=VERTEX_POINT('',#15292);
#4430=VERTEX_POINT('',#15294);
#4431=VERTEX_POINT('',#15298);
#4432=VERTEX_POINT('',#15300);
#4433=VERTEX_POINT('',#15304);
#4434=VERTEX_POINT('',#15306);
#4435=VERTEX_POINT('',#15310);
#4436=VERTEX_POINT('',#15312);
#4437=VERTEX_POINT('',#15316);
#4438=VERTEX_POINT('',#15318);
#4439=VERTEX_POINT('',#15327);
#4440=VERTEX_POINT('',#15328);
#4441=VERTEX_POINT('',#15330);
#4442=VERTEX_POINT('',#15332);
#4443=VERTEX_POINT('',#15336);
#4444=VERTEX_POINT('',#15337);
#4445=VERTEX_POINT('',#15339);
#4446=VERTEX_POINT('',#15341);
#4447=VERTEX_POINT('',#15345);
#4448=VERTEX_POINT('',#15346);
#4449=VERTEX_POINT('',#15351);
#4450=VERTEX_POINT('',#15358);
#4451=VERTEX_POINT('',#15360);
#4452=VERTEX_POINT('',#15364);
#4453=VERTEX_POINT('',#15368);
#4454=VERTEX_POINT('',#15372);
#4455=VERTEX_POINT('',#15376);
#4456=VERTEX_POINT('',#15380);
#4457=VERTEX_POINT('',#15382);
#4458=VERTEX_POINT('',#15410);
#4459=VERTEX_POINT('',#15420);
#4460=VERTEX_POINT('',#15425);
#4461=VERTEX_POINT('',#15434);
#4462=VERTEX_POINT('',#15440);
#4463=VERTEX_POINT('',#15447);
#4464=VERTEX_POINT('',#15448);
#4465=VERTEX_POINT('',#15450);
#4466=VERTEX_POINT('',#15452);
#4467=VERTEX_POINT('',#15456);
#4468=VERTEX_POINT('',#15458);
#4469=VERTEX_POINT('',#15463);
#4470=VERTEX_POINT('',#15470);
#4471=VERTEX_POINT('',#15474);
#4472=VERTEX_POINT('',#15476);
#4473=VERTEX_POINT('',#15480);
#4474=VERTEX_POINT('',#15482);
#4475=VERTEX_POINT('',#15491);
#4476=VERTEX_POINT('',#15492);
#4477=VERTEX_POINT('',#15494);
#4478=VERTEX_POINT('',#15496);
#4479=VERTEX_POINT('',#15500);
#4480=VERTEX_POINT('',#15502);
#4481=VERTEX_POINT('',#15504);
#4482=VERTEX_POINT('',#15508);
#4483=VERTEX_POINT('',#15512);
#4484=VERTEX_POINT('',#15517);
#4485=VERTEX_POINT('',#15524);
#4486=VERTEX_POINT('',#15526);
#4487=VERTEX_POINT('',#15536);
#4488=VERTEX_POINT('',#15537);
#4489=VERTEX_POINT('',#15539);
#4490=VERTEX_POINT('',#15541);
#4491=VERTEX_POINT('',#15545);
#4492=VERTEX_POINT('',#15547);
#4493=VERTEX_POINT('',#15551);
#4494=VERTEX_POINT('',#15553);
#4495=VERTEX_POINT('',#15557);
#4496=VERTEX_POINT('',#15559);
#4497=VERTEX_POINT('',#15563);
#4498=VERTEX_POINT('',#15564);
#4499=VERTEX_POINT('',#15567);
#4500=VERTEX_POINT('',#15570);
#4501=VERTEX_POINT('',#15573);
#4502=VERTEX_POINT('',#15575);
#4503=VERTEX_POINT('',#15579);
#4504=VERTEX_POINT('',#15580);
#4505=VERTEX_POINT('',#15587);
#4506=VERTEX_POINT('',#15591);
#4507=VERTEX_POINT('',#15595);
#4508=VERTEX_POINT('',#15602);
#4509=VERTEX_POINT('',#15603);
#4510=VERTEX_POINT('',#15605);
#4511=VERTEX_POINT('',#15607);
#4512=VERTEX_POINT('',#15609);
#4513=VERTEX_POINT('',#15611);
#4514=VERTEX_POINT('',#15613);
#4515=VERTEX_POINT('',#15615);
#4516=VERTEX_POINT('',#15618);
#4517=VERTEX_POINT('',#15621);
#4518=VERTEX_POINT('',#15623);
#4519=VERTEX_POINT('',#15627);
#4520=VERTEX_POINT('',#15631);
#4521=VERTEX_POINT('',#15635);
#4522=VERTEX_POINT('',#15639);
#4523=VERTEX_POINT('',#15640);
#4524=VERTEX_POINT('',#15642);
#4525=VERTEX_POINT('',#15644);
#4526=VERTEX_POINT('',#15649);
#4527=VERTEX_POINT('',#15655);
#4528=VERTEX_POINT('',#15659);
#4529=VERTEX_POINT('',#15663);
#4530=VERTEX_POINT('',#15671);
#4531=VERTEX_POINT('',#15672);
#4532=VERTEX_POINT('',#15674);
#4533=VERTEX_POINT('',#15676);
#4534=VERTEX_POINT('',#15680);
#4535=VERTEX_POINT('',#15682);
#4536=VERTEX_POINT('',#15686);
#4537=VERTEX_POINT('',#15688);
#4538=VERTEX_POINT('',#15695);
#4539=VERTEX_POINT('',#15696);
#4540=VERTEX_POINT('',#15698);
#4541=VERTEX_POINT('',#15700);
#4542=VERTEX_POINT('',#15704);
#4543=VERTEX_POINT('',#15706);
#4544=VERTEX_POINT('',#15710);
#4545=VERTEX_POINT('',#15714);
#4546=VERTEX_POINT('',#15720);
#4547=VERTEX_POINT('',#15721);
#4548=VERTEX_POINT('',#15723);
#4549=VERTEX_POINT('',#15725);
#4550=VERTEX_POINT('',#15729);
#4551=VERTEX_POINT('',#15731);
#4552=VERTEX_POINT('',#15735);
#4553=VERTEX_POINT('',#15737);
#4554=VERTEX_POINT('',#15744);
#4555=VERTEX_POINT('',#15745);
#4556=VERTEX_POINT('',#15747);
#4557=VERTEX_POINT('',#15749);
#4558=VERTEX_POINT('',#15753);
#4559=VERTEX_POINT('',#15754);
#4560=VERTEX_POINT('',#15756);
#4561=VERTEX_POINT('',#15758);
#4562=VERTEX_POINT('',#15760);
#4563=VERTEX_POINT('',#15762);
#4564=VERTEX_POINT('',#15764);
#4565=VERTEX_POINT('',#15766);
#4566=VERTEX_POINT('',#15770);
#4567=VERTEX_POINT('',#15771);
#4568=VERTEX_POINT('',#15776);
#4569=VERTEX_POINT('',#15780);
#4570=VERTEX_POINT('',#15786);
#4571=VERTEX_POINT('',#15787);
#4572=VERTEX_POINT('',#15792);
#4573=VERTEX_POINT('',#15796);
#4574=VERTEX_POINT('',#15800);
#4575=VERTEX_POINT('',#15804);
#4576=VERTEX_POINT('',#15808);
#4577=VERTEX_POINT('',#15812);
#4578=VERTEX_POINT('',#15821);
#4579=VERTEX_POINT('',#15822);
#4580=VERTEX_POINT('',#15826);
#4581=VERTEX_POINT('',#15828);
#4582=VERTEX_POINT('',#15837);
#4583=VERTEX_POINT('',#15854);
#4584=VERTEX_POINT('',#15856);
#4585=VERTEX_POINT('',#15858);
#4586=VERTEX_POINT('',#15860);
#4587=VERTEX_POINT('',#15863);
#4588=VERTEX_POINT('',#15887);
#4589=VERTEX_POINT('',#15888);
#4590=VERTEX_POINT('',#15890);
#4591=VERTEX_POINT('',#15895);
#4592=VERTEX_POINT('',#15902);
#4593=VERTEX_POINT('',#15904);
#4594=VERTEX_POINT('',#15908);
#4595=VERTEX_POINT('',#15909);
#4596=VERTEX_POINT('',#15911);
#4597=VERTEX_POINT('',#15913);
#4598=VERTEX_POINT('',#15917);
#4599=VERTEX_POINT('',#15919);
#4600=VERTEX_POINT('',#15923);
#4601=VERTEX_POINT('',#15925);
#4602=VERTEX_POINT('',#15929);
#4603=VERTEX_POINT('',#15931);
#4604=VERTEX_POINT('',#15935);
#4605=VERTEX_POINT('',#15937);
#4606=VERTEX_POINT('',#15941);
#4607=VERTEX_POINT('',#15943);
#4608=VERTEX_POINT('',#15947);
#4609=VERTEX_POINT('',#15949);
#4610=VERTEX_POINT('',#15953);
#4611=VERTEX_POINT('',#15954);
#4612=VERTEX_POINT('',#15956);
#4613=VERTEX_POINT('',#15958);
#4614=VERTEX_POINT('',#15962);
#4615=VERTEX_POINT('',#15964);
#4616=VERTEX_POINT('',#15968);
#4617=VERTEX_POINT('',#15970);
#4618=VERTEX_POINT('',#15974);
#4619=VERTEX_POINT('',#15976);
#4620=VERTEX_POINT('',#15983);
#4621=VERTEX_POINT('',#15984);
#4622=VERTEX_POINT('',#15989);
#4623=VERTEX_POINT('',#15993);
#4624=VERTEX_POINT('',#15999);
#4625=VERTEX_POINT('',#16000);
#4626=VERTEX_POINT('',#16002);
#4627=VERTEX_POINT('',#16004);
#4628=VERTEX_POINT('',#16006);
#4629=VERTEX_POINT('',#16032);
#4630=VERTEX_POINT('',#16035);
#4631=VERTEX_POINT('',#16037);
#4632=VERTEX_POINT('',#16058);
#4633=VERTEX_POINT('',#16059);
#4634=VERTEX_POINT('',#16066);
#4635=VERTEX_POINT('',#16069);
#4636=VERTEX_POINT('',#16070);
#4637=VERTEX_POINT('',#16075);
#4638=VERTEX_POINT('',#16081);
#4639=VERTEX_POINT('',#16083);
#4640=VERTEX_POINT('',#16086);
#4641=VERTEX_POINT('',#16087);
#4642=VERTEX_POINT('',#16089);
#4643=VERTEX_POINT('',#16115);
#4644=VERTEX_POINT('',#16117);
#4645=VERTEX_POINT('',#16119);
#4646=VERTEX_POINT('',#16128);
#4647=VERTEX_POINT('',#16130);
#4648=VERTEX_POINT('',#16135);
#4649=VERTEX_POINT('',#16144);
#4650=VERTEX_POINT('',#16166);
#4651=VERTEX_POINT('',#16171);
#4652=VERTEX_POINT('',#16176);
#4653=VERTEX_POINT('',#16177);
#4654=VERTEX_POINT('',#16179);
#4655=VERTEX_POINT('',#16181);
#4656=VERTEX_POINT('',#16185);
#4657=VERTEX_POINT('',#16187);
#4658=VERTEX_POINT('',#16191);
#4659=VERTEX_POINT('',#16193);
#4660=VERTEX_POINT('',#16197);
#4661=VERTEX_POINT('',#16198);
#4662=VERTEX_POINT('',#16200);
#4663=VERTEX_POINT('',#16202);
#4664=VERTEX_POINT('',#16206);
#4665=VERTEX_POINT('',#16208);
#4666=VERTEX_POINT('',#16212);
#4667=VERTEX_POINT('',#16214);
#4668=VERTEX_POINT('',#16221);
#4669=VERTEX_POINT('',#16222);
#4670=VERTEX_POINT('',#16224);
#4671=VERTEX_POINT('',#16226);
#4672=VERTEX_POINT('',#16228);
#4673=VERTEX_POINT('',#16230);
#4674=VERTEX_POINT('',#16232);
#4675=VERTEX_POINT('',#16234);
#4676=VERTEX_POINT('',#16241);
#4677=VERTEX_POINT('',#16243);
#4678=VERTEX_POINT('',#16247);
#4679=VERTEX_POINT('',#16251);
#4680=VERTEX_POINT('',#16255);
#4681=VERTEX_POINT('',#16259);
#4682=VERTEX_POINT('',#16260);
#4683=VERTEX_POINT('',#16263);
#4684=VERTEX_POINT('',#16279);
#4685=VERTEX_POINT('',#16280);
#4686=VERTEX_POINT('',#16282);
#4687=VERTEX_POINT('',#16284);
#4688=VERTEX_POINT('',#16288);
#4689=VERTEX_POINT('',#16290);
#4690=VERTEX_POINT('',#16294);
#4691=VERTEX_POINT('',#16296);
#4692=VERTEX_POINT('',#16300);
#4693=VERTEX_POINT('',#16302);
#4694=VERTEX_POINT('',#16306);
#4695=VERTEX_POINT('',#16308);
#4696=VERTEX_POINT('',#16310);
#4697=VERTEX_POINT('',#16312);
#4698=VERTEX_POINT('',#16316);
#4699=VERTEX_POINT('',#16317);
#4700=VERTEX_POINT('',#16319);
#4701=VERTEX_POINT('',#16321);
#4702=VERTEX_POINT('',#16324);
#4703=VERTEX_POINT('',#16326);
#4704=VERTEX_POINT('',#16328);
#4705=VERTEX_POINT('',#16330);
#4706=VERTEX_POINT('',#16332);
#4707=VERTEX_POINT('',#16334);
#4708=VERTEX_POINT('',#16336);
#4709=VERTEX_POINT('',#16338);
#4710=VERTEX_POINT('',#16340);
#4711=VERTEX_POINT('',#16342);
#4712=VERTEX_POINT('',#16344);
#4713=VERTEX_POINT('',#16346);
#4714=VERTEX_POINT('',#16348);
#4715=VERTEX_POINT('',#16350);
#4716=VERTEX_POINT('',#16352);
#4717=VERTEX_POINT('',#16354);
#4718=VERTEX_POINT('',#16356);
#4719=VERTEX_POINT('',#16358);
#4720=VERTEX_POINT('',#16360);
#4721=VERTEX_POINT('',#16362);
#4722=VERTEX_POINT('',#16364);
#4723=VERTEX_POINT('',#16366);
#4724=VERTEX_POINT('',#16368);
#4725=VERTEX_POINT('',#16370);
#4726=VERTEX_POINT('',#16372);
#4727=VERTEX_POINT('',#16374);
#4728=VERTEX_POINT('',#16376);
#4729=VERTEX_POINT('',#16378);
#4730=VERTEX_POINT('',#16380);
#4731=VERTEX_POINT('',#16382);
#4732=VERTEX_POINT('',#16386);
#4733=VERTEX_POINT('',#16388);
#4734=VERTEX_POINT('',#16392);
#4735=VERTEX_POINT('',#16396);
#4736=VERTEX_POINT('',#16400);
#4737=VERTEX_POINT('',#16402);
#4738=VERTEX_POINT('',#16406);
#4739=VERTEX_POINT('',#16412);
#4740=VERTEX_POINT('',#16414);
#4741=VERTEX_POINT('',#16418);
#4742=VERTEX_POINT('',#16422);
#4743=VERTEX_POINT('',#16426);
#4744=VERTEX_POINT('',#16428);
#4745=VERTEX_POINT('',#16432);
#4746=VERTEX_POINT('',#16436);
#4747=VERTEX_POINT('',#16440);
#4748=VERTEX_POINT('',#16442);
#4749=VERTEX_POINT('',#16446);
#4750=VERTEX_POINT('',#16450);
#4751=VERTEX_POINT('',#16454);
#4752=VERTEX_POINT('',#16456);
#4753=VERTEX_POINT('',#16460);
#4754=VERTEX_POINT('',#16464);
#4755=VERTEX_POINT('',#16468);
#4756=VERTEX_POINT('',#16470);
#4757=VERTEX_POINT('',#16474);
#4758=VERTEX_POINT('',#16478);
#4759=VERTEX_POINT('',#16486);
#4760=VERTEX_POINT('',#16490);
#4761=VERTEX_POINT('',#16492);
#4762=VERTEX_POINT('',#16494);
#4763=VERTEX_POINT('',#16502);
#4764=VERTEX_POINT('',#16508);
#4765=VERTEX_POINT('',#16509);
#4766=VERTEX_POINT('',#16514);
#4767=VERTEX_POINT('',#16515);
#4768=VERTEX_POINT('',#16523);
#4769=VERTEX_POINT('',#16524);
#4770=VERTEX_POINT('',#16526);
#4771=VERTEX_POINT('',#16528);
#4772=VERTEX_POINT('',#16530);
#4773=VERTEX_POINT('',#16532);
#4774=VERTEX_POINT('',#16534);
#4775=VERTEX_POINT('',#16536);
#4776=VERTEX_POINT('',#16542);
#4777=VERTEX_POINT('',#16544);
#4778=VERTEX_POINT('',#16548);
#4779=VERTEX_POINT('',#16549);
#4780=VERTEX_POINT('',#16554);
#4781=VERTEX_POINT('',#16556);
#4782=VERTEX_POINT('',#16560);
#4783=VERTEX_POINT('',#16562);
#4784=VERTEX_POINT('',#16571);
#4785=VERTEX_POINT('',#16573);
#4786=VERTEX_POINT('',#16576);
#4787=VERTEX_POINT('',#16577);
#4788=VERTEX_POINT('',#16579);
#4789=VERTEX_POINT('',#16581);
#4790=VERTEX_POINT('',#16583);
#4791=VERTEX_POINT('',#16585);
#4792=VERTEX_POINT('',#16587);
#4793=VERTEX_POINT('',#16589);
#4794=VERTEX_POINT('',#16593);
#4795=VERTEX_POINT('',#16597);
#4796=VERTEX_POINT('',#16621);
#4797=VERTEX_POINT('',#16623);
#4798=VERTEX_POINT('',#16629);
#4799=VERTEX_POINT('',#16631);
#4800=VERTEX_POINT('',#16635);
#4801=VERTEX_POINT('',#16636);
#4802=VERTEX_POINT('',#16638);
#4803=VERTEX_POINT('',#16640);
#4804=VERTEX_POINT('',#16644);
#4805=VERTEX_POINT('',#16646);
#4806=VERTEX_POINT('',#16650);
#4807=VERTEX_POINT('',#16652);
#4808=VERTEX_POINT('',#16656);
#4809=VERTEX_POINT('',#16658);
#4810=VERTEX_POINT('',#16662);
#4811=VERTEX_POINT('',#16664);
#4812=VERTEX_POINT('',#16673);
#4813=VERTEX_POINT('',#16674);
#4814=VERTEX_POINT('',#16676);
#4815=VERTEX_POINT('',#16678);
#4816=VERTEX_POINT('',#16682);
#4817=VERTEX_POINT('',#16684);
#4818=VERTEX_POINT('',#16688);
#4819=VERTEX_POINT('',#16690);
#4820=VERTEX_POINT('',#16697);
#4821=VERTEX_POINT('',#16698);
#4822=VERTEX_POINT('',#16700);
#4823=VERTEX_POINT('',#16702);
#4824=VERTEX_POINT('',#16706);
#4825=VERTEX_POINT('',#16708);
#4826=VERTEX_POINT('',#16712);
#4827=VERTEX_POINT('',#16714);
#4828=VERTEX_POINT('',#16723);
#4829=VERTEX_POINT('',#16724);
#4830=VERTEX_POINT('',#16726);
#4831=VERTEX_POINT('',#16728);
#4832=VERTEX_POINT('',#16732);
#4833=VERTEX_POINT('',#16734);
#4834=VERTEX_POINT('',#16736);
#4835=VERTEX_POINT('',#16738);
#4836=VERTEX_POINT('',#16741);
#4837=VERTEX_POINT('',#16744);
#4838=VERTEX_POINT('',#16748);
#4839=VERTEX_POINT('',#16752);
#4840=VERTEX_POINT('',#16756);
#4841=VERTEX_POINT('',#16760);
#4842=VERTEX_POINT('',#16767);
#4843=VERTEX_POINT('',#16768);
#4844=VERTEX_POINT('',#16770);
#4845=VERTEX_POINT('',#16776);
#4846=VERTEX_POINT('',#16780);
#4847=VERTEX_POINT('',#16784);
#4848=VERTEX_POINT('',#16788);
#4849=VERTEX_POINT('',#16792);
#4850=VERTEX_POINT('',#16793);
#4851=VERTEX_POINT('',#16796);
#4852=VERTEX_POINT('',#16801);
#4853=VERTEX_POINT('',#16805);
#4854=VERTEX_POINT('',#16809);
#4855=VERTEX_POINT('',#16813);
#4856=VERTEX_POINT('',#16819);
#4857=VERTEX_POINT('',#16821);
#4858=VERTEX_POINT('',#16825);
#4859=VERTEX_POINT('',#16827);
#4860=VERTEX_POINT('',#16831);
#4861=VERTEX_POINT('',#16833);
#4862=VERTEX_POINT('',#16837);
#4863=VERTEX_POINT('',#16839);
#4864=VERTEX_POINT('',#16843);
#4865=VERTEX_POINT('',#16845);
#4866=VERTEX_POINT('',#16849);
#4867=VERTEX_POINT('',#16851);
#4868=VERTEX_POINT('',#16855);
#4869=VERTEX_POINT('',#16857);
#4870=VERTEX_POINT('',#16861);
#4871=VERTEX_POINT('',#16863);
#4872=VERTEX_POINT('',#16867);
#4873=VERTEX_POINT('',#16869);
#4874=VERTEX_POINT('',#16873);
#4875=VERTEX_POINT('',#16875);
#4876=VERTEX_POINT('',#16879);
#4877=VERTEX_POINT('',#16880);
#4878=VERTEX_POINT('',#16882);
#4879=VERTEX_POINT('',#16884);
#4880=VERTEX_POINT('',#16888);
#4881=VERTEX_POINT('',#16890);
#4882=VERTEX_POINT('',#16894);
#4883=VERTEX_POINT('',#16896);
#4884=VERTEX_POINT('',#16905);
#4885=VERTEX_POINT('',#16906);
#4886=VERTEX_POINT('',#16908);
#4887=VERTEX_POINT('',#16910);
#4888=VERTEX_POINT('',#16914);
#4889=VERTEX_POINT('',#16916);
#4890=VERTEX_POINT('',#16920);
#4891=VERTEX_POINT('',#16922);
#4892=VERTEX_POINT('',#16931);
#4893=VERTEX_POINT('',#16932);
#4894=VERTEX_POINT('',#16934);
#4895=VERTEX_POINT('',#16936);
#4896=VERTEX_POINT('',#16940);
#4897=VERTEX_POINT('',#16942);
#4898=VERTEX_POINT('',#16946);
#4899=VERTEX_POINT('',#16948);
#4900=VERTEX_POINT('',#16952);
#4901=VERTEX_POINT('',#16954);
#4902=VERTEX_POINT('',#16958);
#4903=VERTEX_POINT('',#16960);
#4904=VERTEX_POINT('',#16964);
#4905=VERTEX_POINT('',#16966);
#4906=VERTEX_POINT('',#16970);
#4907=VERTEX_POINT('',#16972);
#4908=VERTEX_POINT('',#16976);
#4909=VERTEX_POINT('',#16978);
#4910=VERTEX_POINT('',#16982);
#4911=VERTEX_POINT('',#16984);
#4912=VERTEX_POINT('',#16988);
#4913=VERTEX_POINT('',#16990);
#4914=VERTEX_POINT('',#16994);
#4915=VERTEX_POINT('',#16996);
#4916=VERTEX_POINT('',#17000);
#4917=VERTEX_POINT('',#17002);
#4918=VERTEX_POINT('',#17006);
#4919=VERTEX_POINT('',#17008);
#4920=VERTEX_POINT('',#17012);
#4921=VERTEX_POINT('',#17014);
#4922=VERTEX_POINT('',#17018);
#4923=VERTEX_POINT('',#17020);
#4924=VERTEX_POINT('',#17024);
#4925=VERTEX_POINT('',#17026);
#4926=VERTEX_POINT('',#17030);
#4927=VERTEX_POINT('',#17032);
#4928=VERTEX_POINT('',#17036);
#4929=VERTEX_POINT('',#17038);
#4930=VERTEX_POINT('',#17042);
#4931=VERTEX_POINT('',#17044);
#4932=VERTEX_POINT('',#17048);
#4933=VERTEX_POINT('',#17050);
#4934=VERTEX_POINT('',#17054);
#4935=VERTEX_POINT('',#17056);
#4936=VERTEX_POINT('',#17060);
#4937=VERTEX_POINT('',#17062);
#4938=VERTEX_POINT('',#17066);
#4939=VERTEX_POINT('',#17068);
#4940=VERTEX_POINT('',#17072);
#4941=VERTEX_POINT('',#17074);
#4942=VERTEX_POINT('',#17078);
#4943=VERTEX_POINT('',#17080);
#4944=VERTEX_POINT('',#17084);
#4945=VERTEX_POINT('',#17086);
#4946=VERTEX_POINT('',#17090);
#4947=VERTEX_POINT('',#17092);
#4948=VERTEX_POINT('',#17096);
#4949=VERTEX_POINT('',#17098);
#4950=VERTEX_POINT('',#17102);
#4951=VERTEX_POINT('',#17104);
#4952=VERTEX_POINT('',#17108);
#4953=VERTEX_POINT('',#17110);
#4954=VERTEX_POINT('',#17114);
#4955=VERTEX_POINT('',#17116);
#4956=VERTEX_POINT('',#17120);
#4957=VERTEX_POINT('',#17122);
#4958=VERTEX_POINT('',#17126);
#4959=VERTEX_POINT('',#17128);
#4960=VERTEX_POINT('',#17132);
#4961=VERTEX_POINT('',#17134);
#4962=VERTEX_POINT('',#17138);
#4963=VERTEX_POINT('',#17140);
#4964=VERTEX_POINT('',#17144);
#4965=VERTEX_POINT('',#17146);
#4966=VERTEX_POINT('',#17150);
#4967=VERTEX_POINT('',#17152);
#4968=VERTEX_POINT('',#17156);
#4969=VERTEX_POINT('',#17158);
#4970=VERTEX_POINT('',#17162);
#4971=VERTEX_POINT('',#17164);
#4972=VERTEX_POINT('',#17168);
#4973=VERTEX_POINT('',#17170);
#4974=VERTEX_POINT('',#17174);
#4975=VERTEX_POINT('',#17176);
#4976=VERTEX_POINT('',#17180);
#4977=VERTEX_POINT('',#17182);
#4978=VERTEX_POINT('',#17186);
#4979=VERTEX_POINT('',#17188);
#4980=VERTEX_POINT('',#17192);
#4981=VERTEX_POINT('',#17194);
#4982=VERTEX_POINT('',#17198);
#4983=VERTEX_POINT('',#17200);
#4984=VERTEX_POINT('',#17204);
#4985=VERTEX_POINT('',#17206);
#4986=VERTEX_POINT('',#17210);
#4987=VERTEX_POINT('',#17212);
#4988=VERTEX_POINT('',#17216);
#4989=VERTEX_POINT('',#17218);
#4990=VERTEX_POINT('',#17222);
#4991=VERTEX_POINT('',#17224);
#4992=VERTEX_POINT('',#17228);
#4993=VERTEX_POINT('',#17230);
#4994=VERTEX_POINT('',#17234);
#4995=VERTEX_POINT('',#17236);
#4996=VERTEX_POINT('',#17240);
#4997=VERTEX_POINT('',#17242);
#4998=VERTEX_POINT('',#17246);
#4999=VERTEX_POINT('',#17248);
#5000=VERTEX_POINT('',#17252);
#5001=VERTEX_POINT('',#17254);
#5002=VERTEX_POINT('',#17258);
#5003=VERTEX_POINT('',#17260);
#5004=VERTEX_POINT('',#17264);
#5005=VERTEX_POINT('',#17266);
#5006=VERTEX_POINT('',#17270);
#5007=VERTEX_POINT('',#17272);
#5008=VERTEX_POINT('',#17276);
#5009=VERTEX_POINT('',#17278);
#5010=VERTEX_POINT('',#17282);
#5011=VERTEX_POINT('',#17284);
#5012=VERTEX_POINT('',#17288);
#5013=VERTEX_POINT('',#17290);
#5014=VERTEX_POINT('',#17294);
#5015=VERTEX_POINT('',#17296);
#5016=VERTEX_POINT('',#17300);
#5017=VERTEX_POINT('',#17302);
#5018=VERTEX_POINT('',#17306);
#5019=VERTEX_POINT('',#17308);
#5020=VERTEX_POINT('',#17312);
#5021=VERTEX_POINT('',#17314);
#5022=VERTEX_POINT('',#17318);
#5023=VERTEX_POINT('',#17320);
#5024=VERTEX_POINT('',#17324);
#5025=VERTEX_POINT('',#17326);
#5026=VERTEX_POINT('',#17330);
#5027=VERTEX_POINT('',#17332);
#5028=VERTEX_POINT('',#17336);
#5029=VERTEX_POINT('',#17338);
#5030=VERTEX_POINT('',#17342);
#5031=VERTEX_POINT('',#17344);
#5032=VERTEX_POINT('',#17348);
#5033=VERTEX_POINT('',#17350);
#5034=VERTEX_POINT('',#17354);
#5035=VERTEX_POINT('',#17356);
#5036=VERTEX_POINT('',#17360);
#5037=VERTEX_POINT('',#17362);
#5038=VERTEX_POINT('',#17366);
#5039=VERTEX_POINT('',#17368);
#5040=VERTEX_POINT('',#17372);
#5041=VERTEX_POINT('',#17374);
#5042=VERTEX_POINT('',#17378);
#5043=VERTEX_POINT('',#17380);
#5044=VERTEX_POINT('',#17384);
#5045=VERTEX_POINT('',#17386);
#5046=VERTEX_POINT('',#17390);
#5047=VERTEX_POINT('',#17392);
#5048=VERTEX_POINT('',#17396);
#5049=VERTEX_POINT('',#17398);
#5050=VERTEX_POINT('',#17402);
#5051=VERTEX_POINT('',#17404);
#5052=VERTEX_POINT('',#17408);
#5053=VERTEX_POINT('',#17410);
#5054=VERTEX_POINT('',#17414);
#5055=VERTEX_POINT('',#17416);
#5056=VERTEX_POINT('',#17420);
#5057=VERTEX_POINT('',#17422);
#5058=VERTEX_POINT('',#17426);
#5059=VERTEX_POINT('',#17428);
#5060=VERTEX_POINT('',#17432);
#5061=VERTEX_POINT('',#17434);
#5062=VERTEX_POINT('',#17438);
#5063=VERTEX_POINT('',#17440);
#5064=VERTEX_POINT('',#17444);
#5065=VERTEX_POINT('',#17446);
#5066=VERTEX_POINT('',#17450);
#5067=VERTEX_POINT('',#17452);
#5068=VERTEX_POINT('',#17456);
#5069=VERTEX_POINT('',#17458);
#5070=VERTEX_POINT('',#17462);
#5071=VERTEX_POINT('',#17464);
#5072=VERTEX_POINT('',#17468);
#5073=VERTEX_POINT('',#17470);
#5074=VERTEX_POINT('',#17474);
#5075=VERTEX_POINT('',#17476);
#5076=VERTEX_POINT('',#17480);
#5077=VERTEX_POINT('',#17482);
#5078=VERTEX_POINT('',#17486);
#5079=VERTEX_POINT('',#17488);
#5080=VERTEX_POINT('',#17492);
#5081=VERTEX_POINT('',#17494);
#5082=VERTEX_POINT('',#17503);
#5083=VERTEX_POINT('',#17505);
#5084=VERTEX_POINT('',#17509);
#5085=VERTEX_POINT('',#17510);
#5086=VERTEX_POINT('',#17512);
#5087=VERTEX_POINT('',#17514);
#5088=VERTEX_POINT('',#17518);
#5089=VERTEX_POINT('',#17520);
#5090=VERTEX_POINT('',#17524);
#5091=VERTEX_POINT('',#17526);
#5092=VERTEX_POINT('',#17533);
#5093=VERTEX_POINT('',#17534);
#5094=VERTEX_POINT('',#17536);
#5095=VERTEX_POINT('',#17538);
#5096=VERTEX_POINT('',#17542);
#5097=VERTEX_POINT('',#17544);
#5098=VERTEX_POINT('',#17557);
#5099=VERTEX_POINT('',#17563);
#5100=VERTEX_POINT('',#17571);
#5101=VERTEX_POINT('',#17573);
#5102=VERTEX_POINT('',#17577);
#5103=VERTEX_POINT('',#17579);
#5104=VERTEX_POINT('',#17583);
#5105=VERTEX_POINT('',#17585);
#5106=VERTEX_POINT('',#17594);
#5107=VERTEX_POINT('',#17596);
#5108=VERTEX_POINT('',#17600);
#5109=VERTEX_POINT('',#17601);
#5110=VERTEX_POINT('',#17603);
#5111=VERTEX_POINT('',#17605);
#5112=VERTEX_POINT('',#17609);
#5113=VERTEX_POINT('',#17611);
#5114=VERTEX_POINT('',#17615);
#5115=VERTEX_POINT('',#17617);
#5116=VERTEX_POINT('',#17621);
#5117=VERTEX_POINT('',#17623);
#5118=VERTEX_POINT('',#17627);
#5119=VERTEX_POINT('',#17629);
#5120=VERTEX_POINT('',#17638);
#5121=VERTEX_POINT('',#17639);
#5122=VERTEX_POINT('',#17641);
#5123=VERTEX_POINT('',#17643);
#5124=VERTEX_POINT('',#17647);
#5125=VERTEX_POINT('',#17649);
#5126=VERTEX_POINT('',#17651);
#5127=VERTEX_POINT('',#17653);
#5128=VERTEX_POINT('',#17656);
#5129=VERTEX_POINT('',#17659);
#5130=VERTEX_POINT('',#17663);
#5131=VERTEX_POINT('',#17667);
#5132=VERTEX_POINT('',#17671);
#5133=VERTEX_POINT('',#17675);
#5134=VERTEX_POINT('',#17682);
#5135=VERTEX_POINT('',#17684);
#5136=VERTEX_POINT('',#17690);
#5137=VERTEX_POINT('',#17692);
#5138=VERTEX_POINT('',#17696);
#5139=VERTEX_POINT('',#17698);
#5140=VERTEX_POINT('',#17702);
#5141=VERTEX_POINT('',#17704);
#5142=VERTEX_POINT('',#17708);
#5143=VERTEX_POINT('',#17710);
#5144=VERTEX_POINT('',#17714);
#5145=VERTEX_POINT('',#17716);
#5146=VERTEX_POINT('',#17720);
#5147=VERTEX_POINT('',#17722);
#5148=VERTEX_POINT('',#17726);
#5149=VERTEX_POINT('',#17728);
#5150=VERTEX_POINT('',#17732);
#5151=VERTEX_POINT('',#17734);
#5152=VERTEX_POINT('',#17738);
#5153=VERTEX_POINT('',#17740);
#5154=VERTEX_POINT('',#17744);
#5155=VERTEX_POINT('',#17746);
#5156=VERTEX_POINT('',#17750);
#5157=VERTEX_POINT('',#17751);
#5158=VERTEX_POINT('',#17753);
#5159=VERTEX_POINT('',#17755);
#5160=VERTEX_POINT('',#17759);
#5161=VERTEX_POINT('',#17761);
#5162=VERTEX_POINT('',#17765);
#5163=VERTEX_POINT('',#17767);
#5164=VERTEX_POINT('',#17776);
#5165=VERTEX_POINT('',#17777);
#5166=VERTEX_POINT('',#17779);
#5167=VERTEX_POINT('',#17781);
#5168=VERTEX_POINT('',#17785);
#5169=VERTEX_POINT('',#17787);
#5170=VERTEX_POINT('',#17791);
#5171=VERTEX_POINT('',#17793);
#5172=VERTEX_POINT('',#17797);
#5173=VERTEX_POINT('',#17799);
#5174=VERTEX_POINT('',#17803);
#5175=VERTEX_POINT('',#17805);
#5176=VERTEX_POINT('',#17809);
#5177=VERTEX_POINT('',#17811);
#5178=VERTEX_POINT('',#17815);
#5179=VERTEX_POINT('',#17817);
#5180=VERTEX_POINT('',#17821);
#5181=VERTEX_POINT('',#17823);
#5182=VERTEX_POINT('',#17827);
#5183=VERTEX_POINT('',#17829);
#5184=VERTEX_POINT('',#17833);
#5185=VERTEX_POINT('',#17835);
#5186=VERTEX_POINT('',#17839);
#5187=VERTEX_POINT('',#17841);
#5188=VERTEX_POINT('',#17845);
#5189=VERTEX_POINT('',#17847);
#5190=VERTEX_POINT('',#17851);
#5191=VERTEX_POINT('',#17853);
#5192=VERTEX_POINT('',#17857);
#5193=VERTEX_POINT('',#17859);
#5194=VERTEX_POINT('',#17863);
#5195=VERTEX_POINT('',#17865);
#5196=VERTEX_POINT('',#17869);
#5197=VERTEX_POINT('',#17871);
#5198=VERTEX_POINT('',#17875);
#5199=VERTEX_POINT('',#17877);
#5200=VERTEX_POINT('',#17881);
#5201=VERTEX_POINT('',#17883);
#5202=VERTEX_POINT('',#17887);
#5203=VERTEX_POINT('',#17889);
#5204=VERTEX_POINT('',#17893);
#5205=VERTEX_POINT('',#17895);
#5206=VERTEX_POINT('',#17899);
#5207=VERTEX_POINT('',#17901);
#5208=VERTEX_POINT('',#17905);
#5209=VERTEX_POINT('',#17907);
#5210=VERTEX_POINT('',#17911);
#5211=VERTEX_POINT('',#17913);
#5212=VERTEX_POINT('',#17917);
#5213=VERTEX_POINT('',#17919);
#5214=VERTEX_POINT('',#17923);
#5215=VERTEX_POINT('',#17925);
#5216=VERTEX_POINT('',#17929);
#5217=VERTEX_POINT('',#17931);
#5218=VERTEX_POINT('',#17935);
#5219=VERTEX_POINT('',#17937);
#5220=VERTEX_POINT('',#17941);
#5221=VERTEX_POINT('',#17943);
#5222=VERTEX_POINT('',#17947);
#5223=VERTEX_POINT('',#17949);
#5224=VERTEX_POINT('',#17953);
#5225=VERTEX_POINT('',#17955);
#5226=VERTEX_POINT('',#17959);
#5227=VERTEX_POINT('',#17961);
#5228=VERTEX_POINT('',#17965);
#5229=VERTEX_POINT('',#17967);
#5230=VERTEX_POINT('',#17971);
#5231=VERTEX_POINT('',#17973);
#5232=VERTEX_POINT('',#17977);
#5233=VERTEX_POINT('',#17979);
#5234=VERTEX_POINT('',#17983);
#5235=VERTEX_POINT('',#17985);
#5236=VERTEX_POINT('',#17989);
#5237=VERTEX_POINT('',#17991);
#5238=VERTEX_POINT('',#17995);
#5239=VERTEX_POINT('',#17997);
#5240=VERTEX_POINT('',#18001);
#5241=VERTEX_POINT('',#18003);
#5242=VERTEX_POINT('',#18007);
#5243=VERTEX_POINT('',#18009);
#5244=VERTEX_POINT('',#18013);
#5245=VERTEX_POINT('',#18015);
#5246=VERTEX_POINT('',#18019);
#5247=VERTEX_POINT('',#18021);
#5248=VERTEX_POINT('',#18025);
#5249=VERTEX_POINT('',#18027);
#5250=VERTEX_POINT('',#18031);
#5251=VERTEX_POINT('',#18033);
#5252=VERTEX_POINT('',#18037);
#5253=VERTEX_POINT('',#18039);
#5254=VERTEX_POINT('',#18043);
#5255=VERTEX_POINT('',#18045);
#5256=VERTEX_POINT('',#18049);
#5257=VERTEX_POINT('',#18051);
#5258=VERTEX_POINT('',#18055);
#5259=VERTEX_POINT('',#18057);
#5260=VERTEX_POINT('',#18061);
#5261=VERTEX_POINT('',#18063);
#5262=VERTEX_POINT('',#18067);
#5263=VERTEX_POINT('',#18069);
#5264=VERTEX_POINT('',#18073);
#5265=VERTEX_POINT('',#18075);
#5266=VERTEX_POINT('',#18079);
#5267=VERTEX_POINT('',#18081);
#5268=VERTEX_POINT('',#18085);
#5269=VERTEX_POINT('',#18087);
#5270=VERTEX_POINT('',#18091);
#5271=VERTEX_POINT('',#18093);
#5272=VERTEX_POINT('',#18097);
#5273=VERTEX_POINT('',#18099);
#5274=VERTEX_POINT('',#18103);
#5275=VERTEX_POINT('',#18105);
#5276=VERTEX_POINT('',#18109);
#5277=VERTEX_POINT('',#18111);
#5278=VERTEX_POINT('',#18115);
#5279=VERTEX_POINT('',#18117);
#5280=VERTEX_POINT('',#18121);
#5281=VERTEX_POINT('',#18123);
#5282=VERTEX_POINT('',#18127);
#5283=VERTEX_POINT('',#18129);
#5284=VERTEX_POINT('',#18133);
#5285=VERTEX_POINT('',#18135);
#5286=VERTEX_POINT('',#18139);
#5287=VERTEX_POINT('',#18141);
#5288=VERTEX_POINT('',#18145);
#5289=VERTEX_POINT('',#18147);
#5290=VERTEX_POINT('',#18151);
#5291=VERTEX_POINT('',#18153);
#5292=VERTEX_POINT('',#18157);
#5293=VERTEX_POINT('',#18159);
#5294=VERTEX_POINT('',#18163);
#5295=VERTEX_POINT('',#18165);
#5296=VERTEX_POINT('',#18169);
#5297=VERTEX_POINT('',#18171);
#5298=VERTEX_POINT('',#18175);
#5299=VERTEX_POINT('',#18177);
#5300=VERTEX_POINT('',#18181);
#5301=VERTEX_POINT('',#18183);
#5302=VERTEX_POINT('',#18187);
#5303=VERTEX_POINT('',#18189);
#5304=VERTEX_POINT('',#18193);
#5305=VERTEX_POINT('',#18195);
#5306=VERTEX_POINT('',#18199);
#5307=VERTEX_POINT('',#18201);
#5308=VERTEX_POINT('',#18205);
#5309=VERTEX_POINT('',#18207);
#5310=VERTEX_POINT('',#18211);
#5311=VERTEX_POINT('',#18213);
#5312=VERTEX_POINT('',#18217);
#5313=VERTEX_POINT('',#18219);
#5314=VERTEX_POINT('',#18223);
#5315=VERTEX_POINT('',#18225);
#5316=VERTEX_POINT('',#18229);
#5317=VERTEX_POINT('',#18231);
#5318=VERTEX_POINT('',#18235);
#5319=VERTEX_POINT('',#18237);
#5320=VERTEX_POINT('',#18241);
#5321=VERTEX_POINT('',#18243);
#5322=VERTEX_POINT('',#18247);
#5323=VERTEX_POINT('',#18249);
#5324=VERTEX_POINT('',#18253);
#5325=VERTEX_POINT('',#18255);
#5326=VERTEX_POINT('',#18259);
#5327=VERTEX_POINT('',#18261);
#5328=VERTEX_POINT('',#18265);
#5329=VERTEX_POINT('',#18267);
#5330=VERTEX_POINT('',#18271);
#5331=VERTEX_POINT('',#18273);
#5332=VERTEX_POINT('',#18277);
#5333=VERTEX_POINT('',#18279);
#5334=VERTEX_POINT('',#18283);
#5335=VERTEX_POINT('',#18285);
#5336=VERTEX_POINT('',#18289);
#5337=VERTEX_POINT('',#18291);
#5338=VERTEX_POINT('',#18295);
#5339=VERTEX_POINT('',#18297);
#5340=VERTEX_POINT('',#18301);
#5341=VERTEX_POINT('',#18303);
#5342=VERTEX_POINT('',#18307);
#5343=VERTEX_POINT('',#18309);
#5344=VERTEX_POINT('',#18313);
#5345=VERTEX_POINT('',#18315);
#5346=VERTEX_POINT('',#18319);
#5347=VERTEX_POINT('',#18321);
#5348=VERTEX_POINT('',#18325);
#5349=VERTEX_POINT('',#18327);
#5350=VERTEX_POINT('',#18331);
#5351=VERTEX_POINT('',#18333);
#5352=VERTEX_POINT('',#18337);
#5353=VERTEX_POINT('',#18339);
#5354=VERTEX_POINT('',#18348);
#5355=VERTEX_POINT('',#18350);
#5356=VERTEX_POINT('',#18354);
#5357=VERTEX_POINT('',#18355);
#5358=VERTEX_POINT('',#18357);
#5359=VERTEX_POINT('',#18359);
#5360=VERTEX_POINT('',#18363);
#5361=VERTEX_POINT('',#18365);
#5362=VERTEX_POINT('',#18369);
#5363=VERTEX_POINT('',#18371);
#5364=VERTEX_POINT('',#18378);
#5365=VERTEX_POINT('',#18379);
#5366=VERTEX_POINT('',#18381);
#5367=VERTEX_POINT('',#18383);
#5368=VERTEX_POINT('',#18387);
#5369=VERTEX_POINT('',#18389);
#5370=VERTEX_POINT('',#18402);
#5371=VERTEX_POINT('',#18408);
#5372=VERTEX_POINT('',#18416);
#5373=VERTEX_POINT('',#18418);
#5374=VERTEX_POINT('',#18422);
#5375=VERTEX_POINT('',#18424);
#5376=VERTEX_POINT('',#18428);
#5377=VERTEX_POINT('',#18430);
#5378=VERTEX_POINT('',#18439);
#5379=VERTEX_POINT('',#18441);
#5380=VERTEX_POINT('',#18445);
#5381=VERTEX_POINT('',#18446);
#5382=VERTEX_POINT('',#18448);
#5383=VERTEX_POINT('',#18450);
#5384=VERTEX_POINT('',#18454);
#5385=VERTEX_POINT('',#18456);
#5386=VERTEX_POINT('',#18460);
#5387=VERTEX_POINT('',#18462);
#5388=VERTEX_POINT('',#18466);
#5389=VERTEX_POINT('',#18468);
#5390=VERTEX_POINT('',#18472);
#5391=VERTEX_POINT('',#18474);
#5392=VERTEX_POINT('',#18483);
#5393=VERTEX_POINT('',#18485);
#5394=VERTEX_POINT('',#18489);
#5395=VERTEX_POINT('',#18490);
#5396=VERTEX_POINT('',#18492);
#5397=VERTEX_POINT('',#18494);
#5398=VERTEX_POINT('',#18498);
#5399=VERTEX_POINT('',#18500);
#5400=VERTEX_POINT('',#18504);
#5401=VERTEX_POINT('',#18506);
#5402=VERTEX_POINT('',#18510);
#5403=VERTEX_POINT('',#18512);
#5404=VERTEX_POINT('',#18516);
#5405=VERTEX_POINT('',#18518);
#5406=VERTEX_POINT('',#18527);
#5407=VERTEX_POINT('',#18529);
#5408=VERTEX_POINT('',#18533);
#5409=VERTEX_POINT('',#18534);
#5410=VERTEX_POINT('',#18536);
#5411=VERTEX_POINT('',#18538);
#5412=VERTEX_POINT('',#18542);
#5413=VERTEX_POINT('',#18544);
#5414=VERTEX_POINT('',#18548);
#5415=VERTEX_POINT('',#18550);
#5416=VERTEX_POINT('',#18554);
#5417=VERTEX_POINT('',#18556);
#5418=VERTEX_POINT('',#18560);
#5419=VERTEX_POINT('',#18562);
#5420=VERTEX_POINT('',#18571);
#5421=VERTEX_POINT('',#18573);
#5422=VERTEX_POINT('',#18577);
#5423=VERTEX_POINT('',#18578);
#5424=VERTEX_POINT('',#18580);
#5425=VERTEX_POINT('',#18582);
#5426=VERTEX_POINT('',#18586);
#5427=VERTEX_POINT('',#18588);
#5428=VERTEX_POINT('',#18592);
#5429=VERTEX_POINT('',#18594);
#5430=VERTEX_POINT('',#18598);
#5431=VERTEX_POINT('',#18600);
#5432=VERTEX_POINT('',#18604);
#5433=VERTEX_POINT('',#18606);
#5434=EDGE_CURVE('',#4407,#4408,#2067,.T.);
#5435=EDGE_CURVE('',#4409,#4407,#2068,.T.);
#5436=EDGE_CURVE('',#4410,#4409,#2069,.T.);
#5437=EDGE_CURVE('',#4410,#4408,#2070,.T.);
#5438=EDGE_CURVE('',#4408,#4411,#2071,.T.);
#5439=EDGE_CURVE('',#4412,#4410,#2072,.T.);
#5440=EDGE_CURVE('',#4412,#4411,#2073,.T.);
#5441=EDGE_CURVE('',#4411,#4413,#2074,.T.);
#5442=EDGE_CURVE('',#4414,#4412,#2075,.T.);
#5443=EDGE_CURVE('',#4414,#4413,#2076,.T.);
#5444=EDGE_CURVE('',#4413,#4407,#2077,.T.);
#5445=EDGE_CURVE('',#4409,#4414,#2078,.T.);
#5446=EDGE_CURVE('',#4415,#4416,#2079,.T.);
#5447=EDGE_CURVE('',#4416,#4417,#2080,.T.);
#5448=EDGE_CURVE('',#4418,#4417,#2081,.T.);
#5449=EDGE_CURVE('',#4415,#4418,#2082,.T.);
#5450=EDGE_CURVE('',#4419,#4415,#2083,.T.);
#5451=EDGE_CURVE('',#4420,#4418,#2084,.T.);
#5452=EDGE_CURVE('',#4419,#4420,#2085,.T.);
#5453=EDGE_CURVE('',#4421,#4419,#2086,.T.);
#5454=EDGE_CURVE('',#4422,#4420,#2087,.T.);
#5455=EDGE_CURVE('',#4421,#4422,#2088,.T.);
#5456=EDGE_CURVE('',#4416,#4421,#2089,.T.);
#5457=EDGE_CURVE('',#4417,#4422,#2090,.T.);
#5458=EDGE_CURVE('',#4423,#4424,#2091,.T.);
#5459=EDGE_CURVE('',#4423,#4425,#2092,.T.);
#5460=EDGE_CURVE('',#4426,#4425,#2093,.T.);
#5461=EDGE_CURVE('',#4424,#4426,#2094,.T.);
#5462=EDGE_CURVE('',#4427,#4424,#2095,.T.);
#5463=EDGE_CURVE('',#4428,#4426,#2096,.T.);
#5464=EDGE_CURVE('',#4427,#4428,#2097,.T.);
#5465=EDGE_CURVE('',#4429,#4427,#2098,.T.);
#5466=EDGE_CURVE('',#4430,#4428,#2099,.T.);
#5467=EDGE_CURVE('',#4429,#4430,#2100,.T.);
#5468=EDGE_CURVE('',#4431,#4429,#2101,.T.);
#5469=EDGE_CURVE('',#4432,#4430,#2102,.T.);
#5470=EDGE_CURVE('',#4431,#4432,#2103,.T.);
#5471=EDGE_CURVE('',#4431,#4433,#2104,.T.);
#5472=EDGE_CURVE('',#4434,#4432,#2105,.T.);
#5473=EDGE_CURVE('',#4433,#4434,#2106,.T.);
#5474=EDGE_CURVE('',#4435,#4433,#2107,.T.);
#5475=EDGE_CURVE('',#4436,#4434,#2108,.T.);
#5476=EDGE_CURVE('',#4435,#4436,#2109,.T.);
#5477=EDGE_CURVE('',#4437,#4435,#2110,.T.);
#5478=EDGE_CURVE('',#4438,#4436,#2111,.T.);
#5479=EDGE_CURVE('',#4437,#4438,#2112,.T.);
#5480=EDGE_CURVE('',#4423,#4437,#2113,.T.);
#5481=EDGE_CURVE('',#4425,#4438,#2114,.T.);
#5482=EDGE_CURVE('',#4439,#4440,#104,.T.);
#5483=EDGE_CURVE('',#4440,#4441,#2115,.T.);
#5484=EDGE_CURVE('',#4441,#4442,#105,.T.);
#5485=EDGE_CURVE('',#4442,#4439,#2116,.T.);
#5486=EDGE_CURVE('',#4443,#4444,#106,.T.);
#5487=EDGE_CURVE('',#4444,#4445,#2117,.T.);
#5488=EDGE_CURVE('',#4445,#4446,#107,.T.);
#5489=EDGE_CURVE('',#4446,#4443,#2118,.T.);
#5490=EDGE_CURVE('',#4447,#4448,#108,.T.);
#5491=EDGE_CURVE('',#4448,#4446,#109,.T.);
#5492=EDGE_CURVE('',#4445,#4447,#110,.T.);
#5493=EDGE_CURVE('',#4449,#4441,#111,.T.);
#5494=EDGE_CURVE('',#4441,#4448,#2119,.T.);
#5495=EDGE_CURVE('',#4447,#4449,#2120,.T.);
#5496=EDGE_CURVE('',#4449,#4442,#112,.T.);
#5497=EDGE_CURVE('',#4450,#4442,#2121,.T.);
#5498=EDGE_CURVE('',#4451,#4450,#113,.T.);
#5499=EDGE_CURVE('',#4451,#4439,#2122,.T.);
#5500=EDGE_CURVE('',#4449,#4452,#2123,.T.);
#5501=EDGE_CURVE('',#4450,#4452,#114,.T.);
#5502=EDGE_CURVE('',#4453,#4447,#2124,.T.);
#5503=EDGE_CURVE('',#4452,#4453,#2125,.T.);
#5504=EDGE_CURVE('',#4454,#4445,#2126,.T.);
#5505=EDGE_CURVE('',#4453,#4454,#115,.T.);
#5506=EDGE_CURVE('',#4455,#4444,#2127,.T.);
#5507=EDGE_CURVE('',#4454,#4455,#2128,.T.);
#5508=EDGE_CURVE('',#4456,#4443,#2129,.T.);
#5509=EDGE_CURVE('',#4457,#4456,#2130,.T.);
#5510=EDGE_CURVE('',#4455,#4457,#116,.T.);
#5511=EDGE_CURVE('',#4458,#4451,#71,.T.);
#5512=EDGE_CURVE('',#4452,#4458,#117,.T.);
#5513=EDGE_CURVE('',#4458,#4459,#72,.T.);
#5514=EDGE_CURVE('',#4459,#4460,#2131,.T.);
#5515=EDGE_CURVE('',#4440,#4460,#73,.T.);
#5516=EDGE_CURVE('',#4459,#4453,#118,.T.);
#5517=EDGE_CURVE('',#4457,#4461,#2132,.T.);
#5518=EDGE_CURVE('',#4461,#4454,#119,.T.);
#5519=EDGE_CURVE('',#4459,#4461,#120,.T.);
#5520=EDGE_CURVE('',#4462,#4456,#2133,.T.);
#5521=EDGE_CURVE('',#4461,#4462,#2134,.T.);
#5522=EDGE_CURVE('',#4460,#4462,#121,.T.);
#5523=EDGE_CURVE('',#4463,#4464,#122,.T.);
#5524=EDGE_CURVE('',#4464,#4465,#2135,.T.);
#5525=EDGE_CURVE('',#4465,#4466,#123,.T.);
#5526=EDGE_CURVE('',#4466,#4463,#2136,.T.);
#5527=EDGE_CURVE('',#4463,#4467,#2137,.T.);
#5528=EDGE_CURVE('',#4468,#4467,#74,.T.);
#5529=EDGE_CURVE('',#4469,#4468,#2138,.T.);
#5530=EDGE_CURVE('',#4464,#4469,#75,.T.);
#5531=EDGE_CURVE('',#4466,#4470,#2139,.T.);
#5532=EDGE_CURVE('',#4467,#4470,#2140,.T.);
#5533=EDGE_CURVE('',#4469,#4471,#124,.T.);
#5534=EDGE_CURVE('',#4472,#4468,#125,.T.);
#5535=EDGE_CURVE('',#4471,#4472,#2141,.T.);
#5536=EDGE_CURVE('',#4473,#4471,#2142,.T.);
#5537=EDGE_CURVE('',#4474,#4472,#2143,.T.);
#5538=EDGE_CURVE('',#4473,#4474,#2144,.T.);
#5539=EDGE_CURVE('',#4473,#4465,#2145,.T.);
#5540=EDGE_CURVE('',#4470,#4474,#2146,.T.);
#5541=EDGE_CURVE('',#4475,#4476,#126,.T.);
#5542=EDGE_CURVE('',#4476,#4477,#2147,.T.);
#5543=EDGE_CURVE('',#4477,#4478,#127,.T.);
#5544=EDGE_CURVE('',#4478,#4475,#2148,.T.);
#5545=EDGE_CURVE('',#4477,#4479,#2149,.T.);
#5546=EDGE_CURVE('',#4479,#4480,#2150,.T.);
#5547=EDGE_CURVE('',#4481,#4480,#2151,.T.);
#5548=EDGE_CURVE('',#4481,#4478,#2152,.T.);
#5549=EDGE_CURVE('',#4476,#4482,#2153,.T.);
#5550=EDGE_CURVE('',#4482,#4479,#2154,.T.);
#5551=EDGE_CURVE('',#4475,#4483,#76,.T.);
#5552=EDGE_CURVE('',#4483,#4484,#2155,.T.);
#5553=EDGE_CURVE('',#4484,#4482,#77,.T.);
#5554=EDGE_CURVE('',#4483,#4485,#128,.T.);
#5555=EDGE_CURVE('',#4485,#4486,#2156,.T.);
#5556=EDGE_CURVE('',#4486,#4484,#129,.T.);
#5557=EDGE_CURVE('',#4481,#4485,#2157,.T.);
#5558=EDGE_CURVE('',#4480,#4486,#2158,.T.);
#5559=EDGE_CURVE('',#4487,#4488,#2159,.T.);
#5560=EDGE_CURVE('',#4489,#4487,#2160,.T.);
#5561=EDGE_CURVE('',#4490,#4489,#2161,.T.);
#5562=EDGE_CURVE('',#4490,#4488,#2162,.T.);
#5563=EDGE_CURVE('',#4488,#4491,#2163,.T.);
#5564=EDGE_CURVE('',#4492,#4490,#2164,.T.);
#5565=EDGE_CURVE('',#4492,#4491,#2165,.T.);
#5566=EDGE_CURVE('',#4491,#4493,#2166,.T.);
#5567=EDGE_CURVE('',#4494,#4492,#2167,.T.);
#5568=EDGE_CURVE('',#4494,#4493,#2168,.T.);
#5569=EDGE_CURVE('',#4493,#4495,#2169,.T.);
#5570=EDGE_CURVE('',#4496,#4494,#2170,.T.);
#5571=EDGE_CURVE('',#4496,#4495,#2171,.T.);
#5572=EDGE_CURVE('',#4497,#4498,#2172,.T.);
#5573=EDGE_CURVE('',#4498,#4496,#2173,.T.);
#5574=EDGE_CURVE('',#4489,#4499,#2174,.T.);
#5575=EDGE_CURVE('',#4499,#4497,#2175,.T.);
#5576=EDGE_CURVE('',#4500,#4500,#130,.T.);
#5577=EDGE_CURVE('',#4501,#4501,#131,.T.);
#5578=EDGE_CURVE('',#4501,#4502,#132,.T.);
#5579=EDGE_CURVE('',#4502,#4502,#133,.T.);
#5580=EDGE_CURVE('',#4503,#4504,#134,.T.);
#5581=EDGE_CURVE('',#4503,#4500,#2176,.T.);
#5582=EDGE_CURVE('',#4504,#4503,#135,.T.);
#5583=EDGE_CURVE('',#4504,#4501,#136,.T.);
#5584=EDGE_CURVE('',#4495,#4505,#2177,.T.);
#5585=EDGE_CURVE('',#4505,#4498,#2178,.T.);
#5586=EDGE_CURVE('',#4505,#4506,#2179,.T.);
#5587=EDGE_CURVE('',#4497,#4506,#2180,.T.);
#5588=EDGE_CURVE('',#4506,#4507,#2181,.T.);
#5589=EDGE_CURVE('',#4499,#4507,#2182,.T.);
#5590=EDGE_CURVE('',#4507,#4487,#2183,.T.);
#5591=EDGE_CURVE('',#4508,#4509,#2184,.T.);
#5592=EDGE_CURVE('',#4510,#4508,#2185,.T.);
#5593=EDGE_CURVE('',#4511,#4510,#2186,.T.);
#5594=EDGE_CURVE('',#4512,#4511,#2187,.T.);
#5595=EDGE_CURVE('',#4513,#4512,#2188,.T.);
#5596=EDGE_CURVE('',#4514,#4513,#2189,.T.);
#5597=EDGE_CURVE('',#4515,#4514,#2190,.T.);
#5598=EDGE_CURVE('',#4509,#4515,#2191,.T.);
#5599=EDGE_CURVE('',#4516,#4516,#137,.T.);
#5600=EDGE_CURVE('',#4512,#4517,#2192,.T.);
#5601=EDGE_CURVE('',#4518,#4517,#2193,.T.);
#5602=EDGE_CURVE('',#4513,#4518,#2194,.T.);
#5603=EDGE_CURVE('',#4511,#4519,#2195,.T.);
#5604=EDGE_CURVE('',#4517,#4519,#2196,.T.);
#5605=EDGE_CURVE('',#4510,#4520,#2197,.T.);
#5606=EDGE_CURVE('',#4519,#4520,#2198,.T.);
#5607=EDGE_CURVE('',#4508,#4521,#2199,.T.);
#5608=EDGE_CURVE('',#4520,#4521,#2200,.T.);
#5609=EDGE_CURVE('',#4522,#4523,#138,.T.);
#5610=EDGE_CURVE('',#4523,#4524,#139,.T.);
#5611=EDGE_CURVE('',#4524,#4525,#140,.T.);
#5612=EDGE_CURVE('',#4525,#4524,#141,.T.);
#5613=EDGE_CURVE('',#4523,#4522,#142,.T.);
#5614=EDGE_CURVE('',#4526,#4526,#143,.T.);
#5615=EDGE_CURVE('',#4526,#4522,#2201,.T.);
#5616=EDGE_CURVE('',#4516,#4525,#144,.T.);
#5617=EDGE_CURVE('',#4527,#4509,#2202,.T.);
#5618=EDGE_CURVE('',#4521,#4527,#2203,.T.);
#5619=EDGE_CURVE('',#4528,#4518,#2204,.T.);
#5620=EDGE_CURVE('',#4514,#4528,#2205,.T.);
#5621=EDGE_CURVE('',#4529,#4528,#2206,.T.);
#5622=EDGE_CURVE('',#4515,#4529,#2207,.T.);
#5623=EDGE_CURVE('',#4527,#4529,#2208,.T.);
#5624=EDGE_CURVE('',#4530,#4531,#2209,.T.);
#5625=EDGE_CURVE('',#4531,#4532,#2210,.T.);
#5626=EDGE_CURVE('',#4532,#4533,#2211,.T.);
#5627=EDGE_CURVE('',#4530,#4533,#2212,.T.);
#5628=EDGE_CURVE('',#4534,#4530,#2213,.T.);
#5629=EDGE_CURVE('',#4533,#4535,#2214,.T.);
#5630=EDGE_CURVE('',#4534,#4535,#2215,.T.);
#5631=EDGE_CURVE('',#4531,#4536,#2216,.T.);
#5632=EDGE_CURVE('',#4536,#4537,#2217,.T.);
#5633=EDGE_CURVE('',#4537,#4532,#2218,.T.);
#5634=EDGE_CURVE('',#4536,#4534,#2219,.T.);
#5635=EDGE_CURVE('',#4535,#4537,#2220,.T.);
#5636=EDGE_CURVE('',#4538,#4539,#2221,.T.);
#5637=EDGE_CURVE('',#4540,#4538,#2222,.T.);
#5638=EDGE_CURVE('',#4541,#4540,#2223,.T.);
#5639=EDGE_CURVE('',#4539,#4541,#2224,.T.);
#5640=EDGE_CURVE('',#4538,#4542,#2225,.T.);
#5641=EDGE_CURVE('',#4543,#4542,#2226,.T.);
#5642=EDGE_CURVE('',#4540,#4543,#2227,.T.);
#5643=EDGE_CURVE('',#4539,#4544,#2228,.T.);
#5644=EDGE_CURVE('',#4542,#4544,#2229,.T.);
#5645=EDGE_CURVE('',#4545,#4543,#2230,.T.);
#5646=EDGE_CURVE('',#4541,#4545,#2231,.T.);
#5647=EDGE_CURVE('',#4544,#4545,#2232,.T.);
#5648=EDGE_CURVE('',#4546,#4547,#2233,.T.);
#5649=EDGE_CURVE('',#4548,#4546,#2234,.T.);
#5650=EDGE_CURVE('',#4549,#4548,#2235,.T.);
#5651=EDGE_CURVE('',#4549,#4547,#2236,.T.);
#5652=EDGE_CURVE('',#4547,#4550,#2237,.T.);
#5653=EDGE_CURVE('',#4551,#4549,#2238,.T.);
#5654=EDGE_CURVE('',#4551,#4550,#2239,.T.);
#5655=EDGE_CURVE('',#4550,#4552,#2240,.T.);
#5656=EDGE_CURVE('',#4553,#4551,#2241,.T.);
#5657=EDGE_CURVE('',#4553,#4552,#2242,.T.);
#5658=EDGE_CURVE('',#4552,#4546,#2243,.T.);
#5659=EDGE_CURVE('',#4548,#4553,#2244,.T.);
#5660=EDGE_CURVE('',#4554,#4555,#2245,.T.);
#5661=EDGE_CURVE('',#4556,#4554,#2246,.T.);
#5662=EDGE_CURVE('',#4557,#4556,#2247,.T.);
#5663=EDGE_CURVE('',#4555,#4557,#2248,.T.);
#5664=EDGE_CURVE('',#4558,#4559,#2249,.T.);
#5665=EDGE_CURVE('',#4559,#4560,#2250,.T.);
#5666=EDGE_CURVE('',#4560,#4561,#2251,.T.);
#5667=EDGE_CURVE('',#4561,#4562,#2252,.T.);
#5668=EDGE_CURVE('',#4562,#4563,#2253,.T.);
#5669=EDGE_CURVE('',#4563,#4564,#2254,.T.);
#5670=EDGE_CURVE('',#4564,#4565,#2255,.T.);
#5671=EDGE_CURVE('',#4565,#4558,#2256,.T.);
#5672=EDGE_CURVE('',#4566,#4567,#2257,.T.);
#5673=EDGE_CURVE('',#4566,#4556,#2258,.T.);
#5674=EDGE_CURVE('',#4567,#4554,#2259,.T.);
#5675=EDGE_CURVE('',#4568,#4566,#2260,.T.);
#5676=EDGE_CURVE('',#4568,#4557,#2261,.T.);
#5677=EDGE_CURVE('',#4569,#4568,#2262,.T.);
#5678=EDGE_CURVE('',#4569,#4555,#2263,.T.);
#5679=EDGE_CURVE('',#4567,#4569,#2264,.T.);
#5680=EDGE_CURVE('',#4570,#4571,#2265,.T.);
#5681=EDGE_CURVE('',#4570,#4558,#2266,.T.);
#5682=EDGE_CURVE('',#4571,#4565,#2267,.T.);
#5683=EDGE_CURVE('',#4572,#4571,#2268,.T.);
#5684=EDGE_CURVE('',#4572,#4564,#2269,.T.);
#5685=EDGE_CURVE('',#4573,#4572,#2270,.T.);
#5686=EDGE_CURVE('',#4573,#4563,#2271,.T.);
#5687=EDGE_CURVE('',#4574,#4573,#2272,.T.);
#5688=EDGE_CURVE('',#4574,#4562,#2273,.T.);
#5689=EDGE_CURVE('',#4574,#4575,#2274,.T.);
#5690=EDGE_CURVE('',#4575,#4561,#2275,.T.);
#5691=EDGE_CURVE('',#4576,#4575,#2276,.T.);
#5692=EDGE_CURVE('',#4576,#4560,#2277,.T.);
#5693=EDGE_CURVE('',#4577,#4576,#2278,.T.);
#5694=EDGE_CURVE('',#4577,#4559,#2279,.T.);
#5695=EDGE_CURVE('',#4570,#4577,#2280,.T.);
#5696=EDGE_CURVE('',#4578,#4579,#2281,.T.);
#5697=EDGE_CURVE('',#4578,#4579,#145,.T.);
#5698=EDGE_CURVE('',#4580,#4578,#2282,.T.);
#5699=EDGE_CURVE('',#4581,#4580,#78,.T.);
#5700=EDGE_CURVE('',#4582,#4581,#79,.T.);
#5701=EDGE_CURVE('',#4579,#4582,#2283,.T.);
#5702=EDGE_CURVE('',#4582,#4583,#146,.T.);
#5703=EDGE_CURVE('',#4583,#4584,#2284,.T.);
#5704=EDGE_CURVE('',#4584,#4585,#2285,.T.);
#5705=EDGE_CURVE('',#4585,#4586,#2286,.T.);
#5706=EDGE_CURVE('',#4586,#4580,#147,.T.);
#5707=EDGE_CURVE('',#4587,#4587,#148,.T.);
#5708=EDGE_CURVE('',#4585,#4584,#149,.T.);
#5709=EDGE_CURVE('',#4586,#4583,#80,.T.);
#5710=EDGE_CURVE('',#4588,#4589,#150,.T.);
#5711=EDGE_CURVE('',#4589,#4590,#2287,.T.);
#5712=EDGE_CURVE('',#4590,#4590,#151,.T.);
#5713=EDGE_CURVE('',#4589,#4588,#152,.T.);
#5714=EDGE_CURVE('',#4591,#4591,#153,.T.);
#5715=EDGE_CURVE('',#4587,#4588,#154,.T.);
#5716=EDGE_CURVE('',#4581,#4591,#2288,.T.);
#5717=EDGE_CURVE('',#4592,#4592,#155,.T.);
#5718=EDGE_CURVE('',#4592,#4593,#2289,.T.);
#5719=EDGE_CURVE('',#4593,#4593,#156,.T.);
#5720=EDGE_CURVE('',#4594,#4595,#157,.T.);
#5721=EDGE_CURVE('',#4595,#4596,#2290,.T.);
#5722=EDGE_CURVE('',#4596,#4597,#158,.T.);
#5723=EDGE_CURVE('',#4594,#4597,#2291,.T.);
#5724=EDGE_CURVE('',#4598,#4595,#2292,.T.);
#5725=EDGE_CURVE('',#4598,#4599,#2293,.T.);
#5726=EDGE_CURVE('',#4599,#4596,#2294,.T.);
#5727=EDGE_CURVE('',#4598,#4600,#159,.T.);
#5728=EDGE_CURVE('',#4600,#4601,#2295,.T.);
#5729=EDGE_CURVE('',#4601,#4599,#160,.T.);
#5730=EDGE_CURVE('',#4594,#4602,#2296,.T.);
#5731=EDGE_CURVE('',#4603,#4602,#2297,.T.);
#5732=EDGE_CURVE('',#4603,#4600,#2298,.T.);
#5733=EDGE_CURVE('',#4597,#4604,#2299,.T.);
#5734=EDGE_CURVE('',#4605,#4601,#2300,.T.);
#5735=EDGE_CURVE('',#4604,#4605,#2301,.T.);
#5736=EDGE_CURVE('',#4602,#4606,#2302,.T.);
#5737=EDGE_CURVE('',#4606,#4607,#2303,.T.);
#5738=EDGE_CURVE('',#4607,#4603,#2304,.T.);
#5739=EDGE_CURVE('',#4608,#4608,#161,.T.);
#5740=EDGE_CURVE('',#4608,#4609,#2305,.T.);
#5741=EDGE_CURVE('',#4609,#4609,#162,.T.);
#5742=EDGE_CURVE('',#4610,#4611,#163,.T.);
#5743=EDGE_CURVE('',#4610,#4612,#2306,.T.);
#5744=EDGE_CURVE('',#4613,#4612,#164,.T.);
#5745=EDGE_CURVE('',#4611,#4613,#2307,.T.);
#5746=EDGE_CURVE('',#4614,#4611,#2308,.T.);
#5747=EDGE_CURVE('',#4615,#4613,#2309,.T.);
#5748=EDGE_CURVE('',#4614,#4615,#2310,.T.);
#5749=EDGE_CURVE('',#4614,#4616,#165,.T.);
#5750=EDGE_CURVE('',#4617,#4615,#166,.T.);
#5751=EDGE_CURVE('',#4616,#4617,#2311,.T.);
#5752=EDGE_CURVE('',#4612,#4618,#2312,.T.);
#5753=EDGE_CURVE('',#4619,#4618,#2313,.T.);
#5754=EDGE_CURVE('',#4619,#4617,#2314,.T.);
#5755=EDGE_CURVE('',#4605,#4619,#2315,.T.);
#5756=EDGE_CURVE('',#4618,#4604,#2316,.T.);
#5757=EDGE_CURVE('',#4620,#4621,#2317,.T.);
#5758=EDGE_CURVE('',#4620,#4606,#2318,.T.);
#5759=EDGE_CURVE('',#4621,#4610,#2319,.T.);
#5760=EDGE_CURVE('',#4621,#4622,#2320,.T.);
#5761=EDGE_CURVE('',#4622,#4616,#2321,.T.);
#5762=EDGE_CURVE('',#4622,#4623,#2322,.T.);
#5763=EDGE_CURVE('',#4623,#4607,#2323,.T.);
#5764=EDGE_CURVE('',#4623,#4620,#2324,.T.);
#5765=EDGE_CURVE('',#4624,#4625,#2325,.T.);
#5766=EDGE_CURVE('',#4626,#4624,#167,.T.);
#5767=EDGE_CURVE('',#4627,#4626,#2326,.T.);
#5768=EDGE_CURVE('',#4628,#4627,#81,.T.);
#5769=EDGE_CURVE('',#4625,#4628,#82,.T.);
#5770=EDGE_CURVE('',#4626,#4624,#2327,.T.);
#5771=EDGE_CURVE('',#4629,#4629,#168,.T.);
#5772=EDGE_CURVE('',#4629,#4628,#2328,.T.);
#5773=EDGE_CURVE('',#4627,#4630,#169,.T.);
#5774=EDGE_CURVE('',#4630,#4631,#83,.T.);
#5775=EDGE_CURVE('',#4631,#4625,#170,.T.);
#5776=EDGE_CURVE('',#4632,#4633,#2329,.T.);
#5777=EDGE_CURVE('',#4633,#4632,#171,.T.);
#5778=EDGE_CURVE('',#4631,#4632,#2330,.T.);
#5779=EDGE_CURVE('',#4633,#4630,#2331,.T.);
#5780=EDGE_CURVE('',#4634,#4634,#172,.T.);
#5781=EDGE_CURVE('',#4635,#4636,#173,.T.);
#5782=EDGE_CURVE('',#4636,#4635,#174,.T.);
#5783=EDGE_CURVE('',#4636,#4634,#175,.T.);
#5784=EDGE_CURVE('',#4637,#4637,#176,.T.);
#5785=EDGE_CURVE('',#4637,#4635,#2332,.T.);
#5786=EDGE_CURVE('',#4638,#4638,#177,.T.);
#5787=EDGE_CURVE('',#4638,#4639,#2333,.T.);
#5788=EDGE_CURVE('',#4639,#4639,#178,.T.);
#5789=EDGE_CURVE('',#4640,#4641,#2334,.T.);
#5790=EDGE_CURVE('',#4642,#4640,#84,.T.);
#5791=EDGE_CURVE('',#4641,#4642,#85,.T.);
#5792=EDGE_CURVE('',#4643,#4643,#179,.T.);
#5793=EDGE_CURVE('',#4643,#4644,#2335,.T.);
#5794=EDGE_CURVE('',#4645,#4644,#86,.T.);
#5795=EDGE_CURVE('',#4646,#4645,#2336,.T.);
#5796=EDGE_CURVE('',#4647,#4646,#87,.T.);
#5797=EDGE_CURVE('',#4648,#4647,#88,.T.);
#5798=EDGE_CURVE('',#4648,#4649,#2337,.T.);
#5799=EDGE_CURVE('',#4649,#4649,#180,.T.);
#5800=EDGE_CURVE('',#4644,#4648,#89,.T.);
#5801=EDGE_CURVE('',#4650,#4650,#181,.T.);
#5802=EDGE_CURVE('',#4650,#4642,#2338,.T.);
#5803=EDGE_CURVE('',#4640,#4641,#182,.T.);
#5804=EDGE_CURVE('',#4651,#4651,#183,.T.);
#5805=EDGE_CURVE('',#4651,#4647,#2339,.T.);
#5806=EDGE_CURVE('',#4645,#4646,#184,.T.);
#5807=EDGE_CURVE('',#4652,#4653,#185,.T.);
#5808=EDGE_CURVE('',#4653,#4654,#2340,.T.);
#5809=EDGE_CURVE('',#4654,#4655,#186,.T.);
#5810=EDGE_CURVE('',#4655,#4652,#2341,.T.);
#5811=EDGE_CURVE('',#4656,#4653,#2342,.T.);
#5812=EDGE_CURVE('',#4657,#4656,#2343,.T.);
#5813=EDGE_CURVE('',#4654,#4657,#2344,.T.);
#5814=EDGE_CURVE('',#4658,#4657,#187,.T.);
#5815=EDGE_CURVE('',#4656,#4659,#188,.T.);
#5816=EDGE_CURVE('',#4659,#4658,#2345,.T.);
#5817=EDGE_CURVE('',#4660,#4661,#189,.T.);
#5818=EDGE_CURVE('',#4661,#4662,#2346,.T.);
#5819=EDGE_CURVE('',#4662,#4663,#190,.T.);
#5820=EDGE_CURVE('',#4663,#4660,#2347,.T.);
#5821=EDGE_CURVE('',#4664,#4661,#2348,.T.);
#5822=EDGE_CURVE('',#4665,#4664,#2349,.T.);
#5823=EDGE_CURVE('',#4662,#4665,#2350,.T.);
#5824=EDGE_CURVE('',#4664,#4666,#191,.T.);
#5825=EDGE_CURVE('',#4666,#4667,#2351,.T.);
#5826=EDGE_CURVE('',#4667,#4665,#192,.T.);
#5827=EDGE_CURVE('',#4667,#4655,#2352,.T.);
#5828=EDGE_CURVE('',#4652,#4666,#2353,.T.);
#5829=EDGE_CURVE('',#4668,#4669,#2354,.T.);
#5830=EDGE_CURVE('',#4669,#4670,#2355,.T.);
#5831=EDGE_CURVE('',#4670,#4671,#2356,.T.);
#5832=EDGE_CURVE('',#4671,#4672,#2357,.T.);
#5833=EDGE_CURVE('',#4672,#4673,#2358,.T.);
#5834=EDGE_CURVE('',#4673,#4674,#2359,.T.);
#5835=EDGE_CURVE('',#4674,#4675,#2360,.T.);
#5836=EDGE_CURVE('',#4675,#4668,#2361,.T.);
#5837=EDGE_CURVE('',#4658,#4663,#2362,.T.);
#5838=EDGE_CURVE('',#4676,#4671,#2363,.T.);
#5839=EDGE_CURVE('',#4677,#4676,#2364,.T.);
#5840=EDGE_CURVE('',#4677,#4672,#2365,.T.);
#5841=EDGE_CURVE('',#4678,#4677,#2366,.T.);
#5842=EDGE_CURVE('',#4678,#4673,#2367,.T.);
#5843=EDGE_CURVE('',#4679,#4678,#2368,.T.);
#5844=EDGE_CURVE('',#4679,#4674,#2369,.T.);
#5845=EDGE_CURVE('',#4680,#4679,#2370,.T.);
#5846=EDGE_CURVE('',#4680,#4675,#2371,.T.);
#5847=EDGE_CURVE('',#4681,#4682,#2372,.T.);
#5848=EDGE_CURVE('',#4682,#4680,#2373,.T.);
#5849=EDGE_CURVE('',#4676,#4683,#2374,.T.);
#5850=EDGE_CURVE('',#4683,#4681,#2375,.T.);
#5851=EDGE_CURVE('',#4660,#4659,#2376,.T.);
#5852=EDGE_CURVE('',#4668,#4682,#2377,.T.);
#5853=EDGE_CURVE('',#4681,#4669,#2378,.T.);
#5854=EDGE_CURVE('',#4683,#4670,#2379,.T.);
#5855=EDGE_CURVE('',#4684,#4685,#2380,.T.);
#5856=EDGE_CURVE('',#4684,#4686,#2381,.T.);
#5857=EDGE_CURVE('',#4686,#4687,#2382,.T.);
#5858=EDGE_CURVE('',#4685,#4687,#2383,.T.);
#5859=EDGE_CURVE('',#4688,#4684,#2384,.T.);
#5860=EDGE_CURVE('',#4688,#4689,#2385,.T.);
#5861=EDGE_CURVE('',#4689,#4686,#2386,.T.);
#5862=EDGE_CURVE('',#4690,#4688,#2387,.T.);
#5863=EDGE_CURVE('',#4691,#4690,#2388,.T.);
#5864=EDGE_CURVE('',#4691,#4689,#2389,.T.);
#5865=EDGE_CURVE('',#4687,#4692,#2390,.T.);
#5866=EDGE_CURVE('',#4692,#4693,#2391,.T.);
#5867=EDGE_CURVE('',#4685,#4693,#2392,.T.);
#5868=EDGE_CURVE('',#4694,#4690,#2393,.T.);
#5869=EDGE_CURVE('',#4695,#4694,#2394,.F.);
#5870=EDGE_CURVE('',#4696,#4695,#2395,.F.);
#5871=EDGE_CURVE('',#4697,#4696,#2396,.F.);
#5872=EDGE_CURVE('',#4697,#4691,#2397,.T.);
#5873=EDGE_CURVE('',#4698,#4699,#2398,.T.);
#5874=EDGE_CURVE('',#4699,#4700,#2399,.T.);
#5875=EDGE_CURVE('',#4700,#4701,#2400,.T.);
#5876=EDGE_CURVE('',#4701,#4698,#2401,.T.);
#5877=EDGE_CURVE('',#4693,#4702,#2402,.T.);
#5878=EDGE_CURVE('',#4702,#4703,#2403,.T.);
#5879=EDGE_CURVE('',#4703,#4704,#2404,.T.);
#5880=EDGE_CURVE('',#4704,#4705,#2405,.T.);
#5881=EDGE_CURVE('',#4705,#4706,#2406,.T.);
#5882=EDGE_CURVE('',#4706,#4707,#2407,.T.);
#5883=EDGE_CURVE('',#4707,#4708,#2408,.T.);
#5884=EDGE_CURVE('',#4708,#4709,#2409,.T.);
#5885=EDGE_CURVE('',#4709,#4710,#2410,.T.);
#5886=EDGE_CURVE('',#4710,#4711,#2411,.T.);
#5887=EDGE_CURVE('',#4711,#4712,#2412,.T.);
#5888=EDGE_CURVE('',#4712,#4713,#2413,.T.);
#5889=EDGE_CURVE('',#4713,#4714,#2414,.T.);
#5890=EDGE_CURVE('',#4714,#4715,#2415,.T.);
#5891=EDGE_CURVE('',#4715,#4716,#2416,.T.);
#5892=EDGE_CURVE('',#4716,#4717,#2417,.T.);
#5893=EDGE_CURVE('',#4717,#4718,#2418,.T.);
#5894=EDGE_CURVE('',#4718,#4719,#2419,.T.);
#5895=EDGE_CURVE('',#4719,#4720,#2420,.T.);
#5896=EDGE_CURVE('',#4720,#4721,#2421,.T.);
#5897=EDGE_CURVE('',#4721,#4722,#2422,.T.);
#5898=EDGE_CURVE('',#4722,#4723,#2423,.T.);
#5899=EDGE_CURVE('',#4723,#4724,#2424,.T.);
#5900=EDGE_CURVE('',#4724,#4725,#2425,.T.);
#5901=EDGE_CURVE('',#4725,#4726,#2426,.T.);
#5902=EDGE_CURVE('',#4726,#4727,#2427,.T.);
#5903=EDGE_CURVE('',#4727,#4728,#2428,.T.);
#5904=EDGE_CURVE('',#4728,#4729,#2429,.T.);
#5905=EDGE_CURVE('',#4729,#4730,#2430,.T.);
#5906=EDGE_CURVE('',#4730,#4731,#2431,.T.);
#5907=EDGE_CURVE('',#4731,#4694,#2432,.T.);
#5908=EDGE_CURVE('',#4710,#4732,#2433,.T.);
#5909=EDGE_CURVE('',#4732,#4733,#2434,.T.);
#5910=EDGE_CURVE('',#4711,#4733,#2435,.T.);
#5911=EDGE_CURVE('',#4734,#4709,#2436,.T.);
#5912=EDGE_CURVE('',#4734,#4732,#2437,.T.);
#5913=EDGE_CURVE('',#4733,#4735,#2438,.T.);
#5914=EDGE_CURVE('',#4712,#4735,#2439,.T.);
#5915=EDGE_CURVE('',#4703,#4736,#2440,.T.);
#5916=EDGE_CURVE('',#4736,#4737,#2441,.T.);
#5917=EDGE_CURVE('',#4704,#4737,#2442,.T.);
#5918=EDGE_CURVE('',#4702,#4738,#2443,.T.);
#5919=EDGE_CURVE('',#4738,#4736,#2444,.T.);
#5920=EDGE_CURVE('',#4692,#4738,#2445,.T.);
#5921=EDGE_CURVE('',#4707,#4739,#2446,.T.);
#5922=EDGE_CURVE('',#4739,#4740,#2447,.T.);
#5923=EDGE_CURVE('',#4708,#4740,#2448,.T.);
#5924=EDGE_CURVE('',#4706,#4741,#2449,.T.);
#5925=EDGE_CURVE('',#4741,#4739,#2450,.T.);
#5926=EDGE_CURVE('',#4742,#4705,#2451,.T.);
#5927=EDGE_CURVE('',#4742,#4741,#2452,.T.);
#5928=EDGE_CURVE('',#4717,#4743,#2453,.T.);
#5929=EDGE_CURVE('',#4743,#4744,#2454,.T.);
#5930=EDGE_CURVE('',#4718,#4744,#2455,.T.);
#5931=EDGE_CURVE('',#4716,#4745,#2456,.T.);
#5932=EDGE_CURVE('',#4745,#4743,#2457,.T.);
#5933=EDGE_CURVE('',#4746,#4715,#2458,.T.);
#5934=EDGE_CURVE('',#4746,#4745,#2459,.T.);
#5935=EDGE_CURVE('',#4725,#4747,#2460,.T.);
#5936=EDGE_CURVE('',#4747,#4748,#2461,.T.);
#5937=EDGE_CURVE('',#4726,#4748,#2462,.T.);
#5938=EDGE_CURVE('',#4724,#4749,#2463,.T.);
#5939=EDGE_CURVE('',#4749,#4747,#2464,.T.);
#5940=EDGE_CURVE('',#4750,#4723,#2465,.T.);
#5941=EDGE_CURVE('',#4750,#4749,#2466,.T.);
#5942=EDGE_CURVE('',#4721,#4751,#2467,.T.);
#5943=EDGE_CURVE('',#4751,#4752,#2468,.T.);
#5944=EDGE_CURVE('',#4722,#4752,#2469,.T.);
#5945=EDGE_CURVE('',#4720,#4753,#2470,.T.);
#5946=EDGE_CURVE('',#4753,#4751,#2471,.T.);
#5947=EDGE_CURVE('',#4754,#4719,#2472,.T.);
#5948=EDGE_CURVE('',#4754,#4753,#2473,.T.);
#5949=EDGE_CURVE('',#4729,#4755,#2474,.T.);
#5950=EDGE_CURVE('',#4755,#4756,#2475,.T.);
#5951=EDGE_CURVE('',#4730,#4756,#2476,.T.);
#5952=EDGE_CURVE('',#4728,#4757,#2477,.T.);
#5953=EDGE_CURVE('',#4757,#4755,#2478,.T.);
#5954=EDGE_CURVE('',#4758,#4727,#2479,.T.);
#5955=EDGE_CURVE('',#4758,#4757,#2480,.T.);
#5956=EDGE_CURVE('',#4737,#4742,#2481,.T.);
#5957=EDGE_CURVE('',#4740,#4734,#2482,.T.);
#5958=EDGE_CURVE('',#4735,#4759,#2483,.T.);
#5959=EDGE_CURVE('',#4759,#4713,#2484,.F.);
#5960=EDGE_CURVE('',#4756,#4760,#2485,.T.);
#5961=EDGE_CURVE('',#4760,#4761,#2486,.T.);
#5962=EDGE_CURVE('',#4761,#4762,#2487,.T.);
#5963=EDGE_CURVE('',#4762,#4731,#2488,.T.);
#5964=EDGE_CURVE('',#4748,#4758,#2489,.T.);
#5965=EDGE_CURVE('',#4752,#4750,#2490,.T.);
#5966=EDGE_CURVE('',#4763,#4714,#2491,.F.);
#5967=EDGE_CURVE('',#4763,#4746,#2492,.T.);
#5968=EDGE_CURVE('',#4744,#4754,#2493,.T.);
#5969=EDGE_CURVE('',#4764,#4765,#2494,.T.);
#5970=EDGE_CURVE('',#4764,#4700,#2495,.T.);
#5971=EDGE_CURVE('',#4765,#4699,#2496,.T.);
#5972=EDGE_CURVE('',#4766,#4767,#2497,.T.);
#5973=EDGE_CURVE('',#4766,#4698,#2498,.T.);
#5974=EDGE_CURVE('',#4767,#4701,#2499,.T.);
#5975=EDGE_CURVE('',#4759,#4763,#2500,.T.);
#5976=EDGE_CURVE('',#4760,#4697,#2501,.T.);
#5977=EDGE_CURVE('',#4768,#4769,#2502,.T.);
#5978=EDGE_CURVE('',#4769,#4770,#193,.T.);
#5979=EDGE_CURVE('',#4770,#4771,#2503,.T.);
#5980=EDGE_CURVE('',#4771,#4772,#194,.T.);
#5981=EDGE_CURVE('',#4772,#4773,#2504,.T.);
#5982=EDGE_CURVE('',#4773,#4774,#195,.T.);
#5983=EDGE_CURVE('',#4774,#4775,#2505,.T.);
#5984=EDGE_CURVE('',#4775,#4768,#196,.T.);
#5985=EDGE_CURVE('',#4696,#4761,#2506,.T.);
#5986=EDGE_CURVE('',#4776,#4761,#2507,.T.);
#5987=EDGE_CURVE('',#4777,#4776,#2508,.T.);
#5988=EDGE_CURVE('',#4762,#4777,#2509,.T.);
#5989=EDGE_CURVE('',#4778,#4779,#2510,.T.);
#5990=EDGE_CURVE('',#4778,#4777,#2511,.T.);
#5991=EDGE_CURVE('',#4779,#4776,#2512,.T.);
#5992=EDGE_CURVE('',#4779,#4780,#2513,.T.);
#5993=EDGE_CURVE('',#4696,#4781,#2514,.T.);
#5994=EDGE_CURVE('',#4780,#4781,#2515,.T.);
#5995=EDGE_CURVE('',#4780,#4782,#2516,.T.);
#5996=EDGE_CURVE('',#4781,#4783,#2517,.T.);
#5997=EDGE_CURVE('',#4782,#4783,#2518,.T.);
#5998=EDGE_CURVE('',#4782,#4778,#2519,.T.);
#5999=EDGE_CURVE('',#4783,#4695,#2520,.T.);
#6000=EDGE_CURVE('',#4762,#4695,#2521,.T.);
#6001=EDGE_CURVE('',#4784,#4764,#197,.T.);
#6002=EDGE_CURVE('',#4785,#4784,#2522,.T.);
#6003=EDGE_CURVE('',#4767,#4785,#198,.T.);
#6004=EDGE_CURVE('',#4786,#4787,#2523,.T.);
#6005=EDGE_CURVE('',#4787,#4788,#199,.T.);
#6006=EDGE_CURVE('',#4788,#4789,#2524,.T.);
#6007=EDGE_CURVE('',#4789,#4790,#200,.T.);
#6008=EDGE_CURVE('',#4790,#4791,#2525,.T.);
#6009=EDGE_CURVE('',#4791,#4792,#201,.T.);
#6010=EDGE_CURVE('',#4792,#4793,#2526,.T.);
#6011=EDGE_CURVE('',#4793,#4786,#202,.T.);
#6012=EDGE_CURVE('',#4765,#4794,#203,.T.);
#6013=EDGE_CURVE('',#4794,#4784,#2527,.T.);
#6014=EDGE_CURVE('',#4785,#4795,#2528,.T.);
#6015=EDGE_CURVE('',#4794,#4795,#2529,.T.);
#6016=EDGE_CURVE('',#4795,#4766,#204,.T.);
#6017=EDGE_CURVE('',#4792,#4771,#2530,.T.);
#6018=EDGE_CURVE('',#4791,#4772,#2531,.T.);
#6019=EDGE_CURVE('',#4793,#4770,#2532,.T.);
#6020=EDGE_CURVE('',#4786,#4769,#2533,.T.);
#6021=EDGE_CURVE('',#4787,#4768,#2534,.T.);
#6022=EDGE_CURVE('',#4788,#4775,#2535,.T.);
#6023=EDGE_CURVE('',#4789,#4774,#2536,.T.);
#6024=EDGE_CURVE('',#4790,#4773,#2537,.T.);
#6025=EDGE_CURVE('',#4796,#4796,#205,.T.);
#6026=EDGE_CURVE('',#4796,#4797,#2538,.T.);
#6027=EDGE_CURVE('',#4797,#4797,#206,.T.);
#6028=EDGE_CURVE('',#4798,#4798,#207,.T.);
#6029=EDGE_CURVE('',#4798,#4799,#2539,.T.);
#6030=EDGE_CURVE('',#4799,#4799,#208,.T.);
#6031=EDGE_CURVE('',#4800,#4801,#209,.T.);
#6032=EDGE_CURVE('',#4800,#4802,#2540,.T.);
#6033=EDGE_CURVE('',#4803,#4802,#210,.T.);
#6034=EDGE_CURVE('',#4801,#4803,#2541,.T.);
#6035=EDGE_CURVE('',#4801,#4804,#2542,.T.);
#6036=EDGE_CURVE('',#4805,#4803,#2543,.T.);
#6037=EDGE_CURVE('',#4804,#4805,#2544,.T.);
#6038=EDGE_CURVE('',#4804,#4806,#211,.T.);
#6039=EDGE_CURVE('',#4807,#4805,#212,.T.);
#6040=EDGE_CURVE('',#4806,#4807,#2545,.T.);
#6041=EDGE_CURVE('',#4808,#4806,#2546,.T.);
#6042=EDGE_CURVE('',#4809,#4807,#2547,.T.);
#6043=EDGE_CURVE('',#4808,#4809,#2548,.T.);
#6044=EDGE_CURVE('',#4810,#4808,#2549,.T.);
#6045=EDGE_CURVE('',#4811,#4809,#2550,.T.);
#6046=EDGE_CURVE('',#4810,#4811,#2551,.T.);
#6047=EDGE_CURVE('',#4810,#4800,#2552,.T.);
#6048=EDGE_CURVE('',#4802,#4811,#2553,.T.);
#6049=EDGE_CURVE('',#4812,#4813,#2554,.T.);
#6050=EDGE_CURVE('',#4813,#4814,#2555,.T.);
#6051=EDGE_CURVE('',#4815,#4814,#2556,.T.);
#6052=EDGE_CURVE('',#4812,#4815,#2557,.T.);
#6053=EDGE_CURVE('',#4816,#4812,#2558,.T.);
#6054=EDGE_CURVE('',#4817,#4815,#2559,.T.);
#6055=EDGE_CURVE('',#4816,#4817,#2560,.T.);
#6056=EDGE_CURVE('',#4818,#4816,#2561,.T.);
#6057=EDGE_CURVE('',#4819,#4817,#2562,.T.);
#6058=EDGE_CURVE('',#4818,#4819,#2563,.T.);
#6059=EDGE_CURVE('',#4813,#4818,#2564,.T.);
#6060=EDGE_CURVE('',#4814,#4819,#2565,.T.);
#6061=EDGE_CURVE('',#4820,#4821,#2566,.T.);
#6062=EDGE_CURVE('',#4821,#4822,#2567,.T.);
#6063=EDGE_CURVE('',#4823,#4822,#2568,.T.);
#6064=EDGE_CURVE('',#4820,#4823,#2569,.T.);
#6065=EDGE_CURVE('',#4824,#4820,#2570,.T.);
#6066=EDGE_CURVE('',#4825,#4823,#2571,.T.);
#6067=EDGE_CURVE('',#4824,#4825,#2572,.T.);
#6068=EDGE_CURVE('',#4826,#4824,#2573,.T.);
#6069=EDGE_CURVE('',#4827,#4825,#2574,.T.);
#6070=EDGE_CURVE('',#4826,#4827,#2575,.T.);
#6071=EDGE_CURVE('',#4821,#4826,#2576,.T.);
#6072=EDGE_CURVE('',#4822,#4827,#2577,.T.);
#6073=EDGE_CURVE('',#4828,#4829,#213,.T.);
#6074=EDGE_CURVE('',#4829,#4830,#2578,.T.);
#6075=EDGE_CURVE('',#4830,#4831,#214,.T.);
#6076=EDGE_CURVE('',#4831,#4828,#2579,.T.);
#6077=EDGE_CURVE('',#4832,#4830,#2580,.T.);
#6078=EDGE_CURVE('',#4833,#4832,#215,.T.);
#6079=EDGE_CURVE('',#4834,#4833,#2581,.T.);
#6080=EDGE_CURVE('',#4834,#4835,#2582,.T.);
#6081=EDGE_CURVE('',#4835,#4831,#2583,.T.);
#6082=EDGE_CURVE('',#4836,#4836,#216,.T.);
#6083=EDGE_CURVE('',#4829,#4837,#2584,.T.);
#6084=EDGE_CURVE('',#4832,#4837,#2585,.T.);
#6085=EDGE_CURVE('',#4837,#4838,#217,.T.);
#6086=EDGE_CURVE('',#4838,#4833,#2586,.T.);
#6087=EDGE_CURVE('',#4836,#4839,#2587,.T.);
#6088=EDGE_CURVE('',#4839,#4839,#218,.T.);
#6089=EDGE_CURVE('',#4840,#4838,#2588,.T.);
#6090=EDGE_CURVE('',#4834,#4840,#2589,.T.);
#6091=EDGE_CURVE('',#4841,#4828,#2590,.T.);
#6092=EDGE_CURVE('',#4841,#4840,#2591,.T.);
#6093=EDGE_CURVE('',#4835,#4841,#2592,.T.);
#6094=EDGE_CURVE('',#4842,#4843,#219,.T.);
#6095=EDGE_CURVE('',#4842,#4844,#2593,.T.);
#6096=EDGE_CURVE('',#4844,#4844,#220,.T.);
#6097=EDGE_CURVE('',#4843,#4842,#221,.T.);
#6098=EDGE_CURVE('',#4845,#4845,#222,.T.);
#6099=EDGE_CURVE('',#4845,#4843,#2594,.T.);
#6100=EDGE_CURVE('',#4845,#4846,#223,.T.);
#6101=EDGE_CURVE('',#4846,#4846,#224,.T.);
#6102=EDGE_CURVE('',#4847,#4847,#225,.T.);
#6103=EDGE_CURVE('',#4847,#4846,#2595,.T.);
#6104=EDGE_CURVE('',#4848,#4848,#226,.T.);
#6105=EDGE_CURVE('',#4848,#4847,#227,.T.);
#6106=EDGE_CURVE('',#4849,#4850,#228,.T.);
#6107=EDGE_CURVE('',#4850,#4849,#229,.T.);
#6108=EDGE_CURVE('',#4849,#4851,#2596,.T.);
#6109=EDGE_CURVE('',#4851,#4851,#230,.T.);
#6110=EDGE_CURVE('',#4852,#4852,#231,.T.);
#6111=EDGE_CURVE('',#4852,#4850,#2597,.T.);
#6112=EDGE_CURVE('',#4852,#4853,#232,.T.);
#6113=EDGE_CURVE('',#4853,#4853,#233,.T.);
#6114=EDGE_CURVE('',#4854,#4854,#234,.T.);
#6115=EDGE_CURVE('',#4854,#4853,#2598,.T.);
#6116=EDGE_CURVE('',#4855,#4855,#235,.T.);
#6117=EDGE_CURVE('',#4855,#4854,#236,.T.);
#6118=EDGE_CURVE('',#4848,#4855,#2599,.T.);
#6119=EDGE_CURVE('',#4856,#4856,#237,.T.);
#6120=EDGE_CURVE('',#4856,#4857,#2600,.T.);
#6121=EDGE_CURVE('',#4857,#4857,#238,.T.);
#6122=EDGE_CURVE('',#4858,#4858,#239,.T.);
#6123=EDGE_CURVE('',#4858,#4859,#2601,.T.);
#6124=EDGE_CURVE('',#4859,#4859,#240,.T.);
#6125=EDGE_CURVE('',#4860,#4860,#241,.T.);
#6126=EDGE_CURVE('',#4860,#4861,#2602,.T.);
#6127=EDGE_CURVE('',#4861,#4861,#242,.T.);
#6128=EDGE_CURVE('',#4862,#4862,#243,.T.);
#6129=EDGE_CURVE('',#4862,#4863,#2603,.T.);
#6130=EDGE_CURVE('',#4863,#4863,#244,.T.);
#6131=EDGE_CURVE('',#4864,#4864,#245,.T.);
#6132=EDGE_CURVE('',#4864,#4865,#2604,.T.);
#6133=EDGE_CURVE('',#4865,#4865,#246,.T.);
#6134=EDGE_CURVE('',#4866,#4866,#247,.T.);
#6135=EDGE_CURVE('',#4866,#4867,#2605,.T.);
#6136=EDGE_CURVE('',#4867,#4867,#248,.T.);
#6137=EDGE_CURVE('',#4868,#4868,#249,.T.);
#6138=EDGE_CURVE('',#4868,#4869,#2606,.T.);
#6139=EDGE_CURVE('',#4869,#4869,#250,.T.);
#6140=EDGE_CURVE('',#4870,#4870,#251,.T.);
#6141=EDGE_CURVE('',#4870,#4871,#2607,.T.);
#6142=EDGE_CURVE('',#4871,#4871,#252,.T.);
#6143=EDGE_CURVE('',#4872,#4872,#253,.T.);
#6144=EDGE_CURVE('',#4872,#4873,#2608,.T.);
#6145=EDGE_CURVE('',#4873,#4873,#254,.T.);
#6146=EDGE_CURVE('',#4874,#4874,#255,.T.);
#6147=EDGE_CURVE('',#4874,#4875,#2609,.T.);
#6148=EDGE_CURVE('',#4875,#4875,#256,.T.);
#6149=EDGE_CURVE('',#4876,#4877,#2610,.T.);
#6150=EDGE_CURVE('',#4877,#4878,#2611,.T.);
#6151=EDGE_CURVE('',#4879,#4878,#2612,.T.);
#6152=EDGE_CURVE('',#4876,#4879,#2613,.T.);
#6153=EDGE_CURVE('',#4880,#4876,#2614,.T.);
#6154=EDGE_CURVE('',#4881,#4879,#2615,.T.);
#6155=EDGE_CURVE('',#4880,#4881,#2616,.T.);
#6156=EDGE_CURVE('',#4882,#4880,#2617,.T.);
#6157=EDGE_CURVE('',#4883,#4881,#2618,.T.);
#6158=EDGE_CURVE('',#4882,#4883,#2619,.T.);
#6159=EDGE_CURVE('',#4882,#4877,#2620,.T.);
#6160=EDGE_CURVE('',#4878,#4883,#2621,.T.);
#6161=EDGE_CURVE('',#4884,#4885,#2622,.T.);
#6162=EDGE_CURVE('',#4885,#4886,#2623,.T.);
#6163=EDGE_CURVE('',#4887,#4886,#2624,.T.);
#6164=EDGE_CURVE('',#4884,#4887,#2625,.T.);
#6165=EDGE_CURVE('',#4888,#4884,#2626,.T.);
#6166=EDGE_CURVE('',#4889,#4887,#2627,.T.);
#6167=EDGE_CURVE('',#4888,#4889,#2628,.T.);
#6168=EDGE_CURVE('',#4890,#4888,#2629,.T.);
#6169=EDGE_CURVE('',#4891,#4889,#2630,.T.);
#6170=EDGE_CURVE('',#4890,#4891,#2631,.T.);
#6171=EDGE_CURVE('',#4885,#4890,#2632,.T.);
#6172=EDGE_CURVE('',#4886,#4891,#2633,.T.);
#6173=EDGE_CURVE('',#4892,#4893,#257,.T.);
#6174=EDGE_CURVE('',#4892,#4894,#2634,.T.);
#6175=EDGE_CURVE('',#4895,#4894,#258,.T.);
#6176=EDGE_CURVE('',#4893,#4895,#2635,.T.);
#6177=EDGE_CURVE('',#4893,#4896,#2636,.T.);
#6178=EDGE_CURVE('',#4897,#4895,#2637,.T.);
#6179=EDGE_CURVE('',#4896,#4897,#2638,.T.);
#6180=EDGE_CURVE('',#4896,#4898,#2639,.T.);
#6181=EDGE_CURVE('',#4899,#4897,#2640,.T.);
#6182=EDGE_CURVE('',#4898,#4899,#2641,.T.);
#6183=EDGE_CURVE('',#4898,#4900,#259,.T.);
#6184=EDGE_CURVE('',#4901,#4899,#260,.T.);
#6185=EDGE_CURVE('',#4900,#4901,#2642,.T.);
#6186=EDGE_CURVE('',#4900,#4902,#2643,.T.);
#6187=EDGE_CURVE('',#4903,#4901,#2644,.T.);
#6188=EDGE_CURVE('',#4902,#4903,#2645,.T.);
#6189=EDGE_CURVE('',#4902,#4904,#2646,.T.);
#6190=EDGE_CURVE('',#4905,#4903,#2647,.T.);
#6191=EDGE_CURVE('',#4904,#4905,#2648,.T.);
#6192=EDGE_CURVE('',#4904,#4906,#261,.T.);
#6193=EDGE_CURVE('',#4907,#4905,#262,.T.);
#6194=EDGE_CURVE('',#4906,#4907,#2649,.T.);
#6195=EDGE_CURVE('',#4906,#4908,#2650,.T.);
#6196=EDGE_CURVE('',#4909,#4907,#2651,.T.);
#6197=EDGE_CURVE('',#4908,#4909,#2652,.T.);
#6198=EDGE_CURVE('',#4908,#4910,#2653,.T.);
#6199=EDGE_CURVE('',#4911,#4909,#2654,.T.);
#6200=EDGE_CURVE('',#4910,#4911,#2655,.T.);
#6201=EDGE_CURVE('',#4910,#4912,#263,.T.);
#6202=EDGE_CURVE('',#4913,#4911,#264,.T.);
#6203=EDGE_CURVE('',#4912,#4913,#2656,.T.);
#6204=EDGE_CURVE('',#4912,#4914,#2657,.T.);
#6205=EDGE_CURVE('',#4915,#4913,#2658,.T.);
#6206=EDGE_CURVE('',#4914,#4915,#2659,.T.);
#6207=EDGE_CURVE('',#4914,#4916,#2660,.T.);
#6208=EDGE_CURVE('',#4917,#4915,#2661,.T.);
#6209=EDGE_CURVE('',#4916,#4917,#2662,.T.);
#6210=EDGE_CURVE('',#4916,#4918,#265,.T.);
#6211=EDGE_CURVE('',#4919,#4917,#266,.T.);
#6212=EDGE_CURVE('',#4918,#4919,#2663,.T.);
#6213=EDGE_CURVE('',#4918,#4920,#2664,.T.);
#6214=EDGE_CURVE('',#4921,#4919,#2665,.T.);
#6215=EDGE_CURVE('',#4920,#4921,#2666,.T.);
#6216=EDGE_CURVE('',#4920,#4922,#2667,.T.);
#6217=EDGE_CURVE('',#4923,#4921,#2668,.T.);
#6218=EDGE_CURVE('',#4922,#4923,#2669,.T.);
#6219=EDGE_CURVE('',#4922,#4924,#267,.T.);
#6220=EDGE_CURVE('',#4925,#4923,#268,.T.);
#6221=EDGE_CURVE('',#4924,#4925,#2670,.T.);
#6222=EDGE_CURVE('',#4924,#4926,#2671,.T.);
#6223=EDGE_CURVE('',#4927,#4925,#2672,.T.);
#6224=EDGE_CURVE('',#4926,#4927,#2673,.T.);
#6225=EDGE_CURVE('',#4926,#4928,#2674,.T.);
#6226=EDGE_CURVE('',#4929,#4927,#2675,.T.);
#6227=EDGE_CURVE('',#4928,#4929,#2676,.T.);
#6228=EDGE_CURVE('',#4928,#4930,#269,.T.);
#6229=EDGE_CURVE('',#4931,#4929,#270,.T.);
#6230=EDGE_CURVE('',#4930,#4931,#2677,.T.);
#6231=EDGE_CURVE('',#4930,#4932,#2678,.T.);
#6232=EDGE_CURVE('',#4933,#4931,#2679,.T.);
#6233=EDGE_CURVE('',#4932,#4933,#2680,.T.);
#6234=EDGE_CURVE('',#4932,#4934,#2681,.T.);
#6235=EDGE_CURVE('',#4935,#4933,#2682,.T.);
#6236=EDGE_CURVE('',#4934,#4935,#2683,.T.);
#6237=EDGE_CURVE('',#4934,#4936,#271,.T.);
#6238=EDGE_CURVE('',#4937,#4935,#272,.T.);
#6239=EDGE_CURVE('',#4936,#4937,#2684,.T.);
#6240=EDGE_CURVE('',#4936,#4938,#2685,.T.);
#6241=EDGE_CURVE('',#4939,#4937,#2686,.T.);
#6242=EDGE_CURVE('',#4938,#4939,#2687,.T.);
#6243=EDGE_CURVE('',#4938,#4940,#2688,.T.);
#6244=EDGE_CURVE('',#4941,#4939,#2689,.T.);
#6245=EDGE_CURVE('',#4940,#4941,#2690,.T.);
#6246=EDGE_CURVE('',#4940,#4942,#273,.T.);
#6247=EDGE_CURVE('',#4943,#4941,#274,.T.);
#6248=EDGE_CURVE('',#4942,#4943,#2691,.T.);
#6249=EDGE_CURVE('',#4942,#4944,#2692,.T.);
#6250=EDGE_CURVE('',#4945,#4943,#2693,.T.);
#6251=EDGE_CURVE('',#4944,#4945,#2694,.T.);
#6252=EDGE_CURVE('',#4944,#4946,#2695,.T.);
#6253=EDGE_CURVE('',#4947,#4945,#2696,.T.);
#6254=EDGE_CURVE('',#4946,#4947,#2697,.T.);
#6255=EDGE_CURVE('',#4946,#4948,#275,.T.);
#6256=EDGE_CURVE('',#4949,#4947,#276,.T.);
#6257=EDGE_CURVE('',#4948,#4949,#2698,.T.);
#6258=EDGE_CURVE('',#4948,#4950,#2699,.T.);
#6259=EDGE_CURVE('',#4951,#4949,#2700,.T.);
#6260=EDGE_CURVE('',#4950,#4951,#2701,.T.);
#6261=EDGE_CURVE('',#4950,#4952,#2702,.T.);
#6262=EDGE_CURVE('',#4953,#4951,#2703,.T.);
#6263=EDGE_CURVE('',#4952,#4953,#2704,.T.);
#6264=EDGE_CURVE('',#4952,#4954,#277,.T.);
#6265=EDGE_CURVE('',#4955,#4953,#278,.T.);
#6266=EDGE_CURVE('',#4954,#4955,#2705,.T.);
#6267=EDGE_CURVE('',#4954,#4956,#2706,.T.);
#6268=EDGE_CURVE('',#4957,#4955,#2707,.T.);
#6269=EDGE_CURVE('',#4956,#4957,#2708,.T.);
#6270=EDGE_CURVE('',#4956,#4958,#2709,.T.);
#6271=EDGE_CURVE('',#4959,#4957,#2710,.T.);
#6272=EDGE_CURVE('',#4958,#4959,#2711,.T.);
#6273=EDGE_CURVE('',#4958,#4960,#279,.T.);
#6274=EDGE_CURVE('',#4961,#4959,#280,.T.);
#6275=EDGE_CURVE('',#4960,#4961,#2712,.T.);
#6276=EDGE_CURVE('',#4960,#4962,#2713,.T.);
#6277=EDGE_CURVE('',#4963,#4961,#2714,.T.);
#6278=EDGE_CURVE('',#4962,#4963,#2715,.T.);
#6279=EDGE_CURVE('',#4962,#4964,#2716,.T.);
#6280=EDGE_CURVE('',#4965,#4963,#2717,.T.);
#6281=EDGE_CURVE('',#4964,#4965,#2718,.T.);
#6282=EDGE_CURVE('',#4964,#4966,#281,.T.);
#6283=EDGE_CURVE('',#4967,#4965,#282,.T.);
#6284=EDGE_CURVE('',#4966,#4967,#2719,.T.);
#6285=EDGE_CURVE('',#4966,#4968,#2720,.T.);
#6286=EDGE_CURVE('',#4969,#4967,#2721,.T.);
#6287=EDGE_CURVE('',#4968,#4969,#2722,.T.);
#6288=EDGE_CURVE('',#4968,#4970,#2723,.T.);
#6289=EDGE_CURVE('',#4971,#4969,#2724,.T.);
#6290=EDGE_CURVE('',#4970,#4971,#2725,.T.);
#6291=EDGE_CURVE('',#4970,#4972,#283,.T.);
#6292=EDGE_CURVE('',#4973,#4971,#284,.T.);
#6293=EDGE_CURVE('',#4972,#4973,#2726,.T.);
#6294=EDGE_CURVE('',#4972,#4974,#2727,.T.);
#6295=EDGE_CURVE('',#4975,#4973,#2728,.T.);
#6296=EDGE_CURVE('',#4974,#4975,#2729,.T.);
#6297=EDGE_CURVE('',#4974,#4976,#2730,.T.);
#6298=EDGE_CURVE('',#4977,#4975,#2731,.T.);
#6299=EDGE_CURVE('',#4976,#4977,#2732,.T.);
#6300=EDGE_CURVE('',#4976,#4978,#285,.T.);
#6301=EDGE_CURVE('',#4979,#4977,#286,.T.);
#6302=EDGE_CURVE('',#4978,#4979,#2733,.T.);
#6303=EDGE_CURVE('',#4978,#4980,#2734,.T.);
#6304=EDGE_CURVE('',#4981,#4979,#2735,.T.);
#6305=EDGE_CURVE('',#4980,#4981,#2736,.T.);
#6306=EDGE_CURVE('',#4980,#4982,#2737,.T.);
#6307=EDGE_CURVE('',#4983,#4981,#2738,.T.);
#6308=EDGE_CURVE('',#4982,#4983,#2739,.T.);
#6309=EDGE_CURVE('',#4982,#4984,#287,.T.);
#6310=EDGE_CURVE('',#4985,#4983,#288,.T.);
#6311=EDGE_CURVE('',#4984,#4985,#2740,.T.);
#6312=EDGE_CURVE('',#4984,#4986,#2741,.T.);
#6313=EDGE_CURVE('',#4987,#4985,#2742,.T.);
#6314=EDGE_CURVE('',#4986,#4987,#2743,.T.);
#6315=EDGE_CURVE('',#4986,#4988,#2744,.T.);
#6316=EDGE_CURVE('',#4989,#4987,#2745,.T.);
#6317=EDGE_CURVE('',#4988,#4989,#2746,.T.);
#6318=EDGE_CURVE('',#4988,#4990,#289,.T.);
#6319=EDGE_CURVE('',#4991,#4989,#290,.T.);
#6320=EDGE_CURVE('',#4990,#4991,#2747,.T.);
#6321=EDGE_CURVE('',#4990,#4992,#2748,.T.);
#6322=EDGE_CURVE('',#4993,#4991,#2749,.T.);
#6323=EDGE_CURVE('',#4992,#4993,#2750,.T.);
#6324=EDGE_CURVE('',#4992,#4994,#2751,.T.);
#6325=EDGE_CURVE('',#4995,#4993,#2752,.T.);
#6326=EDGE_CURVE('',#4994,#4995,#2753,.T.);
#6327=EDGE_CURVE('',#4994,#4996,#291,.T.);
#6328=EDGE_CURVE('',#4997,#4995,#292,.T.);
#6329=EDGE_CURVE('',#4996,#4997,#2754,.T.);
#6330=EDGE_CURVE('',#4996,#4998,#2755,.T.);
#6331=EDGE_CURVE('',#4999,#4997,#2756,.T.);
#6332=EDGE_CURVE('',#4998,#4999,#2757,.T.);
#6333=EDGE_CURVE('',#4998,#5000,#2758,.T.);
#6334=EDGE_CURVE('',#5001,#4999,#2759,.T.);
#6335=EDGE_CURVE('',#5000,#5001,#2760,.T.);
#6336=EDGE_CURVE('',#5000,#5002,#293,.T.);
#6337=EDGE_CURVE('',#5003,#5001,#294,.T.);
#6338=EDGE_CURVE('',#5002,#5003,#2761,.T.);
#6339=EDGE_CURVE('',#5002,#5004,#2762,.T.);
#6340=EDGE_CURVE('',#5005,#5003,#2763,.T.);
#6341=EDGE_CURVE('',#5004,#5005,#2764,.T.);
#6342=EDGE_CURVE('',#5004,#5006,#2765,.T.);
#6343=EDGE_CURVE('',#5007,#5005,#2766,.T.);
#6344=EDGE_CURVE('',#5006,#5007,#2767,.T.);
#6345=EDGE_CURVE('',#5006,#5008,#295,.T.);
#6346=EDGE_CURVE('',#5009,#5007,#296,.T.);
#6347=EDGE_CURVE('',#5008,#5009,#2768,.T.);
#6348=EDGE_CURVE('',#5008,#5010,#2769,.T.);
#6349=EDGE_CURVE('',#5011,#5009,#2770,.T.);
#6350=EDGE_CURVE('',#5010,#5011,#2771,.T.);
#6351=EDGE_CURVE('',#5010,#5012,#2772,.T.);
#6352=EDGE_CURVE('',#5013,#5011,#2773,.T.);
#6353=EDGE_CURVE('',#5012,#5013,#2774,.T.);
#6354=EDGE_CURVE('',#5012,#5014,#297,.T.);
#6355=EDGE_CURVE('',#5015,#5013,#298,.T.);
#6356=EDGE_CURVE('',#5014,#5015,#2775,.T.);
#6357=EDGE_CURVE('',#5014,#5016,#2776,.T.);
#6358=EDGE_CURVE('',#5017,#5015,#2777,.T.);
#6359=EDGE_CURVE('',#5016,#5017,#2778,.T.);
#6360=EDGE_CURVE('',#5016,#5018,#2779,.T.);
#6361=EDGE_CURVE('',#5019,#5017,#2780,.T.);
#6362=EDGE_CURVE('',#5018,#5019,#2781,.T.);
#6363=EDGE_CURVE('',#5018,#5020,#299,.T.);
#6364=EDGE_CURVE('',#5021,#5019,#300,.T.);
#6365=EDGE_CURVE('',#5020,#5021,#2782,.T.);
#6366=EDGE_CURVE('',#5020,#5022,#2783,.T.);
#6367=EDGE_CURVE('',#5023,#5021,#2784,.T.);
#6368=EDGE_CURVE('',#5022,#5023,#2785,.T.);
#6369=EDGE_CURVE('',#5022,#5024,#2786,.T.);
#6370=EDGE_CURVE('',#5025,#5023,#2787,.T.);
#6371=EDGE_CURVE('',#5024,#5025,#2788,.T.);
#6372=EDGE_CURVE('',#5024,#5026,#301,.T.);
#6373=EDGE_CURVE('',#5027,#5025,#302,.T.);
#6374=EDGE_CURVE('',#5026,#5027,#2789,.T.);
#6375=EDGE_CURVE('',#5026,#5028,#2790,.T.);
#6376=EDGE_CURVE('',#5029,#5027,#2791,.T.);
#6377=EDGE_CURVE('',#5028,#5029,#2792,.T.);
#6378=EDGE_CURVE('',#5028,#5030,#2793,.T.);
#6379=EDGE_CURVE('',#5031,#5029,#2794,.T.);
#6380=EDGE_CURVE('',#5030,#5031,#2795,.T.);
#6381=EDGE_CURVE('',#5030,#5032,#303,.T.);
#6382=EDGE_CURVE('',#5033,#5031,#304,.T.);
#6383=EDGE_CURVE('',#5032,#5033,#2796,.T.);
#6384=EDGE_CURVE('',#5032,#5034,#2797,.T.);
#6385=EDGE_CURVE('',#5035,#5033,#2798,.T.);
#6386=EDGE_CURVE('',#5034,#5035,#2799,.T.);
#6387=EDGE_CURVE('',#5034,#5036,#2800,.T.);
#6388=EDGE_CURVE('',#5037,#5035,#2801,.T.);
#6389=EDGE_CURVE('',#5036,#5037,#2802,.T.);
#6390=EDGE_CURVE('',#5036,#5038,#305,.T.);
#6391=EDGE_CURVE('',#5039,#5037,#306,.T.);
#6392=EDGE_CURVE('',#5038,#5039,#2803,.T.);
#6393=EDGE_CURVE('',#5038,#5040,#2804,.T.);
#6394=EDGE_CURVE('',#5041,#5039,#2805,.T.);
#6395=EDGE_CURVE('',#5040,#5041,#2806,.T.);
#6396=EDGE_CURVE('',#5040,#5042,#2807,.T.);
#6397=EDGE_CURVE('',#5043,#5041,#2808,.T.);
#6398=EDGE_CURVE('',#5042,#5043,#2809,.T.);
#6399=EDGE_CURVE('',#5042,#5044,#307,.T.);
#6400=EDGE_CURVE('',#5045,#5043,#308,.T.);
#6401=EDGE_CURVE('',#5044,#5045,#2810,.T.);
#6402=EDGE_CURVE('',#5044,#5046,#2811,.T.);
#6403=EDGE_CURVE('',#5047,#5045,#2812,.T.);
#6404=EDGE_CURVE('',#5046,#5047,#2813,.T.);
#6405=EDGE_CURVE('',#5046,#5048,#2814,.T.);
#6406=EDGE_CURVE('',#5049,#5047,#2815,.T.);
#6407=EDGE_CURVE('',#5048,#5049,#2816,.T.);
#6408=EDGE_CURVE('',#5048,#5050,#309,.T.);
#6409=EDGE_CURVE('',#5051,#5049,#310,.T.);
#6410=EDGE_CURVE('',#5050,#5051,#2817,.T.);
#6411=EDGE_CURVE('',#5050,#5052,#2818,.T.);
#6412=EDGE_CURVE('',#5053,#5051,#2819,.T.);
#6413=EDGE_CURVE('',#5052,#5053,#2820,.T.);
#6414=EDGE_CURVE('',#5052,#5054,#2821,.T.);
#6415=EDGE_CURVE('',#5055,#5053,#2822,.T.);
#6416=EDGE_CURVE('',#5054,#5055,#2823,.T.);
#6417=EDGE_CURVE('',#5054,#5056,#311,.T.);
#6418=EDGE_CURVE('',#5057,#5055,#312,.T.);
#6419=EDGE_CURVE('',#5056,#5057,#2824,.T.);
#6420=EDGE_CURVE('',#5056,#5058,#2825,.T.);
#6421=EDGE_CURVE('',#5059,#5057,#2826,.T.);
#6422=EDGE_CURVE('',#5058,#5059,#2827,.T.);
#6423=EDGE_CURVE('',#5058,#5060,#2828,.T.);
#6424=EDGE_CURVE('',#5061,#5059,#2829,.T.);
#6425=EDGE_CURVE('',#5060,#5061,#2830,.T.);
#6426=EDGE_CURVE('',#5060,#5062,#313,.T.);
#6427=EDGE_CURVE('',#5063,#5061,#314,.T.);
#6428=EDGE_CURVE('',#5062,#5063,#2831,.T.);
#6429=EDGE_CURVE('',#5062,#5064,#2832,.T.);
#6430=EDGE_CURVE('',#5065,#5063,#2833,.T.);
#6431=EDGE_CURVE('',#5064,#5065,#2834,.T.);
#6432=EDGE_CURVE('',#5064,#5066,#2835,.T.);
#6433=EDGE_CURVE('',#5067,#5065,#2836,.T.);
#6434=EDGE_CURVE('',#5066,#5067,#2837,.T.);
#6435=EDGE_CURVE('',#5066,#5068,#315,.T.);
#6436=EDGE_CURVE('',#5069,#5067,#316,.T.);
#6437=EDGE_CURVE('',#5068,#5069,#2838,.T.);
#6438=EDGE_CURVE('',#5068,#5070,#2839,.T.);
#6439=EDGE_CURVE('',#5071,#5069,#2840,.T.);
#6440=EDGE_CURVE('',#5070,#5071,#2841,.T.);
#6441=EDGE_CURVE('',#5070,#5072,#2842,.T.);
#6442=EDGE_CURVE('',#5073,#5071,#2843,.T.);
#6443=EDGE_CURVE('',#5072,#5073,#2844,.T.);
#6444=EDGE_CURVE('',#5074,#5072,#317,.T.);
#6445=EDGE_CURVE('',#5075,#5073,#318,.T.);
#6446=EDGE_CURVE('',#5074,#5075,#2845,.T.);
#6447=EDGE_CURVE('',#5076,#5074,#319,.T.);
#6448=EDGE_CURVE('',#5077,#5075,#320,.T.);
#6449=EDGE_CURVE('',#5076,#5077,#2846,.T.);
#6450=EDGE_CURVE('',#5076,#5078,#2847,.T.);
#6451=EDGE_CURVE('',#5079,#5077,#2848,.T.);
#6452=EDGE_CURVE('',#5078,#5079,#2849,.T.);
#6453=EDGE_CURVE('',#5080,#5078,#2850,.T.);
#6454=EDGE_CURVE('',#5081,#5079,#2851,.T.);
#6455=EDGE_CURVE('',#5080,#5081,#2852,.T.);
#6456=EDGE_CURVE('',#4892,#5080,#2853,.T.);
#6457=EDGE_CURVE('',#4894,#5081,#2854,.T.);
#6458=EDGE_CURVE('',#5082,#5082,#321,.T.);
#6459=EDGE_CURVE('',#5082,#5083,#2855,.T.);
#6460=EDGE_CURVE('',#5083,#5083,#322,.T.);
#6461=EDGE_CURVE('',#5084,#5085,#2856,.T.);
#6462=EDGE_CURVE('',#5085,#5086,#2857,.T.);
#6463=EDGE_CURVE('',#5087,#5086,#2858,.T.);
#6464=EDGE_CURVE('',#5084,#5087,#2859,.T.);
#6465=EDGE_CURVE('',#5088,#5084,#323,.T.);
#6466=EDGE_CURVE('',#5089,#5087,#324,.T.);
#6467=EDGE_CURVE('',#5088,#5089,#2860,.T.);
#6468=EDGE_CURVE('',#5090,#5088,#2861,.T.);
#6469=EDGE_CURVE('',#5091,#5089,#2862,.T.);
#6470=EDGE_CURVE('',#5090,#5091,#2863,.T.);
#6471=EDGE_CURVE('',#5085,#5090,#325,.T.);
#6472=EDGE_CURVE('',#5086,#5091,#326,.T.);
#6473=EDGE_CURVE('',#5092,#5093,#327,.T.);
#6474=EDGE_CURVE('',#5092,#5094,#2864,.T.);
#6475=EDGE_CURVE('',#5095,#5094,#328,.T.);
#6476=EDGE_CURVE('',#5093,#5095,#2865,.T.);
#6477=EDGE_CURVE('',#5096,#5093,#2866,.T.);
#6478=EDGE_CURVE('',#5097,#5095,#2867,.T.);
#6479=EDGE_CURVE('',#5096,#5097,#2868,.T.);
#6480=EDGE_CURVE('',#5098,#5096,#17,.T.);
#6481=EDGE_CURVE('',#5099,#5097,#18,.T.);
#6482=EDGE_CURVE('',#5098,#5099,#2869,.T.);
#6483=EDGE_CURVE('',#5100,#5098,#2870,.T.);
#6484=EDGE_CURVE('',#5101,#5099,#2871,.T.);
#6485=EDGE_CURVE('',#5100,#5101,#2872,.T.);
#6486=EDGE_CURVE('',#5102,#5100,#329,.T.);
#6487=EDGE_CURVE('',#5103,#5101,#330,.T.);
#6488=EDGE_CURVE('',#5102,#5103,#2873,.T.);
#6489=EDGE_CURVE('',#5104,#5102,#2874,.T.);
#6490=EDGE_CURVE('',#5105,#5103,#2875,.T.);
#6491=EDGE_CURVE('',#5104,#5105,#2876,.T.);
#6492=EDGE_CURVE('',#5092,#5104,#2877,.T.);
#6493=EDGE_CURVE('',#5094,#5105,#2878,.T.);
#6494=EDGE_CURVE('',#5106,#5106,#331,.T.);
#6495=EDGE_CURVE('',#5106,#5107,#2879,.T.);
#6496=EDGE_CURVE('',#5107,#5107,#332,.T.);
#6497=EDGE_CURVE('',#5108,#5109,#333,.T.);
#6498=EDGE_CURVE('',#5109,#5110,#2880,.T.);
#6499=EDGE_CURVE('',#5110,#5111,#334,.T.);
#6500=EDGE_CURVE('',#5108,#5111,#2881,.T.);
#6501=EDGE_CURVE('',#5109,#5112,#2882,.T.);
#6502=EDGE_CURVE('',#5112,#5113,#2883,.T.);
#6503=EDGE_CURVE('',#5113,#5110,#2884,.T.);
#6504=EDGE_CURVE('',#5112,#5114,#335,.T.);
#6505=EDGE_CURVE('',#5114,#5115,#2885,.T.);
#6506=EDGE_CURVE('',#5115,#5113,#336,.T.);
#6507=EDGE_CURVE('',#5116,#5114,#2886,.T.);
#6508=EDGE_CURVE('',#5116,#5117,#2887,.T.);
#6509=EDGE_CURVE('',#5117,#5115,#2888,.T.);
#6510=EDGE_CURVE('',#5118,#5116,#2889,.T.);
#6511=EDGE_CURVE('',#5118,#5119,#2890,.T.);
#6512=EDGE_CURVE('',#5119,#5117,#2891,.T.);
#6513=EDGE_CURVE('',#5118,#5108,#2892,.T.);
#6514=EDGE_CURVE('',#5111,#5119,#2893,.T.);
#6515=EDGE_CURVE('',#5120,#5121,#337,.T.);
#6516=EDGE_CURVE('',#5122,#5120,#2894,.T.);
#6517=EDGE_CURVE('',#5123,#5122,#338,.T.);
#6518=EDGE_CURVE('',#5121,#5123,#2895,.T.);
#6519=EDGE_CURVE('',#5124,#5122,#2896,.T.);
#6520=EDGE_CURVE('',#5125,#5124,#2897,.T.);
#6521=EDGE_CURVE('',#5125,#5126,#2898,.T.);
#6522=EDGE_CURVE('',#5126,#5127,#339,.T.);
#6523=EDGE_CURVE('',#5127,#5123,#2899,.T.);
#6524=EDGE_CURVE('',#5128,#5128,#340,.T.);
#6525=EDGE_CURVE('',#5127,#5129,#2900,.T.);
#6526=EDGE_CURVE('',#5121,#5129,#2901,.T.);
#6527=EDGE_CURVE('',#5130,#5126,#2902,.T.);
#6528=EDGE_CURVE('',#5129,#5130,#341,.T.);
#6529=EDGE_CURVE('',#5128,#5131,#2903,.T.);
#6530=EDGE_CURVE('',#5131,#5131,#342,.T.);
#6531=EDGE_CURVE('',#5125,#5132,#2904,.T.);
#6532=EDGE_CURVE('',#5132,#5130,#2905,.T.);
#6533=EDGE_CURVE('',#5133,#5132,#2906,.T.);
#6534=EDGE_CURVE('',#5133,#5120,#2907,.T.);
#6535=EDGE_CURVE('',#5124,#5133,#2908,.T.);
#6536=EDGE_CURVE('',#5134,#5134,#343,.T.);
#6537=EDGE_CURVE('',#5134,#5135,#2909,.T.);
#6538=EDGE_CURVE('',#5135,#5135,#344,.T.);
#6539=EDGE_CURVE('',#5136,#5136,#345,.T.);
#6540=EDGE_CURVE('',#5136,#5137,#2910,.T.);
#6541=EDGE_CURVE('',#5137,#5137,#346,.T.);
#6542=EDGE_CURVE('',#5138,#5138,#347,.T.);
#6543=EDGE_CURVE('',#5138,#5139,#2911,.T.);
#6544=EDGE_CURVE('',#5139,#5139,#348,.T.);
#6545=EDGE_CURVE('',#5140,#5140,#349,.T.);
#6546=EDGE_CURVE('',#5140,#5141,#2912,.T.);
#6547=EDGE_CURVE('',#5141,#5141,#350,.T.);
#6548=EDGE_CURVE('',#5142,#5142,#351,.T.);
#6549=EDGE_CURVE('',#5142,#5143,#2913,.T.);
#6550=EDGE_CURVE('',#5143,#5143,#352,.T.);
#6551=EDGE_CURVE('',#5144,#5144,#353,.T.);
#6552=EDGE_CURVE('',#5144,#5145,#2914,.T.);
#6553=EDGE_CURVE('',#5145,#5145,#354,.T.);
#6554=EDGE_CURVE('',#5146,#5146,#355,.T.);
#6555=EDGE_CURVE('',#5146,#5147,#2915,.T.);
#6556=EDGE_CURVE('',#5147,#5147,#356,.T.);
#6557=EDGE_CURVE('',#5148,#5148,#357,.T.);
#6558=EDGE_CURVE('',#5148,#5149,#2916,.T.);
#6559=EDGE_CURVE('',#5149,#5149,#358,.T.);
#6560=EDGE_CURVE('',#5150,#5150,#359,.T.);
#6561=EDGE_CURVE('',#5150,#5151,#2917,.T.);
#6562=EDGE_CURVE('',#5151,#5151,#360,.T.);
#6563=EDGE_CURVE('',#5152,#5152,#361,.T.);
#6564=EDGE_CURVE('',#5152,#5153,#2918,.T.);
#6565=EDGE_CURVE('',#5153,#5153,#362,.T.);
#6566=EDGE_CURVE('',#5154,#5154,#363,.T.);
#6567=EDGE_CURVE('',#5154,#5155,#2919,.T.);
#6568=EDGE_CURVE('',#5155,#5155,#364,.T.);
#6569=EDGE_CURVE('',#5156,#5157,#2920,.T.);
#6570=EDGE_CURVE('',#5156,#5158,#2921,.T.);
#6571=EDGE_CURVE('',#5158,#5159,#2922,.T.);
#6572=EDGE_CURVE('',#5157,#5159,#2923,.T.);
#6573=EDGE_CURVE('',#5160,#5156,#2924,.T.);
#6574=EDGE_CURVE('',#5160,#5161,#2925,.T.);
#6575=EDGE_CURVE('',#5161,#5158,#2926,.T.);
#6576=EDGE_CURVE('',#5162,#5160,#2927,.T.);
#6577=EDGE_CURVE('',#5162,#5163,#2928,.T.);
#6578=EDGE_CURVE('',#5163,#5161,#2929,.T.);
#6579=EDGE_CURVE('',#5162,#5157,#2930,.T.);
#6580=EDGE_CURVE('',#5159,#5163,#2931,.T.);
#6581=EDGE_CURVE('',#5164,#5165,#365,.T.);
#6582=EDGE_CURVE('',#5165,#5166,#2932,.T.);
#6583=EDGE_CURVE('',#5166,#5167,#366,.T.);
#6584=EDGE_CURVE('',#5164,#5167,#2933,.T.);
#6585=EDGE_CURVE('',#5165,#5168,#2934,.T.);
#6586=EDGE_CURVE('',#5168,#5169,#2935,.T.);
#6587=EDGE_CURVE('',#5169,#5166,#2936,.T.);
#6588=EDGE_CURVE('',#5168,#5170,#2937,.T.);
#6589=EDGE_CURVE('',#5170,#5171,#2938,.T.);
#6590=EDGE_CURVE('',#5171,#5169,#2939,.T.);
#6591=EDGE_CURVE('',#5170,#5172,#367,.T.);
#6592=EDGE_CURVE('',#5172,#5173,#2940,.T.);
#6593=EDGE_CURVE('',#5173,#5171,#368,.T.);
#6594=EDGE_CURVE('',#5172,#5174,#2941,.T.);
#6595=EDGE_CURVE('',#5174,#5175,#2942,.T.);
#6596=EDGE_CURVE('',#5175,#5173,#2943,.T.);
#6597=EDGE_CURVE('',#5174,#5176,#2944,.T.);
#6598=EDGE_CURVE('',#5176,#5177,#2945,.T.);
#6599=EDGE_CURVE('',#5177,#5175,#2946,.T.);
#6600=EDGE_CURVE('',#5176,#5178,#369,.T.);
#6601=EDGE_CURVE('',#5178,#5179,#2947,.T.);
#6602=EDGE_CURVE('',#5179,#5177,#370,.T.);
#6603=EDGE_CURVE('',#5178,#5180,#2948,.T.);
#6604=EDGE_CURVE('',#5180,#5181,#2949,.T.);
#6605=EDGE_CURVE('',#5181,#5179,#2950,.T.);
#6606=EDGE_CURVE('',#5180,#5182,#2951,.T.);
#6607=EDGE_CURVE('',#5182,#5183,#2952,.T.);
#6608=EDGE_CURVE('',#5183,#5181,#2953,.T.);
#6609=EDGE_CURVE('',#5182,#5184,#371,.T.);
#6610=EDGE_CURVE('',#5184,#5185,#2954,.T.);
#6611=EDGE_CURVE('',#5185,#5183,#372,.T.);
#6612=EDGE_CURVE('',#5184,#5186,#2955,.T.);
#6613=EDGE_CURVE('',#5186,#5187,#2956,.T.);
#6614=EDGE_CURVE('',#5187,#5185,#2957,.T.);
#6615=EDGE_CURVE('',#5186,#5188,#2958,.T.);
#6616=EDGE_CURVE('',#5188,#5189,#2959,.T.);
#6617=EDGE_CURVE('',#5189,#5187,#2960,.T.);
#6618=EDGE_CURVE('',#5188,#5190,#373,.T.);
#6619=EDGE_CURVE('',#5190,#5191,#2961,.T.);
#6620=EDGE_CURVE('',#5191,#5189,#374,.T.);
#6621=EDGE_CURVE('',#5190,#5192,#2962,.T.);
#6622=EDGE_CURVE('',#5192,#5193,#2963,.T.);
#6623=EDGE_CURVE('',#5193,#5191,#2964,.T.);
#6624=EDGE_CURVE('',#5192,#5194,#2965,.T.);
#6625=EDGE_CURVE('',#5194,#5195,#2966,.T.);
#6626=EDGE_CURVE('',#5195,#5193,#2967,.T.);
#6627=EDGE_CURVE('',#5194,#5196,#375,.T.);
#6628=EDGE_CURVE('',#5196,#5197,#2968,.T.);
#6629=EDGE_CURVE('',#5197,#5195,#376,.T.);
#6630=EDGE_CURVE('',#5196,#5198,#2969,.T.);
#6631=EDGE_CURVE('',#5198,#5199,#2970,.T.);
#6632=EDGE_CURVE('',#5199,#5197,#2971,.T.);
#6633=EDGE_CURVE('',#5198,#5200,#2972,.T.);
#6634=EDGE_CURVE('',#5200,#5201,#2973,.T.);
#6635=EDGE_CURVE('',#5201,#5199,#2974,.T.);
#6636=EDGE_CURVE('',#5200,#5202,#377,.T.);
#6637=EDGE_CURVE('',#5202,#5203,#2975,.T.);
#6638=EDGE_CURVE('',#5203,#5201,#378,.T.);
#6639=EDGE_CURVE('',#5202,#5204,#2976,.T.);
#6640=EDGE_CURVE('',#5204,#5205,#2977,.T.);
#6641=EDGE_CURVE('',#5205,#5203,#2978,.T.);
#6642=EDGE_CURVE('',#5204,#5206,#2979,.T.);
#6643=EDGE_CURVE('',#5206,#5207,#2980,.T.);
#6644=EDGE_CURVE('',#5207,#5205,#2981,.T.);
#6645=EDGE_CURVE('',#5206,#5208,#379,.T.);
#6646=EDGE_CURVE('',#5208,#5209,#2982,.T.);
#6647=EDGE_CURVE('',#5209,#5207,#380,.T.);
#6648=EDGE_CURVE('',#5208,#5210,#2983,.T.);
#6649=EDGE_CURVE('',#5210,#5211,#2984,.T.);
#6650=EDGE_CURVE('',#5211,#5209,#2985,.T.);
#6651=EDGE_CURVE('',#5210,#5212,#2986,.T.);
#6652=EDGE_CURVE('',#5212,#5213,#2987,.T.);
#6653=EDGE_CURVE('',#5213,#5211,#2988,.T.);
#6654=EDGE_CURVE('',#5212,#5214,#381,.T.);
#6655=EDGE_CURVE('',#5214,#5215,#2989,.T.);
#6656=EDGE_CURVE('',#5215,#5213,#382,.T.);
#6657=EDGE_CURVE('',#5214,#5216,#2990,.T.);
#6658=EDGE_CURVE('',#5216,#5217,#2991,.T.);
#6659=EDGE_CURVE('',#5217,#5215,#2992,.T.);
#6660=EDGE_CURVE('',#5216,#5218,#2993,.T.);
#6661=EDGE_CURVE('',#5218,#5219,#2994,.T.);
#6662=EDGE_CURVE('',#5219,#5217,#2995,.T.);
#6663=EDGE_CURVE('',#5218,#5220,#383,.T.);
#6664=EDGE_CURVE('',#5220,#5221,#2996,.T.);
#6665=EDGE_CURVE('',#5221,#5219,#384,.T.);
#6666=EDGE_CURVE('',#5220,#5222,#2997,.T.);
#6667=EDGE_CURVE('',#5222,#5223,#2998,.T.);
#6668=EDGE_CURVE('',#5223,#5221,#2999,.T.);
#6669=EDGE_CURVE('',#5222,#5224,#3000,.T.);
#6670=EDGE_CURVE('',#5224,#5225,#3001,.T.);
#6671=EDGE_CURVE('',#5225,#5223,#3002,.T.);
#6672=EDGE_CURVE('',#5224,#5226,#385,.T.);
#6673=EDGE_CURVE('',#5226,#5227,#3003,.T.);
#6674=EDGE_CURVE('',#5227,#5225,#386,.T.);
#6675=EDGE_CURVE('',#5226,#5228,#3004,.T.);
#6676=EDGE_CURVE('',#5228,#5229,#3005,.T.);
#6677=EDGE_CURVE('',#5229,#5227,#3006,.T.);
#6678=EDGE_CURVE('',#5228,#5230,#3007,.T.);
#6679=EDGE_CURVE('',#5230,#5231,#3008,.T.);
#6680=EDGE_CURVE('',#5231,#5229,#3009,.T.);
#6681=EDGE_CURVE('',#5230,#5232,#387,.T.);
#6682=EDGE_CURVE('',#5232,#5233,#3010,.T.);
#6683=EDGE_CURVE('',#5233,#5231,#388,.T.);
#6684=EDGE_CURVE('',#5232,#5234,#3011,.T.);
#6685=EDGE_CURVE('',#5234,#5235,#3012,.T.);
#6686=EDGE_CURVE('',#5235,#5233,#3013,.T.);
#6687=EDGE_CURVE('',#5234,#5236,#3014,.T.);
#6688=EDGE_CURVE('',#5236,#5237,#3015,.T.);
#6689=EDGE_CURVE('',#5237,#5235,#3016,.T.);
#6690=EDGE_CURVE('',#5236,#5238,#389,.T.);
#6691=EDGE_CURVE('',#5238,#5239,#3017,.T.);
#6692=EDGE_CURVE('',#5239,#5237,#390,.T.);
#6693=EDGE_CURVE('',#5238,#5240,#3018,.T.);
#6694=EDGE_CURVE('',#5240,#5241,#3019,.T.);
#6695=EDGE_CURVE('',#5241,#5239,#3020,.T.);
#6696=EDGE_CURVE('',#5240,#5242,#3021,.T.);
#6697=EDGE_CURVE('',#5242,#5243,#3022,.T.);
#6698=EDGE_CURVE('',#5243,#5241,#3023,.T.);
#6699=EDGE_CURVE('',#5242,#5244,#391,.T.);
#6700=EDGE_CURVE('',#5244,#5245,#3024,.T.);
#6701=EDGE_CURVE('',#5245,#5243,#392,.T.);
#6702=EDGE_CURVE('',#5244,#5246,#3025,.T.);
#6703=EDGE_CURVE('',#5246,#5247,#3026,.T.);
#6704=EDGE_CURVE('',#5247,#5245,#3027,.T.);
#6705=EDGE_CURVE('',#5246,#5248,#3028,.T.);
#6706=EDGE_CURVE('',#5248,#5249,#3029,.T.);
#6707=EDGE_CURVE('',#5249,#5247,#3030,.T.);
#6708=EDGE_CURVE('',#5248,#5250,#393,.T.);
#6709=EDGE_CURVE('',#5250,#5251,#3031,.T.);
#6710=EDGE_CURVE('',#5251,#5249,#394,.T.);
#6711=EDGE_CURVE('',#5250,#5252,#3032,.T.);
#6712=EDGE_CURVE('',#5252,#5253,#3033,.T.);
#6713=EDGE_CURVE('',#5253,#5251,#3034,.T.);
#6714=EDGE_CURVE('',#5252,#5254,#3035,.T.);
#6715=EDGE_CURVE('',#5254,#5255,#3036,.T.);
#6716=EDGE_CURVE('',#5255,#5253,#3037,.T.);
#6717=EDGE_CURVE('',#5254,#5256,#395,.T.);
#6718=EDGE_CURVE('',#5256,#5257,#3038,.T.);
#6719=EDGE_CURVE('',#5257,#5255,#396,.T.);
#6720=EDGE_CURVE('',#5256,#5258,#3039,.T.);
#6721=EDGE_CURVE('',#5258,#5259,#3040,.T.);
#6722=EDGE_CURVE('',#5259,#5257,#3041,.T.);
#6723=EDGE_CURVE('',#5258,#5260,#3042,.T.);
#6724=EDGE_CURVE('',#5260,#5261,#3043,.T.);
#6725=EDGE_CURVE('',#5261,#5259,#3044,.T.);
#6726=EDGE_CURVE('',#5260,#5262,#397,.T.);
#6727=EDGE_CURVE('',#5262,#5263,#3045,.T.);
#6728=EDGE_CURVE('',#5263,#5261,#398,.T.);
#6729=EDGE_CURVE('',#5262,#5264,#3046,.T.);
#6730=EDGE_CURVE('',#5264,#5265,#3047,.T.);
#6731=EDGE_CURVE('',#5265,#5263,#3048,.T.);
#6732=EDGE_CURVE('',#5264,#5266,#3049,.T.);
#6733=EDGE_CURVE('',#5266,#5267,#3050,.T.);
#6734=EDGE_CURVE('',#5267,#5265,#3051,.T.);
#6735=EDGE_CURVE('',#5266,#5268,#399,.T.);
#6736=EDGE_CURVE('',#5268,#5269,#3052,.T.);
#6737=EDGE_CURVE('',#5269,#5267,#400,.T.);
#6738=EDGE_CURVE('',#5268,#5270,#3053,.T.);
#6739=EDGE_CURVE('',#5270,#5271,#3054,.T.);
#6740=EDGE_CURVE('',#5271,#5269,#3055,.T.);
#6741=EDGE_CURVE('',#5270,#5272,#3056,.T.);
#6742=EDGE_CURVE('',#5272,#5273,#3057,.T.);
#6743=EDGE_CURVE('',#5273,#5271,#3058,.T.);
#6744=EDGE_CURVE('',#5272,#5274,#401,.T.);
#6745=EDGE_CURVE('',#5274,#5275,#3059,.T.);
#6746=EDGE_CURVE('',#5275,#5273,#402,.T.);
#6747=EDGE_CURVE('',#5274,#5276,#3060,.T.);
#6748=EDGE_CURVE('',#5276,#5277,#3061,.T.);
#6749=EDGE_CURVE('',#5277,#5275,#3062,.T.);
#6750=EDGE_CURVE('',#5276,#5278,#3063,.T.);
#6751=EDGE_CURVE('',#5278,#5279,#3064,.T.);
#6752=EDGE_CURVE('',#5279,#5277,#3065,.T.);
#6753=EDGE_CURVE('',#5278,#5280,#403,.T.);
#6754=EDGE_CURVE('',#5280,#5281,#3066,.T.);
#6755=EDGE_CURVE('',#5281,#5279,#404,.T.);
#6756=EDGE_CURVE('',#5280,#5282,#3067,.T.);
#6757=EDGE_CURVE('',#5282,#5283,#3068,.T.);
#6758=EDGE_CURVE('',#5283,#5281,#3069,.T.);
#6759=EDGE_CURVE('',#5282,#5284,#3070,.T.);
#6760=EDGE_CURVE('',#5284,#5285,#3071,.T.);
#6761=EDGE_CURVE('',#5285,#5283,#3072,.T.);
#6762=EDGE_CURVE('',#5284,#5286,#405,.T.);
#6763=EDGE_CURVE('',#5286,#5287,#3073,.T.);
#6764=EDGE_CURVE('',#5287,#5285,#406,.T.);
#6765=EDGE_CURVE('',#5286,#5288,#3074,.T.);
#6766=EDGE_CURVE('',#5288,#5289,#3075,.T.);
#6767=EDGE_CURVE('',#5289,#5287,#3076,.T.);
#6768=EDGE_CURVE('',#5288,#5290,#3077,.T.);
#6769=EDGE_CURVE('',#5290,#5291,#3078,.T.);
#6770=EDGE_CURVE('',#5291,#5289,#3079,.T.);
#6771=EDGE_CURVE('',#5290,#5292,#407,.T.);
#6772=EDGE_CURVE('',#5292,#5293,#3080,.T.);
#6773=EDGE_CURVE('',#5293,#5291,#408,.T.);
#6774=EDGE_CURVE('',#5292,#5294,#3081,.T.);
#6775=EDGE_CURVE('',#5294,#5295,#3082,.T.);
#6776=EDGE_CURVE('',#5295,#5293,#3083,.T.);
#6777=EDGE_CURVE('',#5294,#5296,#3084,.T.);
#6778=EDGE_CURVE('',#5296,#5297,#3085,.T.);
#6779=EDGE_CURVE('',#5297,#5295,#3086,.T.);
#6780=EDGE_CURVE('',#5296,#5298,#409,.T.);
#6781=EDGE_CURVE('',#5298,#5299,#3087,.T.);
#6782=EDGE_CURVE('',#5299,#5297,#410,.T.);
#6783=EDGE_CURVE('',#5298,#5300,#3088,.T.);
#6784=EDGE_CURVE('',#5300,#5301,#3089,.T.);
#6785=EDGE_CURVE('',#5301,#5299,#3090,.T.);
#6786=EDGE_CURVE('',#5300,#5302,#3091,.T.);
#6787=EDGE_CURVE('',#5302,#5303,#3092,.T.);
#6788=EDGE_CURVE('',#5303,#5301,#3093,.T.);
#6789=EDGE_CURVE('',#5302,#5304,#411,.T.);
#6790=EDGE_CURVE('',#5304,#5305,#3094,.T.);
#6791=EDGE_CURVE('',#5305,#5303,#412,.T.);
#6792=EDGE_CURVE('',#5304,#5306,#3095,.T.);
#6793=EDGE_CURVE('',#5306,#5307,#3096,.T.);
#6794=EDGE_CURVE('',#5307,#5305,#3097,.T.);
#6795=EDGE_CURVE('',#5306,#5308,#3098,.T.);
#6796=EDGE_CURVE('',#5308,#5309,#3099,.T.);
#6797=EDGE_CURVE('',#5309,#5307,#3100,.T.);
#6798=EDGE_CURVE('',#5308,#5310,#413,.T.);
#6799=EDGE_CURVE('',#5310,#5311,#3101,.T.);
#6800=EDGE_CURVE('',#5311,#5309,#414,.T.);
#6801=EDGE_CURVE('',#5310,#5312,#3102,.T.);
#6802=EDGE_CURVE('',#5312,#5313,#3103,.T.);
#6803=EDGE_CURVE('',#5313,#5311,#3104,.T.);
#6804=EDGE_CURVE('',#5312,#5314,#3105,.T.);
#6805=EDGE_CURVE('',#5314,#5315,#3106,.T.);
#6806=EDGE_CURVE('',#5315,#5313,#3107,.T.);
#6807=EDGE_CURVE('',#5314,#5316,#415,.T.);
#6808=EDGE_CURVE('',#5316,#5317,#3108,.T.);
#6809=EDGE_CURVE('',#5317,#5315,#416,.T.);
#6810=EDGE_CURVE('',#5316,#5318,#3109,.T.);
#6811=EDGE_CURVE('',#5318,#5319,#3110,.T.);
#6812=EDGE_CURVE('',#5319,#5317,#3111,.T.);
#6813=EDGE_CURVE('',#5318,#5320,#3112,.T.);
#6814=EDGE_CURVE('',#5320,#5321,#3113,.T.);
#6815=EDGE_CURVE('',#5321,#5319,#3114,.T.);
#6816=EDGE_CURVE('',#5320,#5322,#417,.T.);
#6817=EDGE_CURVE('',#5322,#5323,#3115,.T.);
#6818=EDGE_CURVE('',#5323,#5321,#418,.T.);
#6819=EDGE_CURVE('',#5322,#5324,#3116,.T.);
#6820=EDGE_CURVE('',#5324,#5325,#3117,.T.);
#6821=EDGE_CURVE('',#5325,#5323,#3118,.T.);
#6822=EDGE_CURVE('',#5324,#5326,#3119,.T.);
#6823=EDGE_CURVE('',#5326,#5327,#3120,.T.);
#6824=EDGE_CURVE('',#5327,#5325,#3121,.T.);
#6825=EDGE_CURVE('',#5326,#5328,#419,.T.);
#6826=EDGE_CURVE('',#5328,#5329,#3122,.T.);
#6827=EDGE_CURVE('',#5329,#5327,#420,.T.);
#6828=EDGE_CURVE('',#5328,#5330,#3123,.T.);
#6829=EDGE_CURVE('',#5330,#5331,#3124,.T.);
#6830=EDGE_CURVE('',#5331,#5329,#3125,.T.);
#6831=EDGE_CURVE('',#5330,#5332,#3126,.T.);
#6832=EDGE_CURVE('',#5332,#5333,#3127,.T.);
#6833=EDGE_CURVE('',#5333,#5331,#3128,.T.);
#6834=EDGE_CURVE('',#5332,#5334,#421,.T.);
#6835=EDGE_CURVE('',#5334,#5335,#3129,.T.);
#6836=EDGE_CURVE('',#5335,#5333,#422,.T.);
#6837=EDGE_CURVE('',#5334,#5336,#3130,.T.);
#6838=EDGE_CURVE('',#5336,#5337,#3131,.T.);
#6839=EDGE_CURVE('',#5337,#5335,#3132,.T.);
#6840=EDGE_CURVE('',#5336,#5338,#3133,.T.);
#6841=EDGE_CURVE('',#5338,#5339,#3134,.T.);
#6842=EDGE_CURVE('',#5339,#5337,#3135,.T.);
#6843=EDGE_CURVE('',#5338,#5340,#423,.T.);
#6844=EDGE_CURVE('',#5340,#5341,#3136,.T.);
#6845=EDGE_CURVE('',#5341,#5339,#424,.T.);
#6846=EDGE_CURVE('',#5340,#5342,#3137,.T.);
#6847=EDGE_CURVE('',#5342,#5343,#3138,.T.);
#6848=EDGE_CURVE('',#5343,#5341,#3139,.T.);
#6849=EDGE_CURVE('',#5342,#5344,#3140,.T.);
#6850=EDGE_CURVE('',#5344,#5345,#3141,.T.);
#6851=EDGE_CURVE('',#5345,#5343,#3142,.T.);
#6852=EDGE_CURVE('',#5346,#5344,#425,.T.);
#6853=EDGE_CURVE('',#5346,#5347,#3143,.T.);
#6854=EDGE_CURVE('',#5347,#5345,#426,.T.);
#6855=EDGE_CURVE('',#5348,#5346,#427,.T.);
#6856=EDGE_CURVE('',#5348,#5349,#3144,.T.);
#6857=EDGE_CURVE('',#5349,#5347,#428,.T.);
#6858=EDGE_CURVE('',#5348,#5350,#3145,.T.);
#6859=EDGE_CURVE('',#5350,#5351,#3146,.T.);
#6860=EDGE_CURVE('',#5351,#5349,#3147,.T.);
#6861=EDGE_CURVE('',#5352,#5350,#3148,.T.);
#6862=EDGE_CURVE('',#5352,#5353,#3149,.T.);
#6863=EDGE_CURVE('',#5353,#5351,#3150,.T.);
#6864=EDGE_CURVE('',#5164,#5352,#3151,.T.);
#6865=EDGE_CURVE('',#5167,#5353,#3152,.T.);
#6866=EDGE_CURVE('',#5354,#5354,#429,.T.);
#6867=EDGE_CURVE('',#5354,#5355,#3153,.T.);
#6868=EDGE_CURVE('',#5355,#5355,#430,.T.);
#6869=EDGE_CURVE('',#5356,#5357,#3154,.T.);
#6870=EDGE_CURVE('',#5356,#5358,#3155,.T.);
#6871=EDGE_CURVE('',#5358,#5359,#3156,.T.);
#6872=EDGE_CURVE('',#5357,#5359,#3157,.T.);
#6873=EDGE_CURVE('',#5360,#5356,#431,.T.);
#6874=EDGE_CURVE('',#5360,#5361,#3158,.T.);
#6875=EDGE_CURVE('',#5361,#5358,#432,.T.);
#6876=EDGE_CURVE('',#5362,#5360,#3159,.T.);
#6877=EDGE_CURVE('',#5362,#5363,#3160,.T.);
#6878=EDGE_CURVE('',#5363,#5361,#3161,.T.);
#6879=EDGE_CURVE('',#5357,#5362,#433,.T.);
#6880=EDGE_CURVE('',#5359,#5363,#434,.T.);
#6881=EDGE_CURVE('',#5364,#5365,#435,.T.);
#6882=EDGE_CURVE('',#5365,#5366,#3162,.T.);
#6883=EDGE_CURVE('',#5366,#5367,#436,.T.);
#6884=EDGE_CURVE('',#5364,#5367,#3163,.T.);
#6885=EDGE_CURVE('',#5368,#5365,#3164,.T.);
#6886=EDGE_CURVE('',#5368,#5369,#3165,.T.);
#6887=EDGE_CURVE('',#5369,#5366,#3166,.T.);
#6888=EDGE_CURVE('',#5370,#5368,#19,.T.);
#6889=EDGE_CURVE('',#5370,#5371,#3167,.T.);
#6890=EDGE_CURVE('',#5371,#5369,#20,.T.);
#6891=EDGE_CURVE('',#5372,#5370,#3168,.T.);
#6892=EDGE_CURVE('',#5372,#5373,#3169,.T.);
#6893=EDGE_CURVE('',#5373,#5371,#3170,.T.);
#6894=EDGE_CURVE('',#5374,#5372,#437,.T.);
#6895=EDGE_CURVE('',#5374,#5375,#3171,.T.);
#6896=EDGE_CURVE('',#5375,#5373,#438,.T.);
#6897=EDGE_CURVE('',#5376,#5374,#3172,.T.);
#6898=EDGE_CURVE('',#5376,#5377,#3173,.T.);
#6899=EDGE_CURVE('',#5377,#5375,#3174,.T.);
#6900=EDGE_CURVE('',#5364,#5376,#3175,.T.);
#6901=EDGE_CURVE('',#5367,#5377,#3176,.T.);
#6902=EDGE_CURVE('',#5378,#5378,#439,.T.);
#6903=EDGE_CURVE('',#5378,#5379,#3177,.T.);
#6904=EDGE_CURVE('',#5379,#5379,#440,.T.);
#6905=EDGE_CURVE('',#5380,#5381,#3178,.T.);
#6906=EDGE_CURVE('',#5381,#5382,#3179,.T.);
#6907=EDGE_CURVE('',#5383,#5382,#3180,.T.);
#6908=EDGE_CURVE('',#5380,#5383,#3181,.T.);
#6909=EDGE_CURVE('',#5384,#5380,#441,.T.);
#6910=EDGE_CURVE('',#5385,#5383,#442,.T.);
#6911=EDGE_CURVE('',#5384,#5385,#3182,.T.);
#6912=EDGE_CURVE('',#5386,#5384,#3183,.T.);
#6913=EDGE_CURVE('',#5387,#5385,#3184,.T.);
#6914=EDGE_CURVE('',#5386,#5387,#3185,.T.);
#6915=EDGE_CURVE('',#5388,#5386,#3186,.T.);
#6916=EDGE_CURVE('',#5389,#5387,#3187,.T.);
#6917=EDGE_CURVE('',#5388,#5389,#3188,.T.);
#6918=EDGE_CURVE('',#5390,#5388,#3189,.T.);
#6919=EDGE_CURVE('',#5391,#5389,#3190,.T.);
#6920=EDGE_CURVE('',#5390,#5391,#3191,.T.);
#6921=EDGE_CURVE('',#5381,#5390,#443,.T.);
#6922=EDGE_CURVE('',#5382,#5391,#444,.T.);
#6923=EDGE_CURVE('',#5392,#5392,#445,.T.);
#6924=EDGE_CURVE('',#5392,#5393,#3192,.T.);
#6925=EDGE_CURVE('',#5393,#5393,#446,.T.);
#6926=EDGE_CURVE('',#5394,#5395,#3193,.T.);
#6927=EDGE_CURVE('',#5394,#5396,#3194,.T.);
#6928=EDGE_CURVE('',#5396,#5397,#3195,.T.);
#6929=EDGE_CURVE('',#5395,#5397,#3196,.T.);
#6930=EDGE_CURVE('',#5398,#5394,#447,.T.);
#6931=EDGE_CURVE('',#5398,#5399,#3197,.T.);
#6932=EDGE_CURVE('',#5399,#5396,#448,.T.);
#6933=EDGE_CURVE('',#5400,#5398,#3198,.T.);
#6934=EDGE_CURVE('',#5400,#5401,#3199,.T.);
#6935=EDGE_CURVE('',#5401,#5399,#3200,.T.);
#6936=EDGE_CURVE('',#5402,#5400,#3201,.T.);
#6937=EDGE_CURVE('',#5402,#5403,#3202,.T.);
#6938=EDGE_CURVE('',#5403,#5401,#3203,.T.);
#6939=EDGE_CURVE('',#5404,#5402,#3204,.T.);
#6940=EDGE_CURVE('',#5404,#5405,#3205,.T.);
#6941=EDGE_CURVE('',#5405,#5403,#3206,.T.);
#6942=EDGE_CURVE('',#5395,#5404,#449,.T.);
#6943=EDGE_CURVE('',#5397,#5405,#450,.T.);
#6944=EDGE_CURVE('',#5406,#5406,#451,.T.);
#6945=EDGE_CURVE('',#5406,#5407,#3207,.T.);
#6946=EDGE_CURVE('',#5407,#5407,#452,.T.);
#6947=EDGE_CURVE('',#5408,#5409,#3208,.T.);
#6948=EDGE_CURVE('',#5408,#5410,#3209,.T.);
#6949=EDGE_CURVE('',#5410,#5411,#3210,.T.);
#6950=EDGE_CURVE('',#5409,#5411,#3211,.T.);
#6951=EDGE_CURVE('',#5412,#5408,#453,.T.);
#6952=EDGE_CURVE('',#5412,#5413,#3212,.T.);
#6953=EDGE_CURVE('',#5413,#5410,#454,.T.);
#6954=EDGE_CURVE('',#5414,#5412,#3213,.T.);
#6955=EDGE_CURVE('',#5414,#5415,#3214,.T.);
#6956=EDGE_CURVE('',#5415,#5413,#3215,.T.);
#6957=EDGE_CURVE('',#5416,#5414,#3216,.T.);
#6958=EDGE_CURVE('',#5416,#5417,#3217,.T.);
#6959=EDGE_CURVE('',#5417,#5415,#3218,.T.);
#6960=EDGE_CURVE('',#5418,#5416,#3219,.T.);
#6961=EDGE_CURVE('',#5418,#5419,#3220,.T.);
#6962=EDGE_CURVE('',#5419,#5417,#3221,.T.);
#6963=EDGE_CURVE('',#5409,#5418,#455,.T.);
#6964=EDGE_CURVE('',#5411,#5419,#456,.T.);
#6965=EDGE_CURVE('',#5420,#5420,#457,.T.);
#6966=EDGE_CURVE('',#5420,#5421,#3222,.T.);
#6967=EDGE_CURVE('',#5421,#5421,#458,.T.);
#6968=EDGE_CURVE('',#5422,#5423,#3223,.T.);
#6969=EDGE_CURVE('',#5423,#5424,#3224,.T.);
#6970=EDGE_CURVE('',#5425,#5424,#3225,.T.);
#6971=EDGE_CURVE('',#5422,#5425,#3226,.T.);
#6972=EDGE_CURVE('',#5426,#5422,#459,.T.);
#6973=EDGE_CURVE('',#5427,#5425,#460,.T.);
#6974=EDGE_CURVE('',#5426,#5427,#3227,.T.);
#6975=EDGE_CURVE('',#5428,#5426,#3228,.T.);
#6976=EDGE_CURVE('',#5429,#5427,#3229,.T.);
#6977=EDGE_CURVE('',#5428,#5429,#3230,.T.);
#6978=EDGE_CURVE('',#5430,#5428,#3231,.T.);
#6979=EDGE_CURVE('',#5431,#5429,#3232,.T.);
#6980=EDGE_CURVE('',#5430,#5431,#3233,.T.);
#6981=EDGE_CURVE('',#5432,#5430,#3234,.T.);
#6982=EDGE_CURVE('',#5433,#5431,#3235,.T.);
#6983=EDGE_CURVE('',#5432,#5433,#3236,.T.);
#6984=EDGE_CURVE('',#5423,#5432,#461,.T.);
#6985=EDGE_CURVE('',#5424,#5433,#462,.T.);
#6986=ORIENTED_EDGE('',*,*,#5434,.F.);
#6987=ORIENTED_EDGE('',*,*,#5435,.F.);
#6988=ORIENTED_EDGE('',*,*,#5436,.F.);
#6989=ORIENTED_EDGE('',*,*,#5437,.T.);
#6990=ORIENTED_EDGE('',*,*,#5438,.F.);
#6991=ORIENTED_EDGE('',*,*,#5437,.F.);
#6992=ORIENTED_EDGE('',*,*,#5439,.F.);
#6993=ORIENTED_EDGE('',*,*,#5440,.T.);
#6994=ORIENTED_EDGE('',*,*,#5441,.F.);
#6995=ORIENTED_EDGE('',*,*,#5440,.F.);
#6996=ORIENTED_EDGE('',*,*,#5442,.F.);
#6997=ORIENTED_EDGE('',*,*,#5443,.T.);
#6998=ORIENTED_EDGE('',*,*,#5444,.F.);
#6999=ORIENTED_EDGE('',*,*,#5443,.F.);
#7000=ORIENTED_EDGE('',*,*,#5445,.F.);
#7001=ORIENTED_EDGE('',*,*,#5435,.T.);
#7002=ORIENTED_EDGE('',*,*,#5446,.T.);
#7003=ORIENTED_EDGE('',*,*,#5447,.T.);
#7004=ORIENTED_EDGE('',*,*,#5448,.F.);
#7005=ORIENTED_EDGE('',*,*,#5449,.F.);
#7006=ORIENTED_EDGE('',*,*,#5450,.T.);
#7007=ORIENTED_EDGE('',*,*,#5449,.T.);
#7008=ORIENTED_EDGE('',*,*,#5451,.F.);
#7009=ORIENTED_EDGE('',*,*,#5452,.F.);
#7010=ORIENTED_EDGE('',*,*,#5453,.T.);
#7011=ORIENTED_EDGE('',*,*,#5452,.T.);
#7012=ORIENTED_EDGE('',*,*,#5454,.F.);
#7013=ORIENTED_EDGE('',*,*,#5455,.F.);
#7014=ORIENTED_EDGE('',*,*,#5456,.T.);
#7015=ORIENTED_EDGE('',*,*,#5455,.T.);
#7016=ORIENTED_EDGE('',*,*,#5457,.F.);
#7017=ORIENTED_EDGE('',*,*,#5447,.F.);
#7018=ORIENTED_EDGE('',*,*,#5458,.F.);
#7019=ORIENTED_EDGE('',*,*,#5459,.T.);
#7020=ORIENTED_EDGE('',*,*,#5460,.F.);
#7021=ORIENTED_EDGE('',*,*,#5461,.F.);
#7022=ORIENTED_EDGE('',*,*,#5462,.T.);
#7023=ORIENTED_EDGE('',*,*,#5461,.T.);
#7024=ORIENTED_EDGE('',*,*,#5463,.F.);
#7025=ORIENTED_EDGE('',*,*,#5464,.F.);
#7026=ORIENTED_EDGE('',*,*,#5465,.T.);
#7027=ORIENTED_EDGE('',*,*,#5464,.T.);
#7028=ORIENTED_EDGE('',*,*,#5466,.F.);
#7029=ORIENTED_EDGE('',*,*,#5467,.F.);
#7030=ORIENTED_EDGE('',*,*,#5468,.T.);
#7031=ORIENTED_EDGE('',*,*,#5467,.T.);
#7032=ORIENTED_EDGE('',*,*,#5469,.F.);
#7033=ORIENTED_EDGE('',*,*,#5470,.F.);
#7034=ORIENTED_EDGE('',*,*,#5471,.F.);
#7035=ORIENTED_EDGE('',*,*,#5470,.T.);
#7036=ORIENTED_EDGE('',*,*,#5472,.F.);
#7037=ORIENTED_EDGE('',*,*,#5473,.F.);
#7038=ORIENTED_EDGE('',*,*,#5474,.T.);
#7039=ORIENTED_EDGE('',*,*,#5473,.T.);
#7040=ORIENTED_EDGE('',*,*,#5475,.F.);
#7041=ORIENTED_EDGE('',*,*,#5476,.F.);
#7042=ORIENTED_EDGE('',*,*,#5477,.T.);
#7043=ORIENTED_EDGE('',*,*,#5476,.T.);
#7044=ORIENTED_EDGE('',*,*,#5478,.F.);
#7045=ORIENTED_EDGE('',*,*,#5479,.F.);
#7046=ORIENTED_EDGE('',*,*,#5480,.T.);
#7047=ORIENTED_EDGE('',*,*,#5479,.T.);
#7048=ORIENTED_EDGE('',*,*,#5481,.F.);
#7049=ORIENTED_EDGE('',*,*,#5459,.F.);
#7050=ORIENTED_EDGE('',*,*,#5481,.T.);
#7051=ORIENTED_EDGE('',*,*,#5478,.T.);
#7052=ORIENTED_EDGE('',*,*,#5475,.T.);
#7053=ORIENTED_EDGE('',*,*,#5472,.T.);
#7054=ORIENTED_EDGE('',*,*,#5469,.T.);
#7055=ORIENTED_EDGE('',*,*,#5466,.T.);
#7056=ORIENTED_EDGE('',*,*,#5463,.T.);
#7057=ORIENTED_EDGE('',*,*,#5460,.T.);
#7058=ORIENTED_EDGE('',*,*,#5441,.T.);
#7059=ORIENTED_EDGE('',*,*,#5444,.T.);
#7060=ORIENTED_EDGE('',*,*,#5434,.T.);
#7061=ORIENTED_EDGE('',*,*,#5438,.T.);
#7062=ORIENTED_EDGE('',*,*,#5457,.T.);
#7063=ORIENTED_EDGE('',*,*,#5454,.T.);
#7064=ORIENTED_EDGE('',*,*,#5451,.T.);
#7065=ORIENTED_EDGE('',*,*,#5448,.T.);
#7066=ORIENTED_EDGE('',*,*,#5480,.F.);
#7067=ORIENTED_EDGE('',*,*,#5458,.T.);
#7068=ORIENTED_EDGE('',*,*,#5462,.F.);
#7069=ORIENTED_EDGE('',*,*,#5465,.F.);
#7070=ORIENTED_EDGE('',*,*,#5468,.F.);
#7071=ORIENTED_EDGE('',*,*,#5471,.T.);
#7072=ORIENTED_EDGE('',*,*,#5474,.F.);
#7073=ORIENTED_EDGE('',*,*,#5477,.F.);
#7074=ORIENTED_EDGE('',*,*,#5442,.T.);
#7075=ORIENTED_EDGE('',*,*,#5439,.T.);
#7076=ORIENTED_EDGE('',*,*,#5436,.T.);
#7077=ORIENTED_EDGE('',*,*,#5445,.T.);
#7078=ORIENTED_EDGE('',*,*,#5456,.F.);
#7079=ORIENTED_EDGE('',*,*,#5446,.F.);
#7080=ORIENTED_EDGE('',*,*,#5450,.F.);
#7081=ORIENTED_EDGE('',*,*,#5453,.F.);
#7082=ORIENTED_EDGE('',*,*,#5482,.T.);
#7083=ORIENTED_EDGE('',*,*,#5483,.T.);
#7084=ORIENTED_EDGE('',*,*,#5484,.T.);
#7085=ORIENTED_EDGE('',*,*,#5485,.T.);
#7086=ORIENTED_EDGE('',*,*,#5486,.T.);
#7087=ORIENTED_EDGE('',*,*,#5487,.T.);
#7088=ORIENTED_EDGE('',*,*,#5488,.T.);
#7089=ORIENTED_EDGE('',*,*,#5489,.T.);
#7090=ORIENTED_EDGE('',*,*,#5490,.T.);
#7091=ORIENTED_EDGE('',*,*,#5491,.T.);
#7092=ORIENTED_EDGE('',*,*,#5488,.F.);
#7093=ORIENTED_EDGE('',*,*,#5492,.T.);
#7094=ORIENTED_EDGE('',*,*,#5493,.T.);
#7095=ORIENTED_EDGE('',*,*,#5494,.T.);
#7096=ORIENTED_EDGE('',*,*,#5490,.F.);
#7097=ORIENTED_EDGE('',*,*,#5495,.T.);
#7098=ORIENTED_EDGE('',*,*,#5493,.F.);
#7099=ORIENTED_EDGE('',*,*,#5496,.T.);
#7100=ORIENTED_EDGE('',*,*,#5484,.F.);
#7101=ORIENTED_EDGE('',*,*,#5485,.F.);
#7102=ORIENTED_EDGE('',*,*,#5497,.F.);
#7103=ORIENTED_EDGE('',*,*,#5498,.F.);
#7104=ORIENTED_EDGE('',*,*,#5499,.T.);
#7105=ORIENTED_EDGE('',*,*,#5496,.F.);
#7106=ORIENTED_EDGE('',*,*,#5500,.T.);
#7107=ORIENTED_EDGE('',*,*,#5501,.F.);
#7108=ORIENTED_EDGE('',*,*,#5497,.T.);
#7109=ORIENTED_EDGE('',*,*,#5495,.F.);
#7110=ORIENTED_EDGE('',*,*,#5502,.F.);
#7111=ORIENTED_EDGE('',*,*,#5503,.F.);
#7112=ORIENTED_EDGE('',*,*,#5500,.F.);
#7113=ORIENTED_EDGE('',*,*,#5492,.F.);
#7114=ORIENTED_EDGE('',*,*,#5504,.F.);
#7115=ORIENTED_EDGE('',*,*,#5505,.F.);
#7116=ORIENTED_EDGE('',*,*,#5502,.T.);
#7117=ORIENTED_EDGE('',*,*,#5487,.F.);
#7118=ORIENTED_EDGE('',*,*,#5506,.F.);
#7119=ORIENTED_EDGE('',*,*,#5507,.F.);
#7120=ORIENTED_EDGE('',*,*,#5504,.T.);
#7121=ORIENTED_EDGE('',*,*,#5486,.F.);
#7122=ORIENTED_EDGE('',*,*,#5508,.F.);
#7123=ORIENTED_EDGE('',*,*,#5509,.F.);
#7124=ORIENTED_EDGE('',*,*,#5510,.F.);
#7125=ORIENTED_EDGE('',*,*,#5506,.T.);
#7126=ORIENTED_EDGE('',*,*,#5511,.T.);
#7127=ORIENTED_EDGE('',*,*,#5498,.T.);
#7128=ORIENTED_EDGE('',*,*,#5501,.T.);
#7129=ORIENTED_EDGE('',*,*,#5512,.T.);
#7130=ORIENTED_EDGE('',*,*,#5482,.F.);
#7131=ORIENTED_EDGE('',*,*,#5499,.F.);
#7132=ORIENTED_EDGE('',*,*,#5511,.F.);
#7133=ORIENTED_EDGE('',*,*,#5513,.T.);
#7134=ORIENTED_EDGE('',*,*,#5514,.T.);
#7135=ORIENTED_EDGE('',*,*,#5515,.F.);
#7136=ORIENTED_EDGE('',*,*,#5512,.F.);
#7137=ORIENTED_EDGE('',*,*,#5503,.T.);
#7138=ORIENTED_EDGE('',*,*,#5516,.F.);
#7139=ORIENTED_EDGE('',*,*,#5513,.F.);
#7140=ORIENTED_EDGE('',*,*,#5510,.T.);
#7141=ORIENTED_EDGE('',*,*,#5517,.T.);
#7142=ORIENTED_EDGE('',*,*,#5518,.T.);
#7143=ORIENTED_EDGE('',*,*,#5507,.T.);
#7144=ORIENTED_EDGE('',*,*,#5516,.T.);
#7145=ORIENTED_EDGE('',*,*,#5505,.T.);
#7146=ORIENTED_EDGE('',*,*,#5518,.F.);
#7147=ORIENTED_EDGE('',*,*,#5519,.F.);
#7148=ORIENTED_EDGE('',*,*,#5517,.F.);
#7149=ORIENTED_EDGE('',*,*,#5509,.T.);
#7150=ORIENTED_EDGE('',*,*,#5520,.F.);
#7151=ORIENTED_EDGE('',*,*,#5521,.F.);
#7152=ORIENTED_EDGE('',*,*,#5519,.T.);
#7153=ORIENTED_EDGE('',*,*,#5521,.T.);
#7154=ORIENTED_EDGE('',*,*,#5522,.F.);
#7155=ORIENTED_EDGE('',*,*,#5514,.F.);
#7156=ORIENTED_EDGE('',*,*,#5483,.F.);
#7157=ORIENTED_EDGE('',*,*,#5515,.T.);
#7158=ORIENTED_EDGE('',*,*,#5522,.T.);
#7159=ORIENTED_EDGE('',*,*,#5520,.T.);
#7160=ORIENTED_EDGE('',*,*,#5508,.T.);
#7161=ORIENTED_EDGE('',*,*,#5489,.F.);
#7162=ORIENTED_EDGE('',*,*,#5491,.F.);
#7163=ORIENTED_EDGE('',*,*,#5494,.F.);
#7164=ORIENTED_EDGE('',*,*,#5523,.T.);
#7165=ORIENTED_EDGE('',*,*,#5524,.T.);
#7166=ORIENTED_EDGE('',*,*,#5525,.T.);
#7167=ORIENTED_EDGE('',*,*,#5526,.T.);
#7168=ORIENTED_EDGE('',*,*,#5523,.F.);
#7169=ORIENTED_EDGE('',*,*,#5527,.T.);
#7170=ORIENTED_EDGE('',*,*,#5528,.F.);
#7171=ORIENTED_EDGE('',*,*,#5529,.F.);
#7172=ORIENTED_EDGE('',*,*,#5530,.F.);
#7173=ORIENTED_EDGE('',*,*,#5526,.F.);
#7174=ORIENTED_EDGE('',*,*,#5531,.T.);
#7175=ORIENTED_EDGE('',*,*,#5532,.F.);
#7176=ORIENTED_EDGE('',*,*,#5527,.F.);
#7177=ORIENTED_EDGE('',*,*,#5533,.F.);
#7178=ORIENTED_EDGE('',*,*,#5529,.T.);
#7179=ORIENTED_EDGE('',*,*,#5534,.F.);
#7180=ORIENTED_EDGE('',*,*,#5535,.F.);
#7181=ORIENTED_EDGE('',*,*,#5536,.T.);
#7182=ORIENTED_EDGE('',*,*,#5535,.T.);
#7183=ORIENTED_EDGE('',*,*,#5537,.F.);
#7184=ORIENTED_EDGE('',*,*,#5538,.F.);
#7185=ORIENTED_EDGE('',*,*,#5525,.F.);
#7186=ORIENTED_EDGE('',*,*,#5539,.F.);
#7187=ORIENTED_EDGE('',*,*,#5538,.T.);
#7188=ORIENTED_EDGE('',*,*,#5540,.F.);
#7189=ORIENTED_EDGE('',*,*,#5531,.F.);
#7190=ORIENTED_EDGE('',*,*,#5524,.F.);
#7191=ORIENTED_EDGE('',*,*,#5530,.T.);
#7192=ORIENTED_EDGE('',*,*,#5533,.T.);
#7193=ORIENTED_EDGE('',*,*,#5536,.F.);
#7194=ORIENTED_EDGE('',*,*,#5539,.T.);
#7195=ORIENTED_EDGE('',*,*,#5540,.T.);
#7196=ORIENTED_EDGE('',*,*,#5537,.T.);
#7197=ORIENTED_EDGE('',*,*,#5534,.T.);
#7198=ORIENTED_EDGE('',*,*,#5528,.T.);
#7199=ORIENTED_EDGE('',*,*,#5532,.T.);
#7200=ORIENTED_EDGE('',*,*,#5541,.T.);
#7201=ORIENTED_EDGE('',*,*,#5542,.T.);
#7202=ORIENTED_EDGE('',*,*,#5543,.T.);
#7203=ORIENTED_EDGE('',*,*,#5544,.T.);
#7204=ORIENTED_EDGE('',*,*,#5543,.F.);
#7205=ORIENTED_EDGE('',*,*,#5545,.T.);
#7206=ORIENTED_EDGE('',*,*,#5546,.T.);
#7207=ORIENTED_EDGE('',*,*,#5547,.F.);
#7208=ORIENTED_EDGE('',*,*,#5548,.T.);
#7209=ORIENTED_EDGE('',*,*,#5542,.F.);
#7210=ORIENTED_EDGE('',*,*,#5549,.T.);
#7211=ORIENTED_EDGE('',*,*,#5550,.T.);
#7212=ORIENTED_EDGE('',*,*,#5545,.F.);
#7213=ORIENTED_EDGE('',*,*,#5541,.F.);
#7214=ORIENTED_EDGE('',*,*,#5551,.T.);
#7215=ORIENTED_EDGE('',*,*,#5552,.T.);
#7216=ORIENTED_EDGE('',*,*,#5553,.T.);
#7217=ORIENTED_EDGE('',*,*,#5549,.F.);
#7218=ORIENTED_EDGE('',*,*,#5554,.T.);
#7219=ORIENTED_EDGE('',*,*,#5555,.T.);
#7220=ORIENTED_EDGE('',*,*,#5556,.T.);
#7221=ORIENTED_EDGE('',*,*,#5552,.F.);
#7222=ORIENTED_EDGE('',*,*,#5557,.F.);
#7223=ORIENTED_EDGE('',*,*,#5547,.T.);
#7224=ORIENTED_EDGE('',*,*,#5558,.T.);
#7225=ORIENTED_EDGE('',*,*,#5555,.F.);
#7226=ORIENTED_EDGE('',*,*,#5544,.F.);
#7227=ORIENTED_EDGE('',*,*,#5548,.F.);
#7228=ORIENTED_EDGE('',*,*,#5557,.T.);
#7229=ORIENTED_EDGE('',*,*,#5554,.F.);
#7230=ORIENTED_EDGE('',*,*,#5551,.F.);
#7231=ORIENTED_EDGE('',*,*,#5546,.F.);
#7232=ORIENTED_EDGE('',*,*,#5550,.F.);
#7233=ORIENTED_EDGE('',*,*,#5553,.F.);
#7234=ORIENTED_EDGE('',*,*,#5556,.F.);
#7235=ORIENTED_EDGE('',*,*,#5558,.F.);
#7236=ORIENTED_EDGE('',*,*,#5559,.F.);
#7237=ORIENTED_EDGE('',*,*,#5560,.F.);
#7238=ORIENTED_EDGE('',*,*,#5561,.F.);
#7239=ORIENTED_EDGE('',*,*,#5562,.T.);
#7240=ORIENTED_EDGE('',*,*,#5563,.F.);
#7241=ORIENTED_EDGE('',*,*,#5562,.F.);
#7242=ORIENTED_EDGE('',*,*,#5564,.F.);
#7243=ORIENTED_EDGE('',*,*,#5565,.T.);
#7244=ORIENTED_EDGE('',*,*,#5566,.F.);
#7245=ORIENTED_EDGE('',*,*,#5565,.F.);
#7246=ORIENTED_EDGE('',*,*,#5567,.F.);
#7247=ORIENTED_EDGE('',*,*,#5568,.T.);
#7248=ORIENTED_EDGE('',*,*,#5569,.F.);
#7249=ORIENTED_EDGE('',*,*,#5568,.F.);
#7250=ORIENTED_EDGE('',*,*,#5570,.F.);
#7251=ORIENTED_EDGE('',*,*,#5571,.T.);
#7252=ORIENTED_EDGE('',*,*,#5572,.T.);
#7253=ORIENTED_EDGE('',*,*,#5573,.T.);
#7254=ORIENTED_EDGE('',*,*,#5570,.T.);
#7255=ORIENTED_EDGE('',*,*,#5567,.T.);
#7256=ORIENTED_EDGE('',*,*,#5564,.T.);
#7257=ORIENTED_EDGE('',*,*,#5561,.T.);
#7258=ORIENTED_EDGE('',*,*,#5574,.T.);
#7259=ORIENTED_EDGE('',*,*,#5575,.T.);
#7260=ORIENTED_EDGE('',*,*,#5576,.T.);
#7261=ORIENTED_EDGE('',*,*,#5577,.F.);
#7262=ORIENTED_EDGE('',*,*,#5578,.T.);
#7263=ORIENTED_EDGE('',*,*,#5579,.F.);
#7264=ORIENTED_EDGE('',*,*,#5578,.F.);
#7265=ORIENTED_EDGE('',*,*,#5580,.F.);
#7266=ORIENTED_EDGE('',*,*,#5581,.T.);
#7267=ORIENTED_EDGE('',*,*,#5576,.F.);
#7268=ORIENTED_EDGE('',*,*,#5581,.F.);
#7269=ORIENTED_EDGE('',*,*,#5582,.F.);
#7270=ORIENTED_EDGE('',*,*,#5580,.T.);
#7271=ORIENTED_EDGE('',*,*,#5583,.T.);
#7272=ORIENTED_EDGE('',*,*,#5577,.T.);
#7273=ORIENTED_EDGE('',*,*,#5583,.F.);
#7274=ORIENTED_EDGE('',*,*,#5582,.T.);
#7275=ORIENTED_EDGE('',*,*,#5584,.F.);
#7276=ORIENTED_EDGE('',*,*,#5571,.F.);
#7277=ORIENTED_EDGE('',*,*,#5573,.F.);
#7278=ORIENTED_EDGE('',*,*,#5585,.F.);
#7279=ORIENTED_EDGE('',*,*,#5586,.F.);
#7280=ORIENTED_EDGE('',*,*,#5585,.T.);
#7281=ORIENTED_EDGE('',*,*,#5572,.F.);
#7282=ORIENTED_EDGE('',*,*,#5587,.T.);
#7283=ORIENTED_EDGE('',*,*,#5588,.F.);
#7284=ORIENTED_EDGE('',*,*,#5587,.F.);
#7285=ORIENTED_EDGE('',*,*,#5575,.F.);
#7286=ORIENTED_EDGE('',*,*,#5589,.T.);
#7287=ORIENTED_EDGE('',*,*,#5590,.F.);
#7288=ORIENTED_EDGE('',*,*,#5589,.F.);
#7289=ORIENTED_EDGE('',*,*,#5574,.F.);
#7290=ORIENTED_EDGE('',*,*,#5560,.T.);
#7291=ORIENTED_EDGE('',*,*,#5584,.T.);
#7292=ORIENTED_EDGE('',*,*,#5586,.T.);
#7293=ORIENTED_EDGE('',*,*,#5588,.T.);
#7294=ORIENTED_EDGE('',*,*,#5590,.T.);
#7295=ORIENTED_EDGE('',*,*,#5559,.T.);
#7296=ORIENTED_EDGE('',*,*,#5563,.T.);
#7297=ORIENTED_EDGE('',*,*,#5566,.T.);
#7298=ORIENTED_EDGE('',*,*,#5569,.T.);
#7299=ORIENTED_EDGE('',*,*,#5579,.T.);
#7300=ORIENTED_EDGE('',*,*,#5591,.F.);
#7301=ORIENTED_EDGE('',*,*,#5592,.F.);
#7302=ORIENTED_EDGE('',*,*,#5593,.F.);
#7303=ORIENTED_EDGE('',*,*,#5594,.F.);
#7304=ORIENTED_EDGE('',*,*,#5595,.F.);
#7305=ORIENTED_EDGE('',*,*,#5596,.F.);
#7306=ORIENTED_EDGE('',*,*,#5597,.F.);
#7307=ORIENTED_EDGE('',*,*,#5598,.F.);
#7308=ORIENTED_EDGE('',*,*,#5599,.F.);
#7309=ORIENTED_EDGE('',*,*,#5595,.T.);
#7310=ORIENTED_EDGE('',*,*,#5600,.T.);
#7311=ORIENTED_EDGE('',*,*,#5601,.F.);
#7312=ORIENTED_EDGE('',*,*,#5602,.F.);
#7313=ORIENTED_EDGE('',*,*,#5594,.T.);
#7314=ORIENTED_EDGE('',*,*,#5603,.T.);
#7315=ORIENTED_EDGE('',*,*,#5604,.F.);
#7316=ORIENTED_EDGE('',*,*,#5600,.F.);
#7317=ORIENTED_EDGE('',*,*,#5593,.T.);
#7318=ORIENTED_EDGE('',*,*,#5605,.T.);
#7319=ORIENTED_EDGE('',*,*,#5606,.F.);
#7320=ORIENTED_EDGE('',*,*,#5603,.F.);
#7321=ORIENTED_EDGE('',*,*,#5592,.T.);
#7322=ORIENTED_EDGE('',*,*,#5607,.T.);
#7323=ORIENTED_EDGE('',*,*,#5608,.F.);
#7324=ORIENTED_EDGE('',*,*,#5605,.F.);
#7325=ORIENTED_EDGE('',*,*,#5609,.T.);
#7326=ORIENTED_EDGE('',*,*,#5610,.T.);
#7327=ORIENTED_EDGE('',*,*,#5611,.T.);
#7328=ORIENTED_EDGE('',*,*,#5612,.T.);
#7329=ORIENTED_EDGE('',*,*,#5610,.F.);
#7330=ORIENTED_EDGE('',*,*,#5613,.T.);
#7331=ORIENTED_EDGE('',*,*,#5614,.F.);
#7332=ORIENTED_EDGE('',*,*,#5615,.T.);
#7333=ORIENTED_EDGE('',*,*,#5613,.F.);
#7334=ORIENTED_EDGE('',*,*,#5609,.F.);
#7335=ORIENTED_EDGE('',*,*,#5615,.F.);
#7336=ORIENTED_EDGE('',*,*,#5599,.T.);
#7337=ORIENTED_EDGE('',*,*,#5616,.T.);
#7338=ORIENTED_EDGE('',*,*,#5611,.F.);
#7339=ORIENTED_EDGE('',*,*,#5612,.F.);
#7340=ORIENTED_EDGE('',*,*,#5616,.F.);
#7341=ORIENTED_EDGE('',*,*,#5591,.T.);
#7342=ORIENTED_EDGE('',*,*,#5617,.F.);
#7343=ORIENTED_EDGE('',*,*,#5618,.F.);
#7344=ORIENTED_EDGE('',*,*,#5607,.F.);
#7345=ORIENTED_EDGE('',*,*,#5596,.T.);
#7346=ORIENTED_EDGE('',*,*,#5602,.T.);
#7347=ORIENTED_EDGE('',*,*,#5619,.F.);
#7348=ORIENTED_EDGE('',*,*,#5620,.F.);
#7349=ORIENTED_EDGE('',*,*,#5597,.T.);
#7350=ORIENTED_EDGE('',*,*,#5620,.T.);
#7351=ORIENTED_EDGE('',*,*,#5621,.F.);
#7352=ORIENTED_EDGE('',*,*,#5622,.F.);
#7353=ORIENTED_EDGE('',*,*,#5598,.T.);
#7354=ORIENTED_EDGE('',*,*,#5622,.T.);
#7355=ORIENTED_EDGE('',*,*,#5623,.F.);
#7356=ORIENTED_EDGE('',*,*,#5617,.T.);
#7357=ORIENTED_EDGE('',*,*,#5623,.T.);
#7358=ORIENTED_EDGE('',*,*,#5621,.T.);
#7359=ORIENTED_EDGE('',*,*,#5619,.T.);
#7360=ORIENTED_EDGE('',*,*,#5601,.T.);
#7361=ORIENTED_EDGE('',*,*,#5604,.T.);
#7362=ORIENTED_EDGE('',*,*,#5606,.T.);
#7363=ORIENTED_EDGE('',*,*,#5608,.T.);
#7364=ORIENTED_EDGE('',*,*,#5618,.T.);
#7365=ORIENTED_EDGE('',*,*,#5614,.T.);
#7366=ORIENTED_EDGE('',*,*,#5624,.T.);
#7367=ORIENTED_EDGE('',*,*,#5625,.T.);
#7368=ORIENTED_EDGE('',*,*,#5626,.T.);
#7369=ORIENTED_EDGE('',*,*,#5627,.F.);
#7370=ORIENTED_EDGE('',*,*,#5628,.T.);
#7371=ORIENTED_EDGE('',*,*,#5627,.T.);
#7372=ORIENTED_EDGE('',*,*,#5629,.T.);
#7373=ORIENTED_EDGE('',*,*,#5630,.F.);
#7374=ORIENTED_EDGE('',*,*,#5631,.T.);
#7375=ORIENTED_EDGE('',*,*,#5632,.T.);
#7376=ORIENTED_EDGE('',*,*,#5633,.T.);
#7377=ORIENTED_EDGE('',*,*,#5625,.F.);
#7378=ORIENTED_EDGE('',*,*,#5634,.T.);
#7379=ORIENTED_EDGE('',*,*,#5630,.T.);
#7380=ORIENTED_EDGE('',*,*,#5635,.T.);
#7381=ORIENTED_EDGE('',*,*,#5632,.F.);
#7382=ORIENTED_EDGE('',*,*,#5629,.F.);
#7383=ORIENTED_EDGE('',*,*,#5626,.F.);
#7384=ORIENTED_EDGE('',*,*,#5633,.F.);
#7385=ORIENTED_EDGE('',*,*,#5635,.F.);
#7386=ORIENTED_EDGE('',*,*,#5636,.F.);
#7387=ORIENTED_EDGE('',*,*,#5637,.F.);
#7388=ORIENTED_EDGE('',*,*,#5638,.F.);
#7389=ORIENTED_EDGE('',*,*,#5639,.F.);
#7390=ORIENTED_EDGE('',*,*,#5637,.T.);
#7391=ORIENTED_EDGE('',*,*,#5640,.T.);
#7392=ORIENTED_EDGE('',*,*,#5641,.F.);
#7393=ORIENTED_EDGE('',*,*,#5642,.F.);
#7394=ORIENTED_EDGE('',*,*,#5636,.T.);
#7395=ORIENTED_EDGE('',*,*,#5643,.T.);
#7396=ORIENTED_EDGE('',*,*,#5644,.F.);
#7397=ORIENTED_EDGE('',*,*,#5640,.F.);
#7398=ORIENTED_EDGE('',*,*,#5638,.T.);
#7399=ORIENTED_EDGE('',*,*,#5642,.T.);
#7400=ORIENTED_EDGE('',*,*,#5645,.F.);
#7401=ORIENTED_EDGE('',*,*,#5646,.F.);
#7402=ORIENTED_EDGE('',*,*,#5639,.T.);
#7403=ORIENTED_EDGE('',*,*,#5646,.T.);
#7404=ORIENTED_EDGE('',*,*,#5647,.F.);
#7405=ORIENTED_EDGE('',*,*,#5643,.F.);
#7406=ORIENTED_EDGE('',*,*,#5648,.F.);
#7407=ORIENTED_EDGE('',*,*,#5649,.F.);
#7408=ORIENTED_EDGE('',*,*,#5650,.F.);
#7409=ORIENTED_EDGE('',*,*,#5651,.T.);
#7410=ORIENTED_EDGE('',*,*,#5652,.F.);
#7411=ORIENTED_EDGE('',*,*,#5651,.F.);
#7412=ORIENTED_EDGE('',*,*,#5653,.F.);
#7413=ORIENTED_EDGE('',*,*,#5654,.T.);
#7414=ORIENTED_EDGE('',*,*,#5655,.F.);
#7415=ORIENTED_EDGE('',*,*,#5654,.F.);
#7416=ORIENTED_EDGE('',*,*,#5656,.F.);
#7417=ORIENTED_EDGE('',*,*,#5657,.T.);
#7418=ORIENTED_EDGE('',*,*,#5658,.F.);
#7419=ORIENTED_EDGE('',*,*,#5657,.F.);
#7420=ORIENTED_EDGE('',*,*,#5659,.F.);
#7421=ORIENTED_EDGE('',*,*,#5649,.T.);
#7422=ORIENTED_EDGE('',*,*,#5660,.F.);
#7423=ORIENTED_EDGE('',*,*,#5661,.F.);
#7424=ORIENTED_EDGE('',*,*,#5662,.F.);
#7425=ORIENTED_EDGE('',*,*,#5663,.F.);
#7426=ORIENTED_EDGE('',*,*,#5634,.F.);
#7427=ORIENTED_EDGE('',*,*,#5631,.F.);
#7428=ORIENTED_EDGE('',*,*,#5624,.F.);
#7429=ORIENTED_EDGE('',*,*,#5628,.F.);
#7430=ORIENTED_EDGE('',*,*,#5664,.T.);
#7431=ORIENTED_EDGE('',*,*,#5665,.T.);
#7432=ORIENTED_EDGE('',*,*,#5666,.T.);
#7433=ORIENTED_EDGE('',*,*,#5667,.T.);
#7434=ORIENTED_EDGE('',*,*,#5668,.T.);
#7435=ORIENTED_EDGE('',*,*,#5669,.T.);
#7436=ORIENTED_EDGE('',*,*,#5670,.T.);
#7437=ORIENTED_EDGE('',*,*,#5671,.T.);
#7438=ORIENTED_EDGE('',*,*,#5644,.T.);
#7439=ORIENTED_EDGE('',*,*,#5647,.T.);
#7440=ORIENTED_EDGE('',*,*,#5645,.T.);
#7441=ORIENTED_EDGE('',*,*,#5641,.T.);
#7442=ORIENTED_EDGE('',*,*,#5655,.T.);
#7443=ORIENTED_EDGE('',*,*,#5658,.T.);
#7444=ORIENTED_EDGE('',*,*,#5648,.T.);
#7445=ORIENTED_EDGE('',*,*,#5652,.T.);
#7446=ORIENTED_EDGE('',*,*,#5672,.F.);
#7447=ORIENTED_EDGE('',*,*,#5673,.T.);
#7448=ORIENTED_EDGE('',*,*,#5661,.T.);
#7449=ORIENTED_EDGE('',*,*,#5674,.F.);
#7450=ORIENTED_EDGE('',*,*,#5675,.F.);
#7451=ORIENTED_EDGE('',*,*,#5676,.T.);
#7452=ORIENTED_EDGE('',*,*,#5662,.T.);
#7453=ORIENTED_EDGE('',*,*,#5673,.F.);
#7454=ORIENTED_EDGE('',*,*,#5677,.F.);
#7455=ORIENTED_EDGE('',*,*,#5678,.T.);
#7456=ORIENTED_EDGE('',*,*,#5663,.T.);
#7457=ORIENTED_EDGE('',*,*,#5676,.F.);
#7458=ORIENTED_EDGE('',*,*,#5679,.F.);
#7459=ORIENTED_EDGE('',*,*,#5674,.T.);
#7460=ORIENTED_EDGE('',*,*,#5660,.T.);
#7461=ORIENTED_EDGE('',*,*,#5678,.F.);
#7462=ORIENTED_EDGE('',*,*,#5680,.F.);
#7463=ORIENTED_EDGE('',*,*,#5681,.T.);
#7464=ORIENTED_EDGE('',*,*,#5671,.F.);
#7465=ORIENTED_EDGE('',*,*,#5682,.F.);
#7466=ORIENTED_EDGE('',*,*,#5683,.T.);
#7467=ORIENTED_EDGE('',*,*,#5682,.T.);
#7468=ORIENTED_EDGE('',*,*,#5670,.F.);
#7469=ORIENTED_EDGE('',*,*,#5684,.F.);
#7470=ORIENTED_EDGE('',*,*,#5685,.T.);
#7471=ORIENTED_EDGE('',*,*,#5684,.T.);
#7472=ORIENTED_EDGE('',*,*,#5669,.F.);
#7473=ORIENTED_EDGE('',*,*,#5686,.F.);
#7474=ORIENTED_EDGE('',*,*,#5687,.T.);
#7475=ORIENTED_EDGE('',*,*,#5686,.T.);
#7476=ORIENTED_EDGE('',*,*,#5668,.F.);
#7477=ORIENTED_EDGE('',*,*,#5688,.F.);
#7478=ORIENTED_EDGE('',*,*,#5689,.F.);
#7479=ORIENTED_EDGE('',*,*,#5688,.T.);
#7480=ORIENTED_EDGE('',*,*,#5667,.F.);
#7481=ORIENTED_EDGE('',*,*,#5690,.F.);
#7482=ORIENTED_EDGE('',*,*,#5691,.T.);
#7483=ORIENTED_EDGE('',*,*,#5690,.T.);
#7484=ORIENTED_EDGE('',*,*,#5666,.F.);
#7485=ORIENTED_EDGE('',*,*,#5692,.F.);
#7486=ORIENTED_EDGE('',*,*,#5693,.T.);
#7487=ORIENTED_EDGE('',*,*,#5692,.T.);
#7488=ORIENTED_EDGE('',*,*,#5665,.F.);
#7489=ORIENTED_EDGE('',*,*,#5694,.F.);
#7490=ORIENTED_EDGE('',*,*,#5695,.T.);
#7491=ORIENTED_EDGE('',*,*,#5694,.T.);
#7492=ORIENTED_EDGE('',*,*,#5664,.F.);
#7493=ORIENTED_EDGE('',*,*,#5681,.F.);
#7494=ORIENTED_EDGE('',*,*,#5695,.F.);
#7495=ORIENTED_EDGE('',*,*,#5680,.T.);
#7496=ORIENTED_EDGE('',*,*,#5683,.F.);
#7497=ORIENTED_EDGE('',*,*,#5685,.F.);
#7498=ORIENTED_EDGE('',*,*,#5687,.F.);
#7499=ORIENTED_EDGE('',*,*,#5689,.T.);
#7500=ORIENTED_EDGE('',*,*,#5691,.F.);
#7501=ORIENTED_EDGE('',*,*,#5693,.F.);
#7502=ORIENTED_EDGE('',*,*,#5656,.T.);
#7503=ORIENTED_EDGE('',*,*,#5653,.T.);
#7504=ORIENTED_EDGE('',*,*,#5650,.T.);
#7505=ORIENTED_EDGE('',*,*,#5659,.T.);
#7506=ORIENTED_EDGE('',*,*,#5672,.T.);
#7507=ORIENTED_EDGE('',*,*,#5679,.T.);
#7508=ORIENTED_EDGE('',*,*,#5677,.T.);
#7509=ORIENTED_EDGE('',*,*,#5675,.T.);
#7510=ORIENTED_EDGE('',*,*,#5696,.F.);
#7511=ORIENTED_EDGE('',*,*,#5697,.T.);
#7512=ORIENTED_EDGE('',*,*,#5698,.F.);
#7513=ORIENTED_EDGE('',*,*,#5699,.F.);
#7514=ORIENTED_EDGE('',*,*,#5700,.F.);
#7515=ORIENTED_EDGE('',*,*,#5701,.F.);
#7516=ORIENTED_EDGE('',*,*,#5697,.F.);
#7517=ORIENTED_EDGE('',*,*,#5698,.T.);
#7518=ORIENTED_EDGE('',*,*,#5696,.T.);
#7519=ORIENTED_EDGE('',*,*,#5701,.T.);
#7520=ORIENTED_EDGE('',*,*,#5702,.T.);
#7521=ORIENTED_EDGE('',*,*,#5703,.T.);
#7522=ORIENTED_EDGE('',*,*,#5704,.T.);
#7523=ORIENTED_EDGE('',*,*,#5705,.T.);
#7524=ORIENTED_EDGE('',*,*,#5706,.T.);
#7525=ORIENTED_EDGE('',*,*,#5707,.T.);
#7526=ORIENTED_EDGE('',*,*,#5704,.F.);
#7527=ORIENTED_EDGE('',*,*,#5708,.F.);
#7528=ORIENTED_EDGE('',*,*,#5703,.F.);
#7529=ORIENTED_EDGE('',*,*,#5709,.F.);
#7530=ORIENTED_EDGE('',*,*,#5705,.F.);
#7531=ORIENTED_EDGE('',*,*,#5708,.T.);
#7532=ORIENTED_EDGE('',*,*,#5710,.T.);
#7533=ORIENTED_EDGE('',*,*,#5711,.T.);
#7534=ORIENTED_EDGE('',*,*,#5712,.F.);
#7535=ORIENTED_EDGE('',*,*,#5711,.F.);
#7536=ORIENTED_EDGE('',*,*,#5713,.T.);
#7537=ORIENTED_EDGE('',*,*,#5714,.T.);
#7538=ORIENTED_EDGE('',*,*,#5712,.T.);
#7539=ORIENTED_EDGE('',*,*,#5707,.F.);
#7540=ORIENTED_EDGE('',*,*,#5715,.T.);
#7541=ORIENTED_EDGE('',*,*,#5713,.F.);
#7542=ORIENTED_EDGE('',*,*,#5710,.F.);
#7543=ORIENTED_EDGE('',*,*,#5715,.F.);
#7544=ORIENTED_EDGE('',*,*,#5700,.T.);
#7545=ORIENTED_EDGE('',*,*,#5716,.T.);
#7546=ORIENTED_EDGE('',*,*,#5714,.F.);
#7547=ORIENTED_EDGE('',*,*,#5716,.F.);
#7548=ORIENTED_EDGE('',*,*,#5699,.T.);
#7549=ORIENTED_EDGE('',*,*,#5706,.F.);
#7550=ORIENTED_EDGE('',*,*,#5709,.T.);
#7551=ORIENTED_EDGE('',*,*,#5702,.F.);
#7552=ORIENTED_EDGE('',*,*,#5717,.T.);
#7553=ORIENTED_EDGE('',*,*,#5718,.T.);
#7554=ORIENTED_EDGE('',*,*,#5719,.T.);
#7555=ORIENTED_EDGE('',*,*,#5718,.F.);
#7556=ORIENTED_EDGE('',*,*,#5720,.T.);
#7557=ORIENTED_EDGE('',*,*,#5721,.T.);
#7558=ORIENTED_EDGE('',*,*,#5722,.T.);
#7559=ORIENTED_EDGE('',*,*,#5723,.F.);
#7560=ORIENTED_EDGE('',*,*,#5724,.F.);
#7561=ORIENTED_EDGE('',*,*,#5725,.T.);
#7562=ORIENTED_EDGE('',*,*,#5726,.T.);
#7563=ORIENTED_EDGE('',*,*,#5721,.F.);
#7564=ORIENTED_EDGE('',*,*,#5727,.T.);
#7565=ORIENTED_EDGE('',*,*,#5728,.T.);
#7566=ORIENTED_EDGE('',*,*,#5729,.T.);
#7567=ORIENTED_EDGE('',*,*,#5725,.F.);
#7568=ORIENTED_EDGE('',*,*,#5730,.T.);
#7569=ORIENTED_EDGE('',*,*,#5731,.F.);
#7570=ORIENTED_EDGE('',*,*,#5732,.T.);
#7571=ORIENTED_EDGE('',*,*,#5727,.F.);
#7572=ORIENTED_EDGE('',*,*,#5724,.T.);
#7573=ORIENTED_EDGE('',*,*,#5720,.F.);
#7574=ORIENTED_EDGE('',*,*,#5719,.F.);
#7575=ORIENTED_EDGE('',*,*,#5733,.F.);
#7576=ORIENTED_EDGE('',*,*,#5722,.F.);
#7577=ORIENTED_EDGE('',*,*,#5726,.F.);
#7578=ORIENTED_EDGE('',*,*,#5729,.F.);
#7579=ORIENTED_EDGE('',*,*,#5734,.F.);
#7580=ORIENTED_EDGE('',*,*,#5735,.F.);
#7581=ORIENTED_EDGE('',*,*,#5717,.F.);
#7582=ORIENTED_EDGE('',*,*,#5731,.T.);
#7583=ORIENTED_EDGE('',*,*,#5736,.T.);
#7584=ORIENTED_EDGE('',*,*,#5737,.T.);
#7585=ORIENTED_EDGE('',*,*,#5738,.T.);
#7586=ORIENTED_EDGE('',*,*,#5739,.F.);
#7587=ORIENTED_EDGE('',*,*,#5740,.T.);
#7588=ORIENTED_EDGE('',*,*,#5741,.F.);
#7589=ORIENTED_EDGE('',*,*,#5740,.F.);
#7590=ORIENTED_EDGE('',*,*,#5742,.F.);
#7591=ORIENTED_EDGE('',*,*,#5743,.T.);
#7592=ORIENTED_EDGE('',*,*,#5744,.F.);
#7593=ORIENTED_EDGE('',*,*,#5745,.F.);
#7594=ORIENTED_EDGE('',*,*,#5746,.T.);
#7595=ORIENTED_EDGE('',*,*,#5745,.T.);
#7596=ORIENTED_EDGE('',*,*,#5747,.F.);
#7597=ORIENTED_EDGE('',*,*,#5748,.F.);
#7598=ORIENTED_EDGE('',*,*,#5749,.F.);
#7599=ORIENTED_EDGE('',*,*,#5748,.T.);
#7600=ORIENTED_EDGE('',*,*,#5750,.F.);
#7601=ORIENTED_EDGE('',*,*,#5751,.F.);
#7602=ORIENTED_EDGE('',*,*,#5752,.T.);
#7603=ORIENTED_EDGE('',*,*,#5753,.F.);
#7604=ORIENTED_EDGE('',*,*,#5754,.T.);
#7605=ORIENTED_EDGE('',*,*,#5750,.T.);
#7606=ORIENTED_EDGE('',*,*,#5747,.T.);
#7607=ORIENTED_EDGE('',*,*,#5744,.T.);
#7608=ORIENTED_EDGE('',*,*,#5739,.T.);
#7609=ORIENTED_EDGE('',*,*,#5735,.T.);
#7610=ORIENTED_EDGE('',*,*,#5755,.T.);
#7611=ORIENTED_EDGE('',*,*,#5753,.T.);
#7612=ORIENTED_EDGE('',*,*,#5756,.T.);
#7613=ORIENTED_EDGE('',*,*,#5757,.F.);
#7614=ORIENTED_EDGE('',*,*,#5758,.T.);
#7615=ORIENTED_EDGE('',*,*,#5736,.F.);
#7616=ORIENTED_EDGE('',*,*,#5730,.F.);
#7617=ORIENTED_EDGE('',*,*,#5723,.T.);
#7618=ORIENTED_EDGE('',*,*,#5733,.T.);
#7619=ORIENTED_EDGE('',*,*,#5756,.F.);
#7620=ORIENTED_EDGE('',*,*,#5752,.F.);
#7621=ORIENTED_EDGE('',*,*,#5743,.F.);
#7622=ORIENTED_EDGE('',*,*,#5759,.F.);
#7623=ORIENTED_EDGE('',*,*,#5760,.F.);
#7624=ORIENTED_EDGE('',*,*,#5759,.T.);
#7625=ORIENTED_EDGE('',*,*,#5742,.T.);
#7626=ORIENTED_EDGE('',*,*,#5746,.F.);
#7627=ORIENTED_EDGE('',*,*,#5749,.T.);
#7628=ORIENTED_EDGE('',*,*,#5761,.F.);
#7629=ORIENTED_EDGE('',*,*,#5741,.T.);
#7630=ORIENTED_EDGE('',*,*,#5762,.F.);
#7631=ORIENTED_EDGE('',*,*,#5761,.T.);
#7632=ORIENTED_EDGE('',*,*,#5751,.T.);
#7633=ORIENTED_EDGE('',*,*,#5754,.F.);
#7634=ORIENTED_EDGE('',*,*,#5755,.F.);
#7635=ORIENTED_EDGE('',*,*,#5734,.T.);
#7636=ORIENTED_EDGE('',*,*,#5728,.F.);
#7637=ORIENTED_EDGE('',*,*,#5732,.F.);
#7638=ORIENTED_EDGE('',*,*,#5738,.F.);
#7639=ORIENTED_EDGE('',*,*,#5763,.F.);
#7640=ORIENTED_EDGE('',*,*,#5764,.F.);
#7641=ORIENTED_EDGE('',*,*,#5763,.T.);
#7642=ORIENTED_EDGE('',*,*,#5737,.F.);
#7643=ORIENTED_EDGE('',*,*,#5758,.F.);
#7644=ORIENTED_EDGE('',*,*,#5765,.F.);
#7645=ORIENTED_EDGE('',*,*,#5766,.F.);
#7646=ORIENTED_EDGE('',*,*,#5767,.F.);
#7647=ORIENTED_EDGE('',*,*,#5768,.F.);
#7648=ORIENTED_EDGE('',*,*,#5769,.F.);
#7649=ORIENTED_EDGE('',*,*,#5770,.F.);
#7650=ORIENTED_EDGE('',*,*,#5766,.T.);
#7651=ORIENTED_EDGE('',*,*,#5771,.F.);
#7652=ORIENTED_EDGE('',*,*,#5772,.T.);
#7653=ORIENTED_EDGE('',*,*,#5768,.T.);
#7654=ORIENTED_EDGE('',*,*,#5773,.T.);
#7655=ORIENTED_EDGE('',*,*,#5774,.T.);
#7656=ORIENTED_EDGE('',*,*,#5775,.T.);
#7657=ORIENTED_EDGE('',*,*,#5769,.T.);
#7658=ORIENTED_EDGE('',*,*,#5772,.F.);
#7659=ORIENTED_EDGE('',*,*,#5776,.F.);
#7660=ORIENTED_EDGE('',*,*,#5777,.F.);
#7661=ORIENTED_EDGE('',*,*,#5778,.F.);
#7662=ORIENTED_EDGE('',*,*,#5774,.F.);
#7663=ORIENTED_EDGE('',*,*,#5779,.F.);
#7664=ORIENTED_EDGE('',*,*,#5777,.T.);
#7665=ORIENTED_EDGE('',*,*,#5765,.T.);
#7666=ORIENTED_EDGE('',*,*,#5775,.F.);
#7667=ORIENTED_EDGE('',*,*,#5778,.T.);
#7668=ORIENTED_EDGE('',*,*,#5776,.T.);
#7669=ORIENTED_EDGE('',*,*,#5779,.T.);
#7670=ORIENTED_EDGE('',*,*,#5773,.F.);
#7671=ORIENTED_EDGE('',*,*,#5767,.T.);
#7672=ORIENTED_EDGE('',*,*,#5770,.T.);
#7673=ORIENTED_EDGE('',*,*,#5780,.F.);
#7674=ORIENTED_EDGE('',*,*,#5781,.F.);
#7675=ORIENTED_EDGE('',*,*,#5782,.F.);
#7676=ORIENTED_EDGE('',*,*,#5783,.T.);
#7677=ORIENTED_EDGE('',*,*,#5780,.T.);
#7678=ORIENTED_EDGE('',*,*,#5783,.F.);
#7679=ORIENTED_EDGE('',*,*,#5784,.F.);
#7680=ORIENTED_EDGE('',*,*,#5785,.T.);
#7681=ORIENTED_EDGE('',*,*,#5781,.T.);
#7682=ORIENTED_EDGE('',*,*,#5782,.T.);
#7683=ORIENTED_EDGE('',*,*,#5785,.F.);
#7684=ORIENTED_EDGE('',*,*,#5771,.T.);
#7685=ORIENTED_EDGE('',*,*,#5757,.T.);
#7686=ORIENTED_EDGE('',*,*,#5760,.T.);
#7687=ORIENTED_EDGE('',*,*,#5762,.T.);
#7688=ORIENTED_EDGE('',*,*,#5764,.T.);
#7689=ORIENTED_EDGE('',*,*,#5784,.T.);
#7690=ORIENTED_EDGE('',*,*,#5786,.F.);
#7691=ORIENTED_EDGE('',*,*,#5787,.T.);
#7692=ORIENTED_EDGE('',*,*,#5788,.F.);
#7693=ORIENTED_EDGE('',*,*,#5787,.F.);
#7694=ORIENTED_EDGE('',*,*,#5789,.F.);
#7695=ORIENTED_EDGE('',*,*,#5790,.F.);
#7696=ORIENTED_EDGE('',*,*,#5791,.F.);
#7697=ORIENTED_EDGE('',*,*,#5792,.F.);
#7698=ORIENTED_EDGE('',*,*,#5793,.T.);
#7699=ORIENTED_EDGE('',*,*,#5794,.F.);
#7700=ORIENTED_EDGE('',*,*,#5795,.F.);
#7701=ORIENTED_EDGE('',*,*,#5796,.F.);
#7702=ORIENTED_EDGE('',*,*,#5797,.F.);
#7703=ORIENTED_EDGE('',*,*,#5798,.T.);
#7704=ORIENTED_EDGE('',*,*,#5799,.F.);
#7705=ORIENTED_EDGE('',*,*,#5798,.F.);
#7706=ORIENTED_EDGE('',*,*,#5800,.F.);
#7707=ORIENTED_EDGE('',*,*,#5793,.F.);
#7708=ORIENTED_EDGE('',*,*,#5801,.F.);
#7709=ORIENTED_EDGE('',*,*,#5802,.T.);
#7710=ORIENTED_EDGE('',*,*,#5790,.T.);
#7711=ORIENTED_EDGE('',*,*,#5803,.T.);
#7712=ORIENTED_EDGE('',*,*,#5791,.T.);
#7713=ORIENTED_EDGE('',*,*,#5802,.F.);
#7714=ORIENTED_EDGE('',*,*,#5804,.F.);
#7715=ORIENTED_EDGE('',*,*,#5805,.T.);
#7716=ORIENTED_EDGE('',*,*,#5796,.T.);
#7717=ORIENTED_EDGE('',*,*,#5806,.F.);
#7718=ORIENTED_EDGE('',*,*,#5794,.T.);
#7719=ORIENTED_EDGE('',*,*,#5800,.T.);
#7720=ORIENTED_EDGE('',*,*,#5797,.T.);
#7721=ORIENTED_EDGE('',*,*,#5805,.F.);
#7722=ORIENTED_EDGE('',*,*,#5807,.T.);
#7723=ORIENTED_EDGE('',*,*,#5808,.T.);
#7724=ORIENTED_EDGE('',*,*,#5809,.T.);
#7725=ORIENTED_EDGE('',*,*,#5810,.T.);
#7726=ORIENTED_EDGE('',*,*,#5808,.F.);
#7727=ORIENTED_EDGE('',*,*,#5811,.F.);
#7728=ORIENTED_EDGE('',*,*,#5812,.F.);
#7729=ORIENTED_EDGE('',*,*,#5813,.F.);
#7730=ORIENTED_EDGE('',*,*,#5814,.T.);
#7731=ORIENTED_EDGE('',*,*,#5812,.T.);
#7732=ORIENTED_EDGE('',*,*,#5815,.T.);
#7733=ORIENTED_EDGE('',*,*,#5816,.T.);
#7734=ORIENTED_EDGE('',*,*,#5817,.T.);
#7735=ORIENTED_EDGE('',*,*,#5818,.T.);
#7736=ORIENTED_EDGE('',*,*,#5819,.T.);
#7737=ORIENTED_EDGE('',*,*,#5820,.T.);
#7738=ORIENTED_EDGE('',*,*,#5818,.F.);
#7739=ORIENTED_EDGE('',*,*,#5821,.F.);
#7740=ORIENTED_EDGE('',*,*,#5822,.F.);
#7741=ORIENTED_EDGE('',*,*,#5823,.F.);
#7742=ORIENTED_EDGE('',*,*,#5824,.T.);
#7743=ORIENTED_EDGE('',*,*,#5825,.T.);
#7744=ORIENTED_EDGE('',*,*,#5826,.T.);
#7745=ORIENTED_EDGE('',*,*,#5822,.T.);
#7746=ORIENTED_EDGE('',*,*,#5810,.F.);
#7747=ORIENTED_EDGE('',*,*,#5827,.F.);
#7748=ORIENTED_EDGE('',*,*,#5825,.F.);
#7749=ORIENTED_EDGE('',*,*,#5828,.F.);
#7750=ORIENTED_EDGE('',*,*,#5804,.T.);
#7751=ORIENTED_EDGE('',*,*,#5829,.T.);
#7752=ORIENTED_EDGE('',*,*,#5830,.T.);
#7753=ORIENTED_EDGE('',*,*,#5831,.T.);
#7754=ORIENTED_EDGE('',*,*,#5832,.T.);
#7755=ORIENTED_EDGE('',*,*,#5833,.T.);
#7756=ORIENTED_EDGE('',*,*,#5834,.T.);
#7757=ORIENTED_EDGE('',*,*,#5835,.T.);
#7758=ORIENTED_EDGE('',*,*,#5836,.T.);
#7759=ORIENTED_EDGE('',*,*,#5786,.T.);
#7760=ORIENTED_EDGE('',*,*,#5792,.T.);
#7761=ORIENTED_EDGE('',*,*,#5837,.T.);
#7762=ORIENTED_EDGE('',*,*,#5819,.F.);
#7763=ORIENTED_EDGE('',*,*,#5823,.T.);
#7764=ORIENTED_EDGE('',*,*,#5826,.F.);
#7765=ORIENTED_EDGE('',*,*,#5827,.T.);
#7766=ORIENTED_EDGE('',*,*,#5809,.F.);
#7767=ORIENTED_EDGE('',*,*,#5813,.T.);
#7768=ORIENTED_EDGE('',*,*,#5814,.F.);
#7769=ORIENTED_EDGE('',*,*,#5795,.T.);
#7770=ORIENTED_EDGE('',*,*,#5806,.T.);
#7771=ORIENTED_EDGE('',*,*,#5789,.T.);
#7772=ORIENTED_EDGE('',*,*,#5803,.F.);
#7773=ORIENTED_EDGE('',*,*,#5838,.F.);
#7774=ORIENTED_EDGE('',*,*,#5839,.F.);
#7775=ORIENTED_EDGE('',*,*,#5840,.T.);
#7776=ORIENTED_EDGE('',*,*,#5832,.F.);
#7777=ORIENTED_EDGE('',*,*,#5840,.F.);
#7778=ORIENTED_EDGE('',*,*,#5841,.F.);
#7779=ORIENTED_EDGE('',*,*,#5842,.T.);
#7780=ORIENTED_EDGE('',*,*,#5833,.F.);
#7781=ORIENTED_EDGE('',*,*,#5842,.F.);
#7782=ORIENTED_EDGE('',*,*,#5843,.F.);
#7783=ORIENTED_EDGE('',*,*,#5844,.T.);
#7784=ORIENTED_EDGE('',*,*,#5834,.F.);
#7785=ORIENTED_EDGE('',*,*,#5844,.F.);
#7786=ORIENTED_EDGE('',*,*,#5845,.F.);
#7787=ORIENTED_EDGE('',*,*,#5846,.T.);
#7788=ORIENTED_EDGE('',*,*,#5835,.F.);
#7789=ORIENTED_EDGE('',*,*,#5847,.T.);
#7790=ORIENTED_EDGE('',*,*,#5848,.T.);
#7791=ORIENTED_EDGE('',*,*,#5845,.T.);
#7792=ORIENTED_EDGE('',*,*,#5843,.T.);
#7793=ORIENTED_EDGE('',*,*,#5841,.T.);
#7794=ORIENTED_EDGE('',*,*,#5839,.T.);
#7795=ORIENTED_EDGE('',*,*,#5849,.T.);
#7796=ORIENTED_EDGE('',*,*,#5850,.T.);
#7797=ORIENTED_EDGE('',*,*,#5788,.T.);
#7798=ORIENTED_EDGE('',*,*,#5799,.T.);
#7799=ORIENTED_EDGE('',*,*,#5851,.T.);
#7800=ORIENTED_EDGE('',*,*,#5815,.F.);
#7801=ORIENTED_EDGE('',*,*,#5811,.T.);
#7802=ORIENTED_EDGE('',*,*,#5807,.F.);
#7803=ORIENTED_EDGE('',*,*,#5828,.T.);
#7804=ORIENTED_EDGE('',*,*,#5824,.F.);
#7805=ORIENTED_EDGE('',*,*,#5821,.T.);
#7806=ORIENTED_EDGE('',*,*,#5817,.F.);
#7807=ORIENTED_EDGE('',*,*,#5846,.F.);
#7808=ORIENTED_EDGE('',*,*,#5848,.F.);
#7809=ORIENTED_EDGE('',*,*,#5852,.F.);
#7810=ORIENTED_EDGE('',*,*,#5836,.F.);
#7811=ORIENTED_EDGE('',*,*,#5852,.T.);
#7812=ORIENTED_EDGE('',*,*,#5847,.F.);
#7813=ORIENTED_EDGE('',*,*,#5853,.T.);
#7814=ORIENTED_EDGE('',*,*,#5829,.F.);
#7815=ORIENTED_EDGE('',*,*,#5853,.F.);
#7816=ORIENTED_EDGE('',*,*,#5850,.F.);
#7817=ORIENTED_EDGE('',*,*,#5854,.T.);
#7818=ORIENTED_EDGE('',*,*,#5830,.F.);
#7819=ORIENTED_EDGE('',*,*,#5854,.F.);
#7820=ORIENTED_EDGE('',*,*,#5849,.F.);
#7821=ORIENTED_EDGE('',*,*,#5838,.T.);
#7822=ORIENTED_EDGE('',*,*,#5831,.F.);
#7823=ORIENTED_EDGE('',*,*,#5816,.F.);
#7824=ORIENTED_EDGE('',*,*,#5851,.F.);
#7825=ORIENTED_EDGE('',*,*,#5820,.F.);
#7826=ORIENTED_EDGE('',*,*,#5837,.F.);
#7827=ORIENTED_EDGE('',*,*,#5801,.T.);
#7828=ORIENTED_EDGE('',*,*,#5855,.F.);
#7829=ORIENTED_EDGE('',*,*,#5856,.T.);
#7830=ORIENTED_EDGE('',*,*,#5857,.T.);
#7831=ORIENTED_EDGE('',*,*,#5858,.F.);
#7832=ORIENTED_EDGE('',*,*,#5859,.F.);
#7833=ORIENTED_EDGE('',*,*,#5860,.T.);
#7834=ORIENTED_EDGE('',*,*,#5861,.T.);
#7835=ORIENTED_EDGE('',*,*,#5856,.F.);
#7836=ORIENTED_EDGE('',*,*,#5862,.F.);
#7837=ORIENTED_EDGE('',*,*,#5863,.F.);
#7838=ORIENTED_EDGE('',*,*,#5864,.T.);
#7839=ORIENTED_EDGE('',*,*,#5860,.F.);
#7840=ORIENTED_EDGE('',*,*,#5858,.T.);
#7841=ORIENTED_EDGE('',*,*,#5865,.T.);
#7842=ORIENTED_EDGE('',*,*,#5866,.T.);
#7843=ORIENTED_EDGE('',*,*,#5867,.F.);
#7844=ORIENTED_EDGE('',*,*,#5863,.T.);
#7845=ORIENTED_EDGE('',*,*,#5868,.F.);
#7846=ORIENTED_EDGE('',*,*,#5869,.F.);
#7847=ORIENTED_EDGE('',*,*,#5870,.F.);
#7848=ORIENTED_EDGE('',*,*,#5871,.F.);
#7849=ORIENTED_EDGE('',*,*,#5872,.T.);
#7850=ORIENTED_EDGE('',*,*,#5873,.T.);
#7851=ORIENTED_EDGE('',*,*,#5874,.T.);
#7852=ORIENTED_EDGE('',*,*,#5875,.T.);
#7853=ORIENTED_EDGE('',*,*,#5876,.T.);
#7854=ORIENTED_EDGE('',*,*,#5862,.T.);
#7855=ORIENTED_EDGE('',*,*,#5859,.T.);
#7856=ORIENTED_EDGE('',*,*,#5855,.T.);
#7857=ORIENTED_EDGE('',*,*,#5867,.T.);
#7858=ORIENTED_EDGE('',*,*,#5877,.T.);
#7859=ORIENTED_EDGE('',*,*,#5878,.T.);
#7860=ORIENTED_EDGE('',*,*,#5879,.T.);
#7861=ORIENTED_EDGE('',*,*,#5880,.T.);
#7862=ORIENTED_EDGE('',*,*,#5881,.T.);
#7863=ORIENTED_EDGE('',*,*,#5882,.T.);
#7864=ORIENTED_EDGE('',*,*,#5883,.T.);
#7865=ORIENTED_EDGE('',*,*,#5884,.T.);
#7866=ORIENTED_EDGE('',*,*,#5885,.T.);
#7867=ORIENTED_EDGE('',*,*,#5886,.T.);
#7868=ORIENTED_EDGE('',*,*,#5887,.T.);
#7869=ORIENTED_EDGE('',*,*,#5888,.T.);
#7870=ORIENTED_EDGE('',*,*,#5889,.T.);
#7871=ORIENTED_EDGE('',*,*,#5890,.T.);
#7872=ORIENTED_EDGE('',*,*,#5891,.T.);
#7873=ORIENTED_EDGE('',*,*,#5892,.T.);
#7874=ORIENTED_EDGE('',*,*,#5893,.T.);
#7875=ORIENTED_EDGE('',*,*,#5894,.T.);
#7876=ORIENTED_EDGE('',*,*,#5895,.T.);
#7877=ORIENTED_EDGE('',*,*,#5896,.T.);
#7878=ORIENTED_EDGE('',*,*,#5897,.T.);
#7879=ORIENTED_EDGE('',*,*,#5898,.T.);
#7880=ORIENTED_EDGE('',*,*,#5899,.T.);
#7881=ORIENTED_EDGE('',*,*,#5900,.T.);
#7882=ORIENTED_EDGE('',*,*,#5901,.T.);
#7883=ORIENTED_EDGE('',*,*,#5902,.T.);
#7884=ORIENTED_EDGE('',*,*,#5903,.T.);
#7885=ORIENTED_EDGE('',*,*,#5904,.T.);
#7886=ORIENTED_EDGE('',*,*,#5905,.T.);
#7887=ORIENTED_EDGE('',*,*,#5906,.T.);
#7888=ORIENTED_EDGE('',*,*,#5907,.T.);
#7889=ORIENTED_EDGE('',*,*,#5868,.T.);
#7890=ORIENTED_EDGE('',*,*,#5886,.F.);
#7891=ORIENTED_EDGE('',*,*,#5908,.T.);
#7892=ORIENTED_EDGE('',*,*,#5909,.T.);
#7893=ORIENTED_EDGE('',*,*,#5910,.F.);
#7894=ORIENTED_EDGE('',*,*,#5885,.F.);
#7895=ORIENTED_EDGE('',*,*,#5911,.F.);
#7896=ORIENTED_EDGE('',*,*,#5912,.T.);
#7897=ORIENTED_EDGE('',*,*,#5908,.F.);
#7898=ORIENTED_EDGE('',*,*,#5887,.F.);
#7899=ORIENTED_EDGE('',*,*,#5910,.T.);
#7900=ORIENTED_EDGE('',*,*,#5913,.T.);
#7901=ORIENTED_EDGE('',*,*,#5914,.F.);
#7902=ORIENTED_EDGE('',*,*,#5879,.F.);
#7903=ORIENTED_EDGE('',*,*,#5915,.T.);
#7904=ORIENTED_EDGE('',*,*,#5916,.T.);
#7905=ORIENTED_EDGE('',*,*,#5917,.F.);
#7906=ORIENTED_EDGE('',*,*,#5878,.F.);
#7907=ORIENTED_EDGE('',*,*,#5918,.T.);
#7908=ORIENTED_EDGE('',*,*,#5919,.T.);
#7909=ORIENTED_EDGE('',*,*,#5915,.F.);
#7910=ORIENTED_EDGE('',*,*,#5877,.F.);
#7911=ORIENTED_EDGE('',*,*,#5866,.F.);
#7912=ORIENTED_EDGE('',*,*,#5920,.T.);
#7913=ORIENTED_EDGE('',*,*,#5918,.F.);
#7914=ORIENTED_EDGE('',*,*,#5883,.F.);
#7915=ORIENTED_EDGE('',*,*,#5921,.T.);
#7916=ORIENTED_EDGE('',*,*,#5922,.T.);
#7917=ORIENTED_EDGE('',*,*,#5923,.F.);
#7918=ORIENTED_EDGE('',*,*,#5882,.F.);
#7919=ORIENTED_EDGE('',*,*,#5924,.T.);
#7920=ORIENTED_EDGE('',*,*,#5925,.T.);
#7921=ORIENTED_EDGE('',*,*,#5921,.F.);
#7922=ORIENTED_EDGE('',*,*,#5881,.F.);
#7923=ORIENTED_EDGE('',*,*,#5926,.F.);
#7924=ORIENTED_EDGE('',*,*,#5927,.T.);
#7925=ORIENTED_EDGE('',*,*,#5924,.F.);
#7926=ORIENTED_EDGE('',*,*,#5893,.F.);
#7927=ORIENTED_EDGE('',*,*,#5928,.T.);
#7928=ORIENTED_EDGE('',*,*,#5929,.T.);
#7929=ORIENTED_EDGE('',*,*,#5930,.F.);
#7930=ORIENTED_EDGE('',*,*,#5892,.F.);
#7931=ORIENTED_EDGE('',*,*,#5931,.T.);
#7932=ORIENTED_EDGE('',*,*,#5932,.T.);
#7933=ORIENTED_EDGE('',*,*,#5928,.F.);
#7934=ORIENTED_EDGE('',*,*,#5891,.F.);
#7935=ORIENTED_EDGE('',*,*,#5933,.F.);
#7936=ORIENTED_EDGE('',*,*,#5934,.T.);
#7937=ORIENTED_EDGE('',*,*,#5931,.F.);
#7938=ORIENTED_EDGE('',*,*,#5901,.F.);
#7939=ORIENTED_EDGE('',*,*,#5935,.T.);
#7940=ORIENTED_EDGE('',*,*,#5936,.T.);
#7941=ORIENTED_EDGE('',*,*,#5937,.F.);
#7942=ORIENTED_EDGE('',*,*,#5900,.F.);
#7943=ORIENTED_EDGE('',*,*,#5938,.T.);
#7944=ORIENTED_EDGE('',*,*,#5939,.T.);
#7945=ORIENTED_EDGE('',*,*,#5935,.F.);
#7946=ORIENTED_EDGE('',*,*,#5899,.F.);
#7947=ORIENTED_EDGE('',*,*,#5940,.F.);
#7948=ORIENTED_EDGE('',*,*,#5941,.T.);
#7949=ORIENTED_EDGE('',*,*,#5938,.F.);
#7950=ORIENTED_EDGE('',*,*,#5897,.F.);
#7951=ORIENTED_EDGE('',*,*,#5942,.T.);
#7952=ORIENTED_EDGE('',*,*,#5943,.T.);
#7953=ORIENTED_EDGE('',*,*,#5944,.F.);
#7954=ORIENTED_EDGE('',*,*,#5896,.F.);
#7955=ORIENTED_EDGE('',*,*,#5945,.T.);
#7956=ORIENTED_EDGE('',*,*,#5946,.T.);
#7957=ORIENTED_EDGE('',*,*,#5942,.F.);
#7958=ORIENTED_EDGE('',*,*,#5895,.F.);
#7959=ORIENTED_EDGE('',*,*,#5947,.F.);
#7960=ORIENTED_EDGE('',*,*,#5948,.T.);
#7961=ORIENTED_EDGE('',*,*,#5945,.F.);
#7962=ORIENTED_EDGE('',*,*,#5905,.F.);
#7963=ORIENTED_EDGE('',*,*,#5949,.T.);
#7964=ORIENTED_EDGE('',*,*,#5950,.T.);
#7965=ORIENTED_EDGE('',*,*,#5951,.F.);
#7966=ORIENTED_EDGE('',*,*,#5904,.F.);
#7967=ORIENTED_EDGE('',*,*,#5952,.T.);
#7968=ORIENTED_EDGE('',*,*,#5953,.T.);
#7969=ORIENTED_EDGE('',*,*,#5949,.F.);
#7970=ORIENTED_EDGE('',*,*,#5903,.F.);
#7971=ORIENTED_EDGE('',*,*,#5954,.F.);
#7972=ORIENTED_EDGE('',*,*,#5955,.T.);
#7973=ORIENTED_EDGE('',*,*,#5952,.F.);
#7974=ORIENTED_EDGE('',*,*,#5917,.T.);
#7975=ORIENTED_EDGE('',*,*,#5956,.T.);
#7976=ORIENTED_EDGE('',*,*,#5926,.T.);
#7977=ORIENTED_EDGE('',*,*,#5880,.F.);
#7978=ORIENTED_EDGE('',*,*,#5911,.T.);
#7979=ORIENTED_EDGE('',*,*,#5884,.F.);
#7980=ORIENTED_EDGE('',*,*,#5923,.T.);
#7981=ORIENTED_EDGE('',*,*,#5957,.T.);
#7982=ORIENTED_EDGE('',*,*,#5914,.T.);
#7983=ORIENTED_EDGE('',*,*,#5958,.T.);
#7984=ORIENTED_EDGE('',*,*,#5959,.T.);
#7985=ORIENTED_EDGE('',*,*,#5888,.F.);
#7986=ORIENTED_EDGE('',*,*,#5951,.T.);
#7987=ORIENTED_EDGE('',*,*,#5960,.T.);
#7988=ORIENTED_EDGE('',*,*,#5961,.T.);
#7989=ORIENTED_EDGE('',*,*,#5962,.T.);
#7990=ORIENTED_EDGE('',*,*,#5963,.T.);
#7991=ORIENTED_EDGE('',*,*,#5906,.F.);
#7992=ORIENTED_EDGE('',*,*,#5937,.T.);
#7993=ORIENTED_EDGE('',*,*,#5964,.T.);
#7994=ORIENTED_EDGE('',*,*,#5954,.T.);
#7995=ORIENTED_EDGE('',*,*,#5902,.F.);
#7996=ORIENTED_EDGE('',*,*,#5940,.T.);
#7997=ORIENTED_EDGE('',*,*,#5898,.F.);
#7998=ORIENTED_EDGE('',*,*,#5944,.T.);
#7999=ORIENTED_EDGE('',*,*,#5965,.T.);
#8000=ORIENTED_EDGE('',*,*,#5933,.T.);
#8001=ORIENTED_EDGE('',*,*,#5890,.F.);
#8002=ORIENTED_EDGE('',*,*,#5966,.F.);
#8003=ORIENTED_EDGE('',*,*,#5967,.T.);
#8004=ORIENTED_EDGE('',*,*,#5930,.T.);
#8005=ORIENTED_EDGE('',*,*,#5968,.T.);
#8006=ORIENTED_EDGE('',*,*,#5947,.T.);
#8007=ORIENTED_EDGE('',*,*,#5894,.F.);
#8008=ORIENTED_EDGE('',*,*,#5969,.F.);
#8009=ORIENTED_EDGE('',*,*,#5970,.T.);
#8010=ORIENTED_EDGE('',*,*,#5874,.F.);
#8011=ORIENTED_EDGE('',*,*,#5971,.F.);
#8012=ORIENTED_EDGE('',*,*,#5972,.F.);
#8013=ORIENTED_EDGE('',*,*,#5973,.T.);
#8014=ORIENTED_EDGE('',*,*,#5876,.F.);
#8015=ORIENTED_EDGE('',*,*,#5974,.F.);
#8016=ORIENTED_EDGE('',*,*,#5967,.F.);
#8017=ORIENTED_EDGE('',*,*,#5975,.F.);
#8018=ORIENTED_EDGE('',*,*,#5958,.F.);
#8019=ORIENTED_EDGE('',*,*,#5913,.F.);
#8020=ORIENTED_EDGE('',*,*,#5909,.F.);
#8021=ORIENTED_EDGE('',*,*,#5912,.F.);
#8022=ORIENTED_EDGE('',*,*,#5957,.F.);
#8023=ORIENTED_EDGE('',*,*,#5922,.F.);
#8024=ORIENTED_EDGE('',*,*,#5925,.F.);
#8025=ORIENTED_EDGE('',*,*,#5927,.F.);
#8026=ORIENTED_EDGE('',*,*,#5956,.F.);
#8027=ORIENTED_EDGE('',*,*,#5916,.F.);
#8028=ORIENTED_EDGE('',*,*,#5919,.F.);
#8029=ORIENTED_EDGE('',*,*,#5920,.F.);
#8030=ORIENTED_EDGE('',*,*,#5865,.F.);
#8031=ORIENTED_EDGE('',*,*,#5857,.F.);
#8032=ORIENTED_EDGE('',*,*,#5861,.F.);
#8033=ORIENTED_EDGE('',*,*,#5864,.F.);
#8034=ORIENTED_EDGE('',*,*,#5872,.F.);
#8035=ORIENTED_EDGE('',*,*,#5976,.F.);
#8036=ORIENTED_EDGE('',*,*,#5960,.F.);
#8037=ORIENTED_EDGE('',*,*,#5950,.F.);
#8038=ORIENTED_EDGE('',*,*,#5953,.F.);
#8039=ORIENTED_EDGE('',*,*,#5955,.F.);
#8040=ORIENTED_EDGE('',*,*,#5964,.F.);
#8041=ORIENTED_EDGE('',*,*,#5936,.F.);
#8042=ORIENTED_EDGE('',*,*,#5939,.F.);
#8043=ORIENTED_EDGE('',*,*,#5941,.F.);
#8044=ORIENTED_EDGE('',*,*,#5965,.F.);
#8045=ORIENTED_EDGE('',*,*,#5943,.F.);
#8046=ORIENTED_EDGE('',*,*,#5946,.F.);
#8047=ORIENTED_EDGE('',*,*,#5948,.F.);
#8048=ORIENTED_EDGE('',*,*,#5968,.F.);
#8049=ORIENTED_EDGE('',*,*,#5929,.F.);
#8050=ORIENTED_EDGE('',*,*,#5932,.F.);
#8051=ORIENTED_EDGE('',*,*,#5934,.F.);
#8052=ORIENTED_EDGE('',*,*,#5889,.F.);
#8053=ORIENTED_EDGE('',*,*,#5959,.F.);
#8054=ORIENTED_EDGE('',*,*,#5975,.T.);
#8055=ORIENTED_EDGE('',*,*,#5966,.T.);
#8056=ORIENTED_EDGE('',*,*,#5977,.T.);
#8057=ORIENTED_EDGE('',*,*,#5978,.T.);
#8058=ORIENTED_EDGE('',*,*,#5979,.T.);
#8059=ORIENTED_EDGE('',*,*,#5980,.T.);
#8060=ORIENTED_EDGE('',*,*,#5981,.T.);
#8061=ORIENTED_EDGE('',*,*,#5982,.T.);
#8062=ORIENTED_EDGE('',*,*,#5983,.T.);
#8063=ORIENTED_EDGE('',*,*,#5984,.T.);
#8064=ORIENTED_EDGE('',*,*,#5985,.T.);
#8065=ORIENTED_EDGE('',*,*,#5961,.F.);
#8066=ORIENTED_EDGE('',*,*,#5976,.T.);
#8067=ORIENTED_EDGE('',*,*,#5871,.T.);
#8068=ORIENTED_EDGE('',*,*,#5962,.F.);
#8069=ORIENTED_EDGE('',*,*,#5986,.F.);
#8070=ORIENTED_EDGE('',*,*,#5987,.F.);
#8071=ORIENTED_EDGE('',*,*,#5988,.F.);
#8072=ORIENTED_EDGE('',*,*,#5989,.F.);
#8073=ORIENTED_EDGE('',*,*,#5990,.T.);
#8074=ORIENTED_EDGE('',*,*,#5987,.T.);
#8075=ORIENTED_EDGE('',*,*,#5991,.F.);
#8076=ORIENTED_EDGE('',*,*,#5992,.F.);
#8077=ORIENTED_EDGE('',*,*,#5991,.T.);
#8078=ORIENTED_EDGE('',*,*,#5986,.T.);
#8079=ORIENTED_EDGE('',*,*,#5985,.F.);
#8080=ORIENTED_EDGE('',*,*,#5993,.T.);
#8081=ORIENTED_EDGE('',*,*,#5994,.F.);
#8082=ORIENTED_EDGE('',*,*,#5995,.F.);
#8083=ORIENTED_EDGE('',*,*,#5994,.T.);
#8084=ORIENTED_EDGE('',*,*,#5996,.T.);
#8085=ORIENTED_EDGE('',*,*,#5997,.F.);
#8086=ORIENTED_EDGE('',*,*,#5998,.F.);
#8087=ORIENTED_EDGE('',*,*,#5997,.T.);
#8088=ORIENTED_EDGE('',*,*,#5999,.T.);
#8089=ORIENTED_EDGE('',*,*,#6000,.F.);
#8090=ORIENTED_EDGE('',*,*,#5988,.T.);
#8091=ORIENTED_EDGE('',*,*,#5990,.F.);
#8092=ORIENTED_EDGE('',*,*,#5870,.T.);
#8093=ORIENTED_EDGE('',*,*,#5999,.F.);
#8094=ORIENTED_EDGE('',*,*,#5996,.F.);
#8095=ORIENTED_EDGE('',*,*,#5993,.F.);
#8096=ORIENTED_EDGE('',*,*,#5875,.F.);
#8097=ORIENTED_EDGE('',*,*,#5970,.F.);
#8098=ORIENTED_EDGE('',*,*,#6001,.F.);
#8099=ORIENTED_EDGE('',*,*,#6002,.F.);
#8100=ORIENTED_EDGE('',*,*,#6003,.F.);
#8101=ORIENTED_EDGE('',*,*,#5974,.T.);
#8102=ORIENTED_EDGE('',*,*,#6004,.T.);
#8103=ORIENTED_EDGE('',*,*,#6005,.T.);
#8104=ORIENTED_EDGE('',*,*,#6006,.T.);
#8105=ORIENTED_EDGE('',*,*,#6007,.T.);
#8106=ORIENTED_EDGE('',*,*,#6008,.T.);
#8107=ORIENTED_EDGE('',*,*,#6009,.T.);
#8108=ORIENTED_EDGE('',*,*,#6010,.T.);
#8109=ORIENTED_EDGE('',*,*,#6011,.T.);
#8110=ORIENTED_EDGE('',*,*,#6012,.T.);
#8111=ORIENTED_EDGE('',*,*,#6013,.T.);
#8112=ORIENTED_EDGE('',*,*,#6001,.T.);
#8113=ORIENTED_EDGE('',*,*,#5969,.T.);
#8114=ORIENTED_EDGE('',*,*,#6014,.F.);
#8115=ORIENTED_EDGE('',*,*,#6002,.T.);
#8116=ORIENTED_EDGE('',*,*,#6013,.F.);
#8117=ORIENTED_EDGE('',*,*,#6015,.T.);
#8118=ORIENTED_EDGE('',*,*,#6003,.T.);
#8119=ORIENTED_EDGE('',*,*,#6014,.T.);
#8120=ORIENTED_EDGE('',*,*,#6016,.T.);
#8121=ORIENTED_EDGE('',*,*,#5972,.T.);
#8122=ORIENTED_EDGE('',*,*,#5980,.F.);
#8123=ORIENTED_EDGE('',*,*,#6017,.F.);
#8124=ORIENTED_EDGE('',*,*,#6009,.F.);
#8125=ORIENTED_EDGE('',*,*,#6018,.T.);
#8126=ORIENTED_EDGE('',*,*,#5979,.F.);
#8127=ORIENTED_EDGE('',*,*,#6019,.F.);
#8128=ORIENTED_EDGE('',*,*,#6010,.F.);
#8129=ORIENTED_EDGE('',*,*,#6017,.T.);
#8130=ORIENTED_EDGE('',*,*,#5978,.F.);
#8131=ORIENTED_EDGE('',*,*,#6020,.F.);
#8132=ORIENTED_EDGE('',*,*,#6011,.F.);
#8133=ORIENTED_EDGE('',*,*,#6019,.T.);
#8134=ORIENTED_EDGE('',*,*,#5977,.F.);
#8135=ORIENTED_EDGE('',*,*,#6021,.F.);
#8136=ORIENTED_EDGE('',*,*,#6004,.F.);
#8137=ORIENTED_EDGE('',*,*,#6020,.T.);
#8138=ORIENTED_EDGE('',*,*,#5984,.F.);
#8139=ORIENTED_EDGE('',*,*,#6022,.F.);
#8140=ORIENTED_EDGE('',*,*,#6005,.F.);
#8141=ORIENTED_EDGE('',*,*,#6021,.T.);
#8142=ORIENTED_EDGE('',*,*,#5983,.F.);
#8143=ORIENTED_EDGE('',*,*,#6023,.F.);
#8144=ORIENTED_EDGE('',*,*,#6006,.F.);
#8145=ORIENTED_EDGE('',*,*,#6022,.T.);
#8146=ORIENTED_EDGE('',*,*,#5982,.F.);
#8147=ORIENTED_EDGE('',*,*,#6024,.F.);
#8148=ORIENTED_EDGE('',*,*,#6007,.F.);
#8149=ORIENTED_EDGE('',*,*,#6023,.T.);
#8150=ORIENTED_EDGE('',*,*,#5981,.F.);
#8151=ORIENTED_EDGE('',*,*,#6018,.F.);
#8152=ORIENTED_EDGE('',*,*,#6008,.F.);
#8153=ORIENTED_EDGE('',*,*,#6024,.T.);
#8154=ORIENTED_EDGE('',*,*,#5907,.F.);
#8155=ORIENTED_EDGE('',*,*,#5963,.F.);
#8156=ORIENTED_EDGE('',*,*,#6000,.T.);
#8157=ORIENTED_EDGE('',*,*,#5869,.T.);
#8158=ORIENTED_EDGE('',*,*,#5873,.F.);
#8159=ORIENTED_EDGE('',*,*,#5973,.F.);
#8160=ORIENTED_EDGE('',*,*,#6016,.F.);
#8161=ORIENTED_EDGE('',*,*,#6015,.F.);
#8162=ORIENTED_EDGE('',*,*,#6012,.F.);
#8163=ORIENTED_EDGE('',*,*,#5971,.T.);
#8164=ORIENTED_EDGE('',*,*,#5998,.T.);
#8165=ORIENTED_EDGE('',*,*,#5989,.T.);
#8166=ORIENTED_EDGE('',*,*,#5992,.T.);
#8167=ORIENTED_EDGE('',*,*,#5995,.T.);
#8168=ORIENTED_EDGE('',*,*,#6025,.F.);
#8169=ORIENTED_EDGE('',*,*,#6026,.T.);
#8170=ORIENTED_EDGE('',*,*,#6027,.T.);
#8171=ORIENTED_EDGE('',*,*,#6026,.F.);
#8172=ORIENTED_EDGE('',*,*,#6025,.T.);
#8173=ORIENTED_EDGE('',*,*,#6027,.F.);
#8174=ORIENTED_EDGE('',*,*,#6028,.F.);
#8175=ORIENTED_EDGE('',*,*,#6029,.T.);
#8176=ORIENTED_EDGE('',*,*,#6030,.F.);
#8177=ORIENTED_EDGE('',*,*,#6029,.F.);
#8178=ORIENTED_EDGE('',*,*,#6031,.F.);
#8179=ORIENTED_EDGE('',*,*,#6032,.T.);
#8180=ORIENTED_EDGE('',*,*,#6033,.F.);
#8181=ORIENTED_EDGE('',*,*,#6034,.F.);
#8182=ORIENTED_EDGE('',*,*,#6035,.F.);
#8183=ORIENTED_EDGE('',*,*,#6034,.T.);
#8184=ORIENTED_EDGE('',*,*,#6036,.F.);
#8185=ORIENTED_EDGE('',*,*,#6037,.F.);
#8186=ORIENTED_EDGE('',*,*,#6038,.F.);
#8187=ORIENTED_EDGE('',*,*,#6037,.T.);
#8188=ORIENTED_EDGE('',*,*,#6039,.F.);
#8189=ORIENTED_EDGE('',*,*,#6040,.F.);
#8190=ORIENTED_EDGE('',*,*,#6041,.T.);
#8191=ORIENTED_EDGE('',*,*,#6040,.T.);
#8192=ORIENTED_EDGE('',*,*,#6042,.F.);
#8193=ORIENTED_EDGE('',*,*,#6043,.F.);
#8194=ORIENTED_EDGE('',*,*,#6044,.T.);
#8195=ORIENTED_EDGE('',*,*,#6043,.T.);
#8196=ORIENTED_EDGE('',*,*,#6045,.F.);
#8197=ORIENTED_EDGE('',*,*,#6046,.F.);
#8198=ORIENTED_EDGE('',*,*,#6047,.F.);
#8199=ORIENTED_EDGE('',*,*,#6046,.T.);
#8200=ORIENTED_EDGE('',*,*,#6048,.F.);
#8201=ORIENTED_EDGE('',*,*,#6032,.F.);
#8202=ORIENTED_EDGE('',*,*,#6047,.T.);
#8203=ORIENTED_EDGE('',*,*,#6031,.T.);
#8204=ORIENTED_EDGE('',*,*,#6035,.T.);
#8205=ORIENTED_EDGE('',*,*,#6038,.T.);
#8206=ORIENTED_EDGE('',*,*,#6041,.F.);
#8207=ORIENTED_EDGE('',*,*,#6044,.F.);
#8208=ORIENTED_EDGE('',*,*,#6030,.T.);
#8209=ORIENTED_EDGE('',*,*,#6048,.T.);
#8210=ORIENTED_EDGE('',*,*,#6045,.T.);
#8211=ORIENTED_EDGE('',*,*,#6042,.T.);
#8212=ORIENTED_EDGE('',*,*,#6039,.T.);
#8213=ORIENTED_EDGE('',*,*,#6036,.T.);
#8214=ORIENTED_EDGE('',*,*,#6033,.T.);
#8215=ORIENTED_EDGE('',*,*,#6028,.T.);
#8216=ORIENTED_EDGE('',*,*,#6049,.T.);
#8217=ORIENTED_EDGE('',*,*,#6050,.T.);
#8218=ORIENTED_EDGE('',*,*,#6051,.F.);
#8219=ORIENTED_EDGE('',*,*,#6052,.F.);
#8220=ORIENTED_EDGE('',*,*,#6053,.T.);
#8221=ORIENTED_EDGE('',*,*,#6052,.T.);
#8222=ORIENTED_EDGE('',*,*,#6054,.F.);
#8223=ORIENTED_EDGE('',*,*,#6055,.F.);
#8224=ORIENTED_EDGE('',*,*,#6056,.T.);
#8225=ORIENTED_EDGE('',*,*,#6055,.T.);
#8226=ORIENTED_EDGE('',*,*,#6057,.F.);
#8227=ORIENTED_EDGE('',*,*,#6058,.F.);
#8228=ORIENTED_EDGE('',*,*,#6059,.T.);
#8229=ORIENTED_EDGE('',*,*,#6058,.T.);
#8230=ORIENTED_EDGE('',*,*,#6060,.F.);
#8231=ORIENTED_EDGE('',*,*,#6050,.F.);
#8232=ORIENTED_EDGE('',*,*,#6061,.T.);
#8233=ORIENTED_EDGE('',*,*,#6062,.T.);
#8234=ORIENTED_EDGE('',*,*,#6063,.F.);
#8235=ORIENTED_EDGE('',*,*,#6064,.F.);
#8236=ORIENTED_EDGE('',*,*,#6065,.T.);
#8237=ORIENTED_EDGE('',*,*,#6064,.T.);
#8238=ORIENTED_EDGE('',*,*,#6066,.F.);
#8239=ORIENTED_EDGE('',*,*,#6067,.F.);
#8240=ORIENTED_EDGE('',*,*,#6068,.T.);
#8241=ORIENTED_EDGE('',*,*,#6067,.T.);
#8242=ORIENTED_EDGE('',*,*,#6069,.F.);
#8243=ORIENTED_EDGE('',*,*,#6070,.F.);
#8244=ORIENTED_EDGE('',*,*,#6071,.T.);
#8245=ORIENTED_EDGE('',*,*,#6070,.T.);
#8246=ORIENTED_EDGE('',*,*,#6072,.F.);
#8247=ORIENTED_EDGE('',*,*,#6062,.F.);
#8248=ORIENTED_EDGE('',*,*,#6072,.T.);
#8249=ORIENTED_EDGE('',*,*,#6069,.T.);
#8250=ORIENTED_EDGE('',*,*,#6066,.T.);
#8251=ORIENTED_EDGE('',*,*,#6063,.T.);
#8252=ORIENTED_EDGE('',*,*,#6060,.T.);
#8253=ORIENTED_EDGE('',*,*,#6057,.T.);
#8254=ORIENTED_EDGE('',*,*,#6054,.T.);
#8255=ORIENTED_EDGE('',*,*,#6051,.T.);
#8256=ORIENTED_EDGE('',*,*,#6071,.F.);
#8257=ORIENTED_EDGE('',*,*,#6061,.F.);
#8258=ORIENTED_EDGE('',*,*,#6065,.F.);
#8259=ORIENTED_EDGE('',*,*,#6068,.F.);
#8260=ORIENTED_EDGE('',*,*,#6059,.F.);
#8261=ORIENTED_EDGE('',*,*,#6049,.F.);
#8262=ORIENTED_EDGE('',*,*,#6053,.F.);
#8263=ORIENTED_EDGE('',*,*,#6056,.F.);
#8264=ORIENTED_EDGE('',*,*,#6073,.T.);
#8265=ORIENTED_EDGE('',*,*,#6074,.T.);
#8266=ORIENTED_EDGE('',*,*,#6075,.T.);
#8267=ORIENTED_EDGE('',*,*,#6076,.T.);
#8268=ORIENTED_EDGE('',*,*,#6075,.F.);
#8269=ORIENTED_EDGE('',*,*,#6077,.F.);
#8270=ORIENTED_EDGE('',*,*,#6078,.F.);
#8271=ORIENTED_EDGE('',*,*,#6079,.F.);
#8272=ORIENTED_EDGE('',*,*,#6080,.T.);
#8273=ORIENTED_EDGE('',*,*,#6081,.T.);
#8274=ORIENTED_EDGE('',*,*,#6082,.T.);
#8275=ORIENTED_EDGE('',*,*,#6074,.F.);
#8276=ORIENTED_EDGE('',*,*,#6083,.T.);
#8277=ORIENTED_EDGE('',*,*,#6084,.F.);
#8278=ORIENTED_EDGE('',*,*,#6077,.T.);
#8279=ORIENTED_EDGE('',*,*,#6078,.T.);
#8280=ORIENTED_EDGE('',*,*,#6084,.T.);
#8281=ORIENTED_EDGE('',*,*,#6085,.T.);
#8282=ORIENTED_EDGE('',*,*,#6086,.T.);
#8283=ORIENTED_EDGE('',*,*,#6082,.F.);
#8284=ORIENTED_EDGE('',*,*,#6087,.T.);
#8285=ORIENTED_EDGE('',*,*,#6088,.F.);
#8286=ORIENTED_EDGE('',*,*,#6087,.F.);
#8287=ORIENTED_EDGE('',*,*,#6086,.F.);
#8288=ORIENTED_EDGE('',*,*,#6089,.F.);
#8289=ORIENTED_EDGE('',*,*,#6090,.F.);
#8290=ORIENTED_EDGE('',*,*,#6079,.T.);
#8291=ORIENTED_EDGE('',*,*,#6073,.F.);
#8292=ORIENTED_EDGE('',*,*,#6091,.F.);
#8293=ORIENTED_EDGE('',*,*,#6092,.T.);
#8294=ORIENTED_EDGE('',*,*,#6089,.T.);
#8295=ORIENTED_EDGE('',*,*,#6085,.F.);
#8296=ORIENTED_EDGE('',*,*,#6083,.F.);
#8297=ORIENTED_EDGE('',*,*,#6088,.T.);
#8298=ORIENTED_EDGE('',*,*,#6076,.F.);
#8299=ORIENTED_EDGE('',*,*,#6081,.F.);
#8300=ORIENTED_EDGE('',*,*,#6093,.T.);
#8301=ORIENTED_EDGE('',*,*,#6091,.T.);
#8302=ORIENTED_EDGE('',*,*,#6093,.F.);
#8303=ORIENTED_EDGE('',*,*,#6080,.F.);
#8304=ORIENTED_EDGE('',*,*,#6090,.T.);
#8305=ORIENTED_EDGE('',*,*,#6092,.F.);
#8306=ORIENTED_EDGE('',*,*,#6094,.F.);
#8307=ORIENTED_EDGE('',*,*,#6095,.T.);
#8308=ORIENTED_EDGE('',*,*,#6096,.F.);
#8309=ORIENTED_EDGE('',*,*,#6095,.F.);
#8310=ORIENTED_EDGE('',*,*,#6097,.F.);
#8311=ORIENTED_EDGE('',*,*,#6096,.T.);
#8312=ORIENTED_EDGE('',*,*,#6098,.T.);
#8313=ORIENTED_EDGE('',*,*,#6099,.T.);
#8314=ORIENTED_EDGE('',*,*,#6097,.T.);
#8315=ORIENTED_EDGE('',*,*,#6094,.T.);
#8316=ORIENTED_EDGE('',*,*,#6099,.F.);
#8317=ORIENTED_EDGE('',*,*,#6098,.F.);
#8318=ORIENTED_EDGE('',*,*,#6100,.T.);
#8319=ORIENTED_EDGE('',*,*,#6101,.T.);
#8320=ORIENTED_EDGE('',*,*,#6100,.F.);
#8321=ORIENTED_EDGE('',*,*,#6102,.T.);
#8322=ORIENTED_EDGE('',*,*,#6103,.T.);
#8323=ORIENTED_EDGE('',*,*,#6101,.F.);
#8324=ORIENTED_EDGE('',*,*,#6103,.F.);
#8325=ORIENTED_EDGE('',*,*,#6104,.T.);
#8326=ORIENTED_EDGE('',*,*,#6105,.T.);
#8327=ORIENTED_EDGE('',*,*,#6102,.F.);
#8328=ORIENTED_EDGE('',*,*,#6105,.F.);
#8329=ORIENTED_EDGE('',*,*,#6106,.T.);
#8330=ORIENTED_EDGE('',*,*,#6107,.T.);
#8331=ORIENTED_EDGE('',*,*,#6108,.T.);
#8332=ORIENTED_EDGE('',*,*,#6109,.T.);
#8333=ORIENTED_EDGE('',*,*,#6108,.F.);
#8334=ORIENTED_EDGE('',*,*,#6109,.F.);
#8335=ORIENTED_EDGE('',*,*,#6110,.F.);
#8336=ORIENTED_EDGE('',*,*,#6111,.T.);
#8337=ORIENTED_EDGE('',*,*,#6106,.F.);
#8338=ORIENTED_EDGE('',*,*,#6107,.F.);
#8339=ORIENTED_EDGE('',*,*,#6111,.F.);
#8340=ORIENTED_EDGE('',*,*,#6110,.T.);
#8341=ORIENTED_EDGE('',*,*,#6112,.T.);
#8342=ORIENTED_EDGE('',*,*,#6113,.F.);
#8343=ORIENTED_EDGE('',*,*,#6112,.F.);
#8344=ORIENTED_EDGE('',*,*,#6114,.F.);
#8345=ORIENTED_EDGE('',*,*,#6115,.T.);
#8346=ORIENTED_EDGE('',*,*,#6113,.T.);
#8347=ORIENTED_EDGE('',*,*,#6115,.F.);
#8348=ORIENTED_EDGE('',*,*,#6116,.F.);
#8349=ORIENTED_EDGE('',*,*,#6117,.T.);
#8350=ORIENTED_EDGE('',*,*,#6114,.T.);
#8351=ORIENTED_EDGE('',*,*,#6117,.F.);
#8352=ORIENTED_EDGE('',*,*,#6104,.F.);
#8353=ORIENTED_EDGE('',*,*,#6118,.T.);
#8354=ORIENTED_EDGE('',*,*,#6116,.T.);
#8355=ORIENTED_EDGE('',*,*,#6118,.F.);
#8356=ORIENTED_EDGE('',*,*,#6119,.F.);
#8357=ORIENTED_EDGE('',*,*,#6120,.T.);
#8358=ORIENTED_EDGE('',*,*,#6121,.F.);
#8359=ORIENTED_EDGE('',*,*,#6120,.F.);
#8360=ORIENTED_EDGE('',*,*,#6122,.F.);
#8361=ORIENTED_EDGE('',*,*,#6123,.T.);
#8362=ORIENTED_EDGE('',*,*,#6124,.F.);
#8363=ORIENTED_EDGE('',*,*,#6123,.F.);
#8364=ORIENTED_EDGE('',*,*,#6125,.F.);
#8365=ORIENTED_EDGE('',*,*,#6126,.T.);
#8366=ORIENTED_EDGE('',*,*,#6127,.F.);
#8367=ORIENTED_EDGE('',*,*,#6126,.F.);
#8368=ORIENTED_EDGE('',*,*,#6128,.F.);
#8369=ORIENTED_EDGE('',*,*,#6129,.T.);
#8370=ORIENTED_EDGE('',*,*,#6130,.F.);
#8371=ORIENTED_EDGE('',*,*,#6129,.F.);
#8372=ORIENTED_EDGE('',*,*,#6131,.F.);
#8373=ORIENTED_EDGE('',*,*,#6132,.T.);
#8374=ORIENTED_EDGE('',*,*,#6133,.F.);
#8375=ORIENTED_EDGE('',*,*,#6132,.F.);
#8376=ORIENTED_EDGE('',*,*,#6134,.F.);
#8377=ORIENTED_EDGE('',*,*,#6135,.T.);
#8378=ORIENTED_EDGE('',*,*,#6136,.F.);
#8379=ORIENTED_EDGE('',*,*,#6135,.F.);
#8380=ORIENTED_EDGE('',*,*,#6137,.F.);
#8381=ORIENTED_EDGE('',*,*,#6138,.T.);
#8382=ORIENTED_EDGE('',*,*,#6139,.F.);
#8383=ORIENTED_EDGE('',*,*,#6138,.F.);
#8384=ORIENTED_EDGE('',*,*,#6140,.F.);
#8385=ORIENTED_EDGE('',*,*,#6141,.T.);
#8386=ORIENTED_EDGE('',*,*,#6142,.F.);
#8387=ORIENTED_EDGE('',*,*,#6141,.F.);
#8388=ORIENTED_EDGE('',*,*,#6143,.F.);
#8389=ORIENTED_EDGE('',*,*,#6144,.T.);
#8390=ORIENTED_EDGE('',*,*,#6145,.F.);
#8391=ORIENTED_EDGE('',*,*,#6144,.F.);
#8392=ORIENTED_EDGE('',*,*,#6146,.F.);
#8393=ORIENTED_EDGE('',*,*,#6147,.T.);
#8394=ORIENTED_EDGE('',*,*,#6148,.F.);
#8395=ORIENTED_EDGE('',*,*,#6147,.F.);
#8396=ORIENTED_EDGE('',*,*,#6149,.T.);
#8397=ORIENTED_EDGE('',*,*,#6150,.T.);
#8398=ORIENTED_EDGE('',*,*,#6151,.F.);
#8399=ORIENTED_EDGE('',*,*,#6152,.F.);
#8400=ORIENTED_EDGE('',*,*,#6153,.T.);
#8401=ORIENTED_EDGE('',*,*,#6152,.T.);
#8402=ORIENTED_EDGE('',*,*,#6154,.F.);
#8403=ORIENTED_EDGE('',*,*,#6155,.F.);
#8404=ORIENTED_EDGE('',*,*,#6156,.T.);
#8405=ORIENTED_EDGE('',*,*,#6155,.T.);
#8406=ORIENTED_EDGE('',*,*,#6157,.F.);
#8407=ORIENTED_EDGE('',*,*,#6158,.F.);
#8408=ORIENTED_EDGE('',*,*,#6159,.F.);
#8409=ORIENTED_EDGE('',*,*,#6158,.T.);
#8410=ORIENTED_EDGE('',*,*,#6160,.F.);
#8411=ORIENTED_EDGE('',*,*,#6150,.F.);
#8412=ORIENTED_EDGE('',*,*,#6159,.T.);
#8413=ORIENTED_EDGE('',*,*,#6149,.F.);
#8414=ORIENTED_EDGE('',*,*,#6153,.F.);
#8415=ORIENTED_EDGE('',*,*,#6156,.F.);
#8416=ORIENTED_EDGE('',*,*,#6148,.T.);
#8417=ORIENTED_EDGE('',*,*,#6145,.T.);
#8418=ORIENTED_EDGE('',*,*,#6142,.T.);
#8419=ORIENTED_EDGE('',*,*,#6139,.T.);
#8420=ORIENTED_EDGE('',*,*,#6136,.T.);
#8421=ORIENTED_EDGE('',*,*,#6133,.T.);
#8422=ORIENTED_EDGE('',*,*,#6130,.T.);
#8423=ORIENTED_EDGE('',*,*,#6127,.T.);
#8424=ORIENTED_EDGE('',*,*,#6124,.T.);
#8425=ORIENTED_EDGE('',*,*,#6121,.T.);
#8426=ORIENTED_EDGE('',*,*,#6160,.T.);
#8427=ORIENTED_EDGE('',*,*,#6157,.T.);
#8428=ORIENTED_EDGE('',*,*,#6154,.T.);
#8429=ORIENTED_EDGE('',*,*,#6151,.T.);
#8430=ORIENTED_EDGE('',*,*,#6146,.T.);
#8431=ORIENTED_EDGE('',*,*,#6143,.T.);
#8432=ORIENTED_EDGE('',*,*,#6140,.T.);
#8433=ORIENTED_EDGE('',*,*,#6137,.T.);
#8434=ORIENTED_EDGE('',*,*,#6134,.T.);
#8435=ORIENTED_EDGE('',*,*,#6131,.T.);
#8436=ORIENTED_EDGE('',*,*,#6128,.T.);
#8437=ORIENTED_EDGE('',*,*,#6125,.T.);
#8438=ORIENTED_EDGE('',*,*,#6122,.T.);
#8439=ORIENTED_EDGE('',*,*,#6119,.T.);
#8440=ORIENTED_EDGE('',*,*,#6161,.T.);
#8441=ORIENTED_EDGE('',*,*,#6162,.T.);
#8442=ORIENTED_EDGE('',*,*,#6163,.F.);
#8443=ORIENTED_EDGE('',*,*,#6164,.F.);
#8444=ORIENTED_EDGE('',*,*,#6165,.T.);
#8445=ORIENTED_EDGE('',*,*,#6164,.T.);
#8446=ORIENTED_EDGE('',*,*,#6166,.F.);
#8447=ORIENTED_EDGE('',*,*,#6167,.F.);
#8448=ORIENTED_EDGE('',*,*,#6168,.T.);
#8449=ORIENTED_EDGE('',*,*,#6167,.T.);
#8450=ORIENTED_EDGE('',*,*,#6169,.F.);
#8451=ORIENTED_EDGE('',*,*,#6170,.F.);
#8452=ORIENTED_EDGE('',*,*,#6171,.T.);
#8453=ORIENTED_EDGE('',*,*,#6170,.T.);
#8454=ORIENTED_EDGE('',*,*,#6172,.F.);
#8455=ORIENTED_EDGE('',*,*,#6162,.F.);
#8456=ORIENTED_EDGE('',*,*,#6172,.T.);
#8457=ORIENTED_EDGE('',*,*,#6169,.T.);
#8458=ORIENTED_EDGE('',*,*,#6166,.T.);
#8459=ORIENTED_EDGE('',*,*,#6163,.T.);
#8460=ORIENTED_EDGE('',*,*,#6171,.F.);
#8461=ORIENTED_EDGE('',*,*,#6161,.F.);
#8462=ORIENTED_EDGE('',*,*,#6165,.F.);
#8463=ORIENTED_EDGE('',*,*,#6168,.F.);
#8464=ORIENTED_EDGE('',*,*,#6173,.F.);
#8465=ORIENTED_EDGE('',*,*,#6174,.T.);
#8466=ORIENTED_EDGE('',*,*,#6175,.F.);
#8467=ORIENTED_EDGE('',*,*,#6176,.F.);
#8468=ORIENTED_EDGE('',*,*,#6177,.F.);
#8469=ORIENTED_EDGE('',*,*,#6176,.T.);
#8470=ORIENTED_EDGE('',*,*,#6178,.F.);
#8471=ORIENTED_EDGE('',*,*,#6179,.F.);
#8472=ORIENTED_EDGE('',*,*,#6180,.F.);
#8473=ORIENTED_EDGE('',*,*,#6179,.T.);
#8474=ORIENTED_EDGE('',*,*,#6181,.F.);
#8475=ORIENTED_EDGE('',*,*,#6182,.F.);
#8476=ORIENTED_EDGE('',*,*,#6183,.F.);
#8477=ORIENTED_EDGE('',*,*,#6182,.T.);
#8478=ORIENTED_EDGE('',*,*,#6184,.F.);
#8479=ORIENTED_EDGE('',*,*,#6185,.F.);
#8480=ORIENTED_EDGE('',*,*,#6186,.F.);
#8481=ORIENTED_EDGE('',*,*,#6185,.T.);
#8482=ORIENTED_EDGE('',*,*,#6187,.F.);
#8483=ORIENTED_EDGE('',*,*,#6188,.F.);
#8484=ORIENTED_EDGE('',*,*,#6189,.F.);
#8485=ORIENTED_EDGE('',*,*,#6188,.T.);
#8486=ORIENTED_EDGE('',*,*,#6190,.F.);
#8487=ORIENTED_EDGE('',*,*,#6191,.F.);
#8488=ORIENTED_EDGE('',*,*,#6192,.F.);
#8489=ORIENTED_EDGE('',*,*,#6191,.T.);
#8490=ORIENTED_EDGE('',*,*,#6193,.F.);
#8491=ORIENTED_EDGE('',*,*,#6194,.F.);
#8492=ORIENTED_EDGE('',*,*,#6195,.F.);
#8493=ORIENTED_EDGE('',*,*,#6194,.T.);
#8494=ORIENTED_EDGE('',*,*,#6196,.F.);
#8495=ORIENTED_EDGE('',*,*,#6197,.F.);
#8496=ORIENTED_EDGE('',*,*,#6198,.F.);
#8497=ORIENTED_EDGE('',*,*,#6197,.T.);
#8498=ORIENTED_EDGE('',*,*,#6199,.F.);
#8499=ORIENTED_EDGE('',*,*,#6200,.F.);
#8500=ORIENTED_EDGE('',*,*,#6201,.F.);
#8501=ORIENTED_EDGE('',*,*,#6200,.T.);
#8502=ORIENTED_EDGE('',*,*,#6202,.F.);
#8503=ORIENTED_EDGE('',*,*,#6203,.F.);
#8504=ORIENTED_EDGE('',*,*,#6204,.F.);
#8505=ORIENTED_EDGE('',*,*,#6203,.T.);
#8506=ORIENTED_EDGE('',*,*,#6205,.F.);
#8507=ORIENTED_EDGE('',*,*,#6206,.F.);
#8508=ORIENTED_EDGE('',*,*,#6207,.F.);
#8509=ORIENTED_EDGE('',*,*,#6206,.T.);
#8510=ORIENTED_EDGE('',*,*,#6208,.F.);
#8511=ORIENTED_EDGE('',*,*,#6209,.F.);
#8512=ORIENTED_EDGE('',*,*,#6210,.F.);
#8513=ORIENTED_EDGE('',*,*,#6209,.T.);
#8514=ORIENTED_EDGE('',*,*,#6211,.F.);
#8515=ORIENTED_EDGE('',*,*,#6212,.F.);
#8516=ORIENTED_EDGE('',*,*,#6213,.F.);
#8517=ORIENTED_EDGE('',*,*,#6212,.T.);
#8518=ORIENTED_EDGE('',*,*,#6214,.F.);
#8519=ORIENTED_EDGE('',*,*,#6215,.F.);
#8520=ORIENTED_EDGE('',*,*,#6216,.F.);
#8521=ORIENTED_EDGE('',*,*,#6215,.T.);
#8522=ORIENTED_EDGE('',*,*,#6217,.F.);
#8523=ORIENTED_EDGE('',*,*,#6218,.F.);
#8524=ORIENTED_EDGE('',*,*,#6219,.F.);
#8525=ORIENTED_EDGE('',*,*,#6218,.T.);
#8526=ORIENTED_EDGE('',*,*,#6220,.F.);
#8527=ORIENTED_EDGE('',*,*,#6221,.F.);
#8528=ORIENTED_EDGE('',*,*,#6222,.F.);
#8529=ORIENTED_EDGE('',*,*,#6221,.T.);
#8530=ORIENTED_EDGE('',*,*,#6223,.F.);
#8531=ORIENTED_EDGE('',*,*,#6224,.F.);
#8532=ORIENTED_EDGE('',*,*,#6225,.F.);
#8533=ORIENTED_EDGE('',*,*,#6224,.T.);
#8534=ORIENTED_EDGE('',*,*,#6226,.F.);
#8535=ORIENTED_EDGE('',*,*,#6227,.F.);
#8536=ORIENTED_EDGE('',*,*,#6228,.F.);
#8537=ORIENTED_EDGE('',*,*,#6227,.T.);
#8538=ORIENTED_EDGE('',*,*,#6229,.F.);
#8539=ORIENTED_EDGE('',*,*,#6230,.F.);
#8540=ORIENTED_EDGE('',*,*,#6231,.F.);
#8541=ORIENTED_EDGE('',*,*,#6230,.T.);
#8542=ORIENTED_EDGE('',*,*,#6232,.F.);
#8543=ORIENTED_EDGE('',*,*,#6233,.F.);
#8544=ORIENTED_EDGE('',*,*,#6234,.F.);
#8545=ORIENTED_EDGE('',*,*,#6233,.T.);
#8546=ORIENTED_EDGE('',*,*,#6235,.F.);
#8547=ORIENTED_EDGE('',*,*,#6236,.F.);
#8548=ORIENTED_EDGE('',*,*,#6237,.F.);
#8549=ORIENTED_EDGE('',*,*,#6236,.T.);
#8550=ORIENTED_EDGE('',*,*,#6238,.F.);
#8551=ORIENTED_EDGE('',*,*,#6239,.F.);
#8552=ORIENTED_EDGE('',*,*,#6240,.F.);
#8553=ORIENTED_EDGE('',*,*,#6239,.T.);
#8554=ORIENTED_EDGE('',*,*,#6241,.F.);
#8555=ORIENTED_EDGE('',*,*,#6242,.F.);
#8556=ORIENTED_EDGE('',*,*,#6243,.F.);
#8557=ORIENTED_EDGE('',*,*,#6242,.T.);
#8558=ORIENTED_EDGE('',*,*,#6244,.F.);
#8559=ORIENTED_EDGE('',*,*,#6245,.F.);
#8560=ORIENTED_EDGE('',*,*,#6246,.F.);
#8561=ORIENTED_EDGE('',*,*,#6245,.T.);
#8562=ORIENTED_EDGE('',*,*,#6247,.F.);
#8563=ORIENTED_EDGE('',*,*,#6248,.F.);
#8564=ORIENTED_EDGE('',*,*,#6249,.F.);
#8565=ORIENTED_EDGE('',*,*,#6248,.T.);
#8566=ORIENTED_EDGE('',*,*,#6250,.F.);
#8567=ORIENTED_EDGE('',*,*,#6251,.F.);
#8568=ORIENTED_EDGE('',*,*,#6252,.F.);
#8569=ORIENTED_EDGE('',*,*,#6251,.T.);
#8570=ORIENTED_EDGE('',*,*,#6253,.F.);
#8571=ORIENTED_EDGE('',*,*,#6254,.F.);
#8572=ORIENTED_EDGE('',*,*,#6255,.F.);
#8573=ORIENTED_EDGE('',*,*,#6254,.T.);
#8574=ORIENTED_EDGE('',*,*,#6256,.F.);
#8575=ORIENTED_EDGE('',*,*,#6257,.F.);
#8576=ORIENTED_EDGE('',*,*,#6258,.F.);
#8577=ORIENTED_EDGE('',*,*,#6257,.T.);
#8578=ORIENTED_EDGE('',*,*,#6259,.F.);
#8579=ORIENTED_EDGE('',*,*,#6260,.F.);
#8580=ORIENTED_EDGE('',*,*,#6261,.F.);
#8581=ORIENTED_EDGE('',*,*,#6260,.T.);
#8582=ORIENTED_EDGE('',*,*,#6262,.F.);
#8583=ORIENTED_EDGE('',*,*,#6263,.F.);
#8584=ORIENTED_EDGE('',*,*,#6264,.F.);
#8585=ORIENTED_EDGE('',*,*,#6263,.T.);
#8586=ORIENTED_EDGE('',*,*,#6265,.F.);
#8587=ORIENTED_EDGE('',*,*,#6266,.F.);
#8588=ORIENTED_EDGE('',*,*,#6267,.F.);
#8589=ORIENTED_EDGE('',*,*,#6266,.T.);
#8590=ORIENTED_EDGE('',*,*,#6268,.F.);
#8591=ORIENTED_EDGE('',*,*,#6269,.F.);
#8592=ORIENTED_EDGE('',*,*,#6270,.F.);
#8593=ORIENTED_EDGE('',*,*,#6269,.T.);
#8594=ORIENTED_EDGE('',*,*,#6271,.F.);
#8595=ORIENTED_EDGE('',*,*,#6272,.F.);
#8596=ORIENTED_EDGE('',*,*,#6273,.F.);
#8597=ORIENTED_EDGE('',*,*,#6272,.T.);
#8598=ORIENTED_EDGE('',*,*,#6274,.F.);
#8599=ORIENTED_EDGE('',*,*,#6275,.F.);
#8600=ORIENTED_EDGE('',*,*,#6276,.F.);
#8601=ORIENTED_EDGE('',*,*,#6275,.T.);
#8602=ORIENTED_EDGE('',*,*,#6277,.F.);
#8603=ORIENTED_EDGE('',*,*,#6278,.F.);
#8604=ORIENTED_EDGE('',*,*,#6279,.F.);
#8605=ORIENTED_EDGE('',*,*,#6278,.T.);
#8606=ORIENTED_EDGE('',*,*,#6280,.F.);
#8607=ORIENTED_EDGE('',*,*,#6281,.F.);
#8608=ORIENTED_EDGE('',*,*,#6282,.F.);
#8609=ORIENTED_EDGE('',*,*,#6281,.T.);
#8610=ORIENTED_EDGE('',*,*,#6283,.F.);
#8611=ORIENTED_EDGE('',*,*,#6284,.F.);
#8612=ORIENTED_EDGE('',*,*,#6285,.F.);
#8613=ORIENTED_EDGE('',*,*,#6284,.T.);
#8614=ORIENTED_EDGE('',*,*,#6286,.F.);
#8615=ORIENTED_EDGE('',*,*,#6287,.F.);
#8616=ORIENTED_EDGE('',*,*,#6288,.F.);
#8617=ORIENTED_EDGE('',*,*,#6287,.T.);
#8618=ORIENTED_EDGE('',*,*,#6289,.F.);
#8619=ORIENTED_EDGE('',*,*,#6290,.F.);
#8620=ORIENTED_EDGE('',*,*,#6291,.F.);
#8621=ORIENTED_EDGE('',*,*,#6290,.T.);
#8622=ORIENTED_EDGE('',*,*,#6292,.F.);
#8623=ORIENTED_EDGE('',*,*,#6293,.F.);
#8624=ORIENTED_EDGE('',*,*,#6294,.F.);
#8625=ORIENTED_EDGE('',*,*,#6293,.T.);
#8626=ORIENTED_EDGE('',*,*,#6295,.F.);
#8627=ORIENTED_EDGE('',*,*,#6296,.F.);
#8628=ORIENTED_EDGE('',*,*,#6297,.F.);
#8629=ORIENTED_EDGE('',*,*,#6296,.T.);
#8630=ORIENTED_EDGE('',*,*,#6298,.F.);
#8631=ORIENTED_EDGE('',*,*,#6299,.F.);
#8632=ORIENTED_EDGE('',*,*,#6300,.F.);
#8633=ORIENTED_EDGE('',*,*,#6299,.T.);
#8634=ORIENTED_EDGE('',*,*,#6301,.F.);
#8635=ORIENTED_EDGE('',*,*,#6302,.F.);
#8636=ORIENTED_EDGE('',*,*,#6303,.F.);
#8637=ORIENTED_EDGE('',*,*,#6302,.T.);
#8638=ORIENTED_EDGE('',*,*,#6304,.F.);
#8639=ORIENTED_EDGE('',*,*,#6305,.F.);
#8640=ORIENTED_EDGE('',*,*,#6306,.F.);
#8641=ORIENTED_EDGE('',*,*,#6305,.T.);
#8642=ORIENTED_EDGE('',*,*,#6307,.F.);
#8643=ORIENTED_EDGE('',*,*,#6308,.F.);
#8644=ORIENTED_EDGE('',*,*,#6309,.F.);
#8645=ORIENTED_EDGE('',*,*,#6308,.T.);
#8646=ORIENTED_EDGE('',*,*,#6310,.F.);
#8647=ORIENTED_EDGE('',*,*,#6311,.F.);
#8648=ORIENTED_EDGE('',*,*,#6312,.F.);
#8649=ORIENTED_EDGE('',*,*,#6311,.T.);
#8650=ORIENTED_EDGE('',*,*,#6313,.F.);
#8651=ORIENTED_EDGE('',*,*,#6314,.F.);
#8652=ORIENTED_EDGE('',*,*,#6315,.F.);
#8653=ORIENTED_EDGE('',*,*,#6314,.T.);
#8654=ORIENTED_EDGE('',*,*,#6316,.F.);
#8655=ORIENTED_EDGE('',*,*,#6317,.F.);
#8656=ORIENTED_EDGE('',*,*,#6318,.F.);
#8657=ORIENTED_EDGE('',*,*,#6317,.T.);
#8658=ORIENTED_EDGE('',*,*,#6319,.F.);
#8659=ORIENTED_EDGE('',*,*,#6320,.F.);
#8660=ORIENTED_EDGE('',*,*,#6321,.F.);
#8661=ORIENTED_EDGE('',*,*,#6320,.T.);
#8662=ORIENTED_EDGE('',*,*,#6322,.F.);
#8663=ORIENTED_EDGE('',*,*,#6323,.F.);
#8664=ORIENTED_EDGE('',*,*,#6324,.F.);
#8665=ORIENTED_EDGE('',*,*,#6323,.T.);
#8666=ORIENTED_EDGE('',*,*,#6325,.F.);
#8667=ORIENTED_EDGE('',*,*,#6326,.F.);
#8668=ORIENTED_EDGE('',*,*,#6327,.F.);
#8669=ORIENTED_EDGE('',*,*,#6326,.T.);
#8670=ORIENTED_EDGE('',*,*,#6328,.F.);
#8671=ORIENTED_EDGE('',*,*,#6329,.F.);
#8672=ORIENTED_EDGE('',*,*,#6330,.F.);
#8673=ORIENTED_EDGE('',*,*,#6329,.T.);
#8674=ORIENTED_EDGE('',*,*,#6331,.F.);
#8675=ORIENTED_EDGE('',*,*,#6332,.F.);
#8676=ORIENTED_EDGE('',*,*,#6333,.F.);
#8677=ORIENTED_EDGE('',*,*,#6332,.T.);
#8678=ORIENTED_EDGE('',*,*,#6334,.F.);
#8679=ORIENTED_EDGE('',*,*,#6335,.F.);
#8680=ORIENTED_EDGE('',*,*,#6336,.F.);
#8681=ORIENTED_EDGE('',*,*,#6335,.T.);
#8682=ORIENTED_EDGE('',*,*,#6337,.F.);
#8683=ORIENTED_EDGE('',*,*,#6338,.F.);
#8684=ORIENTED_EDGE('',*,*,#6339,.F.);
#8685=ORIENTED_EDGE('',*,*,#6338,.T.);
#8686=ORIENTED_EDGE('',*,*,#6340,.F.);
#8687=ORIENTED_EDGE('',*,*,#6341,.F.);
#8688=ORIENTED_EDGE('',*,*,#6342,.F.);
#8689=ORIENTED_EDGE('',*,*,#6341,.T.);
#8690=ORIENTED_EDGE('',*,*,#6343,.F.);
#8691=ORIENTED_EDGE('',*,*,#6344,.F.);
#8692=ORIENTED_EDGE('',*,*,#6345,.F.);
#8693=ORIENTED_EDGE('',*,*,#6344,.T.);
#8694=ORIENTED_EDGE('',*,*,#6346,.F.);
#8695=ORIENTED_EDGE('',*,*,#6347,.F.);
#8696=ORIENTED_EDGE('',*,*,#6348,.F.);
#8697=ORIENTED_EDGE('',*,*,#6347,.T.);
#8698=ORIENTED_EDGE('',*,*,#6349,.F.);
#8699=ORIENTED_EDGE('',*,*,#6350,.F.);
#8700=ORIENTED_EDGE('',*,*,#6351,.F.);
#8701=ORIENTED_EDGE('',*,*,#6350,.T.);
#8702=ORIENTED_EDGE('',*,*,#6352,.F.);
#8703=ORIENTED_EDGE('',*,*,#6353,.F.);
#8704=ORIENTED_EDGE('',*,*,#6354,.F.);
#8705=ORIENTED_EDGE('',*,*,#6353,.T.);
#8706=ORIENTED_EDGE('',*,*,#6355,.F.);
#8707=ORIENTED_EDGE('',*,*,#6356,.F.);
#8708=ORIENTED_EDGE('',*,*,#6357,.F.);
#8709=ORIENTED_EDGE('',*,*,#6356,.T.);
#8710=ORIENTED_EDGE('',*,*,#6358,.F.);
#8711=ORIENTED_EDGE('',*,*,#6359,.F.);
#8712=ORIENTED_EDGE('',*,*,#6360,.F.);
#8713=ORIENTED_EDGE('',*,*,#6359,.T.);
#8714=ORIENTED_EDGE('',*,*,#6361,.F.);
#8715=ORIENTED_EDGE('',*,*,#6362,.F.);
#8716=ORIENTED_EDGE('',*,*,#6363,.F.);
#8717=ORIENTED_EDGE('',*,*,#6362,.T.);
#8718=ORIENTED_EDGE('',*,*,#6364,.F.);
#8719=ORIENTED_EDGE('',*,*,#6365,.F.);
#8720=ORIENTED_EDGE('',*,*,#6366,.F.);
#8721=ORIENTED_EDGE('',*,*,#6365,.T.);
#8722=ORIENTED_EDGE('',*,*,#6367,.F.);
#8723=ORIENTED_EDGE('',*,*,#6368,.F.);
#8724=ORIENTED_EDGE('',*,*,#6369,.F.);
#8725=ORIENTED_EDGE('',*,*,#6368,.T.);
#8726=ORIENTED_EDGE('',*,*,#6370,.F.);
#8727=ORIENTED_EDGE('',*,*,#6371,.F.);
#8728=ORIENTED_EDGE('',*,*,#6372,.F.);
#8729=ORIENTED_EDGE('',*,*,#6371,.T.);
#8730=ORIENTED_EDGE('',*,*,#6373,.F.);
#8731=ORIENTED_EDGE('',*,*,#6374,.F.);
#8732=ORIENTED_EDGE('',*,*,#6375,.F.);
#8733=ORIENTED_EDGE('',*,*,#6374,.T.);
#8734=ORIENTED_EDGE('',*,*,#6376,.F.);
#8735=ORIENTED_EDGE('',*,*,#6377,.F.);
#8736=ORIENTED_EDGE('',*,*,#6378,.F.);
#8737=ORIENTED_EDGE('',*,*,#6377,.T.);
#8738=ORIENTED_EDGE('',*,*,#6379,.F.);
#8739=ORIENTED_EDGE('',*,*,#6380,.F.);
#8740=ORIENTED_EDGE('',*,*,#6381,.F.);
#8741=ORIENTED_EDGE('',*,*,#6380,.T.);
#8742=ORIENTED_EDGE('',*,*,#6382,.F.);
#8743=ORIENTED_EDGE('',*,*,#6383,.F.);
#8744=ORIENTED_EDGE('',*,*,#6384,.F.);
#8745=ORIENTED_EDGE('',*,*,#6383,.T.);
#8746=ORIENTED_EDGE('',*,*,#6385,.F.);
#8747=ORIENTED_EDGE('',*,*,#6386,.F.);
#8748=ORIENTED_EDGE('',*,*,#6387,.F.);
#8749=ORIENTED_EDGE('',*,*,#6386,.T.);
#8750=ORIENTED_EDGE('',*,*,#6388,.F.);
#8751=ORIENTED_EDGE('',*,*,#6389,.F.);
#8752=ORIENTED_EDGE('',*,*,#6390,.F.);
#8753=ORIENTED_EDGE('',*,*,#6389,.T.);
#8754=ORIENTED_EDGE('',*,*,#6391,.F.);
#8755=ORIENTED_EDGE('',*,*,#6392,.F.);
#8756=ORIENTED_EDGE('',*,*,#6393,.F.);
#8757=ORIENTED_EDGE('',*,*,#6392,.T.);
#8758=ORIENTED_EDGE('',*,*,#6394,.F.);
#8759=ORIENTED_EDGE('',*,*,#6395,.F.);
#8760=ORIENTED_EDGE('',*,*,#6396,.F.);
#8761=ORIENTED_EDGE('',*,*,#6395,.T.);
#8762=ORIENTED_EDGE('',*,*,#6397,.F.);
#8763=ORIENTED_EDGE('',*,*,#6398,.F.);
#8764=ORIENTED_EDGE('',*,*,#6399,.F.);
#8765=ORIENTED_EDGE('',*,*,#6398,.T.);
#8766=ORIENTED_EDGE('',*,*,#6400,.F.);
#8767=ORIENTED_EDGE('',*,*,#6401,.F.);
#8768=ORIENTED_EDGE('',*,*,#6402,.F.);
#8769=ORIENTED_EDGE('',*,*,#6401,.T.);
#8770=ORIENTED_EDGE('',*,*,#6403,.F.);
#8771=ORIENTED_EDGE('',*,*,#6404,.F.);
#8772=ORIENTED_EDGE('',*,*,#6405,.F.);
#8773=ORIENTED_EDGE('',*,*,#6404,.T.);
#8774=ORIENTED_EDGE('',*,*,#6406,.F.);
#8775=ORIENTED_EDGE('',*,*,#6407,.F.);
#8776=ORIENTED_EDGE('',*,*,#6408,.F.);
#8777=ORIENTED_EDGE('',*,*,#6407,.T.);
#8778=ORIENTED_EDGE('',*,*,#6409,.F.);
#8779=ORIENTED_EDGE('',*,*,#6410,.F.);
#8780=ORIENTED_EDGE('',*,*,#6411,.F.);
#8781=ORIENTED_EDGE('',*,*,#6410,.T.);
#8782=ORIENTED_EDGE('',*,*,#6412,.F.);
#8783=ORIENTED_EDGE('',*,*,#6413,.F.);
#8784=ORIENTED_EDGE('',*,*,#6414,.F.);
#8785=ORIENTED_EDGE('',*,*,#6413,.T.);
#8786=ORIENTED_EDGE('',*,*,#6415,.F.);
#8787=ORIENTED_EDGE('',*,*,#6416,.F.);
#8788=ORIENTED_EDGE('',*,*,#6417,.F.);
#8789=ORIENTED_EDGE('',*,*,#6416,.T.);
#8790=ORIENTED_EDGE('',*,*,#6418,.F.);
#8791=ORIENTED_EDGE('',*,*,#6419,.F.);
#8792=ORIENTED_EDGE('',*,*,#6420,.F.);
#8793=ORIENTED_EDGE('',*,*,#6419,.T.);
#8794=ORIENTED_EDGE('',*,*,#6421,.F.);
#8795=ORIENTED_EDGE('',*,*,#6422,.F.);
#8796=ORIENTED_EDGE('',*,*,#6423,.F.);
#8797=ORIENTED_EDGE('',*,*,#6422,.T.);
#8798=ORIENTED_EDGE('',*,*,#6424,.F.);
#8799=ORIENTED_EDGE('',*,*,#6425,.F.);
#8800=ORIENTED_EDGE('',*,*,#6426,.F.);
#8801=ORIENTED_EDGE('',*,*,#6425,.T.);
#8802=ORIENTED_EDGE('',*,*,#6427,.F.);
#8803=ORIENTED_EDGE('',*,*,#6428,.F.);
#8804=ORIENTED_EDGE('',*,*,#6429,.F.);
#8805=ORIENTED_EDGE('',*,*,#6428,.T.);
#8806=ORIENTED_EDGE('',*,*,#6430,.F.);
#8807=ORIENTED_EDGE('',*,*,#6431,.F.);
#8808=ORIENTED_EDGE('',*,*,#6432,.F.);
#8809=ORIENTED_EDGE('',*,*,#6431,.T.);
#8810=ORIENTED_EDGE('',*,*,#6433,.F.);
#8811=ORIENTED_EDGE('',*,*,#6434,.F.);
#8812=ORIENTED_EDGE('',*,*,#6435,.F.);
#8813=ORIENTED_EDGE('',*,*,#6434,.T.);
#8814=ORIENTED_EDGE('',*,*,#6436,.F.);
#8815=ORIENTED_EDGE('',*,*,#6437,.F.);
#8816=ORIENTED_EDGE('',*,*,#6438,.F.);
#8817=ORIENTED_EDGE('',*,*,#6437,.T.);
#8818=ORIENTED_EDGE('',*,*,#6439,.F.);
#8819=ORIENTED_EDGE('',*,*,#6440,.F.);
#8820=ORIENTED_EDGE('',*,*,#6441,.F.);
#8821=ORIENTED_EDGE('',*,*,#6440,.T.);
#8822=ORIENTED_EDGE('',*,*,#6442,.F.);
#8823=ORIENTED_EDGE('',*,*,#6443,.F.);
#8824=ORIENTED_EDGE('',*,*,#6444,.T.);
#8825=ORIENTED_EDGE('',*,*,#6443,.T.);
#8826=ORIENTED_EDGE('',*,*,#6445,.F.);
#8827=ORIENTED_EDGE('',*,*,#6446,.F.);
#8828=ORIENTED_EDGE('',*,*,#6447,.T.);
#8829=ORIENTED_EDGE('',*,*,#6446,.T.);
#8830=ORIENTED_EDGE('',*,*,#6448,.F.);
#8831=ORIENTED_EDGE('',*,*,#6449,.F.);
#8832=ORIENTED_EDGE('',*,*,#6450,.F.);
#8833=ORIENTED_EDGE('',*,*,#6449,.T.);
#8834=ORIENTED_EDGE('',*,*,#6451,.F.);
#8835=ORIENTED_EDGE('',*,*,#6452,.F.);
#8836=ORIENTED_EDGE('',*,*,#6453,.T.);
#8837=ORIENTED_EDGE('',*,*,#6452,.T.);
#8838=ORIENTED_EDGE('',*,*,#6454,.F.);
#8839=ORIENTED_EDGE('',*,*,#6455,.F.);
#8840=ORIENTED_EDGE('',*,*,#6456,.T.);
#8841=ORIENTED_EDGE('',*,*,#6455,.T.);
#8842=ORIENTED_EDGE('',*,*,#6457,.F.);
#8843=ORIENTED_EDGE('',*,*,#6174,.F.);
#8844=ORIENTED_EDGE('',*,*,#6457,.T.);
#8845=ORIENTED_EDGE('',*,*,#6454,.T.);
#8846=ORIENTED_EDGE('',*,*,#6451,.T.);
#8847=ORIENTED_EDGE('',*,*,#6448,.T.);
#8848=ORIENTED_EDGE('',*,*,#6445,.T.);
#8849=ORIENTED_EDGE('',*,*,#6442,.T.);
#8850=ORIENTED_EDGE('',*,*,#6439,.T.);
#8851=ORIENTED_EDGE('',*,*,#6436,.T.);
#8852=ORIENTED_EDGE('',*,*,#6433,.T.);
#8853=ORIENTED_EDGE('',*,*,#6430,.T.);
#8854=ORIENTED_EDGE('',*,*,#6427,.T.);
#8855=ORIENTED_EDGE('',*,*,#6424,.T.);
#8856=ORIENTED_EDGE('',*,*,#6421,.T.);
#8857=ORIENTED_EDGE('',*,*,#6418,.T.);
#8858=ORIENTED_EDGE('',*,*,#6415,.T.);
#8859=ORIENTED_EDGE('',*,*,#6412,.T.);
#8860=ORIENTED_EDGE('',*,*,#6409,.T.);
#8861=ORIENTED_EDGE('',*,*,#6406,.T.);
#8862=ORIENTED_EDGE('',*,*,#6403,.T.);
#8863=ORIENTED_EDGE('',*,*,#6400,.T.);
#8864=ORIENTED_EDGE('',*,*,#6397,.T.);
#8865=ORIENTED_EDGE('',*,*,#6394,.T.);
#8866=ORIENTED_EDGE('',*,*,#6391,.T.);
#8867=ORIENTED_EDGE('',*,*,#6388,.T.);
#8868=ORIENTED_EDGE('',*,*,#6385,.T.);
#8869=ORIENTED_EDGE('',*,*,#6382,.T.);
#8870=ORIENTED_EDGE('',*,*,#6379,.T.);
#8871=ORIENTED_EDGE('',*,*,#6376,.T.);
#8872=ORIENTED_EDGE('',*,*,#6373,.T.);
#8873=ORIENTED_EDGE('',*,*,#6370,.T.);
#8874=ORIENTED_EDGE('',*,*,#6367,.T.);
#8875=ORIENTED_EDGE('',*,*,#6364,.T.);
#8876=ORIENTED_EDGE('',*,*,#6361,.T.);
#8877=ORIENTED_EDGE('',*,*,#6358,.T.);
#8878=ORIENTED_EDGE('',*,*,#6355,.T.);
#8879=ORIENTED_EDGE('',*,*,#6352,.T.);
#8880=ORIENTED_EDGE('',*,*,#6349,.T.);
#8881=ORIENTED_EDGE('',*,*,#6346,.T.);
#8882=ORIENTED_EDGE('',*,*,#6343,.T.);
#8883=ORIENTED_EDGE('',*,*,#6340,.T.);
#8884=ORIENTED_EDGE('',*,*,#6337,.T.);
#8885=ORIENTED_EDGE('',*,*,#6334,.T.);
#8886=ORIENTED_EDGE('',*,*,#6331,.T.);
#8887=ORIENTED_EDGE('',*,*,#6328,.T.);
#8888=ORIENTED_EDGE('',*,*,#6325,.T.);
#8889=ORIENTED_EDGE('',*,*,#6322,.T.);
#8890=ORIENTED_EDGE('',*,*,#6319,.T.);
#8891=ORIENTED_EDGE('',*,*,#6316,.T.);
#8892=ORIENTED_EDGE('',*,*,#6313,.T.);
#8893=ORIENTED_EDGE('',*,*,#6310,.T.);
#8894=ORIENTED_EDGE('',*,*,#6307,.T.);
#8895=ORIENTED_EDGE('',*,*,#6304,.T.);
#8896=ORIENTED_EDGE('',*,*,#6301,.T.);
#8897=ORIENTED_EDGE('',*,*,#6298,.T.);
#8898=ORIENTED_EDGE('',*,*,#6295,.T.);
#8899=ORIENTED_EDGE('',*,*,#6292,.T.);
#8900=ORIENTED_EDGE('',*,*,#6289,.T.);
#8901=ORIENTED_EDGE('',*,*,#6286,.T.);
#8902=ORIENTED_EDGE('',*,*,#6283,.T.);
#8903=ORIENTED_EDGE('',*,*,#6280,.T.);
#8904=ORIENTED_EDGE('',*,*,#6277,.T.);
#8905=ORIENTED_EDGE('',*,*,#6274,.T.);
#8906=ORIENTED_EDGE('',*,*,#6271,.T.);
#8907=ORIENTED_EDGE('',*,*,#6268,.T.);
#8908=ORIENTED_EDGE('',*,*,#6265,.T.);
#8909=ORIENTED_EDGE('',*,*,#6262,.T.);
#8910=ORIENTED_EDGE('',*,*,#6259,.T.);
#8911=ORIENTED_EDGE('',*,*,#6256,.T.);
#8912=ORIENTED_EDGE('',*,*,#6253,.T.);
#8913=ORIENTED_EDGE('',*,*,#6250,.T.);
#8914=ORIENTED_EDGE('',*,*,#6247,.T.);
#8915=ORIENTED_EDGE('',*,*,#6244,.T.);
#8916=ORIENTED_EDGE('',*,*,#6241,.T.);
#8917=ORIENTED_EDGE('',*,*,#6238,.T.);
#8918=ORIENTED_EDGE('',*,*,#6235,.T.);
#8919=ORIENTED_EDGE('',*,*,#6232,.T.);
#8920=ORIENTED_EDGE('',*,*,#6229,.T.);
#8921=ORIENTED_EDGE('',*,*,#6226,.T.);
#8922=ORIENTED_EDGE('',*,*,#6223,.T.);
#8923=ORIENTED_EDGE('',*,*,#6220,.T.);
#8924=ORIENTED_EDGE('',*,*,#6217,.T.);
#8925=ORIENTED_EDGE('',*,*,#6214,.T.);
#8926=ORIENTED_EDGE('',*,*,#6211,.T.);
#8927=ORIENTED_EDGE('',*,*,#6208,.T.);
#8928=ORIENTED_EDGE('',*,*,#6205,.T.);
#8929=ORIENTED_EDGE('',*,*,#6202,.T.);
#8930=ORIENTED_EDGE('',*,*,#6199,.T.);
#8931=ORIENTED_EDGE('',*,*,#6196,.T.);
#8932=ORIENTED_EDGE('',*,*,#6193,.T.);
#8933=ORIENTED_EDGE('',*,*,#6190,.T.);
#8934=ORIENTED_EDGE('',*,*,#6187,.T.);
#8935=ORIENTED_EDGE('',*,*,#6184,.T.);
#8936=ORIENTED_EDGE('',*,*,#6181,.T.);
#8937=ORIENTED_EDGE('',*,*,#6178,.T.);
#8938=ORIENTED_EDGE('',*,*,#6175,.T.);
#8939=ORIENTED_EDGE('',*,*,#6456,.F.);
#8940=ORIENTED_EDGE('',*,*,#6173,.T.);
#8941=ORIENTED_EDGE('',*,*,#6177,.T.);
#8942=ORIENTED_EDGE('',*,*,#6180,.T.);
#8943=ORIENTED_EDGE('',*,*,#6183,.T.);
#8944=ORIENTED_EDGE('',*,*,#6186,.T.);
#8945=ORIENTED_EDGE('',*,*,#6189,.T.);
#8946=ORIENTED_EDGE('',*,*,#6192,.T.);
#8947=ORIENTED_EDGE('',*,*,#6195,.T.);
#8948=ORIENTED_EDGE('',*,*,#6198,.T.);
#8949=ORIENTED_EDGE('',*,*,#6201,.T.);
#8950=ORIENTED_EDGE('',*,*,#6204,.T.);
#8951=ORIENTED_EDGE('',*,*,#6207,.T.);
#8952=ORIENTED_EDGE('',*,*,#6210,.T.);
#8953=ORIENTED_EDGE('',*,*,#6213,.T.);
#8954=ORIENTED_EDGE('',*,*,#6216,.T.);
#8955=ORIENTED_EDGE('',*,*,#6219,.T.);
#8956=ORIENTED_EDGE('',*,*,#6222,.T.);
#8957=ORIENTED_EDGE('',*,*,#6225,.T.);
#8958=ORIENTED_EDGE('',*,*,#6228,.T.);
#8959=ORIENTED_EDGE('',*,*,#6231,.T.);
#8960=ORIENTED_EDGE('',*,*,#6234,.T.);
#8961=ORIENTED_EDGE('',*,*,#6237,.T.);
#8962=ORIENTED_EDGE('',*,*,#6240,.T.);
#8963=ORIENTED_EDGE('',*,*,#6243,.T.);
#8964=ORIENTED_EDGE('',*,*,#6246,.T.);
#8965=ORIENTED_EDGE('',*,*,#6249,.T.);
#8966=ORIENTED_EDGE('',*,*,#6252,.T.);
#8967=ORIENTED_EDGE('',*,*,#6255,.T.);
#8968=ORIENTED_EDGE('',*,*,#6258,.T.);
#8969=ORIENTED_EDGE('',*,*,#6261,.T.);
#8970=ORIENTED_EDGE('',*,*,#6264,.T.);
#8971=ORIENTED_EDGE('',*,*,#6267,.T.);
#8972=ORIENTED_EDGE('',*,*,#6270,.T.);
#8973=ORIENTED_EDGE('',*,*,#6273,.T.);
#8974=ORIENTED_EDGE('',*,*,#6276,.T.);
#8975=ORIENTED_EDGE('',*,*,#6279,.T.);
#8976=ORIENTED_EDGE('',*,*,#6282,.T.);
#8977=ORIENTED_EDGE('',*,*,#6285,.T.);
#8978=ORIENTED_EDGE('',*,*,#6288,.T.);
#8979=ORIENTED_EDGE('',*,*,#6291,.T.);
#8980=ORIENTED_EDGE('',*,*,#6294,.T.);
#8981=ORIENTED_EDGE('',*,*,#6297,.T.);
#8982=ORIENTED_EDGE('',*,*,#6300,.T.);
#8983=ORIENTED_EDGE('',*,*,#6303,.T.);
#8984=ORIENTED_EDGE('',*,*,#6306,.T.);
#8985=ORIENTED_EDGE('',*,*,#6309,.T.);
#8986=ORIENTED_EDGE('',*,*,#6312,.T.);
#8987=ORIENTED_EDGE('',*,*,#6315,.T.);
#8988=ORIENTED_EDGE('',*,*,#6318,.T.);
#8989=ORIENTED_EDGE('',*,*,#6321,.T.);
#8990=ORIENTED_EDGE('',*,*,#6324,.T.);
#8991=ORIENTED_EDGE('',*,*,#6327,.T.);
#8992=ORIENTED_EDGE('',*,*,#6330,.T.);
#8993=ORIENTED_EDGE('',*,*,#6333,.T.);
#8994=ORIENTED_EDGE('',*,*,#6336,.T.);
#8995=ORIENTED_EDGE('',*,*,#6339,.T.);
#8996=ORIENTED_EDGE('',*,*,#6342,.T.);
#8997=ORIENTED_EDGE('',*,*,#6345,.T.);
#8998=ORIENTED_EDGE('',*,*,#6348,.T.);
#8999=ORIENTED_EDGE('',*,*,#6351,.T.);
#9000=ORIENTED_EDGE('',*,*,#6354,.T.);
#9001=ORIENTED_EDGE('',*,*,#6357,.T.);
#9002=ORIENTED_EDGE('',*,*,#6360,.T.);
#9003=ORIENTED_EDGE('',*,*,#6363,.T.);
#9004=ORIENTED_EDGE('',*,*,#6366,.T.);
#9005=ORIENTED_EDGE('',*,*,#6369,.T.);
#9006=ORIENTED_EDGE('',*,*,#6372,.T.);
#9007=ORIENTED_EDGE('',*,*,#6375,.T.);
#9008=ORIENTED_EDGE('',*,*,#6378,.T.);
#9009=ORIENTED_EDGE('',*,*,#6381,.T.);
#9010=ORIENTED_EDGE('',*,*,#6384,.T.);
#9011=ORIENTED_EDGE('',*,*,#6387,.T.);
#9012=ORIENTED_EDGE('',*,*,#6390,.T.);
#9013=ORIENTED_EDGE('',*,*,#6393,.T.);
#9014=ORIENTED_EDGE('',*,*,#6396,.T.);
#9015=ORIENTED_EDGE('',*,*,#6399,.T.);
#9016=ORIENTED_EDGE('',*,*,#6402,.T.);
#9017=ORIENTED_EDGE('',*,*,#6405,.T.);
#9018=ORIENTED_EDGE('',*,*,#6408,.T.);
#9019=ORIENTED_EDGE('',*,*,#6411,.T.);
#9020=ORIENTED_EDGE('',*,*,#6414,.T.);
#9021=ORIENTED_EDGE('',*,*,#6417,.T.);
#9022=ORIENTED_EDGE('',*,*,#6420,.T.);
#9023=ORIENTED_EDGE('',*,*,#6423,.T.);
#9024=ORIENTED_EDGE('',*,*,#6426,.T.);
#9025=ORIENTED_EDGE('',*,*,#6429,.T.);
#9026=ORIENTED_EDGE('',*,*,#6432,.T.);
#9027=ORIENTED_EDGE('',*,*,#6435,.T.);
#9028=ORIENTED_EDGE('',*,*,#6438,.T.);
#9029=ORIENTED_EDGE('',*,*,#6441,.T.);
#9030=ORIENTED_EDGE('',*,*,#6444,.F.);
#9031=ORIENTED_EDGE('',*,*,#6447,.F.);
#9032=ORIENTED_EDGE('',*,*,#6450,.T.);
#9033=ORIENTED_EDGE('',*,*,#6453,.F.);
#9034=ORIENTED_EDGE('',*,*,#6458,.F.);
#9035=ORIENTED_EDGE('',*,*,#6459,.T.);
#9036=ORIENTED_EDGE('',*,*,#6460,.T.);
#9037=ORIENTED_EDGE('',*,*,#6459,.F.);
#9038=ORIENTED_EDGE('',*,*,#6461,.T.);
#9039=ORIENTED_EDGE('',*,*,#6462,.T.);
#9040=ORIENTED_EDGE('',*,*,#6463,.F.);
#9041=ORIENTED_EDGE('',*,*,#6464,.F.);
#9042=ORIENTED_EDGE('',*,*,#6465,.T.);
#9043=ORIENTED_EDGE('',*,*,#6464,.T.);
#9044=ORIENTED_EDGE('',*,*,#6466,.F.);
#9045=ORIENTED_EDGE('',*,*,#6467,.F.);
#9046=ORIENTED_EDGE('',*,*,#6468,.T.);
#9047=ORIENTED_EDGE('',*,*,#6467,.T.);
#9048=ORIENTED_EDGE('',*,*,#6469,.F.);
#9049=ORIENTED_EDGE('',*,*,#6470,.F.);
#9050=ORIENTED_EDGE('',*,*,#6471,.T.);
#9051=ORIENTED_EDGE('',*,*,#6470,.T.);
#9052=ORIENTED_EDGE('',*,*,#6472,.F.);
#9053=ORIENTED_EDGE('',*,*,#6462,.F.);
#9054=ORIENTED_EDGE('',*,*,#6473,.F.);
#9055=ORIENTED_EDGE('',*,*,#6474,.T.);
#9056=ORIENTED_EDGE('',*,*,#6475,.F.);
#9057=ORIENTED_EDGE('',*,*,#6476,.F.);
#9058=ORIENTED_EDGE('',*,*,#6477,.T.);
#9059=ORIENTED_EDGE('',*,*,#6476,.T.);
#9060=ORIENTED_EDGE('',*,*,#6478,.F.);
#9061=ORIENTED_EDGE('',*,*,#6479,.F.);
#9062=ORIENTED_EDGE('',*,*,#6480,.T.);
#9063=ORIENTED_EDGE('',*,*,#6479,.T.);
#9064=ORIENTED_EDGE('',*,*,#6481,.F.);
#9065=ORIENTED_EDGE('',*,*,#6482,.F.);
#9066=ORIENTED_EDGE('',*,*,#6483,.T.);
#9067=ORIENTED_EDGE('',*,*,#6482,.T.);
#9068=ORIENTED_EDGE('',*,*,#6484,.F.);
#9069=ORIENTED_EDGE('',*,*,#6485,.F.);
#9070=ORIENTED_EDGE('',*,*,#6486,.T.);
#9071=ORIENTED_EDGE('',*,*,#6485,.T.);
#9072=ORIENTED_EDGE('',*,*,#6487,.F.);
#9073=ORIENTED_EDGE('',*,*,#6488,.F.);
#9074=ORIENTED_EDGE('',*,*,#6489,.T.);
#9075=ORIENTED_EDGE('',*,*,#6488,.T.);
#9076=ORIENTED_EDGE('',*,*,#6490,.F.);
#9077=ORIENTED_EDGE('',*,*,#6491,.F.);
#9078=ORIENTED_EDGE('',*,*,#6492,.T.);
#9079=ORIENTED_EDGE('',*,*,#6491,.T.);
#9080=ORIENTED_EDGE('',*,*,#6493,.F.);
#9081=ORIENTED_EDGE('',*,*,#6474,.F.);
#9082=ORIENTED_EDGE('',*,*,#6493,.T.);
#9083=ORIENTED_EDGE('',*,*,#6490,.T.);
#9084=ORIENTED_EDGE('',*,*,#6487,.T.);
#9085=ORIENTED_EDGE('',*,*,#6484,.T.);
#9086=ORIENTED_EDGE('',*,*,#6481,.T.);
#9087=ORIENTED_EDGE('',*,*,#6478,.T.);
#9088=ORIENTED_EDGE('',*,*,#6475,.T.);
#9089=ORIENTED_EDGE('',*,*,#6472,.T.);
#9090=ORIENTED_EDGE('',*,*,#6469,.T.);
#9091=ORIENTED_EDGE('',*,*,#6466,.T.);
#9092=ORIENTED_EDGE('',*,*,#6463,.T.);
#9093=ORIENTED_EDGE('',*,*,#6458,.T.);
#9094=ORIENTED_EDGE('',*,*,#6492,.F.);
#9095=ORIENTED_EDGE('',*,*,#6473,.T.);
#9096=ORIENTED_EDGE('',*,*,#6477,.F.);
#9097=ORIENTED_EDGE('',*,*,#6480,.F.);
#9098=ORIENTED_EDGE('',*,*,#6483,.F.);
#9099=ORIENTED_EDGE('',*,*,#6486,.F.);
#9100=ORIENTED_EDGE('',*,*,#6489,.F.);
#9101=ORIENTED_EDGE('',*,*,#6471,.F.);
#9102=ORIENTED_EDGE('',*,*,#6461,.F.);
#9103=ORIENTED_EDGE('',*,*,#6465,.F.);
#9104=ORIENTED_EDGE('',*,*,#6468,.F.);
#9105=ORIENTED_EDGE('',*,*,#6460,.F.);
#9106=ORIENTED_EDGE('',*,*,#6494,.T.);
#9107=ORIENTED_EDGE('',*,*,#6495,.T.);
#9108=ORIENTED_EDGE('',*,*,#6496,.T.);
#9109=ORIENTED_EDGE('',*,*,#6495,.F.);
#9110=ORIENTED_EDGE('',*,*,#6497,.T.);
#9111=ORIENTED_EDGE('',*,*,#6498,.T.);
#9112=ORIENTED_EDGE('',*,*,#6499,.T.);
#9113=ORIENTED_EDGE('',*,*,#6500,.F.);
#9114=ORIENTED_EDGE('',*,*,#6501,.T.);
#9115=ORIENTED_EDGE('',*,*,#6502,.T.);
#9116=ORIENTED_EDGE('',*,*,#6503,.T.);
#9117=ORIENTED_EDGE('',*,*,#6498,.F.);
#9118=ORIENTED_EDGE('',*,*,#6504,.T.);
#9119=ORIENTED_EDGE('',*,*,#6505,.T.);
#9120=ORIENTED_EDGE('',*,*,#6506,.T.);
#9121=ORIENTED_EDGE('',*,*,#6502,.F.);
#9122=ORIENTED_EDGE('',*,*,#6507,.F.);
#9123=ORIENTED_EDGE('',*,*,#6508,.T.);
#9124=ORIENTED_EDGE('',*,*,#6509,.T.);
#9125=ORIENTED_EDGE('',*,*,#6505,.F.);
#9126=ORIENTED_EDGE('',*,*,#6510,.F.);
#9127=ORIENTED_EDGE('',*,*,#6511,.T.);
#9128=ORIENTED_EDGE('',*,*,#6512,.T.);
#9129=ORIENTED_EDGE('',*,*,#6508,.F.);
#9130=ORIENTED_EDGE('',*,*,#6513,.T.);
#9131=ORIENTED_EDGE('',*,*,#6500,.T.);
#9132=ORIENTED_EDGE('',*,*,#6514,.T.);
#9133=ORIENTED_EDGE('',*,*,#6511,.F.);
#9134=ORIENTED_EDGE('',*,*,#6513,.F.);
#9135=ORIENTED_EDGE('',*,*,#6510,.T.);
#9136=ORIENTED_EDGE('',*,*,#6507,.T.);
#9137=ORIENTED_EDGE('',*,*,#6504,.F.);
#9138=ORIENTED_EDGE('',*,*,#6501,.F.);
#9139=ORIENTED_EDGE('',*,*,#6497,.F.);
#9140=ORIENTED_EDGE('',*,*,#6496,.F.);
#9141=ORIENTED_EDGE('',*,*,#6514,.F.);
#9142=ORIENTED_EDGE('',*,*,#6499,.F.);
#9143=ORIENTED_EDGE('',*,*,#6503,.F.);
#9144=ORIENTED_EDGE('',*,*,#6506,.F.);
#9145=ORIENTED_EDGE('',*,*,#6509,.F.);
#9146=ORIENTED_EDGE('',*,*,#6512,.F.);
#9147=ORIENTED_EDGE('',*,*,#6494,.F.);
#9148=ORIENTED_EDGE('',*,*,#6515,.F.);
#9149=ORIENTED_EDGE('',*,*,#6516,.F.);
#9150=ORIENTED_EDGE('',*,*,#6517,.F.);
#9151=ORIENTED_EDGE('',*,*,#6518,.F.);
#9152=ORIENTED_EDGE('',*,*,#6517,.T.);
#9153=ORIENTED_EDGE('',*,*,#6519,.F.);
#9154=ORIENTED_EDGE('',*,*,#6520,.F.);
#9155=ORIENTED_EDGE('',*,*,#6521,.T.);
#9156=ORIENTED_EDGE('',*,*,#6522,.T.);
#9157=ORIENTED_EDGE('',*,*,#6523,.T.);
#9158=ORIENTED_EDGE('',*,*,#6524,.F.);
#9159=ORIENTED_EDGE('',*,*,#6518,.T.);
#9160=ORIENTED_EDGE('',*,*,#6523,.F.);
#9161=ORIENTED_EDGE('',*,*,#6525,.T.);
#9162=ORIENTED_EDGE('',*,*,#6526,.F.);
#9163=ORIENTED_EDGE('',*,*,#6522,.F.);
#9164=ORIENTED_EDGE('',*,*,#6527,.F.);
#9165=ORIENTED_EDGE('',*,*,#6528,.F.);
#9166=ORIENTED_EDGE('',*,*,#6525,.F.);
#9167=ORIENTED_EDGE('',*,*,#6524,.T.);
#9168=ORIENTED_EDGE('',*,*,#6529,.T.);
#9169=ORIENTED_EDGE('',*,*,#6530,.T.);
#9170=ORIENTED_EDGE('',*,*,#6529,.F.);
#9171=ORIENTED_EDGE('',*,*,#6527,.T.);
#9172=ORIENTED_EDGE('',*,*,#6521,.F.);
#9173=ORIENTED_EDGE('',*,*,#6531,.T.);
#9174=ORIENTED_EDGE('',*,*,#6532,.T.);
#9175=ORIENTED_EDGE('',*,*,#6515,.T.);
#9176=ORIENTED_EDGE('',*,*,#6526,.T.);
#9177=ORIENTED_EDGE('',*,*,#6528,.T.);
#9178=ORIENTED_EDGE('',*,*,#6532,.F.);
#9179=ORIENTED_EDGE('',*,*,#6533,.F.);
#9180=ORIENTED_EDGE('',*,*,#6534,.T.);
#9181=ORIENTED_EDGE('',*,*,#6530,.F.);
#9182=ORIENTED_EDGE('',*,*,#6516,.T.);
#9183=ORIENTED_EDGE('',*,*,#6534,.F.);
#9184=ORIENTED_EDGE('',*,*,#6535,.F.);
#9185=ORIENTED_EDGE('',*,*,#6519,.T.);
#9186=ORIENTED_EDGE('',*,*,#6535,.T.);
#9187=ORIENTED_EDGE('',*,*,#6533,.T.);
#9188=ORIENTED_EDGE('',*,*,#6531,.F.);
#9189=ORIENTED_EDGE('',*,*,#6520,.T.);
#9190=ORIENTED_EDGE('',*,*,#6536,.T.);
#9191=ORIENTED_EDGE('',*,*,#6537,.T.);
#9192=ORIENTED_EDGE('',*,*,#6538,.F.);
#9193=ORIENTED_EDGE('',*,*,#6537,.F.);
#9194=ORIENTED_EDGE('',*,*,#6536,.F.);
#9195=ORIENTED_EDGE('',*,*,#6538,.T.);
#9196=ORIENTED_EDGE('',*,*,#6539,.T.);
#9197=ORIENTED_EDGE('',*,*,#6540,.T.);
#9198=ORIENTED_EDGE('',*,*,#6541,.T.);
#9199=ORIENTED_EDGE('',*,*,#6540,.F.);
#9200=ORIENTED_EDGE('',*,*,#6542,.T.);
#9201=ORIENTED_EDGE('',*,*,#6543,.T.);
#9202=ORIENTED_EDGE('',*,*,#6544,.T.);
#9203=ORIENTED_EDGE('',*,*,#6543,.F.);
#9204=ORIENTED_EDGE('',*,*,#6545,.T.);
#9205=ORIENTED_EDGE('',*,*,#6546,.T.);
#9206=ORIENTED_EDGE('',*,*,#6547,.T.);
#9207=ORIENTED_EDGE('',*,*,#6546,.F.);
#9208=ORIENTED_EDGE('',*,*,#6548,.T.);
#9209=ORIENTED_EDGE('',*,*,#6549,.T.);
#9210=ORIENTED_EDGE('',*,*,#6550,.T.);
#9211=ORIENTED_EDGE('',*,*,#6549,.F.);
#9212=ORIENTED_EDGE('',*,*,#6551,.T.);
#9213=ORIENTED_EDGE('',*,*,#6552,.T.);
#9214=ORIENTED_EDGE('',*,*,#6553,.T.);
#9215=ORIENTED_EDGE('',*,*,#6552,.F.);
#9216=ORIENTED_EDGE('',*,*,#6554,.T.);
#9217=ORIENTED_EDGE('',*,*,#6555,.T.);
#9218=ORIENTED_EDGE('',*,*,#6556,.T.);
#9219=ORIENTED_EDGE('',*,*,#6555,.F.);
#9220=ORIENTED_EDGE('',*,*,#6557,.T.);
#9221=ORIENTED_EDGE('',*,*,#6558,.T.);
#9222=ORIENTED_EDGE('',*,*,#6559,.T.);
#9223=ORIENTED_EDGE('',*,*,#6558,.F.);
#9224=ORIENTED_EDGE('',*,*,#6560,.T.);
#9225=ORIENTED_EDGE('',*,*,#6561,.T.);
#9226=ORIENTED_EDGE('',*,*,#6562,.T.);
#9227=ORIENTED_EDGE('',*,*,#6561,.F.);
#9228=ORIENTED_EDGE('',*,*,#6563,.T.);
#9229=ORIENTED_EDGE('',*,*,#6564,.T.);
#9230=ORIENTED_EDGE('',*,*,#6565,.T.);
#9231=ORIENTED_EDGE('',*,*,#6564,.F.);
#9232=ORIENTED_EDGE('',*,*,#6566,.T.);
#9233=ORIENTED_EDGE('',*,*,#6567,.T.);
#9234=ORIENTED_EDGE('',*,*,#6568,.T.);
#9235=ORIENTED_EDGE('',*,*,#6567,.F.);
#9236=ORIENTED_EDGE('',*,*,#6569,.F.);
#9237=ORIENTED_EDGE('',*,*,#6570,.T.);
#9238=ORIENTED_EDGE('',*,*,#6571,.T.);
#9239=ORIENTED_EDGE('',*,*,#6572,.F.);
#9240=ORIENTED_EDGE('',*,*,#6573,.F.);
#9241=ORIENTED_EDGE('',*,*,#6574,.T.);
#9242=ORIENTED_EDGE('',*,*,#6575,.T.);
#9243=ORIENTED_EDGE('',*,*,#6570,.F.);
#9244=ORIENTED_EDGE('',*,*,#6576,.F.);
#9245=ORIENTED_EDGE('',*,*,#6577,.T.);
#9246=ORIENTED_EDGE('',*,*,#6578,.T.);
#9247=ORIENTED_EDGE('',*,*,#6574,.F.);
#9248=ORIENTED_EDGE('',*,*,#6579,.T.);
#9249=ORIENTED_EDGE('',*,*,#6572,.T.);
#9250=ORIENTED_EDGE('',*,*,#6580,.T.);
#9251=ORIENTED_EDGE('',*,*,#6577,.F.);
#9252=ORIENTED_EDGE('',*,*,#6579,.F.);
#9253=ORIENTED_EDGE('',*,*,#6576,.T.);
#9254=ORIENTED_EDGE('',*,*,#6573,.T.);
#9255=ORIENTED_EDGE('',*,*,#6569,.T.);
#9256=ORIENTED_EDGE('',*,*,#6568,.F.);
#9257=ORIENTED_EDGE('',*,*,#6565,.F.);
#9258=ORIENTED_EDGE('',*,*,#6562,.F.);
#9259=ORIENTED_EDGE('',*,*,#6559,.F.);
#9260=ORIENTED_EDGE('',*,*,#6556,.F.);
#9261=ORIENTED_EDGE('',*,*,#6553,.F.);
#9262=ORIENTED_EDGE('',*,*,#6550,.F.);
#9263=ORIENTED_EDGE('',*,*,#6547,.F.);
#9264=ORIENTED_EDGE('',*,*,#6544,.F.);
#9265=ORIENTED_EDGE('',*,*,#6541,.F.);
#9266=ORIENTED_EDGE('',*,*,#6580,.F.);
#9267=ORIENTED_EDGE('',*,*,#6571,.F.);
#9268=ORIENTED_EDGE('',*,*,#6575,.F.);
#9269=ORIENTED_EDGE('',*,*,#6578,.F.);
#9270=ORIENTED_EDGE('',*,*,#6566,.F.);
#9271=ORIENTED_EDGE('',*,*,#6563,.F.);
#9272=ORIENTED_EDGE('',*,*,#6560,.F.);
#9273=ORIENTED_EDGE('',*,*,#6557,.F.);
#9274=ORIENTED_EDGE('',*,*,#6554,.F.);
#9275=ORIENTED_EDGE('',*,*,#6551,.F.);
#9276=ORIENTED_EDGE('',*,*,#6548,.F.);
#9277=ORIENTED_EDGE('',*,*,#6545,.F.);
#9278=ORIENTED_EDGE('',*,*,#6542,.F.);
#9279=ORIENTED_EDGE('',*,*,#6539,.F.);
#9280=ORIENTED_EDGE('',*,*,#6581,.T.);
#9281=ORIENTED_EDGE('',*,*,#6582,.T.);
#9282=ORIENTED_EDGE('',*,*,#6583,.T.);
#9283=ORIENTED_EDGE('',*,*,#6584,.F.);
#9284=ORIENTED_EDGE('',*,*,#6585,.T.);
#9285=ORIENTED_EDGE('',*,*,#6586,.T.);
#9286=ORIENTED_EDGE('',*,*,#6587,.T.);
#9287=ORIENTED_EDGE('',*,*,#6582,.F.);
#9288=ORIENTED_EDGE('',*,*,#6588,.T.);
#9289=ORIENTED_EDGE('',*,*,#6589,.T.);
#9290=ORIENTED_EDGE('',*,*,#6590,.T.);
#9291=ORIENTED_EDGE('',*,*,#6586,.F.);
#9292=ORIENTED_EDGE('',*,*,#6591,.T.);
#9293=ORIENTED_EDGE('',*,*,#6592,.T.);
#9294=ORIENTED_EDGE('',*,*,#6593,.T.);
#9295=ORIENTED_EDGE('',*,*,#6589,.F.);
#9296=ORIENTED_EDGE('',*,*,#6594,.T.);
#9297=ORIENTED_EDGE('',*,*,#6595,.T.);
#9298=ORIENTED_EDGE('',*,*,#6596,.T.);
#9299=ORIENTED_EDGE('',*,*,#6592,.F.);
#9300=ORIENTED_EDGE('',*,*,#6597,.T.);
#9301=ORIENTED_EDGE('',*,*,#6598,.T.);
#9302=ORIENTED_EDGE('',*,*,#6599,.T.);
#9303=ORIENTED_EDGE('',*,*,#6595,.F.);
#9304=ORIENTED_EDGE('',*,*,#6600,.T.);
#9305=ORIENTED_EDGE('',*,*,#6601,.T.);
#9306=ORIENTED_EDGE('',*,*,#6602,.T.);
#9307=ORIENTED_EDGE('',*,*,#6598,.F.);
#9308=ORIENTED_EDGE('',*,*,#6603,.T.);
#9309=ORIENTED_EDGE('',*,*,#6604,.T.);
#9310=ORIENTED_EDGE('',*,*,#6605,.T.);
#9311=ORIENTED_EDGE('',*,*,#6601,.F.);
#9312=ORIENTED_EDGE('',*,*,#6606,.T.);
#9313=ORIENTED_EDGE('',*,*,#6607,.T.);
#9314=ORIENTED_EDGE('',*,*,#6608,.T.);
#9315=ORIENTED_EDGE('',*,*,#6604,.F.);
#9316=ORIENTED_EDGE('',*,*,#6609,.T.);
#9317=ORIENTED_EDGE('',*,*,#6610,.T.);
#9318=ORIENTED_EDGE('',*,*,#6611,.T.);
#9319=ORIENTED_EDGE('',*,*,#6607,.F.);
#9320=ORIENTED_EDGE('',*,*,#6612,.T.);
#9321=ORIENTED_EDGE('',*,*,#6613,.T.);
#9322=ORIENTED_EDGE('',*,*,#6614,.T.);
#9323=ORIENTED_EDGE('',*,*,#6610,.F.);
#9324=ORIENTED_EDGE('',*,*,#6615,.T.);
#9325=ORIENTED_EDGE('',*,*,#6616,.T.);
#9326=ORIENTED_EDGE('',*,*,#6617,.T.);
#9327=ORIENTED_EDGE('',*,*,#6613,.F.);
#9328=ORIENTED_EDGE('',*,*,#6618,.T.);
#9329=ORIENTED_EDGE('',*,*,#6619,.T.);
#9330=ORIENTED_EDGE('',*,*,#6620,.T.);
#9331=ORIENTED_EDGE('',*,*,#6616,.F.);
#9332=ORIENTED_EDGE('',*,*,#6621,.T.);
#9333=ORIENTED_EDGE('',*,*,#6622,.T.);
#9334=ORIENTED_EDGE('',*,*,#6623,.T.);
#9335=ORIENTED_EDGE('',*,*,#6619,.F.);
#9336=ORIENTED_EDGE('',*,*,#6624,.T.);
#9337=ORIENTED_EDGE('',*,*,#6625,.T.);
#9338=ORIENTED_EDGE('',*,*,#6626,.T.);
#9339=ORIENTED_EDGE('',*,*,#6622,.F.);
#9340=ORIENTED_EDGE('',*,*,#6627,.T.);
#9341=ORIENTED_EDGE('',*,*,#6628,.T.);
#9342=ORIENTED_EDGE('',*,*,#6629,.T.);
#9343=ORIENTED_EDGE('',*,*,#6625,.F.);
#9344=ORIENTED_EDGE('',*,*,#6630,.T.);
#9345=ORIENTED_EDGE('',*,*,#6631,.T.);
#9346=ORIENTED_EDGE('',*,*,#6632,.T.);
#9347=ORIENTED_EDGE('',*,*,#6628,.F.);
#9348=ORIENTED_EDGE('',*,*,#6633,.T.);
#9349=ORIENTED_EDGE('',*,*,#6634,.T.);
#9350=ORIENTED_EDGE('',*,*,#6635,.T.);
#9351=ORIENTED_EDGE('',*,*,#6631,.F.);
#9352=ORIENTED_EDGE('',*,*,#6636,.T.);
#9353=ORIENTED_EDGE('',*,*,#6637,.T.);
#9354=ORIENTED_EDGE('',*,*,#6638,.T.);
#9355=ORIENTED_EDGE('',*,*,#6634,.F.);
#9356=ORIENTED_EDGE('',*,*,#6639,.T.);
#9357=ORIENTED_EDGE('',*,*,#6640,.T.);
#9358=ORIENTED_EDGE('',*,*,#6641,.T.);
#9359=ORIENTED_EDGE('',*,*,#6637,.F.);
#9360=ORIENTED_EDGE('',*,*,#6642,.T.);
#9361=ORIENTED_EDGE('',*,*,#6643,.T.);
#9362=ORIENTED_EDGE('',*,*,#6644,.T.);
#9363=ORIENTED_EDGE('',*,*,#6640,.F.);
#9364=ORIENTED_EDGE('',*,*,#6645,.T.);
#9365=ORIENTED_EDGE('',*,*,#6646,.T.);
#9366=ORIENTED_EDGE('',*,*,#6647,.T.);
#9367=ORIENTED_EDGE('',*,*,#6643,.F.);
#9368=ORIENTED_EDGE('',*,*,#6648,.T.);
#9369=ORIENTED_EDGE('',*,*,#6649,.T.);
#9370=ORIENTED_EDGE('',*,*,#6650,.T.);
#9371=ORIENTED_EDGE('',*,*,#6646,.F.);
#9372=ORIENTED_EDGE('',*,*,#6651,.T.);
#9373=ORIENTED_EDGE('',*,*,#6652,.T.);
#9374=ORIENTED_EDGE('',*,*,#6653,.T.);
#9375=ORIENTED_EDGE('',*,*,#6649,.F.);
#9376=ORIENTED_EDGE('',*,*,#6654,.T.);
#9377=ORIENTED_EDGE('',*,*,#6655,.T.);
#9378=ORIENTED_EDGE('',*,*,#6656,.T.);
#9379=ORIENTED_EDGE('',*,*,#6652,.F.);
#9380=ORIENTED_EDGE('',*,*,#6657,.T.);
#9381=ORIENTED_EDGE('',*,*,#6658,.T.);
#9382=ORIENTED_EDGE('',*,*,#6659,.T.);
#9383=ORIENTED_EDGE('',*,*,#6655,.F.);
#9384=ORIENTED_EDGE('',*,*,#6660,.T.);
#9385=ORIENTED_EDGE('',*,*,#6661,.T.);
#9386=ORIENTED_EDGE('',*,*,#6662,.T.);
#9387=ORIENTED_EDGE('',*,*,#6658,.F.);
#9388=ORIENTED_EDGE('',*,*,#6663,.T.);
#9389=ORIENTED_EDGE('',*,*,#6664,.T.);
#9390=ORIENTED_EDGE('',*,*,#6665,.T.);
#9391=ORIENTED_EDGE('',*,*,#6661,.F.);
#9392=ORIENTED_EDGE('',*,*,#6666,.T.);
#9393=ORIENTED_EDGE('',*,*,#6667,.T.);
#9394=ORIENTED_EDGE('',*,*,#6668,.T.);
#9395=ORIENTED_EDGE('',*,*,#6664,.F.);
#9396=ORIENTED_EDGE('',*,*,#6669,.T.);
#9397=ORIENTED_EDGE('',*,*,#6670,.T.);
#9398=ORIENTED_EDGE('',*,*,#6671,.T.);
#9399=ORIENTED_EDGE('',*,*,#6667,.F.);
#9400=ORIENTED_EDGE('',*,*,#6672,.T.);
#9401=ORIENTED_EDGE('',*,*,#6673,.T.);
#9402=ORIENTED_EDGE('',*,*,#6674,.T.);
#9403=ORIENTED_EDGE('',*,*,#6670,.F.);
#9404=ORIENTED_EDGE('',*,*,#6675,.T.);
#9405=ORIENTED_EDGE('',*,*,#6676,.T.);
#9406=ORIENTED_EDGE('',*,*,#6677,.T.);
#9407=ORIENTED_EDGE('',*,*,#6673,.F.);
#9408=ORIENTED_EDGE('',*,*,#6678,.T.);
#9409=ORIENTED_EDGE('',*,*,#6679,.T.);
#9410=ORIENTED_EDGE('',*,*,#6680,.T.);
#9411=ORIENTED_EDGE('',*,*,#6676,.F.);
#9412=ORIENTED_EDGE('',*,*,#6681,.T.);
#9413=ORIENTED_EDGE('',*,*,#6682,.T.);
#9414=ORIENTED_EDGE('',*,*,#6683,.T.);
#9415=ORIENTED_EDGE('',*,*,#6679,.F.);
#9416=ORIENTED_EDGE('',*,*,#6684,.T.);
#9417=ORIENTED_EDGE('',*,*,#6685,.T.);
#9418=ORIENTED_EDGE('',*,*,#6686,.T.);
#9419=ORIENTED_EDGE('',*,*,#6682,.F.);
#9420=ORIENTED_EDGE('',*,*,#6687,.T.);
#9421=ORIENTED_EDGE('',*,*,#6688,.T.);
#9422=ORIENTED_EDGE('',*,*,#6689,.T.);
#9423=ORIENTED_EDGE('',*,*,#6685,.F.);
#9424=ORIENTED_EDGE('',*,*,#6690,.T.);
#9425=ORIENTED_EDGE('',*,*,#6691,.T.);
#9426=ORIENTED_EDGE('',*,*,#6692,.T.);
#9427=ORIENTED_EDGE('',*,*,#6688,.F.);
#9428=ORIENTED_EDGE('',*,*,#6693,.T.);
#9429=ORIENTED_EDGE('',*,*,#6694,.T.);
#9430=ORIENTED_EDGE('',*,*,#6695,.T.);
#9431=ORIENTED_EDGE('',*,*,#6691,.F.);
#9432=ORIENTED_EDGE('',*,*,#6696,.T.);
#9433=ORIENTED_EDGE('',*,*,#6697,.T.);
#9434=ORIENTED_EDGE('',*,*,#6698,.T.);
#9435=ORIENTED_EDGE('',*,*,#6694,.F.);
#9436=ORIENTED_EDGE('',*,*,#6699,.T.);
#9437=ORIENTED_EDGE('',*,*,#6700,.T.);
#9438=ORIENTED_EDGE('',*,*,#6701,.T.);
#9439=ORIENTED_EDGE('',*,*,#6697,.F.);
#9440=ORIENTED_EDGE('',*,*,#6702,.T.);
#9441=ORIENTED_EDGE('',*,*,#6703,.T.);
#9442=ORIENTED_EDGE('',*,*,#6704,.T.);
#9443=ORIENTED_EDGE('',*,*,#6700,.F.);
#9444=ORIENTED_EDGE('',*,*,#6705,.T.);
#9445=ORIENTED_EDGE('',*,*,#6706,.T.);
#9446=ORIENTED_EDGE('',*,*,#6707,.T.);
#9447=ORIENTED_EDGE('',*,*,#6703,.F.);
#9448=ORIENTED_EDGE('',*,*,#6708,.T.);
#9449=ORIENTED_EDGE('',*,*,#6709,.T.);
#9450=ORIENTED_EDGE('',*,*,#6710,.T.);
#9451=ORIENTED_EDGE('',*,*,#6706,.F.);
#9452=ORIENTED_EDGE('',*,*,#6711,.T.);
#9453=ORIENTED_EDGE('',*,*,#6712,.T.);
#9454=ORIENTED_EDGE('',*,*,#6713,.T.);
#9455=ORIENTED_EDGE('',*,*,#6709,.F.);
#9456=ORIENTED_EDGE('',*,*,#6714,.T.);
#9457=ORIENTED_EDGE('',*,*,#6715,.T.);
#9458=ORIENTED_EDGE('',*,*,#6716,.T.);
#9459=ORIENTED_EDGE('',*,*,#6712,.F.);
#9460=ORIENTED_EDGE('',*,*,#6717,.T.);
#9461=ORIENTED_EDGE('',*,*,#6718,.T.);
#9462=ORIENTED_EDGE('',*,*,#6719,.T.);
#9463=ORIENTED_EDGE('',*,*,#6715,.F.);
#9464=ORIENTED_EDGE('',*,*,#6720,.T.);
#9465=ORIENTED_EDGE('',*,*,#6721,.T.);
#9466=ORIENTED_EDGE('',*,*,#6722,.T.);
#9467=ORIENTED_EDGE('',*,*,#6718,.F.);
#9468=ORIENTED_EDGE('',*,*,#6723,.T.);
#9469=ORIENTED_EDGE('',*,*,#6724,.T.);
#9470=ORIENTED_EDGE('',*,*,#6725,.T.);
#9471=ORIENTED_EDGE('',*,*,#6721,.F.);
#9472=ORIENTED_EDGE('',*,*,#6726,.T.);
#9473=ORIENTED_EDGE('',*,*,#6727,.T.);
#9474=ORIENTED_EDGE('',*,*,#6728,.T.);
#9475=ORIENTED_EDGE('',*,*,#6724,.F.);
#9476=ORIENTED_EDGE('',*,*,#6729,.T.);
#9477=ORIENTED_EDGE('',*,*,#6730,.T.);
#9478=ORIENTED_EDGE('',*,*,#6731,.T.);
#9479=ORIENTED_EDGE('',*,*,#6727,.F.);
#9480=ORIENTED_EDGE('',*,*,#6732,.T.);
#9481=ORIENTED_EDGE('',*,*,#6733,.T.);
#9482=ORIENTED_EDGE('',*,*,#6734,.T.);
#9483=ORIENTED_EDGE('',*,*,#6730,.F.);
#9484=ORIENTED_EDGE('',*,*,#6735,.T.);
#9485=ORIENTED_EDGE('',*,*,#6736,.T.);
#9486=ORIENTED_EDGE('',*,*,#6737,.T.);
#9487=ORIENTED_EDGE('',*,*,#6733,.F.);
#9488=ORIENTED_EDGE('',*,*,#6738,.T.);
#9489=ORIENTED_EDGE('',*,*,#6739,.T.);
#9490=ORIENTED_EDGE('',*,*,#6740,.T.);
#9491=ORIENTED_EDGE('',*,*,#6736,.F.);
#9492=ORIENTED_EDGE('',*,*,#6741,.T.);
#9493=ORIENTED_EDGE('',*,*,#6742,.T.);
#9494=ORIENTED_EDGE('',*,*,#6743,.T.);
#9495=ORIENTED_EDGE('',*,*,#6739,.F.);
#9496=ORIENTED_EDGE('',*,*,#6744,.T.);
#9497=ORIENTED_EDGE('',*,*,#6745,.T.);
#9498=ORIENTED_EDGE('',*,*,#6746,.T.);
#9499=ORIENTED_EDGE('',*,*,#6742,.F.);
#9500=ORIENTED_EDGE('',*,*,#6747,.T.);
#9501=ORIENTED_EDGE('',*,*,#6748,.T.);
#9502=ORIENTED_EDGE('',*,*,#6749,.T.);
#9503=ORIENTED_EDGE('',*,*,#6745,.F.);
#9504=ORIENTED_EDGE('',*,*,#6750,.T.);
#9505=ORIENTED_EDGE('',*,*,#6751,.T.);
#9506=ORIENTED_EDGE('',*,*,#6752,.T.);
#9507=ORIENTED_EDGE('',*,*,#6748,.F.);
#9508=ORIENTED_EDGE('',*,*,#6753,.T.);
#9509=ORIENTED_EDGE('',*,*,#6754,.T.);
#9510=ORIENTED_EDGE('',*,*,#6755,.T.);
#9511=ORIENTED_EDGE('',*,*,#6751,.F.);
#9512=ORIENTED_EDGE('',*,*,#6756,.T.);
#9513=ORIENTED_EDGE('',*,*,#6757,.T.);
#9514=ORIENTED_EDGE('',*,*,#6758,.T.);
#9515=ORIENTED_EDGE('',*,*,#6754,.F.);
#9516=ORIENTED_EDGE('',*,*,#6759,.T.);
#9517=ORIENTED_EDGE('',*,*,#6760,.T.);
#9518=ORIENTED_EDGE('',*,*,#6761,.T.);
#9519=ORIENTED_EDGE('',*,*,#6757,.F.);
#9520=ORIENTED_EDGE('',*,*,#6762,.T.);
#9521=ORIENTED_EDGE('',*,*,#6763,.T.);
#9522=ORIENTED_EDGE('',*,*,#6764,.T.);
#9523=ORIENTED_EDGE('',*,*,#6760,.F.);
#9524=ORIENTED_EDGE('',*,*,#6765,.T.);
#9525=ORIENTED_EDGE('',*,*,#6766,.T.);
#9526=ORIENTED_EDGE('',*,*,#6767,.T.);
#9527=ORIENTED_EDGE('',*,*,#6763,.F.);
#9528=ORIENTED_EDGE('',*,*,#6768,.T.);
#9529=ORIENTED_EDGE('',*,*,#6769,.T.);
#9530=ORIENTED_EDGE('',*,*,#6770,.T.);
#9531=ORIENTED_EDGE('',*,*,#6766,.F.);
#9532=ORIENTED_EDGE('',*,*,#6771,.T.);
#9533=ORIENTED_EDGE('',*,*,#6772,.T.);
#9534=ORIENTED_EDGE('',*,*,#6773,.T.);
#9535=ORIENTED_EDGE('',*,*,#6769,.F.);
#9536=ORIENTED_EDGE('',*,*,#6774,.T.);
#9537=ORIENTED_EDGE('',*,*,#6775,.T.);
#9538=ORIENTED_EDGE('',*,*,#6776,.T.);
#9539=ORIENTED_EDGE('',*,*,#6772,.F.);
#9540=ORIENTED_EDGE('',*,*,#6777,.T.);
#9541=ORIENTED_EDGE('',*,*,#6778,.T.);
#9542=ORIENTED_EDGE('',*,*,#6779,.T.);
#9543=ORIENTED_EDGE('',*,*,#6775,.F.);
#9544=ORIENTED_EDGE('',*,*,#6780,.T.);
#9545=ORIENTED_EDGE('',*,*,#6781,.T.);
#9546=ORIENTED_EDGE('',*,*,#6782,.T.);
#9547=ORIENTED_EDGE('',*,*,#6778,.F.);
#9548=ORIENTED_EDGE('',*,*,#6783,.T.);
#9549=ORIENTED_EDGE('',*,*,#6784,.T.);
#9550=ORIENTED_EDGE('',*,*,#6785,.T.);
#9551=ORIENTED_EDGE('',*,*,#6781,.F.);
#9552=ORIENTED_EDGE('',*,*,#6786,.T.);
#9553=ORIENTED_EDGE('',*,*,#6787,.T.);
#9554=ORIENTED_EDGE('',*,*,#6788,.T.);
#9555=ORIENTED_EDGE('',*,*,#6784,.F.);
#9556=ORIENTED_EDGE('',*,*,#6789,.T.);
#9557=ORIENTED_EDGE('',*,*,#6790,.T.);
#9558=ORIENTED_EDGE('',*,*,#6791,.T.);
#9559=ORIENTED_EDGE('',*,*,#6787,.F.);
#9560=ORIENTED_EDGE('',*,*,#6792,.T.);
#9561=ORIENTED_EDGE('',*,*,#6793,.T.);
#9562=ORIENTED_EDGE('',*,*,#6794,.T.);
#9563=ORIENTED_EDGE('',*,*,#6790,.F.);
#9564=ORIENTED_EDGE('',*,*,#6795,.T.);
#9565=ORIENTED_EDGE('',*,*,#6796,.T.);
#9566=ORIENTED_EDGE('',*,*,#6797,.T.);
#9567=ORIENTED_EDGE('',*,*,#6793,.F.);
#9568=ORIENTED_EDGE('',*,*,#6798,.T.);
#9569=ORIENTED_EDGE('',*,*,#6799,.T.);
#9570=ORIENTED_EDGE('',*,*,#6800,.T.);
#9571=ORIENTED_EDGE('',*,*,#6796,.F.);
#9572=ORIENTED_EDGE('',*,*,#6801,.T.);
#9573=ORIENTED_EDGE('',*,*,#6802,.T.);
#9574=ORIENTED_EDGE('',*,*,#6803,.T.);
#9575=ORIENTED_EDGE('',*,*,#6799,.F.);
#9576=ORIENTED_EDGE('',*,*,#6804,.T.);
#9577=ORIENTED_EDGE('',*,*,#6805,.T.);
#9578=ORIENTED_EDGE('',*,*,#6806,.T.);
#9579=ORIENTED_EDGE('',*,*,#6802,.F.);
#9580=ORIENTED_EDGE('',*,*,#6807,.T.);
#9581=ORIENTED_EDGE('',*,*,#6808,.T.);
#9582=ORIENTED_EDGE('',*,*,#6809,.T.);
#9583=ORIENTED_EDGE('',*,*,#6805,.F.);
#9584=ORIENTED_EDGE('',*,*,#6810,.T.);
#9585=ORIENTED_EDGE('',*,*,#6811,.T.);
#9586=ORIENTED_EDGE('',*,*,#6812,.T.);
#9587=ORIENTED_EDGE('',*,*,#6808,.F.);
#9588=ORIENTED_EDGE('',*,*,#6813,.T.);
#9589=ORIENTED_EDGE('',*,*,#6814,.T.);
#9590=ORIENTED_EDGE('',*,*,#6815,.T.);
#9591=ORIENTED_EDGE('',*,*,#6811,.F.);
#9592=ORIENTED_EDGE('',*,*,#6816,.T.);
#9593=ORIENTED_EDGE('',*,*,#6817,.T.);
#9594=ORIENTED_EDGE('',*,*,#6818,.T.);
#9595=ORIENTED_EDGE('',*,*,#6814,.F.);
#9596=ORIENTED_EDGE('',*,*,#6819,.T.);
#9597=ORIENTED_EDGE('',*,*,#6820,.T.);
#9598=ORIENTED_EDGE('',*,*,#6821,.T.);
#9599=ORIENTED_EDGE('',*,*,#6817,.F.);
#9600=ORIENTED_EDGE('',*,*,#6822,.T.);
#9601=ORIENTED_EDGE('',*,*,#6823,.T.);
#9602=ORIENTED_EDGE('',*,*,#6824,.T.);
#9603=ORIENTED_EDGE('',*,*,#6820,.F.);
#9604=ORIENTED_EDGE('',*,*,#6825,.T.);
#9605=ORIENTED_EDGE('',*,*,#6826,.T.);
#9606=ORIENTED_EDGE('',*,*,#6827,.T.);
#9607=ORIENTED_EDGE('',*,*,#6823,.F.);
#9608=ORIENTED_EDGE('',*,*,#6828,.T.);
#9609=ORIENTED_EDGE('',*,*,#6829,.T.);
#9610=ORIENTED_EDGE('',*,*,#6830,.T.);
#9611=ORIENTED_EDGE('',*,*,#6826,.F.);
#9612=ORIENTED_EDGE('',*,*,#6831,.T.);
#9613=ORIENTED_EDGE('',*,*,#6832,.T.);
#9614=ORIENTED_EDGE('',*,*,#6833,.T.);
#9615=ORIENTED_EDGE('',*,*,#6829,.F.);
#9616=ORIENTED_EDGE('',*,*,#6834,.T.);
#9617=ORIENTED_EDGE('',*,*,#6835,.T.);
#9618=ORIENTED_EDGE('',*,*,#6836,.T.);
#9619=ORIENTED_EDGE('',*,*,#6832,.F.);
#9620=ORIENTED_EDGE('',*,*,#6837,.T.);
#9621=ORIENTED_EDGE('',*,*,#6838,.T.);
#9622=ORIENTED_EDGE('',*,*,#6839,.T.);
#9623=ORIENTED_EDGE('',*,*,#6835,.F.);
#9624=ORIENTED_EDGE('',*,*,#6840,.T.);
#9625=ORIENTED_EDGE('',*,*,#6841,.T.);
#9626=ORIENTED_EDGE('',*,*,#6842,.T.);
#9627=ORIENTED_EDGE('',*,*,#6838,.F.);
#9628=ORIENTED_EDGE('',*,*,#6843,.T.);
#9629=ORIENTED_EDGE('',*,*,#6844,.T.);
#9630=ORIENTED_EDGE('',*,*,#6845,.T.);
#9631=ORIENTED_EDGE('',*,*,#6841,.F.);
#9632=ORIENTED_EDGE('',*,*,#6846,.T.);
#9633=ORIENTED_EDGE('',*,*,#6847,.T.);
#9634=ORIENTED_EDGE('',*,*,#6848,.T.);
#9635=ORIENTED_EDGE('',*,*,#6844,.F.);
#9636=ORIENTED_EDGE('',*,*,#6849,.T.);
#9637=ORIENTED_EDGE('',*,*,#6850,.T.);
#9638=ORIENTED_EDGE('',*,*,#6851,.T.);
#9639=ORIENTED_EDGE('',*,*,#6847,.F.);
#9640=ORIENTED_EDGE('',*,*,#6852,.F.);
#9641=ORIENTED_EDGE('',*,*,#6853,.T.);
#9642=ORIENTED_EDGE('',*,*,#6854,.T.);
#9643=ORIENTED_EDGE('',*,*,#6850,.F.);
#9644=ORIENTED_EDGE('',*,*,#6855,.F.);
#9645=ORIENTED_EDGE('',*,*,#6856,.T.);
#9646=ORIENTED_EDGE('',*,*,#6857,.T.);
#9647=ORIENTED_EDGE('',*,*,#6853,.F.);
#9648=ORIENTED_EDGE('',*,*,#6858,.T.);
#9649=ORIENTED_EDGE('',*,*,#6859,.T.);
#9650=ORIENTED_EDGE('',*,*,#6860,.T.);
#9651=ORIENTED_EDGE('',*,*,#6856,.F.);
#9652=ORIENTED_EDGE('',*,*,#6861,.F.);
#9653=ORIENTED_EDGE('',*,*,#6862,.T.);
#9654=ORIENTED_EDGE('',*,*,#6863,.T.);
#9655=ORIENTED_EDGE('',*,*,#6859,.F.);
#9656=ORIENTED_EDGE('',*,*,#6864,.F.);
#9657=ORIENTED_EDGE('',*,*,#6584,.T.);
#9658=ORIENTED_EDGE('',*,*,#6865,.T.);
#9659=ORIENTED_EDGE('',*,*,#6862,.F.);
#9660=ORIENTED_EDGE('',*,*,#6865,.F.);
#9661=ORIENTED_EDGE('',*,*,#6583,.F.);
#9662=ORIENTED_EDGE('',*,*,#6587,.F.);
#9663=ORIENTED_EDGE('',*,*,#6590,.F.);
#9664=ORIENTED_EDGE('',*,*,#6593,.F.);
#9665=ORIENTED_EDGE('',*,*,#6596,.F.);
#9666=ORIENTED_EDGE('',*,*,#6599,.F.);
#9667=ORIENTED_EDGE('',*,*,#6602,.F.);
#9668=ORIENTED_EDGE('',*,*,#6605,.F.);
#9669=ORIENTED_EDGE('',*,*,#6608,.F.);
#9670=ORIENTED_EDGE('',*,*,#6611,.F.);
#9671=ORIENTED_EDGE('',*,*,#6614,.F.);
#9672=ORIENTED_EDGE('',*,*,#6617,.F.);
#9673=ORIENTED_EDGE('',*,*,#6620,.F.);
#9674=ORIENTED_EDGE('',*,*,#6623,.F.);
#9675=ORIENTED_EDGE('',*,*,#6626,.F.);
#9676=ORIENTED_EDGE('',*,*,#6629,.F.);
#9677=ORIENTED_EDGE('',*,*,#6632,.F.);
#9678=ORIENTED_EDGE('',*,*,#6635,.F.);
#9679=ORIENTED_EDGE('',*,*,#6638,.F.);
#9680=ORIENTED_EDGE('',*,*,#6641,.F.);
#9681=ORIENTED_EDGE('',*,*,#6644,.F.);
#9682=ORIENTED_EDGE('',*,*,#6647,.F.);
#9683=ORIENTED_EDGE('',*,*,#6650,.F.);
#9684=ORIENTED_EDGE('',*,*,#6653,.F.);
#9685=ORIENTED_EDGE('',*,*,#6656,.F.);
#9686=ORIENTED_EDGE('',*,*,#6659,.F.);
#9687=ORIENTED_EDGE('',*,*,#6662,.F.);
#9688=ORIENTED_EDGE('',*,*,#6665,.F.);
#9689=ORIENTED_EDGE('',*,*,#6668,.F.);
#9690=ORIENTED_EDGE('',*,*,#6671,.F.);
#9691=ORIENTED_EDGE('',*,*,#6674,.F.);
#9692=ORIENTED_EDGE('',*,*,#6677,.F.);
#9693=ORIENTED_EDGE('',*,*,#6680,.F.);
#9694=ORIENTED_EDGE('',*,*,#6683,.F.);
#9695=ORIENTED_EDGE('',*,*,#6686,.F.);
#9696=ORIENTED_EDGE('',*,*,#6689,.F.);
#9697=ORIENTED_EDGE('',*,*,#6692,.F.);
#9698=ORIENTED_EDGE('',*,*,#6695,.F.);
#9699=ORIENTED_EDGE('',*,*,#6698,.F.);
#9700=ORIENTED_EDGE('',*,*,#6701,.F.);
#9701=ORIENTED_EDGE('',*,*,#6704,.F.);
#9702=ORIENTED_EDGE('',*,*,#6707,.F.);
#9703=ORIENTED_EDGE('',*,*,#6710,.F.);
#9704=ORIENTED_EDGE('',*,*,#6713,.F.);
#9705=ORIENTED_EDGE('',*,*,#6716,.F.);
#9706=ORIENTED_EDGE('',*,*,#6719,.F.);
#9707=ORIENTED_EDGE('',*,*,#6722,.F.);
#9708=ORIENTED_EDGE('',*,*,#6725,.F.);
#9709=ORIENTED_EDGE('',*,*,#6728,.F.);
#9710=ORIENTED_EDGE('',*,*,#6731,.F.);
#9711=ORIENTED_EDGE('',*,*,#6734,.F.);
#9712=ORIENTED_EDGE('',*,*,#6737,.F.);
#9713=ORIENTED_EDGE('',*,*,#6740,.F.);
#9714=ORIENTED_EDGE('',*,*,#6743,.F.);
#9715=ORIENTED_EDGE('',*,*,#6746,.F.);
#9716=ORIENTED_EDGE('',*,*,#6749,.F.);
#9717=ORIENTED_EDGE('',*,*,#6752,.F.);
#9718=ORIENTED_EDGE('',*,*,#6755,.F.);
#9719=ORIENTED_EDGE('',*,*,#6758,.F.);
#9720=ORIENTED_EDGE('',*,*,#6761,.F.);
#9721=ORIENTED_EDGE('',*,*,#6764,.F.);
#9722=ORIENTED_EDGE('',*,*,#6767,.F.);
#9723=ORIENTED_EDGE('',*,*,#6770,.F.);
#9724=ORIENTED_EDGE('',*,*,#6773,.F.);
#9725=ORIENTED_EDGE('',*,*,#6776,.F.);
#9726=ORIENTED_EDGE('',*,*,#6779,.F.);
#9727=ORIENTED_EDGE('',*,*,#6782,.F.);
#9728=ORIENTED_EDGE('',*,*,#6785,.F.);
#9729=ORIENTED_EDGE('',*,*,#6788,.F.);
#9730=ORIENTED_EDGE('',*,*,#6791,.F.);
#9731=ORIENTED_EDGE('',*,*,#6794,.F.);
#9732=ORIENTED_EDGE('',*,*,#6797,.F.);
#9733=ORIENTED_EDGE('',*,*,#6800,.F.);
#9734=ORIENTED_EDGE('',*,*,#6803,.F.);
#9735=ORIENTED_EDGE('',*,*,#6806,.F.);
#9736=ORIENTED_EDGE('',*,*,#6809,.F.);
#9737=ORIENTED_EDGE('',*,*,#6812,.F.);
#9738=ORIENTED_EDGE('',*,*,#6815,.F.);
#9739=ORIENTED_EDGE('',*,*,#6818,.F.);
#9740=ORIENTED_EDGE('',*,*,#6821,.F.);
#9741=ORIENTED_EDGE('',*,*,#6824,.F.);
#9742=ORIENTED_EDGE('',*,*,#6827,.F.);
#9743=ORIENTED_EDGE('',*,*,#6830,.F.);
#9744=ORIENTED_EDGE('',*,*,#6833,.F.);
#9745=ORIENTED_EDGE('',*,*,#6836,.F.);
#9746=ORIENTED_EDGE('',*,*,#6839,.F.);
#9747=ORIENTED_EDGE('',*,*,#6842,.F.);
#9748=ORIENTED_EDGE('',*,*,#6845,.F.);
#9749=ORIENTED_EDGE('',*,*,#6848,.F.);
#9750=ORIENTED_EDGE('',*,*,#6851,.F.);
#9751=ORIENTED_EDGE('',*,*,#6854,.F.);
#9752=ORIENTED_EDGE('',*,*,#6857,.F.);
#9753=ORIENTED_EDGE('',*,*,#6860,.F.);
#9754=ORIENTED_EDGE('',*,*,#6863,.F.);
#9755=ORIENTED_EDGE('',*,*,#6864,.T.);
#9756=ORIENTED_EDGE('',*,*,#6861,.T.);
#9757=ORIENTED_EDGE('',*,*,#6858,.F.);
#9758=ORIENTED_EDGE('',*,*,#6855,.T.);
#9759=ORIENTED_EDGE('',*,*,#6852,.T.);
#9760=ORIENTED_EDGE('',*,*,#6849,.F.);
#9761=ORIENTED_EDGE('',*,*,#6846,.F.);
#9762=ORIENTED_EDGE('',*,*,#6843,.F.);
#9763=ORIENTED_EDGE('',*,*,#6840,.F.);
#9764=ORIENTED_EDGE('',*,*,#6837,.F.);
#9765=ORIENTED_EDGE('',*,*,#6834,.F.);
#9766=ORIENTED_EDGE('',*,*,#6831,.F.);
#9767=ORIENTED_EDGE('',*,*,#6828,.F.);
#9768=ORIENTED_EDGE('',*,*,#6825,.F.);
#9769=ORIENTED_EDGE('',*,*,#6822,.F.);
#9770=ORIENTED_EDGE('',*,*,#6819,.F.);
#9771=ORIENTED_EDGE('',*,*,#6816,.F.);
#9772=ORIENTED_EDGE('',*,*,#6813,.F.);
#9773=ORIENTED_EDGE('',*,*,#6810,.F.);
#9774=ORIENTED_EDGE('',*,*,#6807,.F.);
#9775=ORIENTED_EDGE('',*,*,#6804,.F.);
#9776=ORIENTED_EDGE('',*,*,#6801,.F.);
#9777=ORIENTED_EDGE('',*,*,#6798,.F.);
#9778=ORIENTED_EDGE('',*,*,#6795,.F.);
#9779=ORIENTED_EDGE('',*,*,#6792,.F.);
#9780=ORIENTED_EDGE('',*,*,#6789,.F.);
#9781=ORIENTED_EDGE('',*,*,#6786,.F.);
#9782=ORIENTED_EDGE('',*,*,#6783,.F.);
#9783=ORIENTED_EDGE('',*,*,#6780,.F.);
#9784=ORIENTED_EDGE('',*,*,#6777,.F.);
#9785=ORIENTED_EDGE('',*,*,#6774,.F.);
#9786=ORIENTED_EDGE('',*,*,#6771,.F.);
#9787=ORIENTED_EDGE('',*,*,#6768,.F.);
#9788=ORIENTED_EDGE('',*,*,#6765,.F.);
#9789=ORIENTED_EDGE('',*,*,#6762,.F.);
#9790=ORIENTED_EDGE('',*,*,#6759,.F.);
#9791=ORIENTED_EDGE('',*,*,#6756,.F.);
#9792=ORIENTED_EDGE('',*,*,#6753,.F.);
#9793=ORIENTED_EDGE('',*,*,#6750,.F.);
#9794=ORIENTED_EDGE('',*,*,#6747,.F.);
#9795=ORIENTED_EDGE('',*,*,#6744,.F.);
#9796=ORIENTED_EDGE('',*,*,#6741,.F.);
#9797=ORIENTED_EDGE('',*,*,#6738,.F.);
#9798=ORIENTED_EDGE('',*,*,#6735,.F.);
#9799=ORIENTED_EDGE('',*,*,#6732,.F.);
#9800=ORIENTED_EDGE('',*,*,#6729,.F.);
#9801=ORIENTED_EDGE('',*,*,#6726,.F.);
#9802=ORIENTED_EDGE('',*,*,#6723,.F.);
#9803=ORIENTED_EDGE('',*,*,#6720,.F.);
#9804=ORIENTED_EDGE('',*,*,#6717,.F.);
#9805=ORIENTED_EDGE('',*,*,#6714,.F.);
#9806=ORIENTED_EDGE('',*,*,#6711,.F.);
#9807=ORIENTED_EDGE('',*,*,#6708,.F.);
#9808=ORIENTED_EDGE('',*,*,#6705,.F.);
#9809=ORIENTED_EDGE('',*,*,#6702,.F.);
#9810=ORIENTED_EDGE('',*,*,#6699,.F.);
#9811=ORIENTED_EDGE('',*,*,#6696,.F.);
#9812=ORIENTED_EDGE('',*,*,#6693,.F.);
#9813=ORIENTED_EDGE('',*,*,#6690,.F.);
#9814=ORIENTED_EDGE('',*,*,#6687,.F.);
#9815=ORIENTED_EDGE('',*,*,#6684,.F.);
#9816=ORIENTED_EDGE('',*,*,#6681,.F.);
#9817=ORIENTED_EDGE('',*,*,#6678,.F.);
#9818=ORIENTED_EDGE('',*,*,#6675,.F.);
#9819=ORIENTED_EDGE('',*,*,#6672,.F.);
#9820=ORIENTED_EDGE('',*,*,#6669,.F.);
#9821=ORIENTED_EDGE('',*,*,#6666,.F.);
#9822=ORIENTED_EDGE('',*,*,#6663,.F.);
#9823=ORIENTED_EDGE('',*,*,#6660,.F.);
#9824=ORIENTED_EDGE('',*,*,#6657,.F.);
#9825=ORIENTED_EDGE('',*,*,#6654,.F.);
#9826=ORIENTED_EDGE('',*,*,#6651,.F.);
#9827=ORIENTED_EDGE('',*,*,#6648,.F.);
#9828=ORIENTED_EDGE('',*,*,#6645,.F.);
#9829=ORIENTED_EDGE('',*,*,#6642,.F.);
#9830=ORIENTED_EDGE('',*,*,#6639,.F.);
#9831=ORIENTED_EDGE('',*,*,#6636,.F.);
#9832=ORIENTED_EDGE('',*,*,#6633,.F.);
#9833=ORIENTED_EDGE('',*,*,#6630,.F.);
#9834=ORIENTED_EDGE('',*,*,#6627,.F.);
#9835=ORIENTED_EDGE('',*,*,#6624,.F.);
#9836=ORIENTED_EDGE('',*,*,#6621,.F.);
#9837=ORIENTED_EDGE('',*,*,#6618,.F.);
#9838=ORIENTED_EDGE('',*,*,#6615,.F.);
#9839=ORIENTED_EDGE('',*,*,#6612,.F.);
#9840=ORIENTED_EDGE('',*,*,#6609,.F.);
#9841=ORIENTED_EDGE('',*,*,#6606,.F.);
#9842=ORIENTED_EDGE('',*,*,#6603,.F.);
#9843=ORIENTED_EDGE('',*,*,#6600,.F.);
#9844=ORIENTED_EDGE('',*,*,#6597,.F.);
#9845=ORIENTED_EDGE('',*,*,#6594,.F.);
#9846=ORIENTED_EDGE('',*,*,#6591,.F.);
#9847=ORIENTED_EDGE('',*,*,#6588,.F.);
#9848=ORIENTED_EDGE('',*,*,#6585,.F.);
#9849=ORIENTED_EDGE('',*,*,#6581,.F.);
#9850=ORIENTED_EDGE('',*,*,#6866,.T.);
#9851=ORIENTED_EDGE('',*,*,#6867,.T.);
#9852=ORIENTED_EDGE('',*,*,#6868,.F.);
#9853=ORIENTED_EDGE('',*,*,#6867,.F.);
#9854=ORIENTED_EDGE('',*,*,#6869,.F.);
#9855=ORIENTED_EDGE('',*,*,#6870,.T.);
#9856=ORIENTED_EDGE('',*,*,#6871,.T.);
#9857=ORIENTED_EDGE('',*,*,#6872,.F.);
#9858=ORIENTED_EDGE('',*,*,#6873,.F.);
#9859=ORIENTED_EDGE('',*,*,#6874,.T.);
#9860=ORIENTED_EDGE('',*,*,#6875,.T.);
#9861=ORIENTED_EDGE('',*,*,#6870,.F.);
#9862=ORIENTED_EDGE('',*,*,#6876,.F.);
#9863=ORIENTED_EDGE('',*,*,#6877,.T.);
#9864=ORIENTED_EDGE('',*,*,#6878,.T.);
#9865=ORIENTED_EDGE('',*,*,#6874,.F.);
#9866=ORIENTED_EDGE('',*,*,#6879,.F.);
#9867=ORIENTED_EDGE('',*,*,#6872,.T.);
#9868=ORIENTED_EDGE('',*,*,#6880,.T.);
#9869=ORIENTED_EDGE('',*,*,#6877,.F.);
#9870=ORIENTED_EDGE('',*,*,#6881,.T.);
#9871=ORIENTED_EDGE('',*,*,#6882,.T.);
#9872=ORIENTED_EDGE('',*,*,#6883,.T.);
#9873=ORIENTED_EDGE('',*,*,#6884,.F.);
#9874=ORIENTED_EDGE('',*,*,#6885,.F.);
#9875=ORIENTED_EDGE('',*,*,#6886,.T.);
#9876=ORIENTED_EDGE('',*,*,#6887,.T.);
#9877=ORIENTED_EDGE('',*,*,#6882,.F.);
#9878=ORIENTED_EDGE('',*,*,#6888,.F.);
#9879=ORIENTED_EDGE('',*,*,#6889,.T.);
#9880=ORIENTED_EDGE('',*,*,#6890,.T.);
#9881=ORIENTED_EDGE('',*,*,#6886,.F.);
#9882=ORIENTED_EDGE('',*,*,#6891,.F.);
#9883=ORIENTED_EDGE('',*,*,#6892,.T.);
#9884=ORIENTED_EDGE('',*,*,#6893,.T.);
#9885=ORIENTED_EDGE('',*,*,#6889,.F.);
#9886=ORIENTED_EDGE('',*,*,#6894,.F.);
#9887=ORIENTED_EDGE('',*,*,#6895,.T.);
#9888=ORIENTED_EDGE('',*,*,#6896,.T.);
#9889=ORIENTED_EDGE('',*,*,#6892,.F.);
#9890=ORIENTED_EDGE('',*,*,#6897,.F.);
#9891=ORIENTED_EDGE('',*,*,#6898,.T.);
#9892=ORIENTED_EDGE('',*,*,#6899,.T.);
#9893=ORIENTED_EDGE('',*,*,#6895,.F.);
#9894=ORIENTED_EDGE('',*,*,#6900,.F.);
#9895=ORIENTED_EDGE('',*,*,#6884,.T.);
#9896=ORIENTED_EDGE('',*,*,#6901,.T.);
#9897=ORIENTED_EDGE('',*,*,#6898,.F.);
#9898=ORIENTED_EDGE('',*,*,#6901,.F.);
#9899=ORIENTED_EDGE('',*,*,#6883,.F.);
#9900=ORIENTED_EDGE('',*,*,#6887,.F.);
#9901=ORIENTED_EDGE('',*,*,#6890,.F.);
#9902=ORIENTED_EDGE('',*,*,#6893,.F.);
#9903=ORIENTED_EDGE('',*,*,#6896,.F.);
#9904=ORIENTED_EDGE('',*,*,#6899,.F.);
#9905=ORIENTED_EDGE('',*,*,#6880,.F.);
#9906=ORIENTED_EDGE('',*,*,#6871,.F.);
#9907=ORIENTED_EDGE('',*,*,#6875,.F.);
#9908=ORIENTED_EDGE('',*,*,#6878,.F.);
#9909=ORIENTED_EDGE('',*,*,#6866,.F.);
#9910=ORIENTED_EDGE('',*,*,#6900,.T.);
#9911=ORIENTED_EDGE('',*,*,#6897,.T.);
#9912=ORIENTED_EDGE('',*,*,#6894,.T.);
#9913=ORIENTED_EDGE('',*,*,#6891,.T.);
#9914=ORIENTED_EDGE('',*,*,#6888,.T.);
#9915=ORIENTED_EDGE('',*,*,#6885,.T.);
#9916=ORIENTED_EDGE('',*,*,#6881,.F.);
#9917=ORIENTED_EDGE('',*,*,#6879,.T.);
#9918=ORIENTED_EDGE('',*,*,#6876,.T.);
#9919=ORIENTED_EDGE('',*,*,#6873,.T.);
#9920=ORIENTED_EDGE('',*,*,#6869,.T.);
#9921=ORIENTED_EDGE('',*,*,#6868,.T.);
#9922=ORIENTED_EDGE('',*,*,#6902,.F.);
#9923=ORIENTED_EDGE('',*,*,#6903,.T.);
#9924=ORIENTED_EDGE('',*,*,#6904,.T.);
#9925=ORIENTED_EDGE('',*,*,#6903,.F.);
#9926=ORIENTED_EDGE('',*,*,#6905,.T.);
#9927=ORIENTED_EDGE('',*,*,#6906,.T.);
#9928=ORIENTED_EDGE('',*,*,#6907,.F.);
#9929=ORIENTED_EDGE('',*,*,#6908,.F.);
#9930=ORIENTED_EDGE('',*,*,#6909,.T.);
#9931=ORIENTED_EDGE('',*,*,#6908,.T.);
#9932=ORIENTED_EDGE('',*,*,#6910,.F.);
#9933=ORIENTED_EDGE('',*,*,#6911,.F.);
#9934=ORIENTED_EDGE('',*,*,#6912,.T.);
#9935=ORIENTED_EDGE('',*,*,#6911,.T.);
#9936=ORIENTED_EDGE('',*,*,#6913,.F.);
#9937=ORIENTED_EDGE('',*,*,#6914,.F.);
#9938=ORIENTED_EDGE('',*,*,#6915,.T.);
#9939=ORIENTED_EDGE('',*,*,#6914,.T.);
#9940=ORIENTED_EDGE('',*,*,#6916,.F.);
#9941=ORIENTED_EDGE('',*,*,#6917,.F.);
#9942=ORIENTED_EDGE('',*,*,#6918,.T.);
#9943=ORIENTED_EDGE('',*,*,#6917,.T.);
#9944=ORIENTED_EDGE('',*,*,#6919,.F.);
#9945=ORIENTED_EDGE('',*,*,#6920,.F.);
#9946=ORIENTED_EDGE('',*,*,#6921,.T.);
#9947=ORIENTED_EDGE('',*,*,#6920,.T.);
#9948=ORIENTED_EDGE('',*,*,#6922,.F.);
#9949=ORIENTED_EDGE('',*,*,#6906,.F.);
#9950=ORIENTED_EDGE('',*,*,#6922,.T.);
#9951=ORIENTED_EDGE('',*,*,#6919,.T.);
#9952=ORIENTED_EDGE('',*,*,#6916,.T.);
#9953=ORIENTED_EDGE('',*,*,#6913,.T.);
#9954=ORIENTED_EDGE('',*,*,#6910,.T.);
#9955=ORIENTED_EDGE('',*,*,#6907,.T.);
#9956=ORIENTED_EDGE('',*,*,#6902,.T.);
#9957=ORIENTED_EDGE('',*,*,#6921,.F.);
#9958=ORIENTED_EDGE('',*,*,#6905,.F.);
#9959=ORIENTED_EDGE('',*,*,#6909,.F.);
#9960=ORIENTED_EDGE('',*,*,#6912,.F.);
#9961=ORIENTED_EDGE('',*,*,#6915,.F.);
#9962=ORIENTED_EDGE('',*,*,#6918,.F.);
#9963=ORIENTED_EDGE('',*,*,#6904,.F.);
#9964=ORIENTED_EDGE('',*,*,#6923,.T.);
#9965=ORIENTED_EDGE('',*,*,#6924,.T.);
#9966=ORIENTED_EDGE('',*,*,#6925,.F.);
#9967=ORIENTED_EDGE('',*,*,#6924,.F.);
#9968=ORIENTED_EDGE('',*,*,#6926,.F.);
#9969=ORIENTED_EDGE('',*,*,#6927,.T.);
#9970=ORIENTED_EDGE('',*,*,#6928,.T.);
#9971=ORIENTED_EDGE('',*,*,#6929,.F.);
#9972=ORIENTED_EDGE('',*,*,#6930,.F.);
#9973=ORIENTED_EDGE('',*,*,#6931,.T.);
#9974=ORIENTED_EDGE('',*,*,#6932,.T.);
#9975=ORIENTED_EDGE('',*,*,#6927,.F.);
#9976=ORIENTED_EDGE('',*,*,#6933,.F.);
#9977=ORIENTED_EDGE('',*,*,#6934,.T.);
#9978=ORIENTED_EDGE('',*,*,#6935,.T.);
#9979=ORIENTED_EDGE('',*,*,#6931,.F.);
#9980=ORIENTED_EDGE('',*,*,#6936,.F.);
#9981=ORIENTED_EDGE('',*,*,#6937,.T.);
#9982=ORIENTED_EDGE('',*,*,#6938,.T.);
#9983=ORIENTED_EDGE('',*,*,#6934,.F.);
#9984=ORIENTED_EDGE('',*,*,#6939,.F.);
#9985=ORIENTED_EDGE('',*,*,#6940,.T.);
#9986=ORIENTED_EDGE('',*,*,#6941,.T.);
#9987=ORIENTED_EDGE('',*,*,#6937,.F.);
#9988=ORIENTED_EDGE('',*,*,#6942,.F.);
#9989=ORIENTED_EDGE('',*,*,#6929,.T.);
#9990=ORIENTED_EDGE('',*,*,#6943,.T.);
#9991=ORIENTED_EDGE('',*,*,#6940,.F.);
#9992=ORIENTED_EDGE('',*,*,#6943,.F.);
#9993=ORIENTED_EDGE('',*,*,#6928,.F.);
#9994=ORIENTED_EDGE('',*,*,#6932,.F.);
#9995=ORIENTED_EDGE('',*,*,#6935,.F.);
#9996=ORIENTED_EDGE('',*,*,#6938,.F.);
#9997=ORIENTED_EDGE('',*,*,#6941,.F.);
#9998=ORIENTED_EDGE('',*,*,#6923,.F.);
#9999=ORIENTED_EDGE('',*,*,#6942,.T.);
#10000=ORIENTED_EDGE('',*,*,#6939,.T.);
#10001=ORIENTED_EDGE('',*,*,#6936,.T.);
#10002=ORIENTED_EDGE('',*,*,#6933,.T.);
#10003=ORIENTED_EDGE('',*,*,#6930,.T.);
#10004=ORIENTED_EDGE('',*,*,#6926,.T.);
#10005=ORIENTED_EDGE('',*,*,#6925,.T.);
#10006=ORIENTED_EDGE('',*,*,#6944,.T.);
#10007=ORIENTED_EDGE('',*,*,#6945,.T.);
#10008=ORIENTED_EDGE('',*,*,#6946,.F.);
#10009=ORIENTED_EDGE('',*,*,#6945,.F.);
#10010=ORIENTED_EDGE('',*,*,#6947,.F.);
#10011=ORIENTED_EDGE('',*,*,#6948,.T.);
#10012=ORIENTED_EDGE('',*,*,#6949,.T.);
#10013=ORIENTED_EDGE('',*,*,#6950,.F.);
#10014=ORIENTED_EDGE('',*,*,#6951,.F.);
#10015=ORIENTED_EDGE('',*,*,#6952,.T.);
#10016=ORIENTED_EDGE('',*,*,#6953,.T.);
#10017=ORIENTED_EDGE('',*,*,#6948,.F.);
#10018=ORIENTED_EDGE('',*,*,#6954,.F.);
#10019=ORIENTED_EDGE('',*,*,#6955,.T.);
#10020=ORIENTED_EDGE('',*,*,#6956,.T.);
#10021=ORIENTED_EDGE('',*,*,#6952,.F.);
#10022=ORIENTED_EDGE('',*,*,#6957,.F.);
#10023=ORIENTED_EDGE('',*,*,#6958,.T.);
#10024=ORIENTED_EDGE('',*,*,#6959,.T.);
#10025=ORIENTED_EDGE('',*,*,#6955,.F.);
#10026=ORIENTED_EDGE('',*,*,#6960,.F.);
#10027=ORIENTED_EDGE('',*,*,#6961,.T.);
#10028=ORIENTED_EDGE('',*,*,#6962,.T.);
#10029=ORIENTED_EDGE('',*,*,#6958,.F.);
#10030=ORIENTED_EDGE('',*,*,#6963,.F.);
#10031=ORIENTED_EDGE('',*,*,#6950,.T.);
#10032=ORIENTED_EDGE('',*,*,#6964,.T.);
#10033=ORIENTED_EDGE('',*,*,#6961,.F.);
#10034=ORIENTED_EDGE('',*,*,#6964,.F.);
#10035=ORIENTED_EDGE('',*,*,#6949,.F.);
#10036=ORIENTED_EDGE('',*,*,#6953,.F.);
#10037=ORIENTED_EDGE('',*,*,#6956,.F.);
#10038=ORIENTED_EDGE('',*,*,#6959,.F.);
#10039=ORIENTED_EDGE('',*,*,#6962,.F.);
#10040=ORIENTED_EDGE('',*,*,#6944,.F.);
#10041=ORIENTED_EDGE('',*,*,#6963,.T.);
#10042=ORIENTED_EDGE('',*,*,#6960,.T.);
#10043=ORIENTED_EDGE('',*,*,#6957,.T.);
#10044=ORIENTED_EDGE('',*,*,#6954,.T.);
#10045=ORIENTED_EDGE('',*,*,#6951,.T.);
#10046=ORIENTED_EDGE('',*,*,#6947,.T.);
#10047=ORIENTED_EDGE('',*,*,#6946,.T.);
#10048=ORIENTED_EDGE('',*,*,#6965,.F.);
#10049=ORIENTED_EDGE('',*,*,#6966,.T.);
#10050=ORIENTED_EDGE('',*,*,#6967,.T.);
#10051=ORIENTED_EDGE('',*,*,#6966,.F.);
#10052=ORIENTED_EDGE('',*,*,#6968,.T.);
#10053=ORIENTED_EDGE('',*,*,#6969,.T.);
#10054=ORIENTED_EDGE('',*,*,#6970,.F.);
#10055=ORIENTED_EDGE('',*,*,#6971,.F.);
#10056=ORIENTED_EDGE('',*,*,#6972,.T.);
#10057=ORIENTED_EDGE('',*,*,#6971,.T.);
#10058=ORIENTED_EDGE('',*,*,#6973,.F.);
#10059=ORIENTED_EDGE('',*,*,#6974,.F.);
#10060=ORIENTED_EDGE('',*,*,#6975,.T.);
#10061=ORIENTED_EDGE('',*,*,#6974,.T.);
#10062=ORIENTED_EDGE('',*,*,#6976,.F.);
#10063=ORIENTED_EDGE('',*,*,#6977,.F.);
#10064=ORIENTED_EDGE('',*,*,#6978,.T.);
#10065=ORIENTED_EDGE('',*,*,#6977,.T.);
#10066=ORIENTED_EDGE('',*,*,#6979,.F.);
#10067=ORIENTED_EDGE('',*,*,#6980,.F.);
#10068=ORIENTED_EDGE('',*,*,#6981,.T.);
#10069=ORIENTED_EDGE('',*,*,#6980,.T.);
#10070=ORIENTED_EDGE('',*,*,#6982,.F.);
#10071=ORIENTED_EDGE('',*,*,#6983,.F.);
#10072=ORIENTED_EDGE('',*,*,#6984,.T.);
#10073=ORIENTED_EDGE('',*,*,#6983,.T.);
#10074=ORIENTED_EDGE('',*,*,#6985,.F.);
#10075=ORIENTED_EDGE('',*,*,#6969,.F.);
#10076=ORIENTED_EDGE('',*,*,#6985,.T.);
#10077=ORIENTED_EDGE('',*,*,#6982,.T.);
#10078=ORIENTED_EDGE('',*,*,#6979,.T.);
#10079=ORIENTED_EDGE('',*,*,#6976,.T.);
#10080=ORIENTED_EDGE('',*,*,#6973,.T.);
#10081=ORIENTED_EDGE('',*,*,#6970,.T.);
#10082=ORIENTED_EDGE('',*,*,#6965,.T.);
#10083=ORIENTED_EDGE('',*,*,#6984,.F.);
#10084=ORIENTED_EDGE('',*,*,#6968,.F.);
#10085=ORIENTED_EDGE('',*,*,#6972,.F.);
#10086=ORIENTED_EDGE('',*,*,#6975,.F.);
#10087=ORIENTED_EDGE('',*,*,#6978,.F.);
#10088=ORIENTED_EDGE('',*,*,#6981,.F.);
#10089=ORIENTED_EDGE('',*,*,#6967,.F.);
#10090=PLANE('',#11178);
#10091=PLANE('',#11179);
#10092=PLANE('',#11180);
#10093=PLANE('',#11181);
#10094=PLANE('',#11182);
#10095=PLANE('',#11183);
#10096=PLANE('',#11184);
#10097=PLANE('',#11185);
#10098=PLANE('',#11186);
#10099=PLANE('',#11187);
#10100=PLANE('',#11188);
#10101=PLANE('',#11189);
#10102=PLANE('',#11190);
#10103=PLANE('',#11191);
#10104=PLANE('',#11192);
#10105=PLANE('',#11193);
#10106=PLANE('',#11194);
#10107=PLANE('',#11195);
#10108=PLANE('',#11210);
#10109=PLANE('',#11214);
#10110=PLANE('',#11217);
#10111=PLANE('',#11218);
#10112=PLANE('',#11221);
#10113=PLANE('',#11228);
#10114=PLANE('',#11231);
#10115=PLANE('',#11235);
#10116=PLANE('',#11236);
#10117=PLANE('',#11240);
#10118=PLANE('',#11241);
#10119=PLANE('',#11242);
#10120=PLANE('',#11243);
#10121=PLANE('',#11247);
#10122=PLANE('',#11248);
#10123=PLANE('',#11249);
#10124=PLANE('',#11253);
#10125=PLANE('',#11254);
#10126=PLANE('',#11255);
#10127=PLANE('',#11257);
#10128=PLANE('',#11258);
#10129=PLANE('',#11259);
#10130=PLANE('',#11260);
#10131=PLANE('',#11261);
#10132=PLANE('',#11272);
#10133=PLANE('',#11273);
#10134=PLANE('',#11274);
#10135=PLANE('',#11275);
#10136=PLANE('',#11276);
#10137=PLANE('',#11277);
#10138=PLANE('',#11279);
#10139=PLANE('',#11280);
#10140=PLANE('',#11281);
#10141=PLANE('',#11282);
#10142=PLANE('',#11293);
#10143=PLANE('',#11294);
#10144=PLANE('',#11295);
#10145=PLANE('',#11296);
#10146=PLANE('',#11297);
#10147=PLANE('',#11299);
#10148=PLANE('',#11300);
#10149=PLANE('',#11301);
#10150=PLANE('',#11302);
#10151=PLANE('',#11303);
#10152=PLANE('',#11304);
#10153=PLANE('',#11305);
#10154=PLANE('',#11306);
#10155=PLANE('',#11307);
#10156=PLANE('',#11308);
#10157=PLANE('',#11309);
#10158=PLANE('',#11310);
#10159=PLANE('',#11311);
#10160=PLANE('',#11312);
#10161=PLANE('',#11313);
#10162=PLANE('',#11314);
#10163=PLANE('',#11315);
#10164=PLANE('',#11316);
#10165=PLANE('',#11317);
#10166=PLANE('',#11318);
#10167=PLANE('',#11319);
#10168=PLANE('',#11320);
#10169=PLANE('',#11321);
#10170=PLANE('',#11322);
#10171=PLANE('',#11323);
#10172=PLANE('',#11324);
#10173=PLANE('',#11325);
#10174=PLANE('',#11326);
#10175=PLANE('',#11329);
#10176=PLANE('',#11332);
#10177=PLANE('',#11336);
#10178=PLANE('',#11343);
#10179=PLANE('',#11354);
#10180=PLANE('',#11358);
#10181=PLANE('',#11359);
#10182=PLANE('',#11360);
#10183=PLANE('',#11367);
#10184=PLANE('',#11371);
#10185=PLANE('',#11372);
#10186=PLANE('',#11373);
#10187=PLANE('',#11374);
#10188=PLANE('',#11375);
#10189=PLANE('',#11376);
#10190=PLANE('',#11379);
#10191=PLANE('',#11384);
#10192=PLANE('',#11387);
#10193=PLANE('',#11395);
#10194=PLANE('',#11412);
#10195=PLANE('',#11419);
#10196=PLANE('',#11423);
#10197=PLANE('',#11424);
#10198=PLANE('',#11425);
#10199=PLANE('',#11426);
#10200=PLANE('',#11427);
#10201=PLANE('',#11428);
#10202=PLANE('',#11429);
#10203=PLANE('',#11430);
#10204=PLANE('',#11431);
#10205=PLANE('',#11432);
#10206=PLANE('',#11433);
#10207=PLANE('',#11434);
#10208=PLANE('',#11435);
#10209=PLANE('',#11436);
#10210=PLANE('',#11440);
#10211=PLANE('',#11441);
#10212=PLANE('',#11442);
#10213=PLANE('',#11443);
#10214=PLANE('',#11444);
#10215=PLANE('',#11445);
#10216=PLANE('',#11446);
#10217=PLANE('',#11447);
#10218=PLANE('',#11448);
#10219=PLANE('',#11449);
#10220=PLANE('',#11450);
#10221=PLANE('',#11451);
#10222=PLANE('',#11452);
#10223=PLANE('',#11453);
#10224=PLANE('',#11454);
#10225=PLANE('',#11455);
#10226=PLANE('',#11456);
#10227=PLANE('',#11457);
#10228=PLANE('',#11458);
#10229=PLANE('',#11459);
#10230=PLANE('',#11460);
#10231=PLANE('',#11461);
#10232=PLANE('',#11462);
#10233=PLANE('',#11463);
#10234=PLANE('',#11464);
#10235=PLANE('',#11465);
#10236=PLANE('',#11466);
#10237=PLANE('',#11467);
#10238=PLANE('',#11468);
#10239=PLANE('',#11469);
#10240=PLANE('',#11470);
#10241=PLANE('',#11471);
#10242=PLANE('',#11472);
#10243=PLANE('',#11473);
#10244=PLANE('',#11474);
#10245=PLANE('',#11475);
#10246=PLANE('',#11476);
#10247=PLANE('',#11477);
#10248=PLANE('',#11478);
#10249=PLANE('',#11483);
#10250=PLANE('',#11484);
#10251=PLANE('',#11485);
#10252=PLANE('',#11486);
#10253=PLANE('',#11487);
#10254=PLANE('',#11488);
#10255=PLANE('',#11489);
#10256=PLANE('',#11490);
#10257=PLANE('',#11499);
#10258=PLANE('',#11503);
#10259=PLANE('',#11505);
#10260=PLANE('',#11507);
#10261=PLANE('',#11509);
#10262=PLANE('',#11510);
#10263=PLANE('',#11511);
#10264=PLANE('',#11515);
#10265=PLANE('',#11516);
#10266=PLANE('',#11523);
#10267=PLANE('',#11527);
#10268=PLANE('',#11528);
#10269=PLANE('',#11529);
#10270=PLANE('',#11530);
#10271=PLANE('',#11531);
#10272=PLANE('',#11532);
#10273=PLANE('',#11533);
#10274=PLANE('',#11534);
#10275=PLANE('',#11535);
#10276=PLANE('',#11536);
#10277=PLANE('',#11537);
#10278=PLANE('',#11538);
#10279=PLANE('',#11539);
#10280=PLANE('',#11540);
#10281=PLANE('',#11541);
#10282=PLANE('',#11545);
#10283=PLANE('',#11548);
#10284=PLANE('',#11553);
#10285=PLANE('',#11554);
#10286=PLANE('',#11555);
#10287=PLANE('',#11556);
#10288=PLANE('',#11561);
#10289=PLANE('',#11576);
#10290=PLANE('',#11618);
#10291=PLANE('',#11619);
#10292=PLANE('',#11620);
#10293=PLANE('',#11621);
#10294=PLANE('',#11622);
#10295=PLANE('',#11623);
#10296=PLANE('',#11624);
#10297=PLANE('',#11625);
#10298=PLANE('',#11626);
#10299=PLANE('',#11627);
#10300=PLANE('',#11628);
#10301=PLANE('',#11629);
#10302=PLANE('',#11633);
#10303=PLANE('',#11634);
#10304=PLANE('',#11638);
#10305=PLANE('',#11639);
#10306=PLANE('',#11643);
#10307=PLANE('',#11644);
#10308=PLANE('',#11648);
#10309=PLANE('',#11649);
#10310=PLANE('',#11653);
#10311=PLANE('',#11654);
#10312=PLANE('',#11658);
#10313=PLANE('',#11659);
#10314=PLANE('',#11663);
#10315=PLANE('',#11664);
#10316=PLANE('',#11668);
#10317=PLANE('',#11669);
#10318=PLANE('',#11673);
#10319=PLANE('',#11674);
#10320=PLANE('',#11678);
#10321=PLANE('',#11679);
#10322=PLANE('',#11683);
#10323=PLANE('',#11684);
#10324=PLANE('',#11688);
#10325=PLANE('',#11689);
#10326=PLANE('',#11693);
#10327=PLANE('',#11694);
#10328=PLANE('',#11698);
#10329=PLANE('',#11699);
#10330=PLANE('',#11703);
#10331=PLANE('',#11704);
#10332=PLANE('',#11708);
#10333=PLANE('',#11709);
#10334=PLANE('',#11713);
#10335=PLANE('',#11714);
#10336=PLANE('',#11718);
#10337=PLANE('',#11719);
#10338=PLANE('',#11723);
#10339=PLANE('',#11724);
#10340=PLANE('',#11728);
#10341=PLANE('',#11729);
#10342=PLANE('',#11733);
#10343=PLANE('',#11734);
#10344=PLANE('',#11738);
#10345=PLANE('',#11739);
#10346=PLANE('',#11743);
#10347=PLANE('',#11744);
#10348=PLANE('',#11748);
#10349=PLANE('',#11749);
#10350=PLANE('',#11753);
#10351=PLANE('',#11754);
#10352=PLANE('',#11758);
#10353=PLANE('',#11759);
#10354=PLANE('',#11763);
#10355=PLANE('',#11764);
#10356=PLANE('',#11768);
#10357=PLANE('',#11769);
#10358=PLANE('',#11773);
#10359=PLANE('',#11774);
#10360=PLANE('',#11778);
#10361=PLANE('',#11779);
#10362=PLANE('',#11786);
#10363=PLANE('',#11787);
#10364=PLANE('',#11788);
#10365=PLANE('',#11789);
#10366=PLANE('',#11790);
#10367=PLANE('',#11794);
#10368=PLANE('',#11798);
#10369=PLANE('',#11805);
#10370=PLANE('',#11806);
#10371=PLANE('',#11810);
#10372=PLANE('',#11811);
#10373=PLANE('',#11812);
#10374=PLANE('',#11813);
#10375=PLANE('',#11820);
#10376=PLANE('',#11824);
#10377=PLANE('',#11825);
#10378=PLANE('',#11826);
#10379=PLANE('',#11827);
#10380=PLANE('',#11828);
#10381=PLANE('',#11832);
#10382=PLANE('',#11835);
#10383=PLANE('',#11840);
#10384=PLANE('',#11841);
#10385=PLANE('',#11842);
#10386=PLANE('',#11843);
#10387=PLANE('',#11847);
#10388=PLANE('',#11848);
#10389=PLANE('',#11879);
#10390=PLANE('',#11880);
#10391=PLANE('',#11881);
#10392=PLANE('',#11882);
#10393=PLANE('',#11883);
#10394=PLANE('',#11884);
#10395=PLANE('',#11888);
#10396=PLANE('',#11889);
#10397=PLANE('',#11893);
#10398=PLANE('',#11894);
#10399=PLANE('',#11898);
#10400=PLANE('',#11899);
#10401=PLANE('',#11903);
#10402=PLANE('',#11904);
#10403=PLANE('',#11908);
#10404=PLANE('',#11909);
#10405=PLANE('',#11913);
#10406=PLANE('',#11914);
#10407=PLANE('',#11918);
#10408=PLANE('',#11919);
#10409=PLANE('',#11923);
#10410=PLANE('',#11924);
#10411=PLANE('',#11928);
#10412=PLANE('',#11929);
#10413=PLANE('',#11933);
#10414=PLANE('',#11934);
#10415=PLANE('',#11938);
#10416=PLANE('',#11939);
#10417=PLANE('',#11943);
#10418=PLANE('',#11944);
#10419=PLANE('',#11948);
#10420=PLANE('',#11949);
#10421=PLANE('',#11953);
#10422=PLANE('',#11954);
#10423=PLANE('',#11958);
#10424=PLANE('',#11959);
#10425=PLANE('',#11963);
#10426=PLANE('',#11964);
#10427=PLANE('',#11968);
#10428=PLANE('',#11969);
#10429=PLANE('',#11973);
#10430=PLANE('',#11974);
#10431=PLANE('',#11978);
#10432=PLANE('',#11979);
#10433=PLANE('',#11983);
#10434=PLANE('',#11984);
#10435=PLANE('',#11988);
#10436=PLANE('',#11989);
#10437=PLANE('',#11993);
#10438=PLANE('',#11994);
#10439=PLANE('',#11998);
#10440=PLANE('',#11999);
#10441=PLANE('',#12003);
#10442=PLANE('',#12004);
#10443=PLANE('',#12008);
#10444=PLANE('',#12009);
#10445=PLANE('',#12013);
#10446=PLANE('',#12014);
#10447=PLANE('',#12018);
#10448=PLANE('',#12019);
#10449=PLANE('',#12023);
#10450=PLANE('',#12024);
#10451=PLANE('',#12028);
#10452=PLANE('',#12029);
#10453=PLANE('',#12033);
#10454=PLANE('',#12034);
#10455=PLANE('',#12041);
#10456=PLANE('',#12042);
#10457=PLANE('',#12043);
#10458=PLANE('',#12044);
#10459=PLANE('',#12045);
#10460=PLANE('',#12049);
#10461=PLANE('',#12053);
#10462=PLANE('',#12060);
#10463=PLANE('',#12061);
#10464=PLANE('',#12065);
#10465=PLANE('',#12066);
#10466=PLANE('',#12067);
#10467=PLANE('',#12068);
#10468=PLANE('',#12072);
#10469=PLANE('',#12076);
#10470=PLANE('',#12077);
#10471=PLANE('',#12078);
#10472=PLANE('',#12082);
#10473=PLANE('',#12083);
#10474=PLANE('',#12087);
#10475=PLANE('',#12091);
#10476=PLANE('',#12092);
#10477=PLANE('',#12093);
#10478=PLANE('',#12097);
#10479=PLANE('',#12098);
#10480=PLANE('',#12102);
#10481=PLANE('',#12106);
#10482=PLANE('',#12107);
#10483=PLANE('',#12108);
#10484=PLANE('',#12112);
#10485=PLANE('',#12113);
#10486=PLANE('',#12117);
#10487=PLANE('',#12121);
#10488=PLANE('',#12122);
#10489=PLANE('',#12123);
#10490=PLANE('',#12127);
#10491=PLANE('',#12128);
#10492=ADVANCED_FACE('',(#791),#10090,.F.);
#10493=ADVANCED_FACE('',(#792),#10091,.F.);
#10494=ADVANCED_FACE('',(#793),#10092,.F.);
#10495=ADVANCED_FACE('',(#794),#10093,.F.);
#10496=ADVANCED_FACE('',(#795),#10094,.T.);
#10497=ADVANCED_FACE('',(#796),#10095,.T.);
#10498=ADVANCED_FACE('',(#797),#10096,.T.);
#10499=ADVANCED_FACE('',(#798),#10097,.T.);
#10500=ADVANCED_FACE('',(#799),#10098,.T.);
#10501=ADVANCED_FACE('',(#800),#10099,.T.);
#10502=ADVANCED_FACE('',(#801),#10100,.T.);
#10503=ADVANCED_FACE('',(#802),#10101,.T.);
#10504=ADVANCED_FACE('',(#803),#10102,.T.);
#10505=ADVANCED_FACE('',(#804),#10103,.T.);
#10506=ADVANCED_FACE('',(#805),#10104,.T.);
#10507=ADVANCED_FACE('',(#806),#10105,.T.);
#10508=ADVANCED_FACE('',(#807,#689,#690),#10106,.T.);
#10509=ADVANCED_FACE('',(#808,#691,#692),#10107,.F.);
#10510=ADVANCED_FACE('',(#809),#463,.T.);
#10511=ADVANCED_FACE('',(#810),#464,.T.);
#10512=ADVANCED_FACE('',(#811),#92,.T.);
#10513=ADVANCED_FACE('',(#812),#465,.T.);
#10514=ADVANCED_FACE('',(#813),#91,.T.);
#10515=ADVANCED_FACE('',(#814),#10108,.T.);
#10516=ADVANCED_FACE('',(#815),#466,.T.);
#10517=ADVANCED_FACE('',(#816),#10109,.T.);
#10518=ADVANCED_FACE('',(#817),#467,.T.);
#10519=ADVANCED_FACE('',(#818),#10110,.T.);
#10520=ADVANCED_FACE('',(#819),#10111,.T.);
#10521=ADVANCED_FACE('',(#820),#90,.F.);
#10522=ADVANCED_FACE('',(#821),#10112,.T.);
#10523=ADVANCED_FACE('',(#822),#468,.T.);
#10524=ADVANCED_FACE('',(#823),#469,.T.);
#10525=ADVANCED_FACE('',(#824),#93,.T.);
#10526=ADVANCED_FACE('',(#825),#10113,.T.);
#10527=ADVANCED_FACE('',(#826),#470,.F.);
#10528=ADVANCED_FACE('',(#827),#10114,.F.);
#10529=ADVANCED_FACE('',(#828),#471,.T.);
#10530=ADVANCED_FACE('',(#829),#10115,.T.);
#10531=ADVANCED_FACE('',(#830),#10116,.T.);
#10532=ADVANCED_FACE('',(#831),#472,.T.);
#10533=ADVANCED_FACE('',(#832),#10117,.T.);
#10534=ADVANCED_FACE('',(#833),#10118,.T.);
#10535=ADVANCED_FACE('',(#834),#10119,.T.);
#10536=ADVANCED_FACE('',(#835),#10120,.F.);
#10537=ADVANCED_FACE('',(#836),#473,.T.);
#10538=ADVANCED_FACE('',(#837),#10121,.F.);
#10539=ADVANCED_FACE('',(#838),#10122,.F.);
#10540=ADVANCED_FACE('',(#839),#10123,.F.);
#10541=ADVANCED_FACE('',(#840),#474,.T.);
#10542=ADVANCED_FACE('',(#841),#10124,.F.);
#10543=ADVANCED_FACE('',(#842),#10125,.F.);
#10544=ADVANCED_FACE('',(#843),#10126,.T.);
#10545=ADVANCED_FACE('',(#844),#10127,.T.);
#10546=ADVANCED_FACE('',(#845),#10128,.T.);
#10547=ADVANCED_FACE('',(#846),#10129,.T.);
#10548=ADVANCED_FACE('',(#847),#10130,.T.);
#10549=ADVANCED_FACE('',(#848,#693),#10131,.F.);
#10550=ADVANCED_FACE('',(#849),#94,.F.);
#10551=ADVANCED_FACE('',(#850),#475,.F.);
#10552=ADVANCED_FACE('',(#851),#95,.T.);
#10553=ADVANCED_FACE('',(#852),#10132,.T.);
#10554=ADVANCED_FACE('',(#853),#10133,.T.);
#10555=ADVANCED_FACE('',(#854),#10134,.T.);
#10556=ADVANCED_FACE('',(#855),#10135,.T.);
#10557=ADVANCED_FACE('',(#856,#694),#10136,.T.);
#10558=ADVANCED_FACE('',(#857,#695),#10137,.F.);
#10559=ADVANCED_FACE('',(#858),#10138,.T.);
#10560=ADVANCED_FACE('',(#859),#10139,.T.);
#10561=ADVANCED_FACE('',(#860),#10140,.T.);
#10562=ADVANCED_FACE('',(#861),#10141,.T.);
#10563=ADVANCED_FACE('',(#862),#96,.T.);
#10564=ADVANCED_FACE('',(#863),#476,.F.);
#10565=ADVANCED_FACE('',(#864),#97,.F.);
#10566=ADVANCED_FACE('',(#865),#10142,.T.);
#10567=ADVANCED_FACE('',(#866),#10143,.T.);
#10568=ADVANCED_FACE('',(#867),#10144,.T.);
#10569=ADVANCED_FACE('',(#868),#10145,.T.);
#10570=ADVANCED_FACE('',(#869,#696),#10146,.T.);
#10571=ADVANCED_FACE('',(#870),#10147,.F.);
#10572=ADVANCED_FACE('',(#871),#10148,.F.);
#10573=ADVANCED_FACE('',(#872),#10149,.F.);
#10574=ADVANCED_FACE('',(#873),#10150,.F.);
#10575=ADVANCED_FACE('',(#874,#697),#10151,.F.);
#10576=ADVANCED_FACE('',(#875),#10152,.T.);
#10577=ADVANCED_FACE('',(#876),#10153,.T.);
#10578=ADVANCED_FACE('',(#877),#10154,.T.);
#10579=ADVANCED_FACE('',(#878),#10155,.T.);
#10580=ADVANCED_FACE('',(#879),#10156,.F.);
#10581=ADVANCED_FACE('',(#880),#10157,.F.);
#10582=ADVANCED_FACE('',(#881),#10158,.F.);
#10583=ADVANCED_FACE('',(#882),#10159,.F.);
#10584=ADVANCED_FACE('',(#883,#698),#10160,.F.);
#10585=ADVANCED_FACE('',(#884,#699,#700),#10161,.T.);
#10586=ADVANCED_FACE('',(#885),#10162,.F.);
#10587=ADVANCED_FACE('',(#886),#10163,.F.);
#10588=ADVANCED_FACE('',(#887),#10164,.F.);
#10589=ADVANCED_FACE('',(#888),#10165,.F.);
#10590=ADVANCED_FACE('',(#889),#10166,.T.);
#10591=ADVANCED_FACE('',(#890),#10167,.T.);
#10592=ADVANCED_FACE('',(#891),#10168,.T.);
#10593=ADVANCED_FACE('',(#892),#10169,.T.);
#10594=ADVANCED_FACE('',(#893),#10170,.T.);
#10595=ADVANCED_FACE('',(#894),#10171,.T.);
#10596=ADVANCED_FACE('',(#895),#10172,.T.);
#10597=ADVANCED_FACE('',(#896),#10173,.T.);
#10598=ADVANCED_FACE('',(#897,#701,#702),#10174,.F.);
#10599=ADVANCED_FACE('',(#898),#10175,.F.);
#10600=ADVANCED_FACE('',(#899),#477,.F.);
#10601=ADVANCED_FACE('',(#900,#703),#10176,.T.);
#10602=ADVANCED_FACE('',(#901),#10177,.T.);
#10603=ADVANCED_FACE('',(#902),#478,.F.);
#10604=ADVANCED_FACE('',(#903),#479,.F.);
#10605=ADVANCED_FACE('',(#904,#704),#10178,.F.);
#10606=ADVANCED_FACE('',(#905),#98,.F.);
#10607=ADVANCED_FACE('',(#906),#480,.T.);
#10608=ADVANCED_FACE('',(#907),#481,.F.);
#10609=ADVANCED_FACE('',(#908),#482,.T.);
#10610=ADVANCED_FACE('',(#909),#10179,.F.);
#10611=ADVANCED_FACE('',(#910),#483,.T.);
#10612=ADVANCED_FACE('',(#911,#705),#10180,.F.);
#10613=ADVANCED_FACE('',(#912,#706),#10181,.T.);
#10614=ADVANCED_FACE('',(#913),#10182,.T.);
#10615=ADVANCED_FACE('',(#914),#484,.F.);
#10616=ADVANCED_FACE('',(#915),#485,.T.);
#10617=ADVANCED_FACE('',(#916),#10183,.T.);
#10618=ADVANCED_FACE('',(#917),#486,.T.);
#10619=ADVANCED_FACE('',(#918,#707),#10184,.F.);
#10620=ADVANCED_FACE('',(#919),#10185,.T.);
#10621=ADVANCED_FACE('',(#920),#10186,.T.);
#10622=ADVANCED_FACE('',(#921,#708),#10187,.T.);
#10623=ADVANCED_FACE('',(#922),#10188,.T.);
#10624=ADVANCED_FACE('',(#923),#10189,.T.);
#10625=ADVANCED_FACE('',(#924),#487,.F.);
#10626=ADVANCED_FACE('',(#925),#10190,.F.);
#10627=ADVANCED_FACE('',(#926),#488,.T.);
#10628=ADVANCED_FACE('',(#927),#10191,.T.);
#10629=ADVANCED_FACE('',(#928),#489,.F.);
#10630=ADVANCED_FACE('',(#929,#709),#10192,.F.);
#10631=ADVANCED_FACE('',(#930),#99,.F.);
#10632=ADVANCED_FACE('',(#931),#490,.F.);
#10633=ADVANCED_FACE('',(#932,#710,#711),#10193,.T.);
#10634=ADVANCED_FACE('',(#933,#712),#491,.F.);
#10635=ADVANCED_FACE('',(#934),#492,.F.);
#10636=ADVANCED_FACE('',(#935),#493,.F.);
#10637=ADVANCED_FACE('',(#936),#494,.F.);
#10638=ADVANCED_FACE('',(#937),#495,.F.);
#10639=ADVANCED_FACE('',(#938),#10194,.T.);
#10640=ADVANCED_FACE('',(#939),#496,.F.);
#10641=ADVANCED_FACE('',(#940),#497,.F.);
#10642=ADVANCED_FACE('',(#941),#10195,.T.);
#10643=ADVANCED_FACE('',(#942),#498,.F.);
#10644=ADVANCED_FACE('',(#943,#713),#10196,.T.);
#10645=ADVANCED_FACE('',(#944,#714,#715,#716),#10197,.T.);
#10646=ADVANCED_FACE('',(#945),#10198,.T.);
#10647=ADVANCED_FACE('',(#946),#10199,.F.);
#10648=ADVANCED_FACE('',(#947),#10200,.T.);
#10649=ADVANCED_FACE('',(#948),#10201,.T.);
#10650=ADVANCED_FACE('',(#949),#10202,.T.);
#10651=ADVANCED_FACE('',(#950),#10203,.T.);
#10652=ADVANCED_FACE('',(#951,#717,#718,#719),#10204,.T.);
#10653=ADVANCED_FACE('',(#952),#10205,.T.);
#10654=ADVANCED_FACE('',(#953),#10206,.T.);
#10655=ADVANCED_FACE('',(#954),#10207,.T.);
#10656=ADVANCED_FACE('',(#955),#10208,.T.);
#10657=ADVANCED_FACE('',(#956,#720),#10209,.T.);
#10658=ADVANCED_FACE('',(#957),#10210,.F.);
#10659=ADVANCED_FACE('',(#958),#10211,.F.);
#10660=ADVANCED_FACE('',(#959),#10212,.F.);
#10661=ADVANCED_FACE('',(#960),#10213,.F.);
#10662=ADVANCED_FACE('',(#961),#10214,.F.);
#10663=ADVANCED_FACE('',(#962,#721),#10215,.T.);
#10664=ADVANCED_FACE('',(#963),#10216,.F.);
#10665=ADVANCED_FACE('',(#964),#10217,.F.);
#10666=ADVANCED_FACE('',(#965),#10218,.F.);
#10667=ADVANCED_FACE('',(#966),#10219,.F.);
#10668=ADVANCED_FACE('',(#967),#10220,.F.);
#10669=ADVANCED_FACE('',(#968),#10221,.F.);
#10670=ADVANCED_FACE('',(#969),#10222,.F.);
#10671=ADVANCED_FACE('',(#970),#10223,.F.);
#10672=ADVANCED_FACE('',(#971),#10224,.F.);
#10673=ADVANCED_FACE('',(#972),#10225,.F.);
#10674=ADVANCED_FACE('',(#973),#10226,.F.);
#10675=ADVANCED_FACE('',(#974),#10227,.F.);
#10676=ADVANCED_FACE('',(#975),#10228,.F.);
#10677=ADVANCED_FACE('',(#976),#10229,.F.);
#10678=ADVANCED_FACE('',(#977),#10230,.F.);
#10679=ADVANCED_FACE('',(#978),#10231,.F.);
#10680=ADVANCED_FACE('',(#979),#10232,.F.);
#10681=ADVANCED_FACE('',(#980),#10233,.F.);
#10682=ADVANCED_FACE('',(#981),#10234,.F.);
#10683=ADVANCED_FACE('',(#982),#10235,.F.);
#10684=ADVANCED_FACE('',(#983),#10236,.F.);
#10685=ADVANCED_FACE('',(#984),#10237,.F.);
#10686=ADVANCED_FACE('',(#985),#10238,.F.);
#10687=ADVANCED_FACE('',(#986),#10239,.F.);
#10688=ADVANCED_FACE('',(#987),#10240,.F.);
#10689=ADVANCED_FACE('',(#988),#10241,.F.);
#10690=ADVANCED_FACE('',(#989),#10242,.F.);
#10691=ADVANCED_FACE('',(#990),#10243,.F.);
#10692=ADVANCED_FACE('',(#991),#10244,.F.);
#10693=ADVANCED_FACE('',(#992),#10245,.T.);
#10694=ADVANCED_FACE('',(#993),#10246,.T.);
#10695=ADVANCED_FACE('',(#994),#10247,.T.);
#10696=ADVANCED_FACE('',(#995,#722),#10248,.F.);
#10697=ADVANCED_FACE('',(#996),#10249,.F.);
#10698=ADVANCED_FACE('',(#997),#10250,.F.);
#10699=ADVANCED_FACE('',(#998),#10251,.F.);
#10700=ADVANCED_FACE('',(#999),#10252,.F.);
#10701=ADVANCED_FACE('',(#1000),#10253,.F.);
#10702=ADVANCED_FACE('',(#1001),#10254,.F.);
#10703=ADVANCED_FACE('',(#1002),#10255,.F.);
#10704=ADVANCED_FACE('',(#1003,#723),#10256,.T.);
#10705=ADVANCED_FACE('',(#1004),#499,.T.);
#10706=ADVANCED_FACE('',(#1005),#10257,.F.);
#10707=ADVANCED_FACE('',(#1006),#500,.T.);
#10708=ADVANCED_FACE('',(#1007),#501,.F.);
#10709=ADVANCED_FACE('',(#1008),#10258,.F.);
#10710=ADVANCED_FACE('',(#1009),#502,.F.);
#10711=ADVANCED_FACE('',(#1010),#10259,.F.);
#10712=ADVANCED_FACE('',(#1011),#503,.F.);
#10713=ADVANCED_FACE('',(#1012),#10260,.F.);
#10714=ADVANCED_FACE('',(#1013),#504,.F.);
#10715=ADVANCED_FACE('',(#1014),#10261,.F.);
#10716=ADVANCED_FACE('',(#1015),#10262,.F.);
#10717=ADVANCED_FACE('',(#1016,#724),#10263,.T.);
#10718=ADVANCED_FACE('',(#1017),#505,.T.);
#10719=ADVANCED_FACE('',(#1018),#10264,.T.);
#10720=ADVANCED_FACE('',(#1019),#10265,.F.);
#10721=ADVANCED_FACE('',(#1020),#506,.F.);
#10722=ADVANCED_FACE('',(#1021),#507,.T.);
#10723=ADVANCED_FACE('',(#1022),#10266,.T.);
#10724=ADVANCED_FACE('',(#1023),#508,.T.);
#10725=ADVANCED_FACE('',(#1024),#10267,.T.);
#10726=ADVANCED_FACE('',(#1025),#10268,.T.);
#10727=ADVANCED_FACE('',(#1026),#10269,.T.);
#10728=ADVANCED_FACE('',(#1027,#725),#10270,.T.);
#10729=ADVANCED_FACE('',(#1028,#726),#10271,.F.);
#10730=ADVANCED_FACE('',(#1029),#10272,.T.);
#10731=ADVANCED_FACE('',(#1030),#10273,.T.);
#10732=ADVANCED_FACE('',(#1031),#10274,.T.);
#10733=ADVANCED_FACE('',(#1032),#10275,.T.);
#10734=ADVANCED_FACE('',(#1033),#10276,.T.);
#10735=ADVANCED_FACE('',(#1034),#10277,.T.);
#10736=ADVANCED_FACE('',(#1035),#10278,.T.);
#10737=ADVANCED_FACE('',(#1036),#10279,.T.);
#10738=ADVANCED_FACE('',(#1037,#727),#10280,.T.);
#10739=ADVANCED_FACE('',(#1038,#728),#10281,.F.);
#10740=ADVANCED_FACE('',(#1039),#509,.T.);
#10741=ADVANCED_FACE('',(#1040,#729),#10282,.T.);
#10742=ADVANCED_FACE('',(#1041),#10283,.T.);
#10743=ADVANCED_FACE('',(#1042),#510,.T.);
#10744=ADVANCED_FACE('',(#1043),#511,.F.);
#10745=ADVANCED_FACE('',(#1044),#10284,.T.);
#10746=ADVANCED_FACE('',(#1045,#730),#10285,.T.);
#10747=ADVANCED_FACE('',(#1046),#10286,.T.);
#10748=ADVANCED_FACE('',(#1047),#10287,.F.);
#10749=ADVANCED_FACE('',(#1048),#23,.T.);
#10750=ADVANCED_FACE('',(#1049),#10288,.F.);
#10751=ADVANCED_FACE('',(#1050),#512,.T.);
#10752=ADVANCED_FACE('',(#1051),#100,.F.);
#10753=ADVANCED_FACE('',(#1052),#24,.T.);
#10754=ADVANCED_FACE('',(#1053),#101,.T.);
#10755=ADVANCED_FACE('',(#1054),#25,.T.);
#10756=ADVANCED_FACE('',(#1055),#10289,.T.);
#10757=ADVANCED_FACE('',(#1056),#513,.T.);
#10758=ADVANCED_FACE('',(#1057),#102,.F.);
#10759=ADVANCED_FACE('',(#1058),#26,.T.);
#10760=ADVANCED_FACE('',(#1059),#103,.T.);
#10761=ADVANCED_FACE('',(#1060),#514,.T.);
#10762=ADVANCED_FACE('',(#1061),#515,.F.);
#10763=ADVANCED_FACE('',(#1062),#516,.F.);
#10764=ADVANCED_FACE('',(#1063),#517,.F.);
#10765=ADVANCED_FACE('',(#1064),#518,.F.);
#10766=ADVANCED_FACE('',(#1065),#519,.F.);
#10767=ADVANCED_FACE('',(#1066),#520,.F.);
#10768=ADVANCED_FACE('',(#1067),#521,.F.);
#10769=ADVANCED_FACE('',(#1068),#522,.F.);
#10770=ADVANCED_FACE('',(#1069),#523,.F.);
#10771=ADVANCED_FACE('',(#1070),#524,.F.);
#10772=ADVANCED_FACE('',(#1071),#10290,.T.);
#10773=ADVANCED_FACE('',(#1072),#10291,.T.);
#10774=ADVANCED_FACE('',(#1073),#10292,.T.);
#10775=ADVANCED_FACE('',(#1074),#10293,.T.);
#10776=ADVANCED_FACE('',(#1075,#731,#732,#733,#734,#735,#736,#737,#738,
#739,#740),#10294,.T.);
#10777=ADVANCED_FACE('',(#1076,#741,#742,#743,#744,#745,#746,#747,#748,
#749,#750),#10295,.F.);
#10778=ADVANCED_FACE('',(#1077),#10296,.T.);
#10779=ADVANCED_FACE('',(#1078),#10297,.T.);
#10780=ADVANCED_FACE('',(#1079),#10298,.T.);
#10781=ADVANCED_FACE('',(#1080),#10299,.T.);
#10782=ADVANCED_FACE('',(#1081),#10300,.T.);
#10783=ADVANCED_FACE('',(#1082),#10301,.F.);
#10784=ADVANCED_FACE('',(#1083),#525,.F.);
#10785=ADVANCED_FACE('',(#1084),#10302,.T.);
#10786=ADVANCED_FACE('',(#1085),#10303,.T.);
#10787=ADVANCED_FACE('',(#1086),#526,.F.);
#10788=ADVANCED_FACE('',(#1087),#10304,.T.);
#10789=ADVANCED_FACE('',(#1088),#10305,.T.);
#10790=ADVANCED_FACE('',(#1089),#527,.F.);
#10791=ADVANCED_FACE('',(#1090),#10306,.T.);
#10792=ADVANCED_FACE('',(#1091),#10307,.T.);
#10793=ADVANCED_FACE('',(#1092),#528,.F.);
#10794=ADVANCED_FACE('',(#1093),#10308,.T.);
#10795=ADVANCED_FACE('',(#1094),#10309,.T.);
#10796=ADVANCED_FACE('',(#1095),#529,.F.);
#10797=ADVANCED_FACE('',(#1096),#10310,.T.);
#10798=ADVANCED_FACE('',(#1097),#10311,.T.);
#10799=ADVANCED_FACE('',(#1098),#530,.F.);
#10800=ADVANCED_FACE('',(#1099),#10312,.T.);
#10801=ADVANCED_FACE('',(#1100),#10313,.T.);
#10802=ADVANCED_FACE('',(#1101),#531,.F.);
#10803=ADVANCED_FACE('',(#1102),#10314,.T.);
#10804=ADVANCED_FACE('',(#1103),#10315,.T.);
#10805=ADVANCED_FACE('',(#1104),#532,.F.);
#10806=ADVANCED_FACE('',(#1105),#10316,.T.);
#10807=ADVANCED_FACE('',(#1106),#10317,.T.);
#10808=ADVANCED_FACE('',(#1107),#533,.F.);
#10809=ADVANCED_FACE('',(#1108),#10318,.T.);
#10810=ADVANCED_FACE('',(#1109),#10319,.T.);
#10811=ADVANCED_FACE('',(#1110),#534,.F.);
#10812=ADVANCED_FACE('',(#1111),#10320,.T.);
#10813=ADVANCED_FACE('',(#1112),#10321,.T.);
#10814=ADVANCED_FACE('',(#1113),#535,.F.);
#10815=ADVANCED_FACE('',(#1114),#10322,.T.);
#10816=ADVANCED_FACE('',(#1115),#10323,.T.);
#10817=ADVANCED_FACE('',(#1116),#536,.F.);
#10818=ADVANCED_FACE('',(#1117),#10324,.T.);
#10819=ADVANCED_FACE('',(#1118),#10325,.T.);
#10820=ADVANCED_FACE('',(#1119),#537,.F.);
#10821=ADVANCED_FACE('',(#1120),#10326,.T.);
#10822=ADVANCED_FACE('',(#1121),#10327,.T.);
#10823=ADVANCED_FACE('',(#1122),#538,.F.);
#10824=ADVANCED_FACE('',(#1123),#10328,.T.);
#10825=ADVANCED_FACE('',(#1124),#10329,.T.);
#10826=ADVANCED_FACE('',(#1125),#539,.F.);
#10827=ADVANCED_FACE('',(#1126),#10330,.T.);
#10828=ADVANCED_FACE('',(#1127),#10331,.T.);
#10829=ADVANCED_FACE('',(#1128),#540,.F.);
#10830=ADVANCED_FACE('',(#1129),#10332,.T.);
#10831=ADVANCED_FACE('',(#1130),#10333,.T.);
#10832=ADVANCED_FACE('',(#1131),#541,.F.);
#10833=ADVANCED_FACE('',(#1132),#10334,.T.);
#10834=ADVANCED_FACE('',(#1133),#10335,.T.);
#10835=ADVANCED_FACE('',(#1134),#542,.F.);
#10836=ADVANCED_FACE('',(#1135),#10336,.T.);
#10837=ADVANCED_FACE('',(#1136),#10337,.T.);
#10838=ADVANCED_FACE('',(#1137),#543,.F.);
#10839=ADVANCED_FACE('',(#1138),#10338,.T.);
#10840=ADVANCED_FACE('',(#1139),#10339,.T.);
#10841=ADVANCED_FACE('',(#1140),#544,.F.);
#10842=ADVANCED_FACE('',(#1141),#10340,.T.);
#10843=ADVANCED_FACE('',(#1142),#10341,.T.);
#10844=ADVANCED_FACE('',(#1143),#545,.F.);
#10845=ADVANCED_FACE('',(#1144),#10342,.T.);
#10846=ADVANCED_FACE('',(#1145),#10343,.T.);
#10847=ADVANCED_FACE('',(#1146),#546,.F.);
#10848=ADVANCED_FACE('',(#1147),#10344,.T.);
#10849=ADVANCED_FACE('',(#1148),#10345,.T.);
#10850=ADVANCED_FACE('',(#1149),#547,.F.);
#10851=ADVANCED_FACE('',(#1150),#10346,.T.);
#10852=ADVANCED_FACE('',(#1151),#10347,.T.);
#10853=ADVANCED_FACE('',(#1152),#548,.F.);
#10854=ADVANCED_FACE('',(#1153),#10348,.T.);
#10855=ADVANCED_FACE('',(#1154),#10349,.T.);
#10856=ADVANCED_FACE('',(#1155),#549,.F.);
#10857=ADVANCED_FACE('',(#1156),#10350,.T.);
#10858=ADVANCED_FACE('',(#1157),#10351,.T.);
#10859=ADVANCED_FACE('',(#1158),#550,.F.);
#10860=ADVANCED_FACE('',(#1159),#10352,.T.);
#10861=ADVANCED_FACE('',(#1160),#10353,.T.);
#10862=ADVANCED_FACE('',(#1161),#551,.F.);
#10863=ADVANCED_FACE('',(#1162),#10354,.T.);
#10864=ADVANCED_FACE('',(#1163),#10355,.T.);
#10865=ADVANCED_FACE('',(#1164),#552,.F.);
#10866=ADVANCED_FACE('',(#1165),#10356,.T.);
#10867=ADVANCED_FACE('',(#1166),#10357,.T.);
#10868=ADVANCED_FACE('',(#1167),#553,.F.);
#10869=ADVANCED_FACE('',(#1168),#10358,.T.);
#10870=ADVANCED_FACE('',(#1169),#10359,.T.);
#10871=ADVANCED_FACE('',(#1170),#554,.F.);
#10872=ADVANCED_FACE('',(#1171),#10360,.T.);
#10873=ADVANCED_FACE('',(#1172),#10361,.T.);
#10874=ADVANCED_FACE('',(#1173),#555,.T.);
#10875=ADVANCED_FACE('',(#1174),#556,.T.);
#10876=ADVANCED_FACE('',(#1175),#10362,.T.);
#10877=ADVANCED_FACE('',(#1176),#10363,.T.);
#10878=ADVANCED_FACE('',(#1177),#10364,.T.);
#10879=ADVANCED_FACE('',(#1178),#10365,.T.);
#10880=ADVANCED_FACE('',(#1179),#10366,.F.);
#10881=ADVANCED_FACE('',(#1180),#557,.F.);
#10882=ADVANCED_FACE('',(#1181),#10367,.T.);
#10883=ADVANCED_FACE('',(#1182),#558,.F.);
#10884=ADVANCED_FACE('',(#1183),#10368,.T.);
#10885=ADVANCED_FACE('',(#1184),#559,.F.);
#10886=ADVANCED_FACE('',(#1185),#560,.F.);
#10887=ADVANCED_FACE('',(#1186),#10369,.T.);
#10888=ADVANCED_FACE('',(#1187),#21,.T.);
#10889=ADVANCED_FACE('',(#1188),#10370,.T.);
#10890=ADVANCED_FACE('',(#1189),#561,.T.);
#10891=ADVANCED_FACE('',(#1190),#10371,.T.);
#10892=ADVANCED_FACE('',(#1191),#10372,.T.);
#10893=ADVANCED_FACE('',(#1192,#751,#752),#10373,.T.);
#10894=ADVANCED_FACE('',(#1193,#753,#754),#10374,.F.);
#10895=ADVANCED_FACE('',(#1194),#562,.F.);
#10896=ADVANCED_FACE('',(#1195),#563,.T.);
#10897=ADVANCED_FACE('',(#1196),#10375,.F.);
#10898=ADVANCED_FACE('',(#1197),#564,.T.);
#10899=ADVANCED_FACE('',(#1198),#10376,.F.);
#10900=ADVANCED_FACE('',(#1199),#10377,.F.);
#10901=ADVANCED_FACE('',(#1200),#10378,.F.);
#10902=ADVANCED_FACE('',(#1201,#755),#10379,.F.);
#10903=ADVANCED_FACE('',(#1202,#756),#10380,.T.);
#10904=ADVANCED_FACE('',(#1203),#565,.T.);
#10905=ADVANCED_FACE('',(#1204,#757),#10381,.F.);
#10906=ADVANCED_FACE('',(#1205),#10382,.F.);
#10907=ADVANCED_FACE('',(#1206),#566,.T.);
#10908=ADVANCED_FACE('',(#1207),#567,.F.);
#10909=ADVANCED_FACE('',(#1208),#10383,.F.);
#10910=ADVANCED_FACE('',(#1209,#758),#10384,.F.);
#10911=ADVANCED_FACE('',(#1210),#10385,.F.);
#10912=ADVANCED_FACE('',(#1211),#10386,.T.);
#10913=ADVANCED_FACE('',(#1212),#568,.T.);
#10914=ADVANCED_FACE('',(#1213),#10387,.F.);
#10915=ADVANCED_FACE('',(#1214),#10388,.T.);
#10916=ADVANCED_FACE('',(#1215),#569,.F.);
#10917=ADVANCED_FACE('',(#1216),#570,.F.);
#10918=ADVANCED_FACE('',(#1217),#571,.F.);
#10919=ADVANCED_FACE('',(#1218),#572,.F.);
#10920=ADVANCED_FACE('',(#1219),#573,.F.);
#10921=ADVANCED_FACE('',(#1220),#574,.F.);
#10922=ADVANCED_FACE('',(#1221),#575,.F.);
#10923=ADVANCED_FACE('',(#1222),#576,.F.);
#10924=ADVANCED_FACE('',(#1223),#577,.F.);
#10925=ADVANCED_FACE('',(#1224),#578,.F.);
#10926=ADVANCED_FACE('',(#1225),#10389,.F.);
#10927=ADVANCED_FACE('',(#1226),#10390,.F.);
#10928=ADVANCED_FACE('',(#1227),#10391,.F.);
#10929=ADVANCED_FACE('',(#1228),#10392,.F.);
#10930=ADVANCED_FACE('',(#1229,#759,#760,#761,#762,#763,#764,#765,#766,
#767,#768),#10393,.F.);
#10931=ADVANCED_FACE('',(#1230,#769,#770,#771,#772,#773,#774,#775,#776,
#777,#778),#10394,.T.);
#10932=ADVANCED_FACE('',(#1231),#579,.F.);
#10933=ADVANCED_FACE('',(#1232),#10395,.F.);
#10934=ADVANCED_FACE('',(#1233),#10396,.F.);
#10935=ADVANCED_FACE('',(#1234),#580,.F.);
#10936=ADVANCED_FACE('',(#1235),#10397,.F.);
#10937=ADVANCED_FACE('',(#1236),#10398,.F.);
#10938=ADVANCED_FACE('',(#1237),#581,.F.);
#10939=ADVANCED_FACE('',(#1238),#10399,.F.);
#10940=ADVANCED_FACE('',(#1239),#10400,.F.);
#10941=ADVANCED_FACE('',(#1240),#582,.F.);
#10942=ADVANCED_FACE('',(#1241),#10401,.F.);
#10943=ADVANCED_FACE('',(#1242),#10402,.F.);
#10944=ADVANCED_FACE('',(#1243),#583,.F.);
#10945=ADVANCED_FACE('',(#1244),#10403,.F.);
#10946=ADVANCED_FACE('',(#1245),#10404,.F.);
#10947=ADVANCED_FACE('',(#1246),#584,.F.);
#10948=ADVANCED_FACE('',(#1247),#10405,.F.);
#10949=ADVANCED_FACE('',(#1248),#10406,.F.);
#10950=ADVANCED_FACE('',(#1249),#585,.F.);
#10951=ADVANCED_FACE('',(#1250),#10407,.F.);
#10952=ADVANCED_FACE('',(#1251),#10408,.F.);
#10953=ADVANCED_FACE('',(#1252),#586,.F.);
#10954=ADVANCED_FACE('',(#1253),#10409,.F.);
#10955=ADVANCED_FACE('',(#1254),#10410,.F.);
#10956=ADVANCED_FACE('',(#1255),#587,.F.);
#10957=ADVANCED_FACE('',(#1256),#10411,.F.);
#10958=ADVANCED_FACE('',(#1257),#10412,.F.);
#10959=ADVANCED_FACE('',(#1258),#588,.F.);
#10960=ADVANCED_FACE('',(#1259),#10413,.F.);
#10961=ADVANCED_FACE('',(#1260),#10414,.F.);
#10962=ADVANCED_FACE('',(#1261),#589,.F.);
#10963=ADVANCED_FACE('',(#1262),#10415,.F.);
#10964=ADVANCED_FACE('',(#1263),#10416,.F.);
#10965=ADVANCED_FACE('',(#1264),#590,.F.);
#10966=ADVANCED_FACE('',(#1265),#10417,.F.);
#10967=ADVANCED_FACE('',(#1266),#10418,.F.);
#10968=ADVANCED_FACE('',(#1267),#591,.F.);
#10969=ADVANCED_FACE('',(#1268),#10419,.F.);
#10970=ADVANCED_FACE('',(#1269),#10420,.F.);
#10971=ADVANCED_FACE('',(#1270),#592,.F.);
#10972=ADVANCED_FACE('',(#1271),#10421,.F.);
#10973=ADVANCED_FACE('',(#1272),#10422,.F.);
#10974=ADVANCED_FACE('',(#1273),#593,.F.);
#10975=ADVANCED_FACE('',(#1274),#10423,.F.);
#10976=ADVANCED_FACE('',(#1275),#10424,.F.);
#10977=ADVANCED_FACE('',(#1276),#594,.F.);
#10978=ADVANCED_FACE('',(#1277),#10425,.F.);
#10979=ADVANCED_FACE('',(#1278),#10426,.F.);
#10980=ADVANCED_FACE('',(#1279),#595,.F.);
#10981=ADVANCED_FACE('',(#1280),#10427,.F.);
#10982=ADVANCED_FACE('',(#1281),#10428,.F.);
#10983=ADVANCED_FACE('',(#1282),#596,.F.);
#10984=ADVANCED_FACE('',(#1283),#10429,.F.);
#10985=ADVANCED_FACE('',(#1284),#10430,.F.);
#10986=ADVANCED_FACE('',(#1285),#597,.F.);
#10987=ADVANCED_FACE('',(#1286),#10431,.F.);
#10988=ADVANCED_FACE('',(#1287),#10432,.F.);
#10989=ADVANCED_FACE('',(#1288),#598,.F.);
#10990=ADVANCED_FACE('',(#1289),#10433,.F.);
#10991=ADVANCED_FACE('',(#1290),#10434,.F.);
#10992=ADVANCED_FACE('',(#1291),#599,.F.);
#10993=ADVANCED_FACE('',(#1292),#10435,.F.);
#10994=ADVANCED_FACE('',(#1293),#10436,.F.);
#10995=ADVANCED_FACE('',(#1294),#600,.F.);
#10996=ADVANCED_FACE('',(#1295),#10437,.F.);
#10997=ADVANCED_FACE('',(#1296),#10438,.F.);
#10998=ADVANCED_FACE('',(#1297),#601,.F.);
#10999=ADVANCED_FACE('',(#1298),#10439,.F.);
#11000=ADVANCED_FACE('',(#1299),#10440,.F.);
#11001=ADVANCED_FACE('',(#1300),#602,.F.);
#11002=ADVANCED_FACE('',(#1301),#10441,.F.);
#11003=ADVANCED_FACE('',(#1302),#10442,.F.);
#11004=ADVANCED_FACE('',(#1303),#603,.F.);
#11005=ADVANCED_FACE('',(#1304),#10443,.F.);
#11006=ADVANCED_FACE('',(#1305),#10444,.F.);
#11007=ADVANCED_FACE('',(#1306),#604,.F.);
#11008=ADVANCED_FACE('',(#1307),#10445,.F.);
#11009=ADVANCED_FACE('',(#1308),#10446,.F.);
#11010=ADVANCED_FACE('',(#1309),#605,.F.);
#11011=ADVANCED_FACE('',(#1310),#10447,.F.);
#11012=ADVANCED_FACE('',(#1311),#10448,.F.);
#11013=ADVANCED_FACE('',(#1312),#606,.F.);
#11014=ADVANCED_FACE('',(#1313),#10449,.F.);
#11015=ADVANCED_FACE('',(#1314),#10450,.F.);
#11016=ADVANCED_FACE('',(#1315),#607,.F.);
#11017=ADVANCED_FACE('',(#1316),#10451,.F.);
#11018=ADVANCED_FACE('',(#1317),#10452,.F.);
#11019=ADVANCED_FACE('',(#1318),#608,.F.);
#11020=ADVANCED_FACE('',(#1319),#10453,.F.);
#11021=ADVANCED_FACE('',(#1320),#10454,.F.);
#11022=ADVANCED_FACE('',(#1321),#609,.T.);
#11023=ADVANCED_FACE('',(#1322),#610,.T.);
#11024=ADVANCED_FACE('',(#1323),#10455,.F.);
#11025=ADVANCED_FACE('',(#1324),#10456,.F.);
#11026=ADVANCED_FACE('',(#1325),#10457,.F.);
#11027=ADVANCED_FACE('',(#1326),#10458,.F.);
#11028=ADVANCED_FACE('',(#1327),#10459,.T.);
#11029=ADVANCED_FACE('',(#1328),#611,.F.);
#11030=ADVANCED_FACE('',(#1329),#10460,.F.);
#11031=ADVANCED_FACE('',(#1330),#612,.F.);
#11032=ADVANCED_FACE('',(#1331),#10461,.F.);
#11033=ADVANCED_FACE('',(#1332),#613,.F.);
#11034=ADVANCED_FACE('',(#1333),#614,.F.);
#11035=ADVANCED_FACE('',(#1334),#10462,.F.);
#11036=ADVANCED_FACE('',(#1335),#22,.F.);
#11037=ADVANCED_FACE('',(#1336),#10463,.F.);
#11038=ADVANCED_FACE('',(#1337),#615,.T.);
#11039=ADVANCED_FACE('',(#1338),#10464,.F.);
#11040=ADVANCED_FACE('',(#1339),#10465,.F.);
#11041=ADVANCED_FACE('',(#1340,#779,#780),#10466,.F.);
#11042=ADVANCED_FACE('',(#1341,#781,#782),#10467,.T.);
#11043=ADVANCED_FACE('',(#1342),#616,.F.);
#11044=ADVANCED_FACE('',(#1343),#10468,.T.);
#11045=ADVANCED_FACE('',(#1344),#617,.T.);
#11046=ADVANCED_FACE('',(#1345),#10469,.T.);
#11047=ADVANCED_FACE('',(#1346),#10470,.T.);
#11048=ADVANCED_FACE('',(#1347),#10471,.T.);
#11049=ADVANCED_FACE('',(#1348),#618,.T.);
#11050=ADVANCED_FACE('',(#1349,#783),#10472,.T.);
#11051=ADVANCED_FACE('',(#1350,#784),#10473,.F.);
#11052=ADVANCED_FACE('',(#1351),#619,.F.);
#11053=ADVANCED_FACE('',(#1352),#10474,.F.);
#11054=ADVANCED_FACE('',(#1353),#620,.T.);
#11055=ADVANCED_FACE('',(#1354),#10475,.F.);
#11056=ADVANCED_FACE('',(#1355),#10476,.F.);
#11057=ADVANCED_FACE('',(#1356),#10477,.F.);
#11058=ADVANCED_FACE('',(#1357),#621,.T.);
#11059=ADVANCED_FACE('',(#1358,#785),#10478,.F.);
#11060=ADVANCED_FACE('',(#1359,#786),#10479,.T.);
#11061=ADVANCED_FACE('',(#1360),#622,.F.);
#11062=ADVANCED_FACE('',(#1361),#10480,.F.);
#11063=ADVANCED_FACE('',(#1362),#623,.T.);
#11064=ADVANCED_FACE('',(#1363),#10481,.F.);
#11065=ADVANCED_FACE('',(#1364),#10482,.F.);
#11066=ADVANCED_FACE('',(#1365),#10483,.F.);
#11067=ADVANCED_FACE('',(#1366),#624,.T.);
#11068=ADVANCED_FACE('',(#1367,#787),#10484,.F.);
#11069=ADVANCED_FACE('',(#1368,#788),#10485,.T.);
#11070=ADVANCED_FACE('',(#1369),#625,.F.);
#11071=ADVANCED_FACE('',(#1370),#10486,.T.);
#11072=ADVANCED_FACE('',(#1371),#626,.T.);
#11073=ADVANCED_FACE('',(#1372),#10487,.T.);
#11074=ADVANCED_FACE('',(#1373),#10488,.T.);
#11075=ADVANCED_FACE('',(#1374),#10489,.T.);
#11076=ADVANCED_FACE('',(#1375),#627,.T.);
#11077=ADVANCED_FACE('',(#1376,#789),#10490,.T.);
#11078=ADVANCED_FACE('',(#1377,#790),#10491,.F.);
#11079=CLOSED_SHELL('',(#10492,#10493,#10494,#10495,#10496,#10497,#10498,
#10499,#10500,#10501,#10502,#10503,#10504,#10505,#10506,#10507,#10508,#10509));
#11080=CLOSED_SHELL('',(#10510,#10511,#10512,#10513,#10514,#10515,#10516,
#10517,#10518,#10519,#10520,#10521,#10522,#10523,#10524,#10525,#10526,#10527,
#10528));
#11081=CLOSED_SHELL('',(#10529,#10530,#10531,#10532,#10533,#10534,#10535,
#10536));
#11082=CLOSED_SHELL('',(#10537,#10538,#10539,#10540,#10541,#10542,#10543,
#10544));
#11083=CLOSED_SHELL('',(#10545,#10546,#10547,#10548,#10549,#10550,#10551,
#10552,#10553,#10554,#10555,#10556,#10557));
#11084=CLOSED_SHELL('',(#10558,#10559,#10560,#10561,#10562,#10563,#10564,
#10565,#10566,#10567,#10568,#10569,#10570));
#11085=CLOSED_SHELL('',(#10571,#10572,#10573,#10574,#10575,#10576,#10577,
#10578,#10579,#10580,#10581,#10582,#10583,#10584,#10585,#10586,#10587,#10588,
#10589,#10590,#10591,#10592,#10593,#10594,#10595,#10596,#10597,#10598));
#11086=CLOSED_SHELL('',(#10599,#10600,#10601,#10602,#10603,#10604,#10605,
#10606,#10607));
#11087=CLOSED_SHELL('',(#10608,#10609,#10610,#10611,#10612,#10613,#10614,
#10615,#10616,#10617,#10618,#10619,#10620,#10621,#10622,#10623,#10624,#10625,
#10626,#10627,#10628,#10629,#10630,#10631,#10632,#10633));
#11088=CLOSED_SHELL('',(#10634,#10635,#10636,#10637,#10638,#10639,#10640,
#10641,#10642,#10643,#10644,#10645,#10646,#10647,#10648,#10649,#10650,#10651,
#10652,#10653,#10654,#10655,#10656,#10657));
#11089=CLOSED_SHELL('',(#10658,#10659,#10660,#10661,#10662,#10663,#10664,
#10665,#10666,#10667,#10668,#10669,#10670,#10671,#10672,#10673,#10674,#10675,
#10676,#10677,#10678,#10679,#10680,#10681,#10682,#10683,#10684,#10685,#10686,
#10687,#10688,#10689,#10690,#10691,#10692,#10693,#10694,#10695,#10696,#10697,
#10698,#10699,#10700,#10701,#10702,#10703,#10704,#10705,#10706,#10707,#10708,
#10709,#10710,#10711,#10712,#10713,#10714,#10715,#10716,#10717));
#11090=CLOSED_SHELL('',(#10718,#10719,#10720));
#11091=CLOSED_SHELL('',(#10721,#10722,#10723,#10724,#10725,#10726,#10727,
#10728,#10729));
#11092=CLOSED_SHELL('',(#10730,#10731,#10732,#10733,#10734,#10735,#10736,
#10737,#10738,#10739));
#11093=CLOSED_SHELL('',(#10740,#10741,#10742,#10743,#10744,#10745,#10746,
#10747,#10748));
#11094=CLOSED_SHELL('',(#10749,#10750,#10751,#10752,#10753,#10754,#10755,
#10756,#10757,#10758,#10759,#10760,#10761));
#11095=CLOSED_SHELL('',(#10762,#10763,#10764,#10765,#10766,#10767,#10768,
#10769,#10770,#10771,#10772,#10773,#10774,#10775,#10776,#10777));
#11096=CLOSED_SHELL('',(#10778,#10779,#10780,#10781,#10782,#10783));
#11097=CLOSED_SHELL('',(#10784,#10785,#10786,#10787,#10788,#10789,#10790,
#10791,#10792,#10793,#10794,#10795,#10796,#10797,#10798,#10799,#10800,#10801,
#10802,#10803,#10804,#10805,#10806,#10807,#10808,#10809,#10810,#10811,#10812,
#10813,#10814,#10815,#10816,#10817,#10818,#10819,#10820,#10821,#10822,#10823,
#10824,#10825,#10826,#10827,#10828,#10829,#10830,#10831,#10832,#10833,#10834,
#10835,#10836,#10837,#10838,#10839,#10840,#10841,#10842,#10843,#10844,#10845,
#10846,#10847,#10848,#10849,#10850,#10851,#10852,#10853,#10854,#10855,#10856,
#10857,#10858,#10859,#10860,#10861,#10862,#10863,#10864,#10865,#10866,#10867,
#10868,#10869,#10870,#10871,#10872,#10873,#10874,#10875,#10876,#10877,#10878,
#10879,#10880));
#11098=CLOSED_SHELL('',(#10881,#10882,#10883,#10884,#10885,#10886,#10887,
#10888,#10889,#10890,#10891,#10892,#10893,#10894));
#11099=CLOSED_SHELL('',(#10895,#10896,#10897,#10898,#10899,#10900,#10901,
#10902,#10903));
#11100=CLOSED_SHELL('',(#10904,#10905,#10906,#10907,#10908,#10909,#10910,
#10911,#10912));
#11101=CLOSED_SHELL('',(#10913,#10914,#10915));
#11102=CLOSED_SHELL('',(#10916,#10917,#10918,#10919,#10920,#10921,#10922,
#10923,#10924,#10925,#10926,#10927,#10928,#10929,#10930,#10931));
#11103=CLOSED_SHELL('',(#10932,#10933,#10934,#10935,#10936,#10937,#10938,
#10939,#10940,#10941,#10942,#10943,#10944,#10945,#10946,#10947,#10948,#10949,
#10950,#10951,#10952,#10953,#10954,#10955,#10956,#10957,#10958,#10959,#10960,
#10961,#10962,#10963,#10964,#10965,#10966,#10967,#10968,#10969,#10970,#10971,
#10972,#10973,#10974,#10975,#10976,#10977,#10978,#10979,#10980,#10981,#10982,
#10983,#10984,#10985,#10986,#10987,#10988,#10989,#10990,#10991,#10992,#10993,
#10994,#10995,#10996,#10997,#10998,#10999,#11000,#11001,#11002,#11003,#11004,
#11005,#11006,#11007,#11008,#11009,#11010,#11011,#11012,#11013,#11014,#11015,
#11016,#11017,#11018,#11019,#11020,#11021,#11022,#11023,#11024,#11025,#11026,
#11027,#11028));
#11104=CLOSED_SHELL('',(#11029,#11030,#11031,#11032,#11033,#11034,#11035,
#11036,#11037,#11038,#11039,#11040,#11041,#11042));
#11105=CLOSED_SHELL('',(#11043,#11044,#11045,#11046,#11047,#11048,#11049,
#11050,#11051));
#11106=CLOSED_SHELL('',(#11052,#11053,#11054,#11055,#11056,#11057,#11058,
#11059,#11060));
#11107=CLOSED_SHELL('',(#11061,#11062,#11063,#11064,#11065,#11066,#11067,
#11068,#11069));
#11108=CLOSED_SHELL('',(#11070,#11071,#11072,#11073,#11074,#11075,#11076,
#11077,#11078));
#11109=DERIVED_UNIT_ELEMENT(#11121,1.);
#11110=DERIVED_UNIT_ELEMENT(#18640,-3.);
#11111=DERIVED_UNIT_ELEMENT(#11121,1.);
#11112=DERIVED_UNIT_ELEMENT(#18640,-3.);
#11113=DERIVED_UNIT_ELEMENT(#11121,1.);
#11114=DERIVED_UNIT_ELEMENT(#18640,-3.);
#11115=DERIVED_UNIT_ELEMENT(#11121,1.);
#11116=DERIVED_UNIT_ELEMENT(#18640,-3.);
#11117=DERIVED_UNIT_ELEMENT(#11121,1.);
#11118=DERIVED_UNIT_ELEMENT(#18640,-3.);
#11119=DERIVED_UNIT_ELEMENT(#11121,1.);
#11120=DERIVED_UNIT_ELEMENT(#18640,-3.);
#11121=(
MASS_UNIT()
NAMED_UNIT(*)
SI_UNIT(.KILO.,.GRAM.)
);
#11122=DERIVED_UNIT((#11109,#11110));
#11123=DERIVED_UNIT((#11111,#11112));
#11124=DERIVED_UNIT((#11113,#11114));
#11125=DERIVED_UNIT((#11115,#11116));
#11126=DERIVED_UNIT((#11117,#11118));
#11127=DERIVED_UNIT((#11119,#11120));
#11128=MEASURE_REPRESENTATION_ITEM('density measure',
POSITIVE_RATIO_MEASURE(7850.),#11122);
#11129=MEASURE_REPRESENTATION_ITEM('density measure',
POSITIVE_RATIO_MEASURE(7850.),#11123);
#11130=MEASURE_REPRESENTATION_ITEM('density measure',
POSITIVE_RATIO_MEASURE(7850.),#11124);
#11131=MEASURE_REPRESENTATION_ITEM('density measure',
POSITIVE_RATIO_MEASURE(7850.),#11125);
#11132=MEASURE_REPRESENTATION_ITEM('density measure',
POSITIVE_RATIO_MEASURE(7850.),#11126);
#11133=MEASURE_REPRESENTATION_ITEM('density measure',
POSITIVE_RATIO_MEASURE(7850.),#11127);
#11134=PROPERTY_DEFINITION_REPRESENTATION(#11164,#11146);
#11135=PROPERTY_DEFINITION_REPRESENTATION(#11165,#11147);
#11136=PROPERTY_DEFINITION_REPRESENTATION(#11166,#11148);
#11137=PROPERTY_DEFINITION_REPRESENTATION(#11167,#11149);
#11138=PROPERTY_DEFINITION_REPRESENTATION(#11168,#11150);
#11139=PROPERTY_DEFINITION_REPRESENTATION(#11169,#11151);
#11140=PROPERTY_DEFINITION_REPRESENTATION(#11170,#11152);
#11141=PROPERTY_DEFINITION_REPRESENTATION(#11171,#11153);
#11142=PROPERTY_DEFINITION_REPRESENTATION(#11172,#11154);
#11143=PROPERTY_DEFINITION_REPRESENTATION(#11173,#11155);
#11144=PROPERTY_DEFINITION_REPRESENTATION(#11174,#11156);
#11145=PROPERTY_DEFINITION_REPRESENTATION(#11175,#11157);
#11146=REPRESENTATION('material name',(#11158),#18631);
#11147=REPRESENTATION('density',(#11128),#18631);
#11148=REPRESENTATION('material name',(#11159),#18632);
#11149=REPRESENTATION('density',(#11129),#18632);
#11150=REPRESENTATION('material name',(#11160),#18633);
#11151=REPRESENTATION('density',(#11130),#18633);
#11152=REPRESENTATION('material name',(#11161),#18635);
#11153=REPRESENTATION('density',(#11131),#18635);
#11154=REPRESENTATION('material name',(#11162),#18636);
#11155=REPRESENTATION('density',(#11132),#18636);
#11156=REPRESENTATION('material name',(#11163),#18637);
#11157=REPRESENTATION('density',(#11133),#18637);
#11158=DESCRIPTIVE_REPRESENTATION_ITEM('Steel','Steel');
#11159=DESCRIPTIVE_REPRESENTATION_ITEM('Steel','Steel');
#11160=DESCRIPTIVE_REPRESENTATION_ITEM('Steel','Steel');
#11161=DESCRIPTIVE_REPRESENTATION_ITEM('Steel','Steel');
#11162=DESCRIPTIVE_REPRESENTATION_ITEM('Steel','Steel');
#11163=DESCRIPTIVE_REPRESENTATION_ITEM('Steel','Steel');
#11164=PROPERTY_DEFINITION('material property','material name',#18677);
#11165=PROPERTY_DEFINITION('material property','density of part',#18677);
#11166=PROPERTY_DEFINITION('material property','material name',#18678);
#11167=PROPERTY_DEFINITION('material property','density of part',#18678);
#11168=PROPERTY_DEFINITION('material property','material name',#18679);
#11169=PROPERTY_DEFINITION('material property','density of part',#18679);
#11170=PROPERTY_DEFINITION('material property','material name',#18681);
#11171=PROPERTY_DEFINITION('material property','density of part',#18681);
#11172=PROPERTY_DEFINITION('material property','material name',#18682);
#11173=PROPERTY_DEFINITION('material property','density of part',#18682);
#11174=PROPERTY_DEFINITION('material property','material name',#18683);
#11175=PROPERTY_DEFINITION('material property','density of part',#18683);
#11176=AXIS2_PLACEMENT_3D('',#15226,#12136,#12137);
#11177=AXIS2_PLACEMENT_3D('',#15227,#12138,#12139);
#11178=AXIS2_PLACEMENT_3D('',#15228,#12140,#12141);
#11179=AXIS2_PLACEMENT_3D('',#15237,#12146,#12147);
#11180=AXIS2_PLACEMENT_3D('',#15243,#12151,#12152);
#11181=AXIS2_PLACEMENT_3D('',#15249,#12156,#12157);
#11182=AXIS2_PLACEMENT_3D('',#15252,#12160,#12161);
#11183=AXIS2_PLACEMENT_3D('',#15261,#12166,#12167);
#11184=AXIS2_PLACEMENT_3D('',#15267,#12171,#12172);
#11185=AXIS2_PLACEMENT_3D('',#15273,#12176,#12177);
#11186=AXIS2_PLACEMENT_3D('',#15276,#12180,#12181);
#11187=AXIS2_PLACEMENT_3D('',#15285,#12186,#12187);
#11188=AXIS2_PLACEMENT_3D('',#15291,#12191,#12192);
#11189=AXIS2_PLACEMENT_3D('',#15297,#12196,#12197);
#11190=AXIS2_PLACEMENT_3D('',#15303,#12201,#12202);
#11191=AXIS2_PLACEMENT_3D('',#15309,#12206,#12207);
#11192=AXIS2_PLACEMENT_3D('',#15315,#12211,#12212);
#11193=AXIS2_PLACEMENT_3D('',#15321,#12216,#12217);
#11194=AXIS2_PLACEMENT_3D('',#15324,#12220,#12221);
#11195=AXIS2_PLACEMENT_3D('',#15325,#12222,#12223);
#11196=AXIS2_PLACEMENT_3D('',#15326,#12224,#12225);
#11197=AXIS2_PLACEMENT_3D('',#15329,#12226,#12227);
#11198=AXIS2_PLACEMENT_3D('',#15333,#12229,#12230);
#11199=AXIS2_PLACEMENT_3D('',#15335,#12232,#12233);
#11200=AXIS2_PLACEMENT_3D('',#15338,#12234,#12235);
#11201=AXIS2_PLACEMENT_3D('',#15342,#12237,#12238);
#11202=AXIS2_PLACEMENT_3D('',#15344,#12240,#12241);
#11203=AXIS2_PLACEMENT_3D('',#15347,#12242,#12243);
#11204=AXIS2_PLACEMENT_3D('',#15348,#12244,#12245);
#11205=AXIS2_PLACEMENT_3D('',#15349,#12246,#12247);
#11206=AXIS2_PLACEMENT_3D('',#15350,#12248,#12249);
#11207=AXIS2_PLACEMENT_3D('',#15352,#12250,#12251);
#11208=AXIS2_PLACEMENT_3D('',#15355,#12254,#12255);
#11209=AXIS2_PLACEMENT_3D('',#15356,#12256,#12257);
#11210=AXIS2_PLACEMENT_3D('',#15357,#12258,#12259);
#11211=AXIS2_PLACEMENT_3D('',#15361,#12261,#12262);
#11212=AXIS2_PLACEMENT_3D('',#15363,#12264,#12265);
#11213=AXIS2_PLACEMENT_3D('',#15366,#12267,#12268);
#11214=AXIS2_PLACEMENT_3D('',#15367,#12269,#12270);
#11215=AXIS2_PLACEMENT_3D('',#15371,#12273,#12274);
#11216=AXIS2_PLACEMENT_3D('',#15374,#12276,#12277);
#11217=AXIS2_PLACEMENT_3D('',#15375,#12278,#12279);
#11218=AXIS2_PLACEMENT_3D('',#15379,#12282,#12283);
#11219=AXIS2_PLACEMENT_3D('',#15384,#12286,#12287);
#11220=AXIS2_PLACEMENT_3D('',#15418,#12288,#12289);
#11221=AXIS2_PLACEMENT_3D('',#15419,#12290,#12291);
#11222=AXIS2_PLACEMENT_3D('',#15431,#12293,#12294);
#11223=AXIS2_PLACEMENT_3D('',#15432,#12295,#12296);
#11224=AXIS2_PLACEMENT_3D('',#15433,#12297,#12298);
#11225=AXIS2_PLACEMENT_3D('',#15436,#12300,#12301);
#11226=AXIS2_PLACEMENT_3D('',#15437,#12302,#12303);
#11227=AXIS2_PLACEMENT_3D('',#15438,#12304,#12305);
#11228=AXIS2_PLACEMENT_3D('',#15439,#12306,#12307);
#11229=AXIS2_PLACEMENT_3D('',#15443,#12310,#12311);
#11230=AXIS2_PLACEMENT_3D('',#15444,#12312,#12313);
#11231=AXIS2_PLACEMENT_3D('',#15445,#12314,#12315);
#11232=AXIS2_PLACEMENT_3D('',#15446,#12316,#12317);
#11233=AXIS2_PLACEMENT_3D('',#15449,#12318,#12319);
#11234=AXIS2_PLACEMENT_3D('',#15453,#12321,#12322);
#11235=AXIS2_PLACEMENT_3D('',#15455,#12324,#12325);
#11236=AXIS2_PLACEMENT_3D('',#15469,#12328,#12329);
#11237=AXIS2_PLACEMENT_3D('',#15473,#12332,#12333);
#11238=AXIS2_PLACEMENT_3D('',#15475,#12334,#12335);
#11239=AXIS2_PLACEMENT_3D('',#15477,#12336,#12337);
#11240=AXIS2_PLACEMENT_3D('',#15479,#12339,#12340);
#11241=AXIS2_PLACEMENT_3D('',#15485,#12344,#12345);
#11242=AXIS2_PLACEMENT_3D('',#15488,#12348,#12349);
#11243=AXIS2_PLACEMENT_3D('',#15489,#12350,#12351);
#11244=AXIS2_PLACEMENT_3D('',#15490,#12352,#12353);
#11245=AXIS2_PLACEMENT_3D('',#15493,#12354,#12355);
#11246=AXIS2_PLACEMENT_3D('',#15497,#12357,#12358);
#11247=AXIS2_PLACEMENT_3D('',#15499,#12360,#12361);
#11248=AXIS2_PLACEMENT_3D('',#15507,#12366,#12367);
#11249=AXIS2_PLACEMENT_3D('',#15511,#12370,#12371);
#11250=AXIS2_PLACEMENT_3D('',#15523,#12373,#12374);
#11251=AXIS2_PLACEMENT_3D('',#15525,#12375,#12376);
#11252=AXIS2_PLACEMENT_3D('',#15528,#12378,#12379);
#11253=AXIS2_PLACEMENT_3D('',#15529,#12380,#12381);
#11254=AXIS2_PLACEMENT_3D('',#15532,#12384,#12385);
#11255=AXIS2_PLACEMENT_3D('',#15533,#12386,#12387);
#11256=AXIS2_PLACEMENT_3D('',#15534,#12388,#12389);
#11257=AXIS2_PLACEMENT_3D('',#15535,#12390,#12391);
#11258=AXIS2_PLACEMENT_3D('',#15544,#12396,#12397);
#11259=AXIS2_PLACEMENT_3D('',#15550,#12401,#12402);
#11260=AXIS2_PLACEMENT_3D('',#15556,#12406,#12407);
#11261=AXIS2_PLACEMENT_3D('',#15562,#12411,#12412);
#11262=AXIS2_PLACEMENT_3D('',#15571,#12417,#12418);
#11263=AXIS2_PLACEMENT_3D('',#15572,#12419,#12420);
#11264=AXIS2_PLACEMENT_3D('',#15574,#12421,#12422);
#11265=AXIS2_PLACEMENT_3D('',#15576,#12423,#12424);
#11266=AXIS2_PLACEMENT_3D('',#15577,#12425,#12426);
#11267=AXIS2_PLACEMENT_3D('',#15578,#12427,#12428);
#11268=AXIS2_PLACEMENT_3D('',#15581,#12429,#12430);
#11269=AXIS2_PLACEMENT_3D('',#15583,#12432,#12433);
#11270=AXIS2_PLACEMENT_3D('',#15584,#12434,#12435);
#11271=AXIS2_PLACEMENT_3D('',#15585,#12436,#12437);
#11272=AXIS2_PLACEMENT_3D('',#15586,#12438,#12439);
#11273=AXIS2_PLACEMENT_3D('',#15590,#12442,#12443);
#11274=AXIS2_PLACEMENT_3D('',#15594,#12446,#12447);
#11275=AXIS2_PLACEMENT_3D('',#15598,#12450,#12451);
#11276=AXIS2_PLACEMENT_3D('',#15600,#12453,#12454);
#11277=AXIS2_PLACEMENT_3D('',#15601,#12455,#12456);
#11278=AXIS2_PLACEMENT_3D('',#15619,#12465,#12466);
#11279=AXIS2_PLACEMENT_3D('',#15620,#12467,#12468);
#11280=AXIS2_PLACEMENT_3D('',#15626,#12472,#12473);
#11281=AXIS2_PLACEMENT_3D('',#15630,#12476,#12477);
#11282=AXIS2_PLACEMENT_3D('',#15634,#12480,#12481);
#11283=AXIS2_PLACEMENT_3D('',#15638,#12484,#12485);
#11284=AXIS2_PLACEMENT_3D('',#15641,#12486,#12487);
#11285=AXIS2_PLACEMENT_3D('',#15643,#12488,#12489);
#11286=AXIS2_PLACEMENT_3D('',#15645,#12490,#12491);
#11287=AXIS2_PLACEMENT_3D('',#15646,#12492,#12493);
#11288=AXIS2_PLACEMENT_3D('',#15647,#12494,#12495);
#11289=AXIS2_PLACEMENT_3D('',#15648,#12496,#12497);
#11290=AXIS2_PLACEMENT_3D('',#15650,#12498,#12499);
#11291=AXIS2_PLACEMENT_3D('',#15652,#12501,#12502);
#11292=AXIS2_PLACEMENT_3D('',#15653,#12503,#12504);
#11293=AXIS2_PLACEMENT_3D('',#15654,#12505,#12506);
#11294=AXIS2_PLACEMENT_3D('',#15658,#12509,#12510);
#11295=AXIS2_PLACEMENT_3D('',#15662,#12513,#12514);
#11296=AXIS2_PLACEMENT_3D('',#15666,#12517,#12518);
#11297=AXIS2_PLACEMENT_3D('',#15668,#12520,#12521);
#11298=AXIS2_PLACEMENT_3D('',#15669,#12522,#12523);
#11299=AXIS2_PLACEMENT_3D('',#15670,#12524,#12525);
#11300=AXIS2_PLACEMENT_3D('',#15679,#12530,#12531);
#11301=AXIS2_PLACEMENT_3D('',#15685,#12535,#12536);
#11302=AXIS2_PLACEMENT_3D('',#15691,#12540,#12541);
#11303=AXIS2_PLACEMENT_3D('',#15694,#12544,#12545);
#11304=AXIS2_PLACEMENT_3D('',#15703,#12550,#12551);
#11305=AXIS2_PLACEMENT_3D('',#15709,#12555,#12556);
#11306=AXIS2_PLACEMENT_3D('',#15713,#12559,#12560);
#11307=AXIS2_PLACEMENT_3D('',#15717,#12563,#12564);
#11308=AXIS2_PLACEMENT_3D('',#15719,#12566,#12567);
#11309=AXIS2_PLACEMENT_3D('',#15728,#12572,#12573);
#11310=AXIS2_PLACEMENT_3D('',#15734,#12577,#12578);
#11311=AXIS2_PLACEMENT_3D('',#15740,#12582,#12583);
#11312=AXIS2_PLACEMENT_3D('',#15743,#12586,#12587);
#11313=AXIS2_PLACEMENT_3D('',#15752,#12592,#12593);
#11314=AXIS2_PLACEMENT_3D('',#15769,#12602,#12603);
#11315=AXIS2_PLACEMENT_3D('',#15775,#12607,#12608);
#11316=AXIS2_PLACEMENT_3D('',#15779,#12611,#12612);
#11317=AXIS2_PLACEMENT_3D('',#15783,#12615,#12616);
#11318=AXIS2_PLACEMENT_3D('',#15785,#12618,#12619);
#11319=AXIS2_PLACEMENT_3D('',#15791,#12623,#12624);
#11320=AXIS2_PLACEMENT_3D('',#15795,#12627,#12628);
#11321=AXIS2_PLACEMENT_3D('',#15799,#12631,#12632);
#11322=AXIS2_PLACEMENT_3D('',#15803,#12635,#12636);
#11323=AXIS2_PLACEMENT_3D('',#15807,#12639,#12640);
#11324=AXIS2_PLACEMENT_3D('',#15811,#12643,#12644);
#11325=AXIS2_PLACEMENT_3D('',#15815,#12647,#12648);
#11326=AXIS2_PLACEMENT_3D('',#15817,#12650,#12651);
#11327=AXIS2_PLACEMENT_3D('',#15818,#12652,#12653);
#11328=AXIS2_PLACEMENT_3D('',#15819,#12654,#12655);
#11329=AXIS2_PLACEMENT_3D('',#15820,#12656,#12657);
#11330=AXIS2_PLACEMENT_3D('',#15824,#12659,#12660);
#11331=AXIS2_PLACEMENT_3D('',#15825,#12661,#12662);
#11332=AXIS2_PLACEMENT_3D('',#15853,#12665,#12666);
#11333=AXIS2_PLACEMENT_3D('',#15855,#12667,#12668);
#11334=AXIS2_PLACEMENT_3D('',#15862,#12672,#12673);
#11335=AXIS2_PLACEMENT_3D('',#15864,#12674,#12675);
#11336=AXIS2_PLACEMENT_3D('',#15865,#12676,#12677);
#11337=AXIS2_PLACEMENT_3D('',#15866,#12678,#12679);
#11338=AXIS2_PLACEMENT_3D('',#15867,#12680,#12681);
#11339=AXIS2_PLACEMENT_3D('',#15886,#12682,#12683);
#11340=AXIS2_PLACEMENT_3D('',#15889,#12684,#12685);
#11341=AXIS2_PLACEMENT_3D('',#15892,#12687,#12688);
#11342=AXIS2_PLACEMENT_3D('',#15893,#12689,#12690);
#11343=AXIS2_PLACEMENT_3D('',#15894,#12691,#12692);
#11344=AXIS2_PLACEMENT_3D('',#15896,#12693,#12694);
#11345=AXIS2_PLACEMENT_3D('',#15897,#12695,#12696);
#11346=AXIS2_PLACEMENT_3D('',#15898,#12697,#12698);
#11347=AXIS2_PLACEMENT_3D('',#15899,#12699,#12700);
#11348=AXIS2_PLACEMENT_3D('',#15901,#12702,#12703);
#11349=AXIS2_PLACEMENT_3D('',#15903,#12704,#12705);
#11350=AXIS2_PLACEMENT_3D('',#15906,#12707,#12708);
#11351=AXIS2_PLACEMENT_3D('',#15907,#12709,#12710);
#11352=AXIS2_PLACEMENT_3D('',#15910,#12711,#12712);
#11353=AXIS2_PLACEMENT_3D('',#15914,#12714,#12715);
#11354=AXIS2_PLACEMENT_3D('',#15916,#12717,#12718);
#11355=AXIS2_PLACEMENT_3D('',#15922,#12722,#12723);
#11356=AXIS2_PLACEMENT_3D('',#15924,#12724,#12725);
#11357=AXIS2_PLACEMENT_3D('',#15927,#12727,#12728);
#11358=AXIS2_PLACEMENT_3D('',#15928,#12729,#12730);
#11359=AXIS2_PLACEMENT_3D('',#15934,#12734,#12735);
#11360=AXIS2_PLACEMENT_3D('',#15940,#12739,#12740);
#11361=AXIS2_PLACEMENT_3D('',#15946,#12744,#12745);
#11362=AXIS2_PLACEMENT_3D('',#15948,#12746,#12747);
#11363=AXIS2_PLACEMENT_3D('',#15951,#12749,#12750);
#11364=AXIS2_PLACEMENT_3D('',#15952,#12751,#12752);
#11365=AXIS2_PLACEMENT_3D('',#15955,#12753,#12754);
#11366=AXIS2_PLACEMENT_3D('',#15959,#12756,#12757);
#11367=AXIS2_PLACEMENT_3D('',#15961,#12759,#12760);
#11368=AXIS2_PLACEMENT_3D('',#15967,#12764,#12765);
#11369=AXIS2_PLACEMENT_3D('',#15969,#12766,#12767);
#11370=AXIS2_PLACEMENT_3D('',#15971,#12768,#12769);
#11371=AXIS2_PLACEMENT_3D('',#15973,#12771,#12772);
#11372=AXIS2_PLACEMENT_3D('',#15979,#12776,#12777);
#11373=AXIS2_PLACEMENT_3D('',#15982,#12780,#12781);
#11374=AXIS2_PLACEMENT_3D('',#15988,#12785,#12786);
#11375=AXIS2_PLACEMENT_3D('',#15992,#12789,#12790);
#11376=AXIS2_PLACEMENT_3D('',#15996,#12793,#12794);
#11377=AXIS2_PLACEMENT_3D('',#15998,#12796,#12797);
#11378=AXIS2_PLACEMENT_3D('',#16003,#12799,#12800);
#11379=AXIS2_PLACEMENT_3D('',#16029,#12802,#12803);
#11380=AXIS2_PLACEMENT_3D('',#16031,#12805,#12806);
#11381=AXIS2_PLACEMENT_3D('',#16033,#12807,#12808);
#11382=AXIS2_PLACEMENT_3D('',#16036,#12810,#12811);
#11383=AXIS2_PLACEMENT_3D('',#16056,#12812,#12813);
#11384=AXIS2_PLACEMENT_3D('',#16057,#12814,#12815);
#11385=AXIS2_PLACEMENT_3D('',#16061,#12817,#12818);
#11386=AXIS2_PLACEMENT_3D('',#16062,#12819,#12820);
#11387=AXIS2_PLACEMENT_3D('',#16065,#12823,#12824);
#11388=AXIS2_PLACEMENT_3D('',#16067,#12825,#12826);
#11389=AXIS2_PLACEMENT_3D('',#16068,#12827,#12828);
#11390=AXIS2_PLACEMENT_3D('',#16071,#12829,#12830);
#11391=AXIS2_PLACEMENT_3D('',#16072,#12831,#12832);
#11392=AXIS2_PLACEMENT_3D('',#16073,#12833,#12834);
#11393=AXIS2_PLACEMENT_3D('',#16074,#12835,#12836);
#11394=AXIS2_PLACEMENT_3D('',#16076,#12837,#12838);
#11395=AXIS2_PLACEMENT_3D('',#16078,#12840,#12841);
#11396=AXIS2_PLACEMENT_3D('',#16079,#12842,#12843);
#11397=AXIS2_PLACEMENT_3D('',#16080,#12844,#12845);
#11398=AXIS2_PLACEMENT_3D('',#16082,#12846,#12847);
#11399=AXIS2_PLACEMENT_3D('',#16085,#12849,#12850);
#11400=AXIS2_PLACEMENT_3D('',#16114,#12852,#12853);
#11401=AXIS2_PLACEMENT_3D('',#16116,#12854,#12855);
#11402=AXIS2_PLACEMENT_3D('',#16146,#12859,#12860);
#11403=AXIS2_PLACEMENT_3D('',#16165,#12861,#12862);
#11404=AXIS2_PLACEMENT_3D('',#16167,#12863,#12864);
#11405=AXIS2_PLACEMENT_3D('',#16169,#12866,#12867);
#11406=AXIS2_PLACEMENT_3D('',#16170,#12868,#12869);
#11407=AXIS2_PLACEMENT_3D('',#16172,#12870,#12871);
#11408=AXIS2_PLACEMENT_3D('',#16174,#12873,#12874);
#11409=AXIS2_PLACEMENT_3D('',#16175,#12875,#12876);
#11410=AXIS2_PLACEMENT_3D('',#16178,#12877,#12878);
#11411=AXIS2_PLACEMENT_3D('',#16182,#12880,#12881);
#11412=AXIS2_PLACEMENT_3D('',#16184,#12883,#12884);
#11413=AXIS2_PLACEMENT_3D('',#16190,#12888,#12889);
#11414=AXIS2_PLACEMENT_3D('',#16192,#12890,#12891);
#11415=AXIS2_PLACEMENT_3D('',#16194,#12892,#12893);
#11416=AXIS2_PLACEMENT_3D('',#16196,#12895,#12896);
#11417=AXIS2_PLACEMENT_3D('',#16199,#12897,#12898);
#11418=AXIS2_PLACEMENT_3D('',#16203,#12900,#12901);
#11419=AXIS2_PLACEMENT_3D('',#16205,#12903,#12904);
#11420=AXIS2_PLACEMENT_3D('',#16211,#12908,#12909);
#11421=AXIS2_PLACEMENT_3D('',#16213,#12910,#12911);
#11422=AXIS2_PLACEMENT_3D('',#16216,#12913,#12914);
#11423=AXIS2_PLACEMENT_3D('',#16217,#12915,#12916);
#11424=AXIS2_PLACEMENT_3D('',#16220,#12919,#12920);
#11425=AXIS2_PLACEMENT_3D('',#16238,#12930,#12931);
#11426=AXIS2_PLACEMENT_3D('',#16239,#12932,#12933);
#11427=AXIS2_PLACEMENT_3D('',#16240,#12934,#12935);
#11428=AXIS2_PLACEMENT_3D('',#16246,#12939,#12940);
#11429=AXIS2_PLACEMENT_3D('',#16250,#12943,#12944);
#11430=AXIS2_PLACEMENT_3D('',#16254,#12947,#12948);
#11431=AXIS2_PLACEMENT_3D('',#16258,#12951,#12952);
#11432=AXIS2_PLACEMENT_3D('',#16267,#12958,#12959);
#11433=AXIS2_PLACEMENT_3D('',#16269,#12961,#12962);
#11434=AXIS2_PLACEMENT_3D('',#16271,#12964,#12965);
#11435=AXIS2_PLACEMENT_3D('',#16273,#12967,#12968);
#11436=AXIS2_PLACEMENT_3D('',#16274,#12969,#12970);
#11437=AXIS2_PLACEMENT_3D('',#16275,#12971,#12972);
#11438=AXIS2_PLACEMENT_3D('',#16276,#12973,#12974);
#11439=AXIS2_PLACEMENT_3D('',#16277,#12975,#12976);
#11440=AXIS2_PLACEMENT_3D('',#16278,#12977,#12978);
#11441=AXIS2_PLACEMENT_3D('',#16287,#12983,#12984);
#11442=AXIS2_PLACEMENT_3D('',#16293,#12988,#12989);
#11443=AXIS2_PLACEMENT_3D('',#16299,#12993,#12994);
#11444=AXIS2_PLACEMENT_3D('',#16305,#12998,#12999);
#11445=AXIS2_PLACEMENT_3D('',#16315,#13005,#13006);
#11446=AXIS2_PLACEMENT_3D('',#16385,#13042,#13043);
#11447=AXIS2_PLACEMENT_3D('',#16391,#13047,#13048);
#11448=AXIS2_PLACEMENT_3D('',#16395,#13051,#13052);
#11449=AXIS2_PLACEMENT_3D('',#16399,#13055,#13056);
#11450=AXIS2_PLACEMENT_3D('',#16405,#13060,#13061);
#11451=AXIS2_PLACEMENT_3D('',#16409,#13064,#13065);
#11452=AXIS2_PLACEMENT_3D('',#16411,#13067,#13068);
#11453=AXIS2_PLACEMENT_3D('',#16417,#13072,#13073);
#11454=AXIS2_PLACEMENT_3D('',#16421,#13076,#13077);
#11455=AXIS2_PLACEMENT_3D('',#16425,#13080,#13081);
#11456=AXIS2_PLACEMENT_3D('',#16431,#13085,#13086);
#11457=AXIS2_PLACEMENT_3D('',#16435,#13089,#13090);
#11458=AXIS2_PLACEMENT_3D('',#16439,#13093,#13094);
#11459=AXIS2_PLACEMENT_3D('',#16445,#13098,#13099);
#11460=AXIS2_PLACEMENT_3D('',#16449,#13102,#13103);
#11461=AXIS2_PLACEMENT_3D('',#16453,#13106,#13107);
#11462=AXIS2_PLACEMENT_3D('',#16459,#13111,#13112);
#11463=AXIS2_PLACEMENT_3D('',#16463,#13115,#13116);
#11464=AXIS2_PLACEMENT_3D('',#16467,#13119,#13120);
#11465=AXIS2_PLACEMENT_3D('',#16473,#13124,#13125);
#11466=AXIS2_PLACEMENT_3D('',#16477,#13128,#13129);
#11467=AXIS2_PLACEMENT_3D('',#16481,#13132,#13133);
#11468=AXIS2_PLACEMENT_3D('',#16483,#13135,#13136);
#11469=AXIS2_PLACEMENT_3D('',#16485,#13138,#13139);
#11470=AXIS2_PLACEMENT_3D('',#16489,#13142,#13143);
#11471=AXIS2_PLACEMENT_3D('',#16497,#13148,#13149);
#11472=AXIS2_PLACEMENT_3D('',#16499,#13151,#13152);
#11473=AXIS2_PLACEMENT_3D('',#16501,#13154,#13155);
#11474=AXIS2_PLACEMENT_3D('',#16505,#13158,#13159);
#11475=AXIS2_PLACEMENT_3D('',#16507,#13161,#13162);
#11476=AXIS2_PLACEMENT_3D('',#16513,#13166,#13167);
#11477=AXIS2_PLACEMENT_3D('',#16519,#13171,#13172);
#11478=AXIS2_PLACEMENT_3D('',#16522,#13175,#13176);
#11479=AXIS2_PLACEMENT_3D('',#16527,#13178,#13179);
#11480=AXIS2_PLACEMENT_3D('',#16531,#13181,#13182);
#11481=AXIS2_PLACEMENT_3D('',#16535,#13184,#13185);
#11482=AXIS2_PLACEMENT_3D('',#16538,#13187,#13188);
#11483=AXIS2_PLACEMENT_3D('',#16539,#13189,#13190);
#11484=AXIS2_PLACEMENT_3D('',#16541,#13192,#13193);
#11485=AXIS2_PLACEMENT_3D('',#16547,#13197,#13198);
#11486=AXIS2_PLACEMENT_3D('',#16553,#13202,#13203);
#11487=AXIS2_PLACEMENT_3D('',#16559,#13207,#13208);
#11488=AXIS2_PLACEMENT_3D('',#16565,#13212,#13213);
#11489=AXIS2_PLACEMENT_3D('',#16569,#13217,#13218);
#11490=AXIS2_PLACEMENT_3D('',#16570,#13219,#13220);
#11491=AXIS2_PLACEMENT_3D('',#16572,#13221,#13222);
#11492=AXIS2_PLACEMENT_3D('',#16575,#13224,#13225);
#11493=AXIS2_PLACEMENT_3D('',#16580,#13227,#13228);
#11494=AXIS2_PLACEMENT_3D('',#16584,#13230,#13231);
#11495=AXIS2_PLACEMENT_3D('',#16588,#13233,#13234);
#11496=AXIS2_PLACEMENT_3D('',#16591,#13236,#13237);
#11497=AXIS2_PLACEMENT_3D('',#16592,#13238,#13239);
#11498=AXIS2_PLACEMENT_3D('',#16594,#13240,#13241);
#11499=AXIS2_PLACEMENT_3D('',#16596,#13243,#13244);
#11500=AXIS2_PLACEMENT_3D('',#16600,#13247,#13248);
#11501=AXIS2_PLACEMENT_3D('',#16601,#13249,#13250);
#11502=AXIS2_PLACEMENT_3D('',#16602,#13251,#13252);
#11503=AXIS2_PLACEMENT_3D('',#16605,#13255,#13256);
#11504=AXIS2_PLACEMENT_3D('',#16607,#13258,#13259);
#11505=AXIS2_PLACEMENT_3D('',#16609,#13261,#13262);
#11506=AXIS2_PLACEMENT_3D('',#16611,#13264,#13265);
#11507=AXIS2_PLACEMENT_3D('',#16613,#13267,#13268);
#11508=AXIS2_PLACEMENT_3D('',#16615,#13270,#13271);
#11509=AXIS2_PLACEMENT_3D('',#16617,#13273,#13274);
#11510=AXIS2_PLACEMENT_3D('',#16618,#13275,#13276);
#11511=AXIS2_PLACEMENT_3D('',#16619,#13277,#13278);
#11512=AXIS2_PLACEMENT_3D('',#16620,#13279,#13280);
#11513=AXIS2_PLACEMENT_3D('',#16622,#13281,#13282);
#11514=AXIS2_PLACEMENT_3D('',#16625,#13284,#13285);
#11515=AXIS2_PLACEMENT_3D('',#16626,#13286,#13287);
#11516=AXIS2_PLACEMENT_3D('',#16627,#13288,#13289);
#11517=AXIS2_PLACEMENT_3D('',#16628,#13290,#13291);
#11518=AXIS2_PLACEMENT_3D('',#16630,#13292,#13293);
#11519=AXIS2_PLACEMENT_3D('',#16633,#13295,#13296);
#11520=AXIS2_PLACEMENT_3D('',#16634,#13297,#13298);
#11521=AXIS2_PLACEMENT_3D('',#16637,#13299,#13300);
#11522=AXIS2_PLACEMENT_3D('',#16641,#13302,#13303);
#11523=AXIS2_PLACEMENT_3D('',#16643,#13305,#13306);
#11524=AXIS2_PLACEMENT_3D('',#16649,#13310,#13311);
#11525=AXIS2_PLACEMENT_3D('',#16651,#13312,#13313);
#11526=AXIS2_PLACEMENT_3D('',#16653,#13314,#13315);
#11527=AXIS2_PLACEMENT_3D('',#16655,#13317,#13318);
#11528=AXIS2_PLACEMENT_3D('',#16661,#13322,#13323);
#11529=AXIS2_PLACEMENT_3D('',#16667,#13327,#13328);
#11530=AXIS2_PLACEMENT_3D('',#16670,#13331,#13332);
#11531=AXIS2_PLACEMENT_3D('',#16671,#13333,#13334);
#11532=AXIS2_PLACEMENT_3D('',#16672,#13335,#13336);
#11533=AXIS2_PLACEMENT_3D('',#16681,#13341,#13342);
#11534=AXIS2_PLACEMENT_3D('',#16687,#13346,#13347);
#11535=AXIS2_PLACEMENT_3D('',#16693,#13351,#13352);
#11536=AXIS2_PLACEMENT_3D('',#16696,#13355,#13356);
#11537=AXIS2_PLACEMENT_3D('',#16705,#13361,#13362);
#11538=AXIS2_PLACEMENT_3D('',#16711,#13366,#13367);
#11539=AXIS2_PLACEMENT_3D('',#16717,#13371,#13372);
#11540=AXIS2_PLACEMENT_3D('',#16720,#13375,#13376);
#11541=AXIS2_PLACEMENT_3D('',#16721,#13377,#13378);
#11542=AXIS2_PLACEMENT_3D('',#16722,#13379,#13380);
#11543=AXIS2_PLACEMENT_3D('',#16725,#13381,#13382);
#11544=AXIS2_PLACEMENT_3D('',#16729,#13384,#13385);
#11545=AXIS2_PLACEMENT_3D('',#16731,#13387,#13388);
#11546=AXIS2_PLACEMENT_3D('',#16735,#13390,#13391);
#11547=AXIS2_PLACEMENT_3D('',#16742,#13395,#13396);
#11548=AXIS2_PLACEMENT_3D('',#16743,#13397,#13398);
#11549=AXIS2_PLACEMENT_3D('',#16747,#13401,#13402);
#11550=AXIS2_PLACEMENT_3D('',#16749,#13403,#13404);
#11551=AXIS2_PLACEMENT_3D('',#16751,#13406,#13407);
#11552=AXIS2_PLACEMENT_3D('',#16754,#13409,#13410);
#11553=AXIS2_PLACEMENT_3D('',#16755,#13411,#13412);
#11554=AXIS2_PLACEMENT_3D('',#16759,#13415,#13416);
#11555=AXIS2_PLACEMENT_3D('',#16763,#13419,#13420);
#11556=AXIS2_PLACEMENT_3D('',#16765,#13422,#13423);
#11557=AXIS2_PLACEMENT_3D('',#16766,#13424,#13425);
#11558=AXIS2_PLACEMENT_3D('',#16769,#13426,#13427);
#11559=AXIS2_PLACEMENT_3D('',#16772,#13429,#13430);
#11560=AXIS2_PLACEMENT_3D('',#16773,#13431,#13432);
#11561=AXIS2_PLACEMENT_3D('',#16774,#13433,#13434);
#11562=AXIS2_PLACEMENT_3D('',#16775,#13435,#13436);
#11563=AXIS2_PLACEMENT_3D('',#16777,#13437,#13438);
#11564=AXIS2_PLACEMENT_3D('',#16779,#13440,#13441);
#11565=AXIS2_PLACEMENT_3D('',#16781,#13442,#13443);
#11566=AXIS2_PLACEMENT_3D('',#16782,#13444,#13445);
#11567=AXIS2_PLACEMENT_3D('',#16783,#13446,#13447);
#11568=AXIS2_PLACEMENT_3D('',#16785,#13448,#13449);
#11569=AXIS2_PLACEMENT_3D('',#16787,#13451,#13452);
#11570=AXIS2_PLACEMENT_3D('',#16789,#13453,#13454);
#11571=AXIS2_PLACEMENT_3D('',#16790,#13455,#13456);
#11572=AXIS2_PLACEMENT_3D('',#16791,#13457,#13458);
#11573=AXIS2_PLACEMENT_3D('',#16794,#13459,#13460);
#11574=AXIS2_PLACEMENT_3D('',#16795,#13461,#13462);
#11575=AXIS2_PLACEMENT_3D('',#16798,#13464,#13465);
#11576=AXIS2_PLACEMENT_3D('',#16799,#13466,#13467);
#11577=AXIS2_PLACEMENT_3D('',#16800,#13468,#13469);
#11578=AXIS2_PLACEMENT_3D('',#16802,#13470,#13471);
#11579=AXIS2_PLACEMENT_3D('',#16804,#13473,#13474);
#11580=AXIS2_PLACEMENT_3D('',#16806,#13475,#13476);
#11581=AXIS2_PLACEMENT_3D('',#16807,#13477,#13478);
#11582=AXIS2_PLACEMENT_3D('',#16808,#13479,#13480);
#11583=AXIS2_PLACEMENT_3D('',#16810,#13481,#13482);
#11584=AXIS2_PLACEMENT_3D('',#16812,#13484,#13485);
#11585=AXIS2_PLACEMENT_3D('',#16814,#13486,#13487);
#11586=AXIS2_PLACEMENT_3D('',#16815,#13488,#13489);
#11587=AXIS2_PLACEMENT_3D('',#16816,#13490,#13491);
#11588=AXIS2_PLACEMENT_3D('',#16818,#13493,#13494);
#11589=AXIS2_PLACEMENT_3D('',#16820,#13495,#13496);
#11590=AXIS2_PLACEMENT_3D('',#16823,#13498,#13499);
#11591=AXIS2_PLACEMENT_3D('',#16824,#13500,#13501);
#11592=AXIS2_PLACEMENT_3D('',#16826,#13502,#13503);
#11593=AXIS2_PLACEMENT_3D('',#16829,#13505,#13506);
#11594=AXIS2_PLACEMENT_3D('',#16830,#13507,#13508);
#11595=AXIS2_PLACEMENT_3D('',#16832,#13509,#13510);
#11596=AXIS2_PLACEMENT_3D('',#16835,#13512,#13513);
#11597=AXIS2_PLACEMENT_3D('',#16836,#13514,#13515);
#11598=AXIS2_PLACEMENT_3D('',#16838,#13516,#13517);
#11599=AXIS2_PLACEMENT_3D('',#16841,#13519,#13520);
#11600=AXIS2_PLACEMENT_3D('',#16842,#13521,#13522);
#11601=AXIS2_PLACEMENT_3D('',#16844,#13523,#13524);
#11602=AXIS2_PLACEMENT_3D('',#16847,#13526,#13527);
#11603=AXIS2_PLACEMENT_3D('',#16848,#13528,#13529);
#11604=AXIS2_PLACEMENT_3D('',#16850,#13530,#13531);
#11605=AXIS2_PLACEMENT_3D('',#16853,#13533,#13534);
#11606=AXIS2_PLACEMENT_3D('',#16854,#13535,#13536);
#11607=AXIS2_PLACEMENT_3D('',#16856,#13537,#13538);
#11608=AXIS2_PLACEMENT_3D('',#16859,#13540,#13541);
#11609=AXIS2_PLACEMENT_3D('',#16860,#13542,#13543);
#11610=AXIS2_PLACEMENT_3D('',#16862,#13544,#13545);
#11611=AXIS2_PLACEMENT_3D('',#16865,#13547,#13548);
#11612=AXIS2_PLACEMENT_3D('',#16866,#13549,#13550);
#11613=AXIS2_PLACEMENT_3D('',#16868,#13551,#13552);
#11614=AXIS2_PLACEMENT_3D('',#16871,#13554,#13555);
#11615=AXIS2_PLACEMENT_3D('',#16872,#13556,#13557);
#11616=AXIS2_PLACEMENT_3D('',#16874,#13558,#13559);
#11617=AXIS2_PLACEMENT_3D('',#16877,#13561,#13562);
#11618=AXIS2_PLACEMENT_3D('',#16878,#13563,#13564);
#11619=AXIS2_PLACEMENT_3D('',#16887,#13569,#13570);
#11620=AXIS2_PLACEMENT_3D('',#16893,#13574,#13575);
#11621=AXIS2_PLACEMENT_3D('',#16899,#13579,#13580);
#11622=AXIS2_PLACEMENT_3D('',#16902,#13583,#13584);
#11623=AXIS2_PLACEMENT_3D('',#16903,#13585,#13586);
#11624=AXIS2_PLACEMENT_3D('',#16904,#13587,#13588);
#11625=AXIS2_PLACEMENT_3D('',#16913,#13593,#13594);
#11626=AXIS2_PLACEMENT_3D('',#16919,#13598,#13599);
#11627=AXIS2_PLACEMENT_3D('',#16925,#13603,#13604);
#11628=AXIS2_PLACEMENT_3D('',#16928,#13607,#13608);
#11629=AXIS2_PLACEMENT_3D('',#16929,#13609,#13610);
#11630=AXIS2_PLACEMENT_3D('',#16930,#13611,#13612);
#11631=AXIS2_PLACEMENT_3D('',#16933,#13613,#13614);
#11632=AXIS2_PLACEMENT_3D('',#16937,#13616,#13617);
#11633=AXIS2_PLACEMENT_3D('',#16939,#13619,#13620);
#11634=AXIS2_PLACEMENT_3D('',#16945,#13624,#13625);
#11635=AXIS2_PLACEMENT_3D('',#16951,#13629,#13630);
#11636=AXIS2_PLACEMENT_3D('',#16953,#13631,#13632);
#11637=AXIS2_PLACEMENT_3D('',#16955,#13633,#13634);
#11638=AXIS2_PLACEMENT_3D('',#16957,#13636,#13637);
#11639=AXIS2_PLACEMENT_3D('',#16963,#13641,#13642);
#11640=AXIS2_PLACEMENT_3D('',#16969,#13646,#13647);
#11641=AXIS2_PLACEMENT_3D('',#16971,#13648,#13649);
#11642=AXIS2_PLACEMENT_3D('',#16973,#13650,#13651);
#11643=AXIS2_PLACEMENT_3D('',#16975,#13653,#13654);
#11644=AXIS2_PLACEMENT_3D('',#16981,#13658,#13659);
#11645=AXIS2_PLACEMENT_3D('',#16987,#13663,#13664);
#11646=AXIS2_PLACEMENT_3D('',#16989,#13665,#13666);
#11647=AXIS2_PLACEMENT_3D('',#16991,#13667,#13668);
#11648=AXIS2_PLACEMENT_3D('',#16993,#13670,#13671);
#11649=AXIS2_PLACEMENT_3D('',#16999,#13675,#13676);
#11650=AXIS2_PLACEMENT_3D('',#17005,#13680,#13681);
#11651=AXIS2_PLACEMENT_3D('',#17007,#13682,#13683);
#11652=AXIS2_PLACEMENT_3D('',#17009,#13684,#13685);
#11653=AXIS2_PLACEMENT_3D('',#17011,#13687,#13688);
#11654=AXIS2_PLACEMENT_3D('',#17017,#13692,#13693);
#11655=AXIS2_PLACEMENT_3D('',#17023,#13697,#13698);
#11656=AXIS2_PLACEMENT_3D('',#17025,#13699,#13700);
#11657=AXIS2_PLACEMENT_3D('',#17027,#13701,#13702);
#11658=AXIS2_PLACEMENT_3D('',#17029,#13704,#13705);
#11659=AXIS2_PLACEMENT_3D('',#17035,#13709,#13710);
#11660=AXIS2_PLACEMENT_3D('',#17041,#13714,#13715);
#11661=AXIS2_PLACEMENT_3D('',#17043,#13716,#13717);
#11662=AXIS2_PLACEMENT_3D('',#17045,#13718,#13719);
#11663=AXIS2_PLACEMENT_3D('',#17047,#13721,#13722);
#11664=AXIS2_PLACEMENT_3D('',#17053,#13726,#13727);
#11665=AXIS2_PLACEMENT_3D('',#17059,#13731,#13732);
#11666=AXIS2_PLACEMENT_3D('',#17061,#13733,#13734);
#11667=AXIS2_PLACEMENT_3D('',#17063,#13735,#13736);
#11668=AXIS2_PLACEMENT_3D('',#17065,#13738,#13739);
#11669=AXIS2_PLACEMENT_3D('',#17071,#13743,#13744);
#11670=AXIS2_PLACEMENT_3D('',#17077,#13748,#13749);
#11671=AXIS2_PLACEMENT_3D('',#17079,#13750,#13751);
#11672=AXIS2_PLACEMENT_3D('',#17081,#13752,#13753);
#11673=AXIS2_PLACEMENT_3D('',#17083,#13755,#13756);
#11674=AXIS2_PLACEMENT_3D('',#17089,#13760,#13761);
#11675=AXIS2_PLACEMENT_3D('',#17095,#13765,#13766);
#11676=AXIS2_PLACEMENT_3D('',#17097,#13767,#13768);
#11677=AXIS2_PLACEMENT_3D('',#17099,#13769,#13770);
#11678=AXIS2_PLACEMENT_3D('',#17101,#13772,#13773);
#11679=AXIS2_PLACEMENT_3D('',#17107,#13777,#13778);
#11680=AXIS2_PLACEMENT_3D('',#17113,#13782,#13783);
#11681=AXIS2_PLACEMENT_3D('',#17115,#13784,#13785);
#11682=AXIS2_PLACEMENT_3D('',#17117,#13786,#13787);
#11683=AXIS2_PLACEMENT_3D('',#17119,#13789,#13790);
#11684=AXIS2_PLACEMENT_3D('',#17125,#13794,#13795);
#11685=AXIS2_PLACEMENT_3D('',#17131,#13799,#13800);
#11686=AXIS2_PLACEMENT_3D('',#17133,#13801,#13802);
#11687=AXIS2_PLACEMENT_3D('',#17135,#13803,#13804);
#11688=AXIS2_PLACEMENT_3D('',#17137,#13806,#13807);
#11689=AXIS2_PLACEMENT_3D('',#17143,#13811,#13812);
#11690=AXIS2_PLACEMENT_3D('',#17149,#13816,#13817);
#11691=AXIS2_PLACEMENT_3D('',#17151,#13818,#13819);
#11692=AXIS2_PLACEMENT_3D('',#17153,#13820,#13821);
#11693=AXIS2_PLACEMENT_3D('',#17155,#13823,#13824);
#11694=AXIS2_PLACEMENT_3D('',#17161,#13828,#13829);
#11695=AXIS2_PLACEMENT_3D('',#17167,#13833,#13834);
#11696=AXIS2_PLACEMENT_3D('',#17169,#13835,#13836);
#11697=AXIS2_PLACEMENT_3D('',#17171,#13837,#13838);
#11698=AXIS2_PLACEMENT_3D('',#17173,#13840,#13841);
#11699=AXIS2_PLACEMENT_3D('',#17179,#13845,#13846);
#11700=AXIS2_PLACEMENT_3D('',#17185,#13850,#13851);
#11701=AXIS2_PLACEMENT_3D('',#17187,#13852,#13853);
#11702=AXIS2_PLACEMENT_3D('',#17189,#13854,#13855);
#11703=AXIS2_PLACEMENT_3D('',#17191,#13857,#13858);
#11704=AXIS2_PLACEMENT_3D('',#17197,#13862,#13863);
#11705=AXIS2_PLACEMENT_3D('',#17203,#13867,#13868);
#11706=AXIS2_PLACEMENT_3D('',#17205,#13869,#13870);
#11707=AXIS2_PLACEMENT_3D('',#17207,#13871,#13872);
#11708=AXIS2_PLACEMENT_3D('',#17209,#13874,#13875);
#11709=AXIS2_PLACEMENT_3D('',#17215,#13879,#13880);
#11710=AXIS2_PLACEMENT_3D('',#17221,#13884,#13885);
#11711=AXIS2_PLACEMENT_3D('',#17223,#13886,#13887);
#11712=AXIS2_PLACEMENT_3D('',#17225,#13888,#13889);
#11713=AXIS2_PLACEMENT_3D('',#17227,#13891,#13892);
#11714=AXIS2_PLACEMENT_3D('',#17233,#13896,#13897);
#11715=AXIS2_PLACEMENT_3D('',#17239,#13901,#13902);
#11716=AXIS2_PLACEMENT_3D('',#17241,#13903,#13904);
#11717=AXIS2_PLACEMENT_3D('',#17243,#13905,#13906);
#11718=AXIS2_PLACEMENT_3D('',#17245,#13908,#13909);
#11719=AXIS2_PLACEMENT_3D('',#17251,#13913,#13914);
#11720=AXIS2_PLACEMENT_3D('',#17257,#13918,#13919);
#11721=AXIS2_PLACEMENT_3D('',#17259,#13920,#13921);
#11722=AXIS2_PLACEMENT_3D('',#17261,#13922,#13923);
#11723=AXIS2_PLACEMENT_3D('',#17263,#13925,#13926);
#11724=AXIS2_PLACEMENT_3D('',#17269,#13930,#13931);
#11725=AXIS2_PLACEMENT_3D('',#17275,#13935,#13936);
#11726=AXIS2_PLACEMENT_3D('',#17277,#13937,#13938);
#11727=AXIS2_PLACEMENT_3D('',#17279,#13939,#13940);
#11728=AXIS2_PLACEMENT_3D('',#17281,#13942,#13943);
#11729=AXIS2_PLACEMENT_3D('',#17287,#13947,#13948);
#11730=AXIS2_PLACEMENT_3D('',#17293,#13952,#13953);
#11731=AXIS2_PLACEMENT_3D('',#17295,#13954,#13955);
#11732=AXIS2_PLACEMENT_3D('',#17297,#13956,#13957);
#11733=AXIS2_PLACEMENT_3D('',#17299,#13959,#13960);
#11734=AXIS2_PLACEMENT_3D('',#17305,#13964,#13965);
#11735=AXIS2_PLACEMENT_3D('',#17311,#13969,#13970);
#11736=AXIS2_PLACEMENT_3D('',#17313,#13971,#13972);
#11737=AXIS2_PLACEMENT_3D('',#17315,#13973,#13974);
#11738=AXIS2_PLACEMENT_3D('',#17317,#13976,#13977);
#11739=AXIS2_PLACEMENT_3D('',#17323,#13981,#13982);
#11740=AXIS2_PLACEMENT_3D('',#17329,#13986,#13987);
#11741=AXIS2_PLACEMENT_3D('',#17331,#13988,#13989);
#11742=AXIS2_PLACEMENT_3D('',#17333,#13990,#13991);
#11743=AXIS2_PLACEMENT_3D('',#17335,#13993,#13994);
#11744=AXIS2_PLACEMENT_3D('',#17341,#13998,#13999);
#11745=AXIS2_PLACEMENT_3D('',#17347,#14003,#14004);
#11746=AXIS2_PLACEMENT_3D('',#17349,#14005,#14006);
#11747=AXIS2_PLACEMENT_3D('',#17351,#14007,#14008);
#11748=AXIS2_PLACEMENT_3D('',#17353,#14010,#14011);
#11749=AXIS2_PLACEMENT_3D('',#17359,#14015,#14016);
#11750=AXIS2_PLACEMENT_3D('',#17365,#14020,#14021);
#11751=AXIS2_PLACEMENT_3D('',#17367,#14022,#14023);
#11752=AXIS2_PLACEMENT_3D('',#17369,#14024,#14025);
#11753=AXIS2_PLACEMENT_3D('',#17371,#14027,#14028);
#11754=AXIS2_PLACEMENT_3D('',#17377,#14032,#14033);
#11755=AXIS2_PLACEMENT_3D('',#17383,#14037,#14038);
#11756=AXIS2_PLACEMENT_3D('',#17385,#14039,#14040);
#11757=AXIS2_PLACEMENT_3D('',#17387,#14041,#14042);
#11758=AXIS2_PLACEMENT_3D('',#17389,#14044,#14045);
#11759=AXIS2_PLACEMENT_3D('',#17395,#14049,#14050);
#11760=AXIS2_PLACEMENT_3D('',#17401,#14054,#14055);
#11761=AXIS2_PLACEMENT_3D('',#17403,#14056,#14057);
#11762=AXIS2_PLACEMENT_3D('',#17405,#14058,#14059);
#11763=AXIS2_PLACEMENT_3D('',#17407,#14061,#14062);
#11764=AXIS2_PLACEMENT_3D('',#17413,#14066,#14067);
#11765=AXIS2_PLACEMENT_3D('',#17419,#14071,#14072);
#11766=AXIS2_PLACEMENT_3D('',#17421,#14073,#14074);
#11767=AXIS2_PLACEMENT_3D('',#17423,#14075,#14076);
#11768=AXIS2_PLACEMENT_3D('',#17425,#14078,#14079);
#11769=AXIS2_PLACEMENT_3D('',#17431,#14083,#14084);
#11770=AXIS2_PLACEMENT_3D('',#17437,#14088,#14089);
#11771=AXIS2_PLACEMENT_3D('',#17439,#14090,#14091);
#11772=AXIS2_PLACEMENT_3D('',#17441,#14092,#14093);
#11773=AXIS2_PLACEMENT_3D('',#17443,#14095,#14096);
#11774=AXIS2_PLACEMENT_3D('',#17449,#14100,#14101);
#11775=AXIS2_PLACEMENT_3D('',#17455,#14105,#14106);
#11776=AXIS2_PLACEMENT_3D('',#17457,#14107,#14108);
#11777=AXIS2_PLACEMENT_3D('',#17459,#14109,#14110);
#11778=AXIS2_PLACEMENT_3D('',#17461,#14112,#14113);
#11779=AXIS2_PLACEMENT_3D('',#17467,#14117,#14118);
#11780=AXIS2_PLACEMENT_3D('',#17473,#14122,#14123);
#11781=AXIS2_PLACEMENT_3D('',#17475,#14124,#14125);
#11782=AXIS2_PLACEMENT_3D('',#17477,#14126,#14127);
#11783=AXIS2_PLACEMENT_3D('',#17479,#14129,#14130);
#11784=AXIS2_PLACEMENT_3D('',#17481,#14131,#14132);
#11785=AXIS2_PLACEMENT_3D('',#17483,#14133,#14134);
#11786=AXIS2_PLACEMENT_3D('',#17485,#14136,#14137);
#11787=AXIS2_PLACEMENT_3D('',#17491,#14141,#14142);
#11788=AXIS2_PLACEMENT_3D('',#17497,#14146,#14147);
#11789=AXIS2_PLACEMENT_3D('',#17500,#14150,#14151);
#11790=AXIS2_PLACEMENT_3D('',#17501,#14152,#14153);
#11791=AXIS2_PLACEMENT_3D('',#17502,#14154,#14155);
#11792=AXIS2_PLACEMENT_3D('',#17504,#14156,#14157);
#11793=AXIS2_PLACEMENT_3D('',#17507,#14159,#14160);
#11794=AXIS2_PLACEMENT_3D('',#17508,#14161,#14162);
#11795=AXIS2_PLACEMENT_3D('',#17517,#14167,#14168);
#11796=AXIS2_PLACEMENT_3D('',#17519,#14169,#14170);
#11797=AXIS2_PLACEMENT_3D('',#17521,#14171,#14172);
#11798=AXIS2_PLACEMENT_3D('',#17523,#14174,#14175);
#11799=AXIS2_PLACEMENT_3D('',#17529,#14179,#14180);
#11800=AXIS2_PLACEMENT_3D('',#17530,#14181,#14182);
#11801=AXIS2_PLACEMENT_3D('',#17531,#14183,#14184);
#11802=AXIS2_PLACEMENT_3D('',#17532,#14185,#14186);
#11803=AXIS2_PLACEMENT_3D('',#17535,#14187,#14188);
#11804=AXIS2_PLACEMENT_3D('',#17539,#14190,#14191);
#11805=AXIS2_PLACEMENT_3D('',#17541,#14193,#14194);
#11806=AXIS2_PLACEMENT_3D('',#17570,#14199,#14200);
#11807=AXIS2_PLACEMENT_3D('',#17576,#14204,#14205);
#11808=AXIS2_PLACEMENT_3D('',#17578,#14206,#14207);
#11809=AXIS2_PLACEMENT_3D('',#17580,#14208,#14209);
#11810=AXIS2_PLACEMENT_3D('',#17582,#14211,#14212);
#11811=AXIS2_PLACEMENT_3D('',#17588,#14216,#14217);
#11812=AXIS2_PLACEMENT_3D('',#17591,#14220,#14221);
#11813=AXIS2_PLACEMENT_3D('',#17592,#14222,#14223);
#11814=AXIS2_PLACEMENT_3D('',#17593,#14224,#14225);
#11815=AXIS2_PLACEMENT_3D('',#17595,#14226,#14227);
#11816=AXIS2_PLACEMENT_3D('',#17598,#14229,#14230);
#11817=AXIS2_PLACEMENT_3D('',#17599,#14231,#14232);
#11818=AXIS2_PLACEMENT_3D('',#17602,#14233,#14234);
#11819=AXIS2_PLACEMENT_3D('',#17606,#14236,#14237);
#11820=AXIS2_PLACEMENT_3D('',#17608,#14239,#14240);
#11821=AXIS2_PLACEMENT_3D('',#17614,#14244,#14245);
#11822=AXIS2_PLACEMENT_3D('',#17616,#14246,#14247);
#11823=AXIS2_PLACEMENT_3D('',#17619,#14249,#14250);
#11824=AXIS2_PLACEMENT_3D('',#17620,#14251,#14252);
#11825=AXIS2_PLACEMENT_3D('',#17626,#14256,#14257);
#11826=AXIS2_PLACEMENT_3D('',#17632,#14261,#14262);
#11827=AXIS2_PLACEMENT_3D('',#17635,#14265,#14266);
#11828=AXIS2_PLACEMENT_3D('',#17636,#14267,#14268);
#11829=AXIS2_PLACEMENT_3D('',#17637,#14269,#14270);
#11830=AXIS2_PLACEMENT_3D('',#17640,#14271,#14272);
#11831=AXIS2_PLACEMENT_3D('',#17644,#14274,#14275);
#11832=AXIS2_PLACEMENT_3D('',#17646,#14277,#14278);
#11833=AXIS2_PLACEMENT_3D('',#17654,#14282,#14283);
#11834=AXIS2_PLACEMENT_3D('',#17657,#14285,#14286);
#11835=AXIS2_PLACEMENT_3D('',#17658,#14287,#14288);
#11836=AXIS2_PLACEMENT_3D('',#17662,#14291,#14292);
#11837=AXIS2_PLACEMENT_3D('',#17665,#14294,#14295);
#11838=AXIS2_PLACEMENT_3D('',#17666,#14296,#14297);
#11839=AXIS2_PLACEMENT_3D('',#17669,#14299,#14300);
#11840=AXIS2_PLACEMENT_3D('',#17670,#14301,#14302);
#11841=AXIS2_PLACEMENT_3D('',#17674,#14305,#14306);
#11842=AXIS2_PLACEMENT_3D('',#17678,#14309,#14310);
#11843=AXIS2_PLACEMENT_3D('',#17680,#14312,#14313);
#11844=AXIS2_PLACEMENT_3D('',#17681,#14314,#14315);
#11845=AXIS2_PLACEMENT_3D('',#17683,#14316,#14317);
#11846=AXIS2_PLACEMENT_3D('',#17686,#14319,#14320);
#11847=AXIS2_PLACEMENT_3D('',#17687,#14321,#14322);
#11848=AXIS2_PLACEMENT_3D('',#17688,#14323,#14324);
#11849=AXIS2_PLACEMENT_3D('',#17689,#14325,#14326);
#11850=AXIS2_PLACEMENT_3D('',#17691,#14327,#14328);
#11851=AXIS2_PLACEMENT_3D('',#17694,#14330,#14331);
#11852=AXIS2_PLACEMENT_3D('',#17695,#14332,#14333);
#11853=AXIS2_PLACEMENT_3D('',#17697,#14334,#14335);
#11854=AXIS2_PLACEMENT_3D('',#17700,#14337,#14338);
#11855=AXIS2_PLACEMENT_3D('',#17701,#14339,#14340);
#11856=AXIS2_PLACEMENT_3D('',#17703,#14341,#14342);
#11857=AXIS2_PLACEMENT_3D('',#17706,#14344,#14345);
#11858=AXIS2_PLACEMENT_3D('',#17707,#14346,#14347);
#11859=AXIS2_PLACEMENT_3D('',#17709,#14348,#14349);
#11860=AXIS2_PLACEMENT_3D('',#17712,#14351,#14352);
#11861=AXIS2_PLACEMENT_3D('',#17713,#14353,#14354);
#11862=AXIS2_PLACEMENT_3D('',#17715,#14355,#14356);
#11863=AXIS2_PLACEMENT_3D('',#17718,#14358,#14359);
#11864=AXIS2_PLACEMENT_3D('',#17719,#14360,#14361);
#11865=AXIS2_PLACEMENT_3D('',#17721,#14362,#14363);
#11866=AXIS2_PLACEMENT_3D('',#17724,#14365,#14366);
#11867=AXIS2_PLACEMENT_3D('',#17725,#14367,#14368);
#11868=AXIS2_PLACEMENT_3D('',#17727,#14369,#14370);
#11869=AXIS2_PLACEMENT_3D('',#17730,#14372,#14373);
#11870=AXIS2_PLACEMENT_3D('',#17731,#14374,#14375);
#11871=AXIS2_PLACEMENT_3D('',#17733,#14376,#14377);
#11872=AXIS2_PLACEMENT_3D('',#17736,#14379,#14380);
#11873=AXIS2_PLACEMENT_3D('',#17737,#14381,#14382);
#11874=AXIS2_PLACEMENT_3D('',#17739,#14383,#14384);
#11875=AXIS2_PLACEMENT_3D('',#17742,#14386,#14387);
#11876=AXIS2_PLACEMENT_3D('',#17743,#14388,#14389);
#11877=AXIS2_PLACEMENT_3D('',#17745,#14390,#14391);
#11878=AXIS2_PLACEMENT_3D('',#17748,#14393,#14394);
#11879=AXIS2_PLACEMENT_3D('',#17749,#14395,#14396);
#11880=AXIS2_PLACEMENT_3D('',#17758,#14401,#14402);
#11881=AXIS2_PLACEMENT_3D('',#17764,#14406,#14407);
#11882=AXIS2_PLACEMENT_3D('',#17770,#14411,#14412);
#11883=AXIS2_PLACEMENT_3D('',#17773,#14415,#14416);
#11884=AXIS2_PLACEMENT_3D('',#17774,#14417,#14418);
#11885=AXIS2_PLACEMENT_3D('',#17775,#14419,#14420);
#11886=AXIS2_PLACEMENT_3D('',#17778,#14421,#14422);
#11887=AXIS2_PLACEMENT_3D('',#17782,#14424,#14425);
#11888=AXIS2_PLACEMENT_3D('',#17784,#14427,#14428);
#11889=AXIS2_PLACEMENT_3D('',#17790,#14432,#14433);
#11890=AXIS2_PLACEMENT_3D('',#17796,#14437,#14438);
#11891=AXIS2_PLACEMENT_3D('',#17798,#14439,#14440);
#11892=AXIS2_PLACEMENT_3D('',#17801,#14442,#14443);
#11893=AXIS2_PLACEMENT_3D('',#17802,#14444,#14445);
#11894=AXIS2_PLACEMENT_3D('',#17808,#14449,#14450);
#11895=AXIS2_PLACEMENT_3D('',#17814,#14454,#14455);
#11896=AXIS2_PLACEMENT_3D('',#17816,#14456,#14457);
#11897=AXIS2_PLACEMENT_3D('',#17819,#14459,#14460);
#11898=AXIS2_PLACEMENT_3D('',#17820,#14461,#14462);
#11899=AXIS2_PLACEMENT_3D('',#17826,#14466,#14467);
#11900=AXIS2_PLACEMENT_3D('',#17832,#14471,#14472);
#11901=AXIS2_PLACEMENT_3D('',#17834,#14473,#14474);
#11902=AXIS2_PLACEMENT_3D('',#17837,#14476,#14477);
#11903=AXIS2_PLACEMENT_3D('',#17838,#14478,#14479);
#11904=AXIS2_PLACEMENT_3D('',#17844,#14483,#14484);
#11905=AXIS2_PLACEMENT_3D('',#17850,#14488,#14489);
#11906=AXIS2_PLACEMENT_3D('',#17852,#14490,#14491);
#11907=AXIS2_PLACEMENT_3D('',#17855,#14493,#14494);
#11908=AXIS2_PLACEMENT_3D('',#17856,#14495,#14496);
#11909=AXIS2_PLACEMENT_3D('',#17862,#14500,#14501);
#11910=AXIS2_PLACEMENT_3D('',#17868,#14505,#14506);
#11911=AXIS2_PLACEMENT_3D('',#17870,#14507,#14508);
#11912=AXIS2_PLACEMENT_3D('',#17873,#14510,#14511);
#11913=AXIS2_PLACEMENT_3D('',#17874,#14512,#14513);
#11914=AXIS2_PLACEMENT_3D('',#17880,#14517,#14518);
#11915=AXIS2_PLACEMENT_3D('',#17886,#14522,#14523);
#11916=AXIS2_PLACEMENT_3D('',#17888,#14524,#14525);
#11917=AXIS2_PLACEMENT_3D('',#17891,#14527,#14528);
#11918=AXIS2_PLACEMENT_3D('',#17892,#14529,#14530);
#11919=AXIS2_PLACEMENT_3D('',#17898,#14534,#14535);
#11920=AXIS2_PLACEMENT_3D('',#17904,#14539,#14540);
#11921=AXIS2_PLACEMENT_3D('',#17906,#14541,#14542);
#11922=AXIS2_PLACEMENT_3D('',#17909,#14544,#14545);
#11923=AXIS2_PLACEMENT_3D('',#17910,#14546,#14547);
#11924=AXIS2_PLACEMENT_3D('',#17916,#14551,#14552);
#11925=AXIS2_PLACEMENT_3D('',#17922,#14556,#14557);
#11926=AXIS2_PLACEMENT_3D('',#17924,#14558,#14559);
#11927=AXIS2_PLACEMENT_3D('',#17927,#14561,#14562);
#11928=AXIS2_PLACEMENT_3D('',#17928,#14563,#14564);
#11929=AXIS2_PLACEMENT_3D('',#17934,#14568,#14569);
#11930=AXIS2_PLACEMENT_3D('',#17940,#14573,#14574);
#11931=AXIS2_PLACEMENT_3D('',#17942,#14575,#14576);
#11932=AXIS2_PLACEMENT_3D('',#17945,#14578,#14579);
#11933=AXIS2_PLACEMENT_3D('',#17946,#14580,#14581);
#11934=AXIS2_PLACEMENT_3D('',#17952,#14585,#14586);
#11935=AXIS2_PLACEMENT_3D('',#17958,#14590,#14591);
#11936=AXIS2_PLACEMENT_3D('',#17960,#14592,#14593);
#11937=AXIS2_PLACEMENT_3D('',#17963,#14595,#14596);
#11938=AXIS2_PLACEMENT_3D('',#17964,#14597,#14598);
#11939=AXIS2_PLACEMENT_3D('',#17970,#14602,#14603);
#11940=AXIS2_PLACEMENT_3D('',#17976,#14607,#14608);
#11941=AXIS2_PLACEMENT_3D('',#17978,#14609,#14610);
#11942=AXIS2_PLACEMENT_3D('',#17981,#14612,#14613);
#11943=AXIS2_PLACEMENT_3D('',#17982,#14614,#14615);
#11944=AXIS2_PLACEMENT_3D('',#17988,#14619,#14620);
#11945=AXIS2_PLACEMENT_3D('',#17994,#14624,#14625);
#11946=AXIS2_PLACEMENT_3D('',#17996,#14626,#14627);
#11947=AXIS2_PLACEMENT_3D('',#17999,#14629,#14630);
#11948=AXIS2_PLACEMENT_3D('',#18000,#14631,#14632);
#11949=AXIS2_PLACEMENT_3D('',#18006,#14636,#14637);
#11950=AXIS2_PLACEMENT_3D('',#18012,#14641,#14642);
#11951=AXIS2_PLACEMENT_3D('',#18014,#14643,#14644);
#11952=AXIS2_PLACEMENT_3D('',#18017,#14646,#14647);
#11953=AXIS2_PLACEMENT_3D('',#18018,#14648,#14649);
#11954=AXIS2_PLACEMENT_3D('',#18024,#14653,#14654);
#11955=AXIS2_PLACEMENT_3D('',#18030,#14658,#14659);
#11956=AXIS2_PLACEMENT_3D('',#18032,#14660,#14661);
#11957=AXIS2_PLACEMENT_3D('',#18035,#14663,#14664);
#11958=AXIS2_PLACEMENT_3D('',#18036,#14665,#14666);
#11959=AXIS2_PLACEMENT_3D('',#18042,#14670,#14671);
#11960=AXIS2_PLACEMENT_3D('',#18048,#14675,#14676);
#11961=AXIS2_PLACEMENT_3D('',#18050,#14677,#14678);
#11962=AXIS2_PLACEMENT_3D('',#18053,#14680,#14681);
#11963=AXIS2_PLACEMENT_3D('',#18054,#14682,#14683);
#11964=AXIS2_PLACEMENT_3D('',#18060,#14687,#14688);
#11965=AXIS2_PLACEMENT_3D('',#18066,#14692,#14693);
#11966=AXIS2_PLACEMENT_3D('',#18068,#14694,#14695);
#11967=AXIS2_PLACEMENT_3D('',#18071,#14697,#14698);
#11968=AXIS2_PLACEMENT_3D('',#18072,#14699,#14700);
#11969=AXIS2_PLACEMENT_3D('',#18078,#14704,#14705);
#11970=AXIS2_PLACEMENT_3D('',#18084,#14709,#14710);
#11971=AXIS2_PLACEMENT_3D('',#18086,#14711,#14712);
#11972=AXIS2_PLACEMENT_3D('',#18089,#14714,#14715);
#11973=AXIS2_PLACEMENT_3D('',#18090,#14716,#14717);
#11974=AXIS2_PLACEMENT_3D('',#18096,#14721,#14722);
#11975=AXIS2_PLACEMENT_3D('',#18102,#14726,#14727);
#11976=AXIS2_PLACEMENT_3D('',#18104,#14728,#14729);
#11977=AXIS2_PLACEMENT_3D('',#18107,#14731,#14732);
#11978=AXIS2_PLACEMENT_3D('',#18108,#14733,#14734);
#11979=AXIS2_PLACEMENT_3D('',#18114,#14738,#14739);
#11980=AXIS2_PLACEMENT_3D('',#18120,#14743,#14744);
#11981=AXIS2_PLACEMENT_3D('',#18122,#14745,#14746);
#11982=AXIS2_PLACEMENT_3D('',#18125,#14748,#14749);
#11983=AXIS2_PLACEMENT_3D('',#18126,#14750,#14751);
#11984=AXIS2_PLACEMENT_3D('',#18132,#14755,#14756);
#11985=AXIS2_PLACEMENT_3D('',#18138,#14760,#14761);
#11986=AXIS2_PLACEMENT_3D('',#18140,#14762,#14763);
#11987=AXIS2_PLACEMENT_3D('',#18143,#14765,#14766);
#11988=AXIS2_PLACEMENT_3D('',#18144,#14767,#14768);
#11989=AXIS2_PLACEMENT_3D('',#18150,#14772,#14773);
#11990=AXIS2_PLACEMENT_3D('',#18156,#14777,#14778);
#11991=AXIS2_PLACEMENT_3D('',#18158,#14779,#14780);
#11992=AXIS2_PLACEMENT_3D('',#18161,#14782,#14783);
#11993=AXIS2_PLACEMENT_3D('',#18162,#14784,#14785);
#11994=AXIS2_PLACEMENT_3D('',#18168,#14789,#14790);
#11995=AXIS2_PLACEMENT_3D('',#18174,#14794,#14795);
#11996=AXIS2_PLACEMENT_3D('',#18176,#14796,#14797);
#11997=AXIS2_PLACEMENT_3D('',#18179,#14799,#14800);
#11998=AXIS2_PLACEMENT_3D('',#18180,#14801,#14802);
#11999=AXIS2_PLACEMENT_3D('',#18186,#14806,#14807);
#12000=AXIS2_PLACEMENT_3D('',#18192,#14811,#14812);
#12001=AXIS2_PLACEMENT_3D('',#18194,#14813,#14814);
#12002=AXIS2_PLACEMENT_3D('',#18197,#14816,#14817);
#12003=AXIS2_PLACEMENT_3D('',#18198,#14818,#14819);
#12004=AXIS2_PLACEMENT_3D('',#18204,#14823,#14824);
#12005=AXIS2_PLACEMENT_3D('',#18210,#14828,#14829);
#12006=AXIS2_PLACEMENT_3D('',#18212,#14830,#14831);
#12007=AXIS2_PLACEMENT_3D('',#18215,#14833,#14834);
#12008=AXIS2_PLACEMENT_3D('',#18216,#14835,#14836);
#12009=AXIS2_PLACEMENT_3D('',#18222,#14840,#14841);
#12010=AXIS2_PLACEMENT_3D('',#18228,#14845,#14846);
#12011=AXIS2_PLACEMENT_3D('',#18230,#14847,#14848);
#12012=AXIS2_PLACEMENT_3D('',#18233,#14850,#14851);
#12013=AXIS2_PLACEMENT_3D('',#18234,#14852,#14853);
#12014=AXIS2_PLACEMENT_3D('',#18240,#14857,#14858);
#12015=AXIS2_PLACEMENT_3D('',#18246,#14862,#14863);
#12016=AXIS2_PLACEMENT_3D('',#18248,#14864,#14865);
#12017=AXIS2_PLACEMENT_3D('',#18251,#14867,#14868);
#12018=AXIS2_PLACEMENT_3D('',#18252,#14869,#14870);
#12019=AXIS2_PLACEMENT_3D('',#18258,#14874,#14875);
#12020=AXIS2_PLACEMENT_3D('',#18264,#14879,#14880);
#12021=AXIS2_PLACEMENT_3D('',#18266,#14881,#14882);
#12022=AXIS2_PLACEMENT_3D('',#18269,#14884,#14885);
#12023=AXIS2_PLACEMENT_3D('',#18270,#14886,#14887);
#12024=AXIS2_PLACEMENT_3D('',#18276,#14891,#14892);
#12025=AXIS2_PLACEMENT_3D('',#18282,#14896,#14897);
#12026=AXIS2_PLACEMENT_3D('',#18284,#14898,#14899);
#12027=AXIS2_PLACEMENT_3D('',#18287,#14901,#14902);
#12028=AXIS2_PLACEMENT_3D('',#18288,#14903,#14904);
#12029=AXIS2_PLACEMENT_3D('',#18294,#14908,#14909);
#12030=AXIS2_PLACEMENT_3D('',#18300,#14913,#14914);
#12031=AXIS2_PLACEMENT_3D('',#18302,#14915,#14916);
#12032=AXIS2_PLACEMENT_3D('',#18305,#14918,#14919);
#12033=AXIS2_PLACEMENT_3D('',#18306,#14920,#14921);
#12034=AXIS2_PLACEMENT_3D('',#18312,#14925,#14926);
#12035=AXIS2_PLACEMENT_3D('',#18318,#14930,#14931);
#12036=AXIS2_PLACEMENT_3D('',#18320,#14932,#14933);
#12037=AXIS2_PLACEMENT_3D('',#18323,#14935,#14936);
#12038=AXIS2_PLACEMENT_3D('',#18324,#14937,#14938);
#12039=AXIS2_PLACEMENT_3D('',#18326,#14939,#14940);
#12040=AXIS2_PLACEMENT_3D('',#18329,#14942,#14943);
#12041=AXIS2_PLACEMENT_3D('',#18330,#14944,#14945);
#12042=AXIS2_PLACEMENT_3D('',#18336,#14949,#14950);
#12043=AXIS2_PLACEMENT_3D('',#18342,#14954,#14955);
#12044=AXIS2_PLACEMENT_3D('',#18345,#14958,#14959);
#12045=AXIS2_PLACEMENT_3D('',#18346,#14960,#14961);
#12046=AXIS2_PLACEMENT_3D('',#18347,#14962,#14963);
#12047=AXIS2_PLACEMENT_3D('',#18349,#14964,#14965);
#12048=AXIS2_PLACEMENT_3D('',#18352,#14967,#14968);
#12049=AXIS2_PLACEMENT_3D('',#18353,#14969,#14970);
#12050=AXIS2_PLACEMENT_3D('',#18362,#14975,#14976);
#12051=AXIS2_PLACEMENT_3D('',#18364,#14977,#14978);
#12052=AXIS2_PLACEMENT_3D('',#18367,#14980,#14981);
#12053=AXIS2_PLACEMENT_3D('',#18368,#14982,#14983);
#12054=AXIS2_PLACEMENT_3D('',#18374,#14987,#14988);
#12055=AXIS2_PLACEMENT_3D('',#18375,#14989,#14990);
#12056=AXIS2_PLACEMENT_3D('',#18376,#14991,#14992);
#12057=AXIS2_PLACEMENT_3D('',#18377,#14993,#14994);
#12058=AXIS2_PLACEMENT_3D('',#18380,#14995,#14996);
#12059=AXIS2_PLACEMENT_3D('',#18384,#14998,#14999);
#12060=AXIS2_PLACEMENT_3D('',#18386,#15001,#15002);
#12061=AXIS2_PLACEMENT_3D('',#18415,#15007,#15008);
#12062=AXIS2_PLACEMENT_3D('',#18421,#15012,#15013);
#12063=AXIS2_PLACEMENT_3D('',#18423,#15014,#15015);
#12064=AXIS2_PLACEMENT_3D('',#18426,#15017,#15018);
#12065=AXIS2_PLACEMENT_3D('',#18427,#15019,#15020);
#12066=AXIS2_PLACEMENT_3D('',#18433,#15024,#15025);
#12067=AXIS2_PLACEMENT_3D('',#18436,#15028,#15029);
#12068=AXIS2_PLACEMENT_3D('',#18437,#15030,#15031);
#12069=AXIS2_PLACEMENT_3D('',#18438,#15032,#15033);
#12070=AXIS2_PLACEMENT_3D('',#18440,#15034,#15035);
#12071=AXIS2_PLACEMENT_3D('',#18443,#15037,#15038);
#12072=AXIS2_PLACEMENT_3D('',#18444,#15039,#15040);
#12073=AXIS2_PLACEMENT_3D('',#18453,#15045,#15046);
#12074=AXIS2_PLACEMENT_3D('',#18455,#15047,#15048);
#12075=AXIS2_PLACEMENT_3D('',#18457,#15049,#15050);
#12076=AXIS2_PLACEMENT_3D('',#18459,#15052,#15053);
#12077=AXIS2_PLACEMENT_3D('',#18465,#15057,#15058);
#12078=AXIS2_PLACEMENT_3D('',#18471,#15062,#15063);
#12079=AXIS2_PLACEMENT_3D('',#18477,#15067,#15068);
#12080=AXIS2_PLACEMENT_3D('',#18478,#15069,#15070);
#12081=AXIS2_PLACEMENT_3D('',#18479,#15071,#15072);
#12082=AXIS2_PLACEMENT_3D('',#18480,#15073,#15074);
#12083=AXIS2_PLACEMENT_3D('',#18481,#15075,#15076);
#12084=AXIS2_PLACEMENT_3D('',#18482,#15077,#15078);
#12085=AXIS2_PLACEMENT_3D('',#18484,#15079,#15080);
#12086=AXIS2_PLACEMENT_3D('',#18487,#15082,#15083);
#12087=AXIS2_PLACEMENT_3D('',#18488,#15084,#15085);
#12088=AXIS2_PLACEMENT_3D('',#18497,#15090,#15091);
#12089=AXIS2_PLACEMENT_3D('',#18499,#15092,#15093);
#12090=AXIS2_PLACEMENT_3D('',#18502,#15095,#15096);
#12091=AXIS2_PLACEMENT_3D('',#18503,#15097,#15098);
#12092=AXIS2_PLACEMENT_3D('',#18509,#15102,#15103);
#12093=AXIS2_PLACEMENT_3D('',#18515,#15107,#15108);
#12094=AXIS2_PLACEMENT_3D('',#18521,#15112,#15113);
#12095=AXIS2_PLACEMENT_3D('',#18522,#15114,#15115);
#12096=AXIS2_PLACEMENT_3D('',#18523,#15116,#15117);
#12097=AXIS2_PLACEMENT_3D('',#18524,#15118,#15119);
#12098=AXIS2_PLACEMENT_3D('',#18525,#15120,#15121);
#12099=AXIS2_PLACEMENT_3D('',#18526,#15122,#15123);
#12100=AXIS2_PLACEMENT_3D('',#18528,#15124,#15125);
#12101=AXIS2_PLACEMENT_3D('',#18531,#15127,#15128);
#12102=AXIS2_PLACEMENT_3D('',#18532,#15129,#15130);
#12103=AXIS2_PLACEMENT_3D('',#18541,#15135,#15136);
#12104=AXIS2_PLACEMENT_3D('',#18543,#15137,#15138);
#12105=AXIS2_PLACEMENT_3D('',#18546,#15140,#15141);
#12106=AXIS2_PLACEMENT_3D('',#18547,#15142,#15143);
#12107=AXIS2_PLACEMENT_3D('',#18553,#15147,#15148);
#12108=AXIS2_PLACEMENT_3D('',#18559,#15152,#15153);
#12109=AXIS2_PLACEMENT_3D('',#18565,#15157,#15158);
#12110=AXIS2_PLACEMENT_3D('',#18566,#15159,#15160);
#12111=AXIS2_PLACEMENT_3D('',#18567,#15161,#15162);
#12112=AXIS2_PLACEMENT_3D('',#18568,#15163,#15164);
#12113=AXIS2_PLACEMENT_3D('',#18569,#15165,#15166);
#12114=AXIS2_PLACEMENT_3D('',#18570,#15167,#15168);
#12115=AXIS2_PLACEMENT_3D('',#18572,#15169,#15170);
#12116=AXIS2_PLACEMENT_3D('',#18575,#15172,#15173);
#12117=AXIS2_PLACEMENT_3D('',#18576,#15174,#15175);
#12118=AXIS2_PLACEMENT_3D('',#18585,#15180,#15181);
#12119=AXIS2_PLACEMENT_3D('',#18587,#15182,#15183);
#12120=AXIS2_PLACEMENT_3D('',#18589,#15184,#15185);
#12121=AXIS2_PLACEMENT_3D('',#18591,#15187,#15188);
#12122=AXIS2_PLACEMENT_3D('',#18597,#15192,#15193);
#12123=AXIS2_PLACEMENT_3D('',#18603,#15197,#15198);
#12124=AXIS2_PLACEMENT_3D('',#18609,#15202,#15203);
#12125=AXIS2_PLACEMENT_3D('',#18610,#15204,#15205);
#12126=AXIS2_PLACEMENT_3D('',#18611,#15206,#15207);
#12127=AXIS2_PLACEMENT_3D('',#18612,#15208,#15209);
#12128=AXIS2_PLACEMENT_3D('',#18613,#15210,#15211);
#12129=AXIS2_PLACEMENT_3D('',#18614,#15212,#15213);
#12130=AXIS2_PLACEMENT_3D('',#18615,#15214,#15215);
#12131=AXIS2_PLACEMENT_3D('',#18616,#15216,#15217);
#12132=AXIS2_PLACEMENT_3D('',#18617,#15218,#15219);
#12133=AXIS2_PLACEMENT_3D('',#18618,#15220,#15221);
#12134=AXIS2_PLACEMENT_3D('',#18619,#15222,#15223);
#12135=AXIS2_PLACEMENT_3D('',#18620,#15224,#15225);
#12136=DIRECTION('axis',(0.,0.,1.));
#12137=DIRECTION('refdir',(1.,0.,0.));
#12138=DIRECTION('axis',(0.,0.,1.));
#12139=DIRECTION('refdir',(1.,0.,0.));
#12140=DIRECTION('center_axis',(0.,-1.,0.));
#12141=DIRECTION('ref_axis',(0.,0.,-1.));
#12142=DIRECTION('',(0.,0.,1.));
#12143=DIRECTION('',(1.,0.,0.));
#12144=DIRECTION('',(0.,0.,-1.));
#12145=DIRECTION('',(1.,0.,0.));
#12146=DIRECTION('center_axis',(0.,0.,1.));
#12147=DIRECTION('ref_axis',(0.,-1.,0.));
#12148=DIRECTION('',(0.,1.,0.));
#12149=DIRECTION('',(0.,-1.,0.));
#12150=DIRECTION('',(1.,0.,0.));
#12151=DIRECTION('center_axis',(0.,1.,0.));
#12152=DIRECTION('ref_axis',(0.,0.,1.));
#12153=DIRECTION('',(0.,0.,-1.));
#12154=DIRECTION('',(0.,0.,1.));
#12155=DIRECTION('',(1.,0.,0.));
#12156=DIRECTION('center_axis',(0.,0.,-1.));
#12157=DIRECTION('ref_axis',(0.,1.,0.));
#12158=DIRECTION('',(0.,-1.,0.));
#12159=DIRECTION('',(0.,1.,0.));
#12160=DIRECTION('center_axis',(0.,5.44894736012347E-17,-1.));
#12161=DIRECTION('ref_axis',(0.,1.,5.44894736012347E-17));
#12162=DIRECTION('',(0.,1.,5.44894736012347E-17));
#12163=DIRECTION('',(1.,0.,0.));
#12164=DIRECTION('',(0.,1.,5.44894736012347E-17));
#12165=DIRECTION('',(1.,0.,0.));
#12166=DIRECTION('center_axis',(0.,1.,0.));
#12167=DIRECTION('ref_axis',(0.,0.,1.));
#12168=DIRECTION('',(0.,0.,1.));
#12169=DIRECTION('',(0.,0.,1.));
#12170=DIRECTION('',(1.,0.,0.));
#12171=DIRECTION('center_axis',(0.,0.,1.));
#12172=DIRECTION('ref_axis',(0.,-1.,0.));
#12173=DIRECTION('',(0.,-1.,0.));
#12174=DIRECTION('',(0.,-1.,0.));
#12175=DIRECTION('',(1.,0.,0.));
#12176=DIRECTION('center_axis',(0.,-1.,0.));
#12177=DIRECTION('ref_axis',(0.,0.,-1.));
#12178=DIRECTION('',(0.,0.,-1.));
#12179=DIRECTION('',(0.,0.,-1.));
#12180=DIRECTION('center_axis',(0.,-0.82888133271891,0.559424468780303));
#12181=DIRECTION('ref_axis',(0.,-0.559424468780303,-0.82888133271891));
#12182=DIRECTION('',(0.,0.559424468780303,0.82888133271891));
#12183=DIRECTION('',(1.,0.,0.));
#12184=DIRECTION('',(0.,-0.559424468780303,-0.82888133271891));
#12185=DIRECTION('',(1.,0.,0.));
#12186=DIRECTION('center_axis',(0.,0.,1.));
#12187=DIRECTION('ref_axis',(0.,-1.,0.));
#12188=DIRECTION('',(0.,-1.,0.));
#12189=DIRECTION('',(0.,-1.,0.));
#12190=DIRECTION('',(1.,0.,0.));
#12191=DIRECTION('center_axis',(0.,0.828881332720339,0.559424468778186));
#12192=DIRECTION('ref_axis',(0.,-0.559424468778186,0.828881332720339));
#12193=DIRECTION('',(0.,-0.559424468778186,0.828881332720339));
#12194=DIRECTION('',(0.,-0.559424468778186,0.828881332720339));
#12195=DIRECTION('',(1.,0.,0.));
#12196=DIRECTION('center_axis',(0.,1.,0.));
#12197=DIRECTION('ref_axis',(0.,0.,1.));
#12198=DIRECTION('',(0.,0.,1.));
#12199=DIRECTION('',(0.,0.,1.));
#12200=DIRECTION('',(1.,0.,0.));
#12201=DIRECTION('center_axis',(0.,0.828881332720371,-0.559424468778138));
#12202=DIRECTION('ref_axis',(0.,0.559424468778138,0.828881332720371));
#12203=DIRECTION('',(0.,-0.559424468778138,-0.828881332720371));
#12204=DIRECTION('',(0.,0.559424468778138,0.828881332720371));
#12205=DIRECTION('',(1.,0.,0.));
#12206=DIRECTION('center_axis',(0.,5.07530525542929E-17,-1.));
#12207=DIRECTION('ref_axis',(0.,1.,5.07530525542929E-17));
#12208=DIRECTION('',(0.,1.,5.07530525542929E-17));
#12209=DIRECTION('',(0.,1.,5.07530525542929E-17));
#12210=DIRECTION('',(1.,0.,0.));
#12211=DIRECTION('center_axis',(0.,-0.828881332713364,-0.559424468788521));
#12212=DIRECTION('ref_axis',(0.,0.55942446878852,-0.828881332713364));
#12213=DIRECTION('',(0.,0.55942446878852,-0.828881332713364));
#12214=DIRECTION('',(0.,0.55942446878852,-0.828881332713364));
#12215=DIRECTION('',(1.,0.,0.));
#12216=DIRECTION('center_axis',(0.,-1.,1.1842378929335E-16));
#12217=DIRECTION('ref_axis',(0.,-1.1842378929335E-16,-1.));
#12218=DIRECTION('',(0.,-1.1842378929335E-16,-1.));
#12219=DIRECTION('',(0.,-1.1842378929335E-16,-1.));
#12220=DIRECTION('center_axis',(1.,0.,0.));
#12221=DIRECTION('ref_axis',(0.,0.,-1.));
#12222=DIRECTION('center_axis',(1.,0.,0.));
#12223=DIRECTION('ref_axis',(0.,1.,0.));
#12224=DIRECTION('center_axis',(1.,0.,0.));
#12225=DIRECTION('ref_axis',(0.,-0.707106781186548,-0.707106781186548));
#12226=DIRECTION('center_axis',(-1.,0.,-1.98682149610184E-8));
#12227=DIRECTION('ref_axis',(1.40489495290081E-8,-0.707106781186547,-0.707106781186547));
#12228=DIRECTION('',(-1.,0.,0.));
#12229=DIRECTION('center_axis',(1.,0.,0.));
#12230=DIRECTION('ref_axis',(0.,-1.,0.));
#12231=DIRECTION('',(1.,0.,0.));
#12232=DIRECTION('center_axis',(-1.,0.,0.));
#12233=DIRECTION('ref_axis',(0.,-0.707106781186548,0.707106781186548));
#12234=DIRECTION('center_axis',(-1.,0.,0.));
#12235=DIRECTION('ref_axis',(0.,-0.707106781186548,0.707106781186548));
#12236=DIRECTION('',(-1.,0.,0.));
#12237=DIRECTION('center_axis',(1.,0.,0.));
#12238=DIRECTION('ref_axis',(0.,0.,1.));
#12239=DIRECTION('',(1.,0.,0.));
#12240=DIRECTION('center_axis',(0.,-1.,0.));
#12241=DIRECTION('ref_axis',(0.,0.,-1.));
#12242=DIRECTION('center_axis',(-1.98681959773239E-8,0.,1.));
#12243=DIRECTION('ref_axis',(-1.,0.,-1.98681959773239E-8));
#12244=DIRECTION('center_axis',(0.,1.,0.));
#12245=DIRECTION('ref_axis',(-0.707106788211022,0.,0.707106774162073));
#12246=DIRECTION('center_axis',(0.,-1.,0.));
#12247=DIRECTION('ref_axis',(-0.707106788211022,0.,0.707106774162073));
#12248=DIRECTION('center_axis',(1.98682149610184E-8,0.,-1.));
#12249=DIRECTION('ref_axis',(-0.707106781186547,-0.707106781186547,-1.40489361055093E-8));
#12250=DIRECTION('center_axis',(-1.98681959773243E-8,0.,1.));
#12251=DIRECTION('ref_axis',(-1.,0.,-1.98681959773243E-8));
#12252=DIRECTION('',(-1.98682149610184E-8,0.,1.));
#12253=DIRECTION('',(1.98682149610184E-8,0.,-1.));
#12254=DIRECTION('center_axis',(0.408248283704559,-0.816496583631448,0.408248291815724));
#12255=DIRECTION('ref_axis',(-0.577350265365982,-0.577350265366018,-0.577350276836878));
#12256=DIRECTION('center_axis',(0.,-1.,0.));
#12257=DIRECTION('ref_axis',(-0.707106774162078,0.,-0.707106788211017));
#12258=DIRECTION('center_axis',(0.,0.,-1.));
#12259=DIRECTION('ref_axis',(1.,0.,0.));
#12260=DIRECTION('',(0.,-1.,0.));
#12261=DIRECTION('center_axis',(0.,0.,1.));
#12262=DIRECTION('ref_axis',(-0.707106781186544,0.707106781186551,0.));
#12263=DIRECTION('',(0.,-1.,0.));
#12264=DIRECTION('center_axis',(0.,-1.,0.));
#12265=DIRECTION('ref_axis',(-0.707106774162095,0.,-0.707106788211));
#12266=DIRECTION('',(0.,1.,0.));
#12267=DIRECTION('center_axis',(0.,1.,0.));
#12268=DIRECTION('ref_axis',(0.,0.,-1.));
#12269=DIRECTION('center_axis',(-1.,0.,-1.98682149610184E-8));
#12270=DIRECTION('ref_axis',(1.98682149610184E-8,0.,-1.));
#12271=DIRECTION('',(0.,-1.,0.));
#12272=DIRECTION('',(-1.98682149610184E-8,0.,1.));
#12273=DIRECTION('center_axis',(0.,-1.,0.));
#12274=DIRECTION('ref_axis',(-1.,0.,-1.98682148284577E-8));
#12275=DIRECTION('',(0.,-1.,0.));
#12276=DIRECTION('center_axis',(0.,1.,0.));
#12277=DIRECTION('ref_axis',(-0.707106788211022,0.,0.707106774162073));
#12278=DIRECTION('center_axis',(0.,0.,1.));
#12279=DIRECTION('ref_axis',(-1.,0.,0.));
#12280=DIRECTION('',(0.,-1.,0.));
#12281=DIRECTION('',(1.,0.,0.));
#12282=DIRECTION('center_axis',(1.,0.,0.));
#12283=DIRECTION('ref_axis',(0.,0.,1.));
#12284=DIRECTION('',(0.,0.,1.));
#12285=DIRECTION('',(0.,-1.,0.));
#12286=DIRECTION('center_axis',(-1.,0.,0.));
#12287=DIRECTION('ref_axis',(0.,0.707106781186535,0.70710678118656));
#12288=DIRECTION('center_axis',(0.,0.,-1.));
#12289=DIRECTION('ref_axis',(-0.707106781186544,0.707106781186551,0.));
#12290=DIRECTION('center_axis',(1.,0.,1.98682149610184E-8));
#12291=DIRECTION('ref_axis',(-1.98682149610184E-8,0.,1.));
#12292=DIRECTION('',(0.,-1.,0.));
#12293=DIRECTION('center_axis',(-1.98682149610184E-8,0.,1.));
#12294=DIRECTION('ref_axis',(-0.707106781186544,0.707106781186551,-1.40489361055089E-8));
#12295=DIRECTION('center_axis',(-1.98682137408922E-8,-2.6469778023975E-22,
1.));
#12296=DIRECTION('ref_axis',(-1.33226762955019E-14,1.,0.));
#12297=DIRECTION('center_axis',(-1.,0.,0.));
#12298=DIRECTION('ref_axis',(0.,0.707106781186535,0.70710678118656));
#12299=DIRECTION('',(-1.,0.,0.));
#12300=DIRECTION('center_axis',(1.,0.,-2.22044604925032E-15));
#12301=DIRECTION('ref_axis',(0.,1.,0.));
#12302=DIRECTION('center_axis',(0.,1.,0.));
#12303=DIRECTION('ref_axis',(0.,0.,1.));
#12304=DIRECTION('center_axis',(0.,1.,0.));
#12305=DIRECTION('ref_axis',(-1.,0.,-1.98682148747371E-8));
#12306=DIRECTION('center_axis',(0.,0.,-1.));
#12307=DIRECTION('ref_axis',(1.,0.,0.));
#12308=DIRECTION('',(1.,0.,0.));
#12309=DIRECTION('',(0.,-1.,0.));
#12310=DIRECTION('center_axis',(0.,-1.,0.));
#12311=DIRECTION('ref_axis',(-1.,0.,-1.98682148747371E-8));
#12312=DIRECTION('center_axis',(0.,1.,0.));
#12313=DIRECTION('ref_axis',(-1.,0.,-1.98682148747371E-8));
#12314=DIRECTION('center_axis',(0.,1.,0.));
#12315=DIRECTION('ref_axis',(1.,0.,0.));
#12316=DIRECTION('center_axis',(-1.,0.,0.));
#12317=DIRECTION('ref_axis',(0.,0.707106781186548,-0.707106781186548));
#12318=DIRECTION('center_axis',(1.,0.,1.98682149610184E-8));
#12319=DIRECTION('ref_axis',(1.40489495290081E-8,0.707106781186547,-0.707106781186547));
#12320=DIRECTION('',(1.,0.,0.));
#12321=DIRECTION('center_axis',(-1.,0.,0.));
#12322=DIRECTION('ref_axis',(0.,0.707106781186548,-0.707106781186548));
#12323=DIRECTION('',(-1.,0.,0.));
#12324=DIRECTION('center_axis',(-1.,0.,-1.98682149610184E-8));
#12325=DIRECTION('ref_axis',(1.98682149610184E-8,0.,-1.));
#12326=DIRECTION('',(0.,-1.,0.));
#12327=DIRECTION('',(0.,-1.,0.));
#12328=DIRECTION('center_axis',(0.,0.,-1.));
#12329=DIRECTION('ref_axis',(1.,0.,0.));
#12330=DIRECTION('',(0.,-1.,0.));
#12331=DIRECTION('',(1.,0.,0.));
#12332=DIRECTION('center_axis',(0.,-1.,0.));
#12333=DIRECTION('ref_axis',(-1.,0.,-1.98682148747371E-8));
#12334=DIRECTION('center_axis',(0.,1.,0.));
#12335=DIRECTION('ref_axis',(-1.,0.,-1.98682148747371E-8));
#12336=DIRECTION('center_axis',(0.,-1.,0.));
#12337=DIRECTION('ref_axis',(-1.,0.,-1.98682148747371E-8));
#12338=DIRECTION('',(0.,-1.,0.));
#12339=DIRECTION('center_axis',(0.,0.,1.));
#12340=DIRECTION('ref_axis',(-1.,0.,0.));
#12341=DIRECTION('',(-1.,0.,0.));
#12342=DIRECTION('',(-1.,0.,0.));
#12343=DIRECTION('',(0.,-1.,0.));
#12344=DIRECTION('center_axis',(1.,0.,0.));
#12345=DIRECTION('ref_axis',(0.,0.,1.));
#12346=DIRECTION('',(0.,0.,-1.));
#12347=DIRECTION('',(0.,0.,1.));
#12348=DIRECTION('center_axis',(0.,1.,0.));
#12349=DIRECTION('ref_axis',(1.,0.,0.));
#12350=DIRECTION('center_axis',(0.,1.,0.));
#12351=DIRECTION('ref_axis',(1.,0.,0.));
#12352=DIRECTION('center_axis',(-1.,0.,0.));
#12353=DIRECTION('ref_axis',(0.,-0.707106781186548,-0.707106781186548));
#12354=DIRECTION('center_axis',(1.,0.,1.98682149610184E-8));
#12355=DIRECTION('ref_axis',(1.40489495290081E-8,-0.707106781186547,-0.707106781186547));
#12356=DIRECTION('',(1.,0.,0.));
#12357=DIRECTION('center_axis',(-1.,0.,0.));
#12358=DIRECTION('ref_axis',(0.,-0.707106781186548,-0.707106781186548));
#12359=DIRECTION('',(-1.,0.,0.));
#12360=DIRECTION('center_axis',(-1.,0.,0.));
#12361=DIRECTION('ref_axis',(0.,0.,1.));
#12362=DIRECTION('',(0.,1.,0.));
#12363=DIRECTION('',(0.,0.,1.));
#12364=DIRECTION('',(0.,1.,0.));
#12365=DIRECTION('',(0.,0.,-1.));
#12366=DIRECTION('center_axis',(0.,0.,1.));
#12367=DIRECTION('ref_axis',(1.,0.,0.));
#12368=DIRECTION('',(0.,1.,0.));
#12369=DIRECTION('',(1.,0.,0.));
#12370=DIRECTION('center_axis',(1.,0.,1.98682149610184E-8));
#12371=DIRECTION('ref_axis',(1.98682149610184E-8,0.,-1.));
#12372=DIRECTION('',(0.,1.,0.));
#12373=DIRECTION('center_axis',(0.,-1.,0.));
#12374=DIRECTION('ref_axis',(-1.,0.,-1.98682148747371E-8));
#12375=DIRECTION('center_axis',(0.,1.,0.));
#12376=DIRECTION('ref_axis',(-1.,0.,-1.98682148747371E-8));
#12377=DIRECTION('',(0.,1.,0.));
#12378=DIRECTION('center_axis',(0.,-1.,0.));
#12379=DIRECTION('ref_axis',(-1.,0.,-1.98682148747371E-8));
#12380=DIRECTION('center_axis',(0.,0.,-1.));
#12381=DIRECTION('ref_axis',(-1.,0.,0.));
#12382=DIRECTION('',(-1.,0.,0.));
#12383=DIRECTION('',(-1.,0.,0.));
#12384=DIRECTION('center_axis',(0.,1.,0.));
#12385=DIRECTION('ref_axis',(1.,0.,0.));
#12386=DIRECTION('center_axis',(0.,1.,0.));
#12387=DIRECTION('ref_axis',(1.,0.,0.));
#12388=DIRECTION('axis',(0.,0.,1.));
#12389=DIRECTION('refdir',(1.,0.,0.));
#12390=DIRECTION('center_axis',(1.,0.,0.));
#12391=DIRECTION('ref_axis',(0.,0.,-1.));
#12392=DIRECTION('',(0.,0.,-1.));
#12393=DIRECTION('',(0.,1.,0.));
#12394=DIRECTION('',(0.,0.,1.));
#12395=DIRECTION('',(0.,1.,0.));
#12396=DIRECTION('center_axis',(0.759256602364266,0.,-0.650791373457171));
#12397=DIRECTION('ref_axis',(-0.650791373457171,0.,-0.759256602364266));
#12398=DIRECTION('',(-0.650791373457171,0.,-0.759256602364266));
#12399=DIRECTION('',(0.650791373457171,0.,0.759256602364266));
#12400=DIRECTION('',(0.,1.,0.));
#12401=DIRECTION('center_axis',(5.07530525542929E-17,0.,-1.));
#12402=DIRECTION('ref_axis',(-1.,0.,-5.07530525542929E-17));
#12403=DIRECTION('',(-1.,0.,-5.07530525542929E-17));
#12404=DIRECTION('',(1.,0.,5.07530525542929E-17));
#12405=DIRECTION('',(0.,1.,0.));
#12406=DIRECTION('center_axis',(-0.759256602364465,0.,-0.650791373456938));
#12407=DIRECTION('ref_axis',(-0.650791373456938,0.,0.759256602364465));
#12408=DIRECTION('',(-0.650791373456938,0.,0.759256602364465));
#12409=DIRECTION('',(0.650791373456938,0.,-0.759256602364465));
#12410=DIRECTION('',(0.,1.,0.));
#12411=DIRECTION('center_axis',(0.,1.,0.));
#12412=DIRECTION('ref_axis',(1.,0.,0.));
#12413=DIRECTION('',(-0.650791373456537,0.,-0.75925660236481));
#12414=DIRECTION('',(0.,0.,-1.));
#12415=DIRECTION('',(-0.650791373457811,0.,0.759256602363717));
#12416=DIRECTION('',(-1.,0.,0.));
#12417=DIRECTION('center_axis',(0.,1.,0.));
#12418=DIRECTION('ref_axis',(1.,0.,0.));
#12419=DIRECTION('center_axis',(0.,1.,0.));
#12420=DIRECTION('ref_axis',(0.,0.,1.));
#12421=DIRECTION('center_axis',(0.,1.,0.));
#12422=DIRECTION('ref_axis',(1.,0.,0.));
#12423=DIRECTION('center_axis',(1.,0.,-1.22464679914735E-16));
#12424=DIRECTION('ref_axis',(-1.22464679914735E-16,0.,-1.));
#12425=DIRECTION('center_axis',(0.,-1.,0.));
#12426=DIRECTION('ref_axis',(0.,0.,1.));
#12427=DIRECTION('center_axis',(0.,1.,0.));
#12428=DIRECTION('ref_axis',(1.,0.,0.));
#12429=DIRECTION('center_axis',(0.,-1.,0.));
#12430=DIRECTION('ref_axis',(1.,0.,0.));
#12431=DIRECTION('',(0.,-1.,0.));
#12432=DIRECTION('center_axis',(0.,-1.,0.));
#12433=DIRECTION('ref_axis',(1.,0.,0.));
#12434=DIRECTION('center_axis',(0.,1.,0.));
#12435=DIRECTION('ref_axis',(0.,0.,1.));
#12436=DIRECTION('center_axis',(-1.,0.,1.22464679914735E-16));
#12437=DIRECTION('ref_axis',(-1.22464679914735E-16,0.,-1.));
#12438=DIRECTION('center_axis',(-1.,0.,0.));
#12439=DIRECTION('ref_axis',(0.,0.,1.));
#12440=DIRECTION('',(0.,0.,1.));
#12441=DIRECTION('',(0.,-1.,0.));
#12442=DIRECTION('center_axis',(-0.75925660236481,0.,0.650791373456537));
#12443=DIRECTION('ref_axis',(0.650791373456537,0.,0.75925660236481));
#12444=DIRECTION('',(0.650791373456537,0.,0.75925660236481));
#12445=DIRECTION('',(0.,1.,0.));
#12446=DIRECTION('center_axis',(0.,0.,1.));
#12447=DIRECTION('ref_axis',(1.,0.,0.));
#12448=DIRECTION('',(1.,0.,0.));
#12449=DIRECTION('',(0.,1.,0.));
#12450=DIRECTION('center_axis',(0.759256602363717,0.,0.650791373457811));
#12451=DIRECTION('ref_axis',(0.650791373457811,0.,-0.759256602363717));
#12452=DIRECTION('',(0.650791373457811,0.,-0.759256602363717));
#12453=DIRECTION('center_axis',(0.,1.,0.));
#12454=DIRECTION('ref_axis',(0.,0.,1.));
#12455=DIRECTION('center_axis',(0.,1.,0.));
#12456=DIRECTION('ref_axis',(0.,0.,1.));
#12457=DIRECTION('',(0.,0.,1.));
#12458=DIRECTION('',(-0.650791373456938,0.,0.759256602364465));
#12459=DIRECTION('',(-1.,0.,-5.07530525542929E-17));
#12460=DIRECTION('',(-0.650791373457171,0.,-0.759256602364266));
#12461=DIRECTION('',(0.,0.,-1.));
#12462=DIRECTION('',(0.650791373457811,0.,-0.759256602363717));
#12463=DIRECTION('',(1.,0.,0.));
#12464=DIRECTION('',(0.650791373456537,0.,0.75925660236481));
#12465=DIRECTION('center_axis',(0.,-1.,0.));
#12466=DIRECTION('ref_axis',(0.,0.,1.));
#12467=DIRECTION('center_axis',(1.,0.,0.));
#12468=DIRECTION('ref_axis',(0.,0.,-1.));
#12469=DIRECTION('',(0.,1.,0.));
#12470=DIRECTION('',(0.,0.,-1.));
#12471=DIRECTION('',(0.,1.,0.));
#12472=DIRECTION('center_axis',(0.759256602364266,0.,-0.650791373457171));
#12473=DIRECTION('ref_axis',(-0.650791373457171,0.,-0.759256602364266));
#12474=DIRECTION('',(0.,1.,0.));
#12475=DIRECTION('',(-0.650791373457171,0.,-0.759256602364266));
#12476=DIRECTION('center_axis',(5.07530525542929E-17,0.,-1.));
#12477=DIRECTION('ref_axis',(-1.,0.,-5.07530525542929E-17));
#12478=DIRECTION('',(0.,1.,0.));
#12479=DIRECTION('',(-1.,0.,-5.07530525542929E-17));
#12480=DIRECTION('center_axis',(-0.759256602364465,0.,-0.650791373456938));
#12481=DIRECTION('ref_axis',(-0.650791373456938,0.,0.759256602364465));
#12482=DIRECTION('',(0.,1.,0.));
#12483=DIRECTION('',(-0.650791373456938,0.,0.759256602364465));
#12484=DIRECTION('center_axis',(0.,-1.,0.));
#12485=DIRECTION('ref_axis',(0.,0.,-1.));
#12486=DIRECTION('center_axis',(0.,1.,0.));
#12487=DIRECTION('ref_axis',(1.,0.,0.));
#12488=DIRECTION('center_axis',(-1.,0.,-1.22464679914735E-16));
#12489=DIRECTION('ref_axis',(-1.22464679914735E-16,0.,1.));
#12490=DIRECTION('center_axis',(0.,-1.,0.));
#12491=DIRECTION('ref_axis',(1.,0.,0.));
#12492=DIRECTION('center_axis',(0.,-1.,0.));
#12493=DIRECTION('ref_axis',(1.,0.,0.));
#12494=DIRECTION('center_axis',(0.,1.,0.));
#12495=DIRECTION('ref_axis',(1.,0.,0.));
#12496=DIRECTION('center_axis',(0.,1.,0.));
#12497=DIRECTION('ref_axis',(1.,0.,0.));
#12498=DIRECTION('center_axis',(0.,-1.,0.));
#12499=DIRECTION('ref_axis',(1.,0.,0.));
#12500=DIRECTION('',(0.,-1.,0.));
#12501=DIRECTION('center_axis',(0.,1.,0.));
#12502=DIRECTION('ref_axis',(0.,0.,1.));
#12503=DIRECTION('center_axis',(1.,0.,-1.22464679914735E-16));
#12504=DIRECTION('ref_axis',(-1.22464679914735E-16,0.,-1.));
#12505=DIRECTION('center_axis',(-1.,0.,0.));
#12506=DIRECTION('ref_axis',(0.,0.,1.));
#12507=DIRECTION('',(0.,-1.,0.));
#12508=DIRECTION('',(0.,0.,1.));
#12509=DIRECTION('center_axis',(0.759256602363717,0.,0.650791373457811));
#12510=DIRECTION('ref_axis',(0.650791373457811,0.,-0.759256602363717));
#12511=DIRECTION('',(0.650791373457811,0.,-0.759256602363717));
#12512=DIRECTION('',(0.,1.,0.));
#12513=DIRECTION('center_axis',(0.,0.,1.));
#12514=DIRECTION('ref_axis',(1.,0.,0.));
#12515=DIRECTION('',(1.,0.,0.));
#12516=DIRECTION('',(0.,1.,0.));
#12517=DIRECTION('center_axis',(-0.75925660236481,0.,0.650791373456537));
#12518=DIRECTION('ref_axis',(0.650791373456537,0.,0.75925660236481));
#12519=DIRECTION('',(0.650791373456537,0.,0.75925660236481));
#12520=DIRECTION('center_axis',(0.,1.,0.));
#12521=DIRECTION('ref_axis',(1.,0.,0.));
#12522=DIRECTION('axis',(0.,0.,1.));
#12523=DIRECTION('refdir',(1.,0.,0.));
#12524=DIRECTION('center_axis',(0.,0.,-1.));
#12525=DIRECTION('ref_axis',(-1.,0.,0.));
#12526=DIRECTION('',(1.,0.,0.));
#12527=DIRECTION('',(0.,1.,0.));
#12528=DIRECTION('',(-1.,0.,0.));
#12529=DIRECTION('',(0.,1.,0.));
#12530=DIRECTION('center_axis',(-1.,0.,0.));
#12531=DIRECTION('ref_axis',(0.,0.,1.));
#12532=DIRECTION('',(0.,0.,-1.));
#12533=DIRECTION('',(0.,0.,1.));
#12534=DIRECTION('',(0.,1.,0.));
#12535=DIRECTION('center_axis',(1.,0.,0.));
#12536=DIRECTION('ref_axis',(0.,0.,-1.));
#12537=DIRECTION('',(0.,0.,1.));
#12538=DIRECTION('',(0.,1.,0.));
#12539=DIRECTION('',(0.,0.,-1.));
#12540=DIRECTION('center_axis',(0.,0.,1.));
#12541=DIRECTION('ref_axis',(1.,0.,0.));
#12542=DIRECTION('',(-1.,0.,0.));
#12543=DIRECTION('',(1.,0.,0.));
#12544=DIRECTION('center_axis',(0.,1.,0.));
#12545=DIRECTION('ref_axis',(0.,0.,1.));
#12546=DIRECTION('',(1.,0.,0.));
#12547=DIRECTION('',(0.,0.,-1.));
#12548=DIRECTION('',(-1.,0.,0.));
#12549=DIRECTION('',(0.,0.,1.));
#12550=DIRECTION('center_axis',(1.,0.,0.));
#12551=DIRECTION('ref_axis',(0.,0.,-1.));
#12552=DIRECTION('',(0.,1.,0.));
#12553=DIRECTION('',(0.,0.,-1.));
#12554=DIRECTION('',(0.,1.,0.));
#12555=DIRECTION('center_axis',(0.,0.,1.));
#12556=DIRECTION('ref_axis',(1.,0.,0.));
#12557=DIRECTION('',(0.,1.,0.));
#12558=DIRECTION('',(1.,0.,0.));
#12559=DIRECTION('center_axis',(0.,0.,-1.));
#12560=DIRECTION('ref_axis',(-1.,0.,0.));
#12561=DIRECTION('',(-1.,0.,0.));
#12562=DIRECTION('',(0.,1.,0.));
#12563=DIRECTION('center_axis',(-1.,0.,0.));
#12564=DIRECTION('ref_axis',(0.,0.,1.));
#12565=DIRECTION('',(0.,0.,1.));
#12566=DIRECTION('center_axis',(0.,0.,1.));
#12567=DIRECTION('ref_axis',(1.,0.,0.));
#12568=DIRECTION('',(-1.,0.,0.));
#12569=DIRECTION('',(0.,1.,0.));
#12570=DIRECTION('',(1.,0.,0.));
#12571=DIRECTION('',(0.,1.,0.));
#12572=DIRECTION('center_axis',(-1.,0.,0.));
#12573=DIRECTION('ref_axis',(0.,0.,1.));
#12574=DIRECTION('',(0.,0.,-1.));
#12575=DIRECTION('',(0.,0.,1.));
#12576=DIRECTION('',(0.,1.,0.));
#12577=DIRECTION('center_axis',(0.,0.,-1.));
#12578=DIRECTION('ref_axis',(-1.,0.,0.));
#12579=DIRECTION('',(1.,0.,0.));
#12580=DIRECTION('',(-1.,0.,0.));
#12581=DIRECTION('',(0.,1.,0.));
#12582=DIRECTION('center_axis',(1.,0.,0.));
#12583=DIRECTION('ref_axis',(0.,0.,-1.));
#12584=DIRECTION('',(0.,0.,1.));
#12585=DIRECTION('',(0.,0.,-1.));
#12586=DIRECTION('center_axis',(0.,1.,0.));
#12587=DIRECTION('ref_axis',(0.,0.,1.));
#12588=DIRECTION('',(0.,0.,1.));
#12589=DIRECTION('',(-1.,0.,0.));
#12590=DIRECTION('',(0.,0.,-1.));
#12591=DIRECTION('',(1.,0.,0.));
#12592=DIRECTION('center_axis',(0.,1.,0.));
#12593=DIRECTION('ref_axis',(0.,0.,1.));
#12594=DIRECTION('',(0.,0.,-1.));
#12595=DIRECTION('',(-0.650791373444339,0.,-0.759256602375265));
#12596=DIRECTION('',(-1.,0.,0.));
#12597=DIRECTION('',(-0.650791373452748,0.,0.759256602368057));
#12598=DIRECTION('',(0.,0.,1.));
#12599=DIRECTION('',(0.650791373448501,0.,0.759256602371697));
#12600=DIRECTION('',(1.,0.,5.07530525542929E-17));
#12601=DIRECTION('',(0.650791373448578,0.,-0.759256602371631));
#12602=DIRECTION('center_axis',(0.,0.,-1.));
#12603=DIRECTION('ref_axis',(-1.,0.,0.));
#12604=DIRECTION('',(-1.,0.,0.));
#12605=DIRECTION('',(0.,1.,0.));
#12606=DIRECTION('',(0.,1.,0.));
#12607=DIRECTION('center_axis',(1.,0.,0.));
#12608=DIRECTION('ref_axis',(0.,0.,-1.));
#12609=DIRECTION('',(0.,0.,-1.));
#12610=DIRECTION('',(0.,1.,0.));
#12611=DIRECTION('center_axis',(0.,0.,1.));
#12612=DIRECTION('ref_axis',(1.,0.,0.));
#12613=DIRECTION('',(1.,0.,0.));
#12614=DIRECTION('',(0.,1.,0.));
#12615=DIRECTION('center_axis',(-1.,0.,0.));
#12616=DIRECTION('ref_axis',(0.,0.,1.));
#12617=DIRECTION('',(0.,0.,1.));
#12618=DIRECTION('center_axis',(0.759256602371631,0.,0.650791373448578));
#12619=DIRECTION('ref_axis',(0.650791373448578,0.,-0.759256602371631));
#12620=DIRECTION('',(-0.650791373448578,0.,0.759256602371631));
#12621=DIRECTION('',(0.,1.,0.));
#12622=DIRECTION('',(0.,1.,0.));
#12623=DIRECTION('center_axis',(-5.07530525542929E-17,0.,1.));
#12624=DIRECTION('ref_axis',(1.,0.,5.07530525542929E-17));
#12625=DIRECTION('',(1.,0.,5.07530525542929E-17));
#12626=DIRECTION('',(0.,1.,0.));
#12627=DIRECTION('center_axis',(-0.759256602371697,0.,0.650791373448501));
#12628=DIRECTION('ref_axis',(0.650791373448501,0.,0.759256602371697));
#12629=DIRECTION('',(0.650791373448501,0.,0.759256602371697));
#12630=DIRECTION('',(0.,1.,0.));
#12631=DIRECTION('center_axis',(-1.,0.,0.));
#12632=DIRECTION('ref_axis',(0.,0.,1.));
#12633=DIRECTION('',(0.,0.,1.));
#12634=DIRECTION('',(0.,1.,0.));
#12635=DIRECTION('center_axis',(-0.759256602368057,0.,-0.650791373452748));
#12636=DIRECTION('ref_axis',(-0.650791373452748,0.,0.759256602368057));
#12637=DIRECTION('',(0.650791373452748,0.,-0.759256602368057));
#12638=DIRECTION('',(0.,1.,0.));
#12639=DIRECTION('center_axis',(0.,0.,-1.));
#12640=DIRECTION('ref_axis',(-1.,0.,0.));
#12641=DIRECTION('',(-1.,0.,0.));
#12642=DIRECTION('',(0.,1.,0.));
#12643=DIRECTION('center_axis',(0.759256602375265,0.,-0.650791373444339));
#12644=DIRECTION('ref_axis',(-0.650791373444339,0.,-0.759256602375265));
#12645=DIRECTION('',(-0.650791373444339,0.,-0.759256602375265));
#12646=DIRECTION('',(0.,1.,0.));
#12647=DIRECTION('center_axis',(1.,0.,0.));
#12648=DIRECTION('ref_axis',(0.,0.,-1.));
#12649=DIRECTION('',(0.,0.,-1.));
#12650=DIRECTION('center_axis',(0.,1.,0.));
#12651=DIRECTION('ref_axis',(1.,0.,0.));
#12652=DIRECTION('axis',(0.,0.,1.));
#12653=DIRECTION('refdir',(1.,0.,0.));
#12654=DIRECTION('axis',(0.,0.,1.));
#12655=DIRECTION('refdir',(1.,0.,0.));
#12656=DIRECTION('center_axis',(0.999951350200451,0.,-0.00986393594335426));
#12657=DIRECTION('ref_axis',(0.,1.,0.));
#12658=DIRECTION('',(0.00986393594335426,0.,0.999951350200451));
#12659=DIRECTION('center_axis',(-0.999951350200451,0.,0.00986393594335426));
#12660=DIRECTION('ref_axis',(0.,1.,0.));
#12661=DIRECTION('center_axis',(-0.999951350200451,0.,0.00986393594335426));
#12662=DIRECTION('ref_axis',(-1.20798375800233E-18,-1.,-1.22458722032606E-16));
#12663=DIRECTION('',(0.999951350200451,0.,-0.00986393594335426));
#12664=DIRECTION('',(-0.999951350200451,0.,0.00986393594335426));
#12665=DIRECTION('center_axis',(0.,1.,0.));
#12666=DIRECTION('ref_axis',(0.,0.,1.));
#12667=DIRECTION('center_axis',(0.,1.,0.));
#12668=DIRECTION('ref_axis',(1.,0.,0.));
#12669=DIRECTION('',(-0.999951350200451,0.,-0.00986393594335426));
#12670=DIRECTION('',(0.00986393594335426,0.,-0.999951350200451));
#12671=DIRECTION('',(0.999951350200451,0.,0.00986393594335426));
#12672=DIRECTION('center_axis',(0.,1.,0.));
#12673=DIRECTION('ref_axis',(1.,0.,0.));
#12674=DIRECTION('center_axis',(0.,-1.,0.));
#12675=DIRECTION('ref_axis',(0.,0.,-1.));
#12676=DIRECTION('center_axis',(0.999951350200451,0.,0.00986393594335426));
#12677=DIRECTION('ref_axis',(0.,1.,0.));
#12678=DIRECTION('center_axis',(-0.999951350200451,0.,-0.00986393594335426));
#12679=DIRECTION('ref_axis',(0.,1.,0.));
#12680=DIRECTION('center_axis',(-0.999951350200451,0.,-0.00986393594335426));
#12681=DIRECTION('ref_axis',(-1.20798375800233E-18,-1.,1.22458722032606E-16));
#12682=DIRECTION('center_axis',(0.,1.,0.));
#12683=DIRECTION('ref_axis',(1.,0.,0.));
#12684=DIRECTION('center_axis',(0.,1.,0.));
#12685=DIRECTION('ref_axis',(1.,0.,0.));
#12686=DIRECTION('',(0.,-1.,0.));
#12687=DIRECTION('center_axis',(0.,1.,0.));
#12688=DIRECTION('ref_axis',(1.,0.,0.));
#12689=DIRECTION('center_axis',(0.,1.,0.));
#12690=DIRECTION('ref_axis',(1.,0.,0.));
#12691=DIRECTION('center_axis',(0.,1.,0.));
#12692=DIRECTION('ref_axis',(1.,0.,0.));
#12693=DIRECTION('center_axis',(0.,-1.,0.));
#12694=DIRECTION('ref_axis',(1.,0.,0.));
#12695=DIRECTION('center_axis',(0.,-1.,0.));
#12696=DIRECTION('ref_axis',(0.,0.,-1.));
#12697=DIRECTION('center_axis',(1.,0.,1.22464679914735E-16));
#12698=DIRECTION('ref_axis',(-1.22464679914735E-16,0.,1.));
#12699=DIRECTION('center_axis',(0.,1.,0.));
#12700=DIRECTION('ref_axis',(1.,0.,0.));
#12701=DIRECTION('',(0.,-1.,0.));
#12702=DIRECTION('center_axis',(-1.,0.,3.46944695195361E-17));
#12703=DIRECTION('ref_axis',(0.,1.,0.));
#12704=DIRECTION('center_axis',(1.,0.,-3.46944695195361E-17));
#12705=DIRECTION('ref_axis',(0.,1.,0.));
#12706=DIRECTION('',(-1.,0.,3.46944695195361E-17));
#12707=DIRECTION('center_axis',(-1.,0.,3.46944695195361E-17));
#12708=DIRECTION('ref_axis',(0.,1.,0.));
#12709=DIRECTION('center_axis',(-1.,0.,3.46944695195361E-17));
#12710=DIRECTION('ref_axis',(-3.46944695195361E-17,6.05576195250081E-15,
-1.));
#12711=DIRECTION('center_axis',(1.,0.,-3.46944695195361E-17));
#12712=DIRECTION('ref_axis',(-3.46944695195361E-17,6.05576195250081E-15,
-1.));
#12713=DIRECTION('',(1.,0.,-3.46944695195361E-17));
#12714=DIRECTION('center_axis',(-1.,0.,3.46944695195361E-17));
#12715=DIRECTION('ref_axis',(-3.46944695195361E-17,6.05576195250081E-15,
-1.));
#12716=DIRECTION('',(1.,0.,-3.46944695195361E-17));
#12717=DIRECTION('center_axis',(-3.0814879110196E-32,-1.,-8.88178419700132E-16));
#12718=DIRECTION('ref_axis',(-3.46944695195361E-17,8.88178419700132E-16,
-1.));
#12719=DIRECTION('',(-3.46944695195361E-17,8.88178419700132E-16,-1.));
#12720=DIRECTION('',(1.,0.,-3.46944695195361E-17));
#12721=DIRECTION('',(-3.46944695195361E-17,8.88178419700132E-16,-1.));
#12722=DIRECTION('center_axis',(-1.,0.,3.46944695195361E-17));
#12723=DIRECTION('ref_axis',(-1.12054105855258E-31,1.,-3.22973970800046E-15));
#12724=DIRECTION('center_axis',(1.,0.,-3.46944695195361E-17));
#12725=DIRECTION('ref_axis',(-1.12054105855258E-31,1.,-3.22973970800046E-15));
#12726=DIRECTION('',(1.,0.,-3.46944695195361E-17));
#12727=DIRECTION('center_axis',(-1.,0.,3.46944695195361E-17));
#12728=DIRECTION('ref_axis',(-1.12054105855258E-31,1.,-3.22973970800046E-15));
#12729=DIRECTION('center_axis',(1.,0.,-3.46944695195361E-17));
#12730=DIRECTION('ref_axis',(0.,1.,0.));
#12731=DIRECTION('',(0.,-1.,0.));
#12732=DIRECTION('',(-3.46944695195361E-17,0.,-1.));
#12733=DIRECTION('',(0.,1.,0.));
#12734=DIRECTION('center_axis',(1.,0.,-3.46944695195361E-17));
#12735=DIRECTION('ref_axis',(0.,1.,0.));
#12736=DIRECTION('',(0.,-1.,0.));
#12737=DIRECTION('',(0.,1.,0.));
#12738=DIRECTION('',(3.46944695195361E-17,0.,1.));
#12739=DIRECTION('center_axis',(0.,1.,0.));
#12740=DIRECTION('ref_axis',(0.,0.,1.));
#12741=DIRECTION('',(-1.,0.,0.));
#12742=DIRECTION('',(0.,0.,1.));
#12743=DIRECTION('',(1.,0.,0.));
#12744=DIRECTION('center_axis',(-1.,0.,0.));
#12745=DIRECTION('ref_axis',(0.,1.,0.));
#12746=DIRECTION('center_axis',(1.,0.,0.));
#12747=DIRECTION('ref_axis',(0.,1.,0.));
#12748=DIRECTION('',(1.,0.,0.));
#12749=DIRECTION('center_axis',(-1.,0.,0.));
#12750=DIRECTION('ref_axis',(0.,1.,0.));
#12751=DIRECTION('center_axis',(-1.,0.,0.));
#12752=DIRECTION('ref_axis',(0.,6.05576195250081E-15,-1.));
#12753=DIRECTION('center_axis',(1.,0.,0.));
#12754=DIRECTION('ref_axis',(0.,6.05576195250081E-15,-1.));
#12755=DIRECTION('',(-1.,0.,0.));
#12756=DIRECTION('center_axis',(-1.,0.,0.));
#12757=DIRECTION('ref_axis',(0.,6.05576195250081E-15,-1.));
#12758=DIRECTION('',(-1.,0.,0.));
#12759=DIRECTION('center_axis',(0.,1.,8.88178419700132E-16));
#12760=DIRECTION('ref_axis',(0.,8.88178419700132E-16,-1.));
#12761=DIRECTION('',(0.,8.88178419700132E-16,-1.));
#12762=DIRECTION('',(0.,8.88178419700132E-16,-1.));
#12763=DIRECTION('',(-1.,0.,0.));
#12764=DIRECTION('center_axis',(-1.,0.,0.));
#12765=DIRECTION('ref_axis',(0.,1.,-3.22973970800046E-15));
#12766=DIRECTION('center_axis',(1.,0.,0.));
#12767=DIRECTION('ref_axis',(0.,1.,-3.22973970800046E-15));
#12768=DIRECTION('center_axis',(-1.,0.,0.));
#12769=DIRECTION('ref_axis',(0.,1.,-3.22973970800046E-15));
#12770=DIRECTION('',(-1.,0.,0.));
#12771=DIRECTION('center_axis',(1.,0.,0.));
#12772=DIRECTION('ref_axis',(0.,1.,0.));
#12773=DIRECTION('',(0.,-1.,0.));
#12774=DIRECTION('',(0.,0.,-1.));
#12775=DIRECTION('',(0.,1.,0.));
#12776=DIRECTION('center_axis',(0.,1.,0.));
#12777=DIRECTION('ref_axis',(0.,0.,1.));
#12778=DIRECTION('',(1.,0.,0.));
#12779=DIRECTION('',(-1.,0.,0.));
#12780=DIRECTION('center_axis',(0.,0.,-1.));
#12781=DIRECTION('ref_axis',(-1.,0.,0.));
#12782=DIRECTION('',(1.,0.,0.));
#12783=DIRECTION('',(0.,1.,0.));
#12784=DIRECTION('',(0.,1.,0.));
#12785=DIRECTION('center_axis',(1.,0.,0.));
#12786=DIRECTION('ref_axis',(0.,0.,-1.));
#12787=DIRECTION('',(0.,0.,1.));
#12788=DIRECTION('',(0.,1.,0.));
#12789=DIRECTION('center_axis',(0.,0.,1.));
#12790=DIRECTION('ref_axis',(1.,0.,0.));
#12791=DIRECTION('',(-1.,0.,0.));
#12792=DIRECTION('',(0.,1.,0.));
#12793=DIRECTION('center_axis',(-1.,0.,0.));
#12794=DIRECTION('ref_axis',(0.,0.,1.));
#12795=DIRECTION('',(0.,0.,-1.));
#12796=DIRECTION('center_axis',(-0.999951350200451,0.,0.00986393594335426));
#12797=DIRECTION('ref_axis',(0.,1.,0.));
#12798=DIRECTION('',(-0.999951350200451,0.,0.00986393594335426));
#12799=DIRECTION('center_axis',(-0.999951350200451,0.,0.00986393594335426));
#12800=DIRECTION('ref_axis',(0.,1.,0.));
#12801=DIRECTION('',(0.999951350200451,0.,-0.00986393594335426));
#12802=DIRECTION('center_axis',(0.999951350200451,0.,-0.00986393594335426));
#12803=DIRECTION('ref_axis',(0.,1.,0.));
#12804=DIRECTION('',(-0.00986393594335426,0.,-0.999951350200451));
#12805=DIRECTION('center_axis',(0.,1.,0.));
#12806=DIRECTION('ref_axis',(1.,0.,0.));
#12807=DIRECTION('center_axis',(0.,1.,0.));
#12808=DIRECTION('ref_axis',(1.,0.,0.));
#12809=DIRECTION('',(0.,-1.,0.));
#12810=DIRECTION('center_axis',(0.,1.,0.));
#12811=DIRECTION('ref_axis',(1.,0.,0.));
#12812=DIRECTION('center_axis',(0.,1.,0.));
#12813=DIRECTION('ref_axis',(1.,0.,0.));
#12814=DIRECTION('center_axis',(0.999951350200451,0.,0.00986393594335426));
#12815=DIRECTION('ref_axis',(0.,1.,0.));
#12816=DIRECTION('',(-0.00986393594335426,0.,0.999951350200451));
#12817=DIRECTION('center_axis',(-0.999951350200451,0.,-0.00986393594335426));
#12818=DIRECTION('ref_axis',(0.,1.,0.));
#12819=DIRECTION('center_axis',(-0.999951350200451,0.,-0.00986393594335426));
#12820=DIRECTION('ref_axis',(0.,1.,0.));
#12821=DIRECTION('',(-0.999951350200451,0.,-0.00986393594335426));
#12822=DIRECTION('',(0.999951350200451,0.,0.00986393594335426));
#12823=DIRECTION('center_axis',(0.,1.,0.));
#12824=DIRECTION('ref_axis',(0.,0.,1.));
#12825=DIRECTION('center_axis',(0.,-1.,0.));
#12826=DIRECTION('ref_axis',(0.,0.,-1.));
#12827=DIRECTION('center_axis',(0.,-1.,0.));
#12828=DIRECTION('ref_axis',(0.,0.,-1.));
#12829=DIRECTION('center_axis',(0.,-1.,0.));
#12830=DIRECTION('ref_axis',(1.,0.,0.));
#12831=DIRECTION('center_axis',(0.,-1.,0.));
#12832=DIRECTION('ref_axis',(1.,0.,0.));
#12833=DIRECTION('center_axis',(1.,0.,1.22464679914735E-16));
#12834=DIRECTION('ref_axis',(-1.22464679914735E-16,0.,1.));
#12835=DIRECTION('center_axis',(0.,1.,0.));
#12836=DIRECTION('ref_axis',(1.,0.,0.));
#12837=DIRECTION('center_axis',(0.,-1.,0.));
#12838=DIRECTION('ref_axis',(1.,0.,0.));
#12839=DIRECTION('',(0.,-1.,0.));
#12840=DIRECTION('center_axis',(0.,1.,0.));
#12841=DIRECTION('ref_axis',(1.,0.,0.));
#12842=DIRECTION('axis',(0.,0.,1.));
#12843=DIRECTION('refdir',(1.,0.,0.));
#12844=DIRECTION('center_axis',(0.,-1.,0.));
#12845=DIRECTION('ref_axis',(-1.,0.,0.));
#12846=DIRECTION('center_axis',(0.,-1.,0.));
#12847=DIRECTION('ref_axis',(-1.,0.,0.));
#12848=DIRECTION('',(0.,-1.,0.));
#12849=DIRECTION('center_axis',(0.,1.,0.));
#12850=DIRECTION('ref_axis',(-1.,0.,0.));
#12851=DIRECTION('',(0.,-1.,0.));
#12852=DIRECTION('center_axis',(0.,-1.,0.));
#12853=DIRECTION('ref_axis',(-1.,0.,0.));
#12854=DIRECTION('center_axis',(0.,-1.,0.));
#12855=DIRECTION('ref_axis',(-1.,0.,0.));
#12856=DIRECTION('',(0.,-1.,0.));
#12857=DIRECTION('',(0.,1.,0.));
#12858=DIRECTION('',(0.,-1.,0.));
#12859=DIRECTION('center_axis',(0.,1.,0.));
#12860=DIRECTION('ref_axis',(-1.,0.,0.));
#12861=DIRECTION('center_axis',(0.999951350200451,0.,0.00986393594335425));
#12862=DIRECTION('ref_axis',(0.,1.,0.));
#12863=DIRECTION('center_axis',(0.999951350200451,0.,0.00986393594335425));
#12864=DIRECTION('ref_axis',(0.,1.,0.));
#12865=DIRECTION('',(0.999951350200451,0.,0.00986393594335425));
#12866=DIRECTION('center_axis',(0.999951350200451,0.,0.00986393594335426));
#12867=DIRECTION('ref_axis',(0.,1.,0.));
#12868=DIRECTION('center_axis',(0.999951350200451,0.,-0.00986393594335425));
#12869=DIRECTION('ref_axis',(0.,1.,0.));
#12870=DIRECTION('center_axis',(-0.999951350200451,0.,0.00986393594335425));
#12871=DIRECTION('ref_axis',(0.,1.,0.));
#12872=DIRECTION('',(-0.999951350200451,0.,0.00986393594335425));
#12873=DIRECTION('center_axis',(0.999951350200451,0.,-0.00986393594335426));
#12874=DIRECTION('ref_axis',(0.,1.,0.));
#12875=DIRECTION('center_axis',(0.,1.,0.));
#12876=DIRECTION('ref_axis',(-0.710585651397266,0.,-0.703610710569646));
#12877=DIRECTION('center_axis',(0.,-1.,0.));
#12878=DIRECTION('ref_axis',(-0.710585651397266,0.,-0.703610710569646));
#12879=DIRECTION('',(0.,1.,0.));
#12880=DIRECTION('center_axis',(0.,1.,0.));
#12881=DIRECTION('ref_axis',(-0.710585651397266,0.,-0.703610710569646));
#12882=DIRECTION('',(0.,-1.,0.));
#12883=DIRECTION('center_axis',(0.,0.,1.));
#12884=DIRECTION('ref_axis',(1.,0.,0.));
#12885=DIRECTION('',(-1.,0.,0.));
#12886=DIRECTION('',(0.,-1.,0.));
#12887=DIRECTION('',(1.,0.,0.));
#12888=DIRECTION('center_axis',(0.,-1.,0.));
#12889=DIRECTION('ref_axis',(0.710585651397266,0.,-0.703610710569646));
#12890=DIRECTION('center_axis',(0.,1.,0.));
#12891=DIRECTION('ref_axis',(0.710585651397266,0.,-0.703610710569646));
#12892=DIRECTION('center_axis',(0.,-1.,0.));
#12893=DIRECTION('ref_axis',(0.710585651397266,0.,-0.703610710569646));
#12894=DIRECTION('',(0.,1.,0.));
#12895=DIRECTION('center_axis',(0.,1.,0.));
#12896=DIRECTION('ref_axis',(0.703610710569647,0.,0.710585651397266));
#12897=DIRECTION('center_axis',(0.,-1.,0.));
#12898=DIRECTION('ref_axis',(0.703610710569647,0.,0.710585651397266));
#12899=DIRECTION('',(0.,1.,0.));
#12900=DIRECTION('center_axis',(0.,1.,0.));
#12901=DIRECTION('ref_axis',(0.703610710569647,0.,0.710585651397266));
#12902=DIRECTION('',(0.,-1.,0.));
#12903=DIRECTION('center_axis',(0.,0.,-1.));
#12904=DIRECTION('ref_axis',(-1.,0.,0.));
#12905=DIRECTION('',(1.,0.,0.));
#12906=DIRECTION('',(0.,-1.,0.));
#12907=DIRECTION('',(-1.,0.,0.));
#12908=DIRECTION('center_axis',(0.,1.,0.));
#12909=DIRECTION('ref_axis',(-0.703610710569647,0.,0.710585651397266));
#12910=DIRECTION('center_axis',(0.,-1.,0.));
#12911=DIRECTION('ref_axis',(-0.703610710569647,0.,0.710585651397266));
#12912=DIRECTION('',(0.,1.,0.));
#12913=DIRECTION('center_axis',(0.,1.,0.));
#12914=DIRECTION('ref_axis',(-0.703610710569647,0.,0.710585651397266));
#12915=DIRECTION('center_axis',(0.999951350200451,0.,-0.00986393594335425));
#12916=DIRECTION('ref_axis',(-0.00986393594335425,0.,-0.999951350200451));
#12917=DIRECTION('',(-0.00986393594335425,0.,-0.999951350200451));
#12918=DIRECTION('',(0.00986393594335425,0.,0.999951350200451));
#12919=DIRECTION('center_axis',(0.,1.,0.));
#12920=DIRECTION('ref_axis',(0.,0.,1.));
#12921=DIRECTION('',(-1.1842378929335E-16,0.,-1.));
#12922=DIRECTION('',(-0.650791373454936,0.,-0.759256602366182));
#12923=DIRECTION('',(-1.,0.,0.));
#12924=DIRECTION('',(-0.650791373455895,0.,0.75925660236536));
#12925=DIRECTION('',(1.1842378929335E-16,0.,1.));
#12926=DIRECTION('',(0.650791373456314,0.,0.759256602365001));
#12927=DIRECTION('',(1.,0.,0.));
#12928=DIRECTION('',(0.650791373455359,0.,-0.759256602365819));
#12929=DIRECTION('',(-0.00986393594335425,0.,0.999951350200451));
#12930=DIRECTION('center_axis',(0.999951350200451,0.,-0.00986393594335426));
#12931=DIRECTION('ref_axis',(0.,1.,0.));
#12932=DIRECTION('center_axis',(0.999951350200451,0.,0.00986393594335426));
#12933=DIRECTION('ref_axis',(0.,1.,0.));
#12934=DIRECTION('center_axis',(-0.75925660236536,0.,-0.650791373455895));
#12935=DIRECTION('ref_axis',(-0.650791373455895,0.,0.75925660236536));
#12936=DIRECTION('',(0.,1.,0.));
#12937=DIRECTION('',(0.650791373455895,0.,-0.75925660236536));
#12938=DIRECTION('',(0.,1.,0.));
#12939=DIRECTION('center_axis',(-1.,0.,1.1842378929335E-16));
#12940=DIRECTION('ref_axis',(1.1842378929335E-16,0.,1.));
#12941=DIRECTION('',(-1.1842378929335E-16,0.,-1.));
#12942=DIRECTION('',(0.,1.,0.));
#12943=DIRECTION('center_axis',(-0.759256602365001,0.,0.650791373456314));
#12944=DIRECTION('ref_axis',(0.650791373456314,0.,0.759256602365001));
#12945=DIRECTION('',(-0.650791373456314,0.,-0.759256602365001));
#12946=DIRECTION('',(0.,1.,0.));
#12947=DIRECTION('center_axis',(0.,0.,1.));
#12948=DIRECTION('ref_axis',(1.,0.,0.));
#12949=DIRECTION('',(-1.,0.,0.));
#12950=DIRECTION('',(0.,1.,0.));
#12951=DIRECTION('center_axis',(0.,-1.,0.));
#12952=DIRECTION('ref_axis',(0.,0.,-1.));
#12953=DIRECTION('',(1.1842378929335E-16,0.,1.));
#12954=DIRECTION('',(-0.650791373455359,0.,0.759256602365819));
#12955=DIRECTION('',(1.,0.,0.));
#12956=DIRECTION('',(0.650791373454936,0.,0.759256602366182));
#12957=DIRECTION('',(0.00986393594335425,0.,-0.999951350200451));
#12958=DIRECTION('center_axis',(0.759256602365819,0.,0.650791373455359));
#12959=DIRECTION('ref_axis',(0.650791373455359,0.,-0.759256602365819));
#12960=DIRECTION('',(0.,-1.,0.));
#12961=DIRECTION('center_axis',(1.,0.,-1.1842378929335E-16));
#12962=DIRECTION('ref_axis',(-1.1842378929335E-16,0.,-1.));
#12963=DIRECTION('',(0.,1.,0.));
#12964=DIRECTION('center_axis',(0.759256602366182,0.,-0.650791373454936));
#12965=DIRECTION('ref_axis',(-0.650791373454936,0.,-0.759256602366182));
#12966=DIRECTION('',(0.,1.,0.));
#12967=DIRECTION('center_axis',(0.,0.,-1.));
#12968=DIRECTION('ref_axis',(-1.,0.,0.));
#12969=DIRECTION('center_axis',(-0.999951350200451,0.,-0.00986393594335425));
#12970=DIRECTION('ref_axis',(-0.00986393594335425,0.,0.999951350200451));
#12971=DIRECTION('',(-0.0190022125365102,-0.376210446836802,-0.926339363089775));
#12972=DIRECTION('',(0.999812554273561,-0.00371109629290966,-0.0190022125365102));
#12973=DIRECTION('',(0.,0.,1.));
#12974=DIRECTION('',(1.,-1.02634164867541E-46,0.));
#12975=DIRECTION('axis',(0.,0.,1.));
#12976=DIRECTION('refdir',(1.,0.,0.));
#12977=DIRECTION('center_axis',(1.,0.,0.));
#12978=DIRECTION('ref_axis',(0.,-1.,0.));
#12979=DIRECTION('',(0.,-1.,0.));
#12980=DIRECTION('',(0.,0.,-1.));
#12981=DIRECTION('',(0.,-1.,0.));
#12982=DIRECTION('',(0.,0.,-1.));
#12983=DIRECTION('center_axis',(0.,1.,0.));
#12984=DIRECTION('ref_axis',(1.,0.,0.));
#12985=DIRECTION('',(1.,0.,0.));
#12986=DIRECTION('',(0.,0.,-1.));
#12987=DIRECTION('',(1.,0.,0.));
#12988=DIRECTION('center_axis',(-1.,0.,0.));
#12989=DIRECTION('ref_axis',(0.,1.,0.));
#12990=DIRECTION('',(0.,1.,0.));
#12991=DIRECTION('',(0.,0.,1.));
#12992=DIRECTION('',(0.,1.,0.));
#12993=DIRECTION('center_axis',(0.,1.,0.));
#12994=DIRECTION('ref_axis',(-1.,0.,0.));
#12995=DIRECTION('',(1.,0.,0.));
#12996=DIRECTION('',(0.,0.,1.));
#12997=DIRECTION('',(1.,0.,0.));
#12998=DIRECTION('center_axis',(0.,1.,0.));
#12999=DIRECTION('ref_axis',(-1.,0.,0.));
#13000=DIRECTION('',(1.,0.,0.));
#13001=DIRECTION('',(0.,0.,-1.));
#13002=DIRECTION('',(0.,0.,-1.));
#13003=DIRECTION('',(0.,0.,-1.));
#13004=DIRECTION('',(1.,0.,0.));
#13005=DIRECTION('center_axis',(0.,0.,1.));
#13006=DIRECTION('ref_axis',(1.,0.,0.));
#13007=DIRECTION('',(0.,-1.,0.));
#13008=DIRECTION('',(1.,0.,0.));
#13009=DIRECTION('',(0.,1.,0.));
#13010=DIRECTION('',(-1.,0.,0.));
#13011=DIRECTION('',(0.,1.,0.));
#13012=DIRECTION('',(1.,0.,0.));
#13013=DIRECTION('',(0.,-1.,0.));
#13014=DIRECTION('',(1.,0.,0.));
#13015=DIRECTION('',(0.,1.,0.));
#13016=DIRECTION('',(1.,0.,0.));
#13017=DIRECTION('',(0.,-1.,0.));
#13018=DIRECTION('',(1.,0.,0.));
#13019=DIRECTION('',(0.,1.,0.));
#13020=DIRECTION('',(1.,0.,0.));
#13021=DIRECTION('',(0.,-1.,0.));
#13022=DIRECTION('',(1.,0.,0.));
#13023=DIRECTION('',(0.,-1.,0.));
#13024=DIRECTION('',(-1.,0.,0.));
#13025=DIRECTION('',(0.00142546182758001,-0.999998984028773,0.));
#13026=DIRECTION('',(-0.999998984028773,-0.00142546182756812,0.));
#13027=DIRECTION('',(-0.00142546182758001,0.999998984028773,0.));
#13028=DIRECTION('',(-1.,0.,0.));
#13029=DIRECTION('',(0.00142546182758002,-0.999998984028773,0.));
#13030=DIRECTION('',(-0.999998984028773,-0.00142546182757404,0.));
#13031=DIRECTION('',(-0.0014254618275516,0.999998984028773,0.));
#13032=DIRECTION('',(-1.,0.,0.));
#13033=DIRECTION('',(0.00142546182757998,-0.999998984028773,0.));
#13034=DIRECTION('',(-0.999998984028773,-0.00142546182756812,0.));
#13035=DIRECTION('',(-0.00142546182757998,0.999998984028773,0.));
#13036=DIRECTION('',(-1.,0.,0.));
#13037=DIRECTION('',(0.00142546182757998,-0.999998984028773,0.));
#13038=DIRECTION('',(-0.999998984028773,-0.00142546182757073,0.));
#13039=DIRECTION('',(-0.00142546182754446,0.999998984028773,0.));
#13040=DIRECTION('',(-1.,0.,0.));
#13041=DIRECTION('',(0.,1.,0.));
#13042=DIRECTION('center_axis',(0.,1.,0.));
#13043=DIRECTION('ref_axis',(1.,0.,0.));
#13044=DIRECTION('',(0.,0.,-1.));
#13045=DIRECTION('',(1.,0.,0.));
#13046=DIRECTION('',(0.,0.,-1.));
#13047=DIRECTION('center_axis',(-1.,0.,0.));
#13048=DIRECTION('ref_axis',(0.,1.,0.));
#13049=DIRECTION('',(0.,0.,1.));
#13050=DIRECTION('',(0.,1.,0.));
#13051=DIRECTION('center_axis',(1.,0.,0.));
#13052=DIRECTION('ref_axis',(0.,-1.,0.));
#13053=DIRECTION('',(0.,-1.,0.));
#13054=DIRECTION('',(0.,0.,-1.));
#13055=DIRECTION('center_axis',(1.,0.,0.));
#13056=DIRECTION('ref_axis',(0.,-1.,0.));
#13057=DIRECTION('',(0.,0.,-1.));
#13058=DIRECTION('',(0.,-1.,0.));
#13059=DIRECTION('',(0.,0.,-1.));
#13060=DIRECTION('center_axis',(0.,1.,0.));
#13061=DIRECTION('ref_axis',(1.,0.,0.));
#13062=DIRECTION('',(0.,0.,-1.));
#13063=DIRECTION('',(1.,0.,0.));
#13064=DIRECTION('center_axis',(-1.,0.,0.));
#13065=DIRECTION('ref_axis',(0.,1.,0.));
#13066=DIRECTION('',(0.,1.,0.));
#13067=DIRECTION('center_axis',(1.,0.,0.));
#13068=DIRECTION('ref_axis',(0.,-1.,0.));
#13069=DIRECTION('',(0.,0.,-1.));
#13070=DIRECTION('',(0.,-1.,0.));
#13071=DIRECTION('',(0.,0.,-1.));
#13072=DIRECTION('center_axis',(0.,1.,0.));
#13073=DIRECTION('ref_axis',(1.,0.,0.));
#13074=DIRECTION('',(0.,0.,-1.));
#13075=DIRECTION('',(1.,0.,0.));
#13076=DIRECTION('center_axis',(-1.,0.,0.));
#13077=DIRECTION('ref_axis',(0.,1.,0.));
#13078=DIRECTION('',(0.,0.,1.));
#13079=DIRECTION('',(0.,1.,0.));
#13080=DIRECTION('center_axis',(-0.999998984028773,-0.00142546182758001,
0.));
#13081=DIRECTION('ref_axis',(-0.00142546182758001,0.999998984028773,0.));
#13082=DIRECTION('',(0.,0.,-1.));
#13083=DIRECTION('',(-0.00142546182758001,0.999998984028773,0.));
#13084=DIRECTION('',(0.,0.,-1.));
#13085=DIRECTION('center_axis',(0.00142546182756812,-0.999998984028773,
0.));
#13086=DIRECTION('ref_axis',(-0.999998984028773,-0.00142546182756812,0.));
#13087=DIRECTION('',(0.,0.,-1.));
#13088=DIRECTION('',(-0.999998984028773,-0.00142546182756812,0.));
#13089=DIRECTION('center_axis',(0.999998984028773,0.00142546182758001,0.));
#13090=DIRECTION('ref_axis',(0.00142546182758001,-0.999998984028773,0.));
#13091=DIRECTION('',(0.,0.,1.));
#13092=DIRECTION('',(0.00142546182758001,-0.999998984028773,0.));
#13093=DIRECTION('center_axis',(-0.999998984028773,-0.00142546182757998,
0.));
#13094=DIRECTION('ref_axis',(-0.00142546182757998,0.999998984028773,0.));
#13095=DIRECTION('',(0.,0.,-1.));
#13096=DIRECTION('',(-0.00142546182757998,0.999998984028773,0.));
#13097=DIRECTION('',(0.,0.,-1.));
#13098=DIRECTION('center_axis',(0.00142546182756812,-0.999998984028773,
0.));
#13099=DIRECTION('ref_axis',(-0.999998984028773,-0.00142546182756812,0.));
#13100=DIRECTION('',(0.,0.,-1.));
#13101=DIRECTION('',(-0.999998984028773,-0.00142546182756812,0.));
#13102=DIRECTION('center_axis',(0.999998984028773,0.00142546182757998,0.));
#13103=DIRECTION('ref_axis',(0.00142546182757998,-0.999998984028773,0.));
#13104=DIRECTION('',(0.,0.,1.));
#13105=DIRECTION('',(0.00142546182757998,-0.999998984028773,0.));
#13106=DIRECTION('center_axis',(-0.999998984028773,-0.0014254618275516,
0.));
#13107=DIRECTION('ref_axis',(-0.0014254618275516,0.999998984028773,0.));
#13108=DIRECTION('',(0.,0.,-1.));
#13109=DIRECTION('',(-0.0014254618275516,0.999998984028773,0.));
#13110=DIRECTION('',(0.,0.,-1.));
#13111=DIRECTION('center_axis',(0.00142546182757404,-0.999998984028773,
0.));
#13112=DIRECTION('ref_axis',(-0.999998984028773,-0.00142546182757404,0.));
#13113=DIRECTION('',(0.,0.,-1.));
#13114=DIRECTION('',(-0.999998984028773,-0.00142546182757404,0.));
#13115=DIRECTION('center_axis',(0.999998984028773,0.00142546182758002,0.));
#13116=DIRECTION('ref_axis',(0.00142546182758002,-0.999998984028773,0.));
#13117=DIRECTION('',(0.,0.,1.));
#13118=DIRECTION('',(0.00142546182758002,-0.999998984028773,0.));
#13119=DIRECTION('center_axis',(-0.999998984028773,-0.00142546182754446,
0.));
#13120=DIRECTION('ref_axis',(-0.00142546182754446,0.999998984028773,0.));
#13121=DIRECTION('',(0.,0.,-1.));
#13122=DIRECTION('',(-0.00142546182754446,0.999998984028773,0.));
#13123=DIRECTION('',(0.,0.,-1.));
#13124=DIRECTION('center_axis',(0.00142546182757073,-0.999998984028773,
0.));
#13125=DIRECTION('ref_axis',(-0.999998984028773,-0.00142546182757073,0.));
#13126=DIRECTION('',(0.,0.,-1.));
#13127=DIRECTION('',(-0.999998984028773,-0.00142546182757073,0.));
#13128=DIRECTION('center_axis',(0.999998984028773,0.00142546182757998,0.));
#13129=DIRECTION('ref_axis',(0.00142546182757998,-0.999998984028773,0.));
#13130=DIRECTION('',(0.,0.,1.));
#13131=DIRECTION('',(0.00142546182757998,-0.999998984028773,0.));
#13132=DIRECTION('center_axis',(0.,1.,0.));
#13133=DIRECTION('ref_axis',(-1.,0.,0.));
#13134=DIRECTION('',(1.,0.,0.));
#13135=DIRECTION('center_axis',(0.,1.,0.));
#13136=DIRECTION('ref_axis',(-1.,0.,0.));
#13137=DIRECTION('',(1.,0.,0.));
#13138=DIRECTION('center_axis',(0.,1.,0.));
#13139=DIRECTION('ref_axis',(-1.,0.,0.));
#13140=DIRECTION('',(1.,0.,0.));
#13141=DIRECTION('',(0.,0.,-1.));
#13142=DIRECTION('center_axis',(0.,-1.,0.));
#13143=DIRECTION('ref_axis',(1.,0.,0.));
#13144=DIRECTION('',(-1.,0.,0.));
#13145=DIRECTION('',(0.,0.,1.));
#13146=DIRECTION('',(0.,0.,1.));
#13147=DIRECTION('',(0.,0.,1.));
#13148=DIRECTION('center_axis',(0.,-1.,0.));
#13149=DIRECTION('ref_axis',(1.,0.,0.));
#13150=DIRECTION('',(-1.,0.,0.));
#13151=DIRECTION('center_axis',(0.,-1.,0.));
#13152=DIRECTION('ref_axis',(1.,0.,0.));
#13153=DIRECTION('',(-1.,0.,0.));
#13154=DIRECTION('center_axis',(0.,-1.,0.));
#13155=DIRECTION('ref_axis',(1.,0.,0.));
#13156=DIRECTION('',(0.,0.,-1.));
#13157=DIRECTION('',(-1.,0.,0.));
#13158=DIRECTION('center_axis',(0.,-1.,0.));
#13159=DIRECTION('ref_axis',(1.,0.,0.));
#13160=DIRECTION('',(-1.,0.,0.));
#13161=DIRECTION('center_axis',(0.,-1.,0.));
#13162=DIRECTION('ref_axis',(1.,0.,0.));
#13163=DIRECTION('',(-1.,0.,0.));
#13164=DIRECTION('',(0.,0.,1.));
#13165=DIRECTION('',(0.,0.,1.));
#13166=DIRECTION('center_axis',(0.,1.,0.));
#13167=DIRECTION('ref_axis',(-1.,0.,0.));
#13168=DIRECTION('',(1.,0.,0.));
#13169=DIRECTION('',(0.,0.,1.));
#13170=DIRECTION('',(0.,0.,1.));
#13171=DIRECTION('center_axis',(0.,0.,1.));
#13172=DIRECTION('ref_axis',(1.,0.,0.));
#13173=DIRECTION('',(0.,-1.,0.));
#13174=DIRECTION('',(0.,1.,0.));
#13175=DIRECTION('center_axis',(1.,0.,0.));
#13176=DIRECTION('ref_axis',(0.,1.,0.));
#13177=DIRECTION('',(0.,1.,0.));
#13178=DIRECTION('center_axis',(1.,0.,0.));
#13179=DIRECTION('ref_axis',(0.,-8.88178419700126E-16,-1.));
#13180=DIRECTION('',(0.,1.69176841847643E-16,1.));
#13181=DIRECTION('center_axis',(1.,0.,0.));
#13182=DIRECTION('ref_axis',(0.,1.,0.));
#13183=DIRECTION('',(0.,-1.,0.));
#13184=DIRECTION('center_axis',(1.,0.,0.));
#13185=DIRECTION('ref_axis',(0.,1.77635683940025E-15,1.));
#13186=DIRECTION('',(0.,1.69176841847643E-16,-1.));
#13187=DIRECTION('center_axis',(1.,0.,0.));
#13188=DIRECTION('ref_axis',(0.,-1.,8.88178419700126E-16));
#13189=DIRECTION('center_axis',(-1.,0.,0.));
#13190=DIRECTION('ref_axis',(0.,-1.,0.));
#13191=DIRECTION('',(0.,-1.,0.));
#13192=DIRECTION('center_axis',(1.,0.,0.));
#13193=DIRECTION('ref_axis',(0.,0.,-1.));
#13194=DIRECTION('',(0.,1.,0.));
#13195=DIRECTION('',(0.,0.,-1.));
#13196=DIRECTION('',(0.,-1.,0.));
#13197=DIRECTION('center_axis',(0.,-1.,0.));
#13198=DIRECTION('ref_axis',(0.,0.,-1.));
#13199=DIRECTION('',(0.,0.,-1.));
#13200=DIRECTION('',(1.,0.,0.));
#13201=DIRECTION('',(1.,0.,0.));
#13202=DIRECTION('center_axis',(0.,0.,-1.));
#13203=DIRECTION('ref_axis',(0.,1.,0.));
#13204=DIRECTION('',(0.,1.,0.));
#13205=DIRECTION('',(0.,1.,0.));
#13206=DIRECTION('',(1.,0.,0.));
#13207=DIRECTION('center_axis',(0.,1.,1.1842378929335E-16));
#13208=DIRECTION('ref_axis',(0.,-1.1842378929335E-16,1.));
#13209=DIRECTION('',(0.,-1.1842378929335E-16,1.));
#13210=DIRECTION('',(0.,-1.1842378929335E-16,1.));
#13211=DIRECTION('',(1.,0.,0.));
#13212=DIRECTION('center_axis',(0.,0.,1.));
#13213=DIRECTION('ref_axis',(0.,-1.,0.));
#13214=DIRECTION('',(0.,-1.,0.));
#13215=DIRECTION('',(0.,-1.,0.));
#13216=DIRECTION('',(0.,1.,0.));
#13217=DIRECTION('center_axis',(1.,0.,0.));
#13218=DIRECTION('ref_axis',(0.,0.,-1.));
#13219=DIRECTION('center_axis',(1.,0.,0.));
#13220=DIRECTION('ref_axis',(0.,1.,0.));
#13221=DIRECTION('center_axis',(-1.,0.,0.));
#13222=DIRECTION('ref_axis',(0.,-0.707106781186546,-0.707106781186549));
#13223=DIRECTION('',(0.,-1.,0.));
#13224=DIRECTION('center_axis',(-1.,0.,0.));
#13225=DIRECTION('ref_axis',(0.,0.707106781186546,-0.707106781186549));
#13226=DIRECTION('',(0.,-1.,0.));
#13227=DIRECTION('center_axis',(-1.,0.,0.));
#13228=DIRECTION('ref_axis',(0.,-1.,8.88178419700126E-16));
#13229=DIRECTION('',(0.,-1.69176841847643E-16,1.));
#13230=DIRECTION('center_axis',(-1.,0.,0.));
#13231=DIRECTION('ref_axis',(0.,1.77635683940025E-15,1.));
#13232=DIRECTION('',(0.,1.,0.));
#13233=DIRECTION('center_axis',(-1.,0.,0.));
#13234=DIRECTION('ref_axis',(0.,1.,0.));
#13235=DIRECTION('',(0.,-1.69176841847643E-16,-1.));
#13236=DIRECTION('center_axis',(-1.,0.,0.));
#13237=DIRECTION('ref_axis',(0.,-8.88178419700126E-16,-1.));
#13238=DIRECTION('center_axis',(-1.,0.,0.));
#13239=DIRECTION('ref_axis',(0.,-0.707106781186546,-0.707106781186549));
#13240=DIRECTION('center_axis',(1.,0.,0.));
#13241=DIRECTION('ref_axis',(0.,-0.707106781186546,-0.707106781186549));
#13242=DIRECTION('',(1.,0.,0.));
#13243=DIRECTION('center_axis',(0.,0.,1.));
#13244=DIRECTION('ref_axis',(1.,0.,0.));
#13245=DIRECTION('',(-1.,0.,0.));
#13246=DIRECTION('',(0.,1.,0.));
#13247=DIRECTION('center_axis',(1.,0.,0.));
#13248=DIRECTION('ref_axis',(0.,0.707106781186546,-0.707106781186549));
#13249=DIRECTION('center_axis',(1.,0.,0.));
#13250=DIRECTION('ref_axis',(0.,0.707106781186546,-0.707106781186549));
#13251=DIRECTION('center_axis',(-1.,0.,0.));
#13252=DIRECTION('ref_axis',(0.,1.,0.));
#13253=DIRECTION('',(-1.,0.,0.));
#13254=DIRECTION('',(-1.,0.,0.));
#13255=DIRECTION('center_axis',(0.,1.,-1.69176841847643E-16));
#13256=DIRECTION('ref_axis',(0.,-1.69176841847643E-16,-1.));
#13257=DIRECTION('',(-1.,0.,0.));
#13258=DIRECTION('center_axis',(-1.,0.,0.));
#13259=DIRECTION('ref_axis',(0.,-8.88178419700126E-16,-1.));
#13260=DIRECTION('',(-1.,0.,0.));
#13261=DIRECTION('center_axis',(0.,0.,-1.));
#13262=DIRECTION('ref_axis',(0.,-1.,0.));
#13263=DIRECTION('',(-1.,0.,0.));
#13264=DIRECTION('center_axis',(-1.,0.,0.));
#13265=DIRECTION('ref_axis',(0.,-1.,8.88178419700126E-16));
#13266=DIRECTION('',(-1.,0.,0.));
#13267=DIRECTION('center_axis',(0.,-1.,-1.69176841847643E-16));
#13268=DIRECTION('ref_axis',(0.,-1.69176841847643E-16,1.));
#13269=DIRECTION('',(-1.,0.,0.));
#13270=DIRECTION('center_axis',(-1.,0.,0.));
#13271=DIRECTION('ref_axis',(0.,1.77635683940025E-15,1.));
#13272=DIRECTION('',(-1.,0.,0.));
#13273=DIRECTION('center_axis',(0.,0.,1.));
#13274=DIRECTION('ref_axis',(0.,1.,0.));
#13275=DIRECTION('center_axis',(-1.,0.,0.));
#13276=DIRECTION('ref_axis',(0.,-1.,0.));
#13277=DIRECTION('center_axis',(-1.,0.,0.));
#13278=DIRECTION('ref_axis',(0.,-1.,0.));
#13279=DIRECTION('center_axis',(0.,-1.,0.));
#13280=DIRECTION('ref_axis',(1.,0.,0.));
#13281=DIRECTION('center_axis',(0.,-1.,0.));
#13282=DIRECTION('ref_axis',(1.,0.,0.));
#13283=DIRECTION('',(0.,1.,0.));
#13284=DIRECTION('center_axis',(0.,-1.,0.));
#13285=DIRECTION('ref_axis',(1.,0.,0.));
#13286=DIRECTION('center_axis',(0.,-1.,0.));
#13287=DIRECTION('ref_axis',(1.,0.,0.));
#13288=DIRECTION('center_axis',(0.,-1.,0.));
#13289=DIRECTION('ref_axis',(1.,0.,0.));
#13290=DIRECTION('center_axis',(0.,1.,0.));
#13291=DIRECTION('ref_axis',(1.,0.,0.));
#13292=DIRECTION('center_axis',(0.,-1.,0.));
#13293=DIRECTION('ref_axis',(1.,0.,0.));
#13294=DIRECTION('',(0.,-1.,0.));
#13295=DIRECTION('center_axis',(0.,1.,0.));
#13296=DIRECTION('ref_axis',(1.,0.,0.));
#13297=DIRECTION('center_axis',(0.,1.,0.));
#13298=DIRECTION('ref_axis',(-1.,0.,0.));
#13299=DIRECTION('center_axis',(0.,-1.,0.));
#13300=DIRECTION('ref_axis',(-1.,0.,0.));
#13301=DIRECTION('',(0.,1.,0.));
#13302=DIRECTION('center_axis',(0.,1.,0.));
#13303=DIRECTION('ref_axis',(-1.,0.,0.));
#13304=DIRECTION('',(0.,1.,0.));
#13305=DIRECTION('center_axis',(8.88178419700113E-15,0.,-1.));
#13306=DIRECTION('ref_axis',(-1.,0.,-8.88178419700113E-15));
#13307=DIRECTION('',(1.,0.,8.88178419700113E-15));
#13308=DIRECTION('',(-1.,0.,-8.88178419700113E-15));
#13309=DIRECTION('',(0.,1.,0.));
#13310=DIRECTION('center_axis',(0.,1.,0.));
#13311=DIRECTION('ref_axis',(0.,0.,-1.));
#13312=DIRECTION('center_axis',(0.,-1.,0.));
#13313=DIRECTION('ref_axis',(0.,0.,-1.));
#13314=DIRECTION('center_axis',(0.,1.,0.));
#13315=DIRECTION('ref_axis',(0.,0.,-1.));
#13316=DIRECTION('',(0.,1.,0.));
#13317=DIRECTION('center_axis',(1.,0.,0.));
#13318=DIRECTION('ref_axis',(0.,0.,-1.));
#13319=DIRECTION('',(0.,0.,-1.));
#13320=DIRECTION('',(0.,0.,-1.));
#13321=DIRECTION('',(0.,1.,0.));
#13322=DIRECTION('center_axis',(0.,0.,1.));
#13323=DIRECTION('ref_axis',(1.,0.,0.));
#13324=DIRECTION('',(1.,0.,0.));
#13325=DIRECTION('',(1.,0.,0.));
#13326=DIRECTION('',(0.,1.,0.));
#13327=DIRECTION('center_axis',(-1.,0.,0.));
#13328=DIRECTION('ref_axis',(0.,0.,1.));
#13329=DIRECTION('',(0.,0.,-1.));
#13330=DIRECTION('',(0.,0.,1.));
#13331=DIRECTION('center_axis',(0.,-1.,0.));
#13332=DIRECTION('ref_axis',(1.,0.,0.));
#13333=DIRECTION('center_axis',(0.,-1.,0.));
#13334=DIRECTION('ref_axis',(1.,0.,0.));
#13335=DIRECTION('center_axis',(0.,1.,0.));
#13336=DIRECTION('ref_axis',(1.,0.,0.));
#13337=DIRECTION('',(1.,0.,0.));
#13338=DIRECTION('',(0.,0.,-1.));
#13339=DIRECTION('',(1.,0.,0.));
#13340=DIRECTION('',(0.,0.,-1.));
#13341=DIRECTION('center_axis',(1.,0.,0.));
#13342=DIRECTION('ref_axis',(0.,-1.,0.));
#13343=DIRECTION('',(0.,-1.,0.));
#13344=DIRECTION('',(0.,-1.,0.));
#13345=DIRECTION('',(0.,0.,-1.));
#13346=DIRECTION('center_axis',(0.,-1.,0.));
#13347=DIRECTION('ref_axis',(-1.,0.,0.));
#13348=DIRECTION('',(-1.,0.,0.));
#13349=DIRECTION('',(-1.,0.,0.));
#13350=DIRECTION('',(0.,0.,-1.));
#13351=DIRECTION('center_axis',(-1.,0.,0.));
#13352=DIRECTION('ref_axis',(0.,1.,0.));
#13353=DIRECTION('',(0.,1.,0.));
#13354=DIRECTION('',(0.,1.,0.));
#13355=DIRECTION('center_axis',(0.,1.,0.));
#13356=DIRECTION('ref_axis',(1.,0.,0.));
#13357=DIRECTION('',(1.,0.,0.));
#13358=DIRECTION('',(0.,0.,-1.));
#13359=DIRECTION('',(1.,0.,0.));
#13360=DIRECTION('',(0.,0.,-1.));
#13361=DIRECTION('center_axis',(-1.,0.,0.));
#13362=DIRECTION('ref_axis',(0.,1.,0.));
#13363=DIRECTION('',(0.,1.,0.));
#13364=DIRECTION('',(0.,1.,0.));
#13365=DIRECTION('',(0.,0.,-1.));
#13366=DIRECTION('center_axis',(0.,-1.,0.));
#13367=DIRECTION('ref_axis',(-1.,0.,0.));
#13368=DIRECTION('',(-1.,0.,0.));
#13369=DIRECTION('',(-1.,0.,0.));
#13370=DIRECTION('',(0.,0.,-1.));
#13371=DIRECTION('center_axis',(1.,0.,0.));
#13372=DIRECTION('ref_axis',(0.,-1.,0.));
#13373=DIRECTION('',(0.,-1.,0.));
#13374=DIRECTION('',(0.,-1.,0.));
#13375=DIRECTION('center_axis',(0.,0.,-1.));
#13376=DIRECTION('ref_axis',(-1.,0.,0.));
#13377=DIRECTION('center_axis',(0.,0.,-1.));
#13378=DIRECTION('ref_axis',(1.,0.,0.));
#13379=DIRECTION('center_axis',(0.,1.,0.));
#13380=DIRECTION('ref_axis',(0.707106781186547,0.,0.707106781186547));
#13381=DIRECTION('center_axis',(2.1316282072803E-15,-1.,0.));
#13382=DIRECTION('ref_axis',(0.707106781186547,0.,0.707106781186547));
#13383=DIRECTION('',(0.,-1.,0.));
#13384=DIRECTION('center_axis',(0.,1.,0.));
#13385=DIRECTION('ref_axis',(0.707106781186547,0.,0.707106781186547));
#13386=DIRECTION('',(0.,1.,0.));
#13387=DIRECTION('center_axis',(0.,-1.,0.));
#13388=DIRECTION('ref_axis',(1.,0.,0.));
#13389=DIRECTION('',(1.,0.,0.));
#13390=DIRECTION('center_axis',(0.,1.,0.));
#13391=DIRECTION('ref_axis',(-0.707106781186547,0.,0.707106781186547));
#13392=DIRECTION('',(0.,0.,1.));
#13393=DIRECTION('',(1.,0.,0.));
#13394=DIRECTION('',(0.,0.,1.));
#13395=DIRECTION('center_axis',(0.,1.,0.));
#13396=DIRECTION('ref_axis',(1.,0.,0.));
#13397=DIRECTION('center_axis',(0.,0.,1.));
#13398=DIRECTION('ref_axis',(1.,0.,0.));
#13399=DIRECTION('',(-1.,-2.1316282072803E-15,0.));
#13400=DIRECTION('',(0.,1.,0.));
#13401=DIRECTION('center_axis',(0.,-1.,0.));
#13402=DIRECTION('ref_axis',(-0.707106781186547,0.,0.707106781186547));
#13403=DIRECTION('center_axis',(2.1316282072803E-15,-1.,0.));
#13404=DIRECTION('ref_axis',(-0.707106781186547,0.,0.707106781186547));
#13405=DIRECTION('',(0.,-1.,0.));
#13406=DIRECTION('center_axis',(0.,1.,0.));
#13407=DIRECTION('ref_axis',(1.,0.,0.));
#13408=DIRECTION('',(0.,1.,0.));
#13409=DIRECTION('center_axis',(2.1316282072803E-15,-1.,0.));
#13410=DIRECTION('ref_axis',(1.,0.,0.));
#13411=DIRECTION('center_axis',(-1.,0.,0.));
#13412=DIRECTION('ref_axis',(0.,-1.,0.));
#13413=DIRECTION('',(0.,0.,1.));
#13414=DIRECTION('',(0.,1.,0.));
#13415=DIRECTION('center_axis',(-2.1316282072803E-15,1.,0.));
#13416=DIRECTION('ref_axis',(-1.,-2.1316282072803E-15,0.));
#13417=DIRECTION('',(0.,0.,1.));
#13418=DIRECTION('',(-1.,-2.1316282072803E-15,0.));
#13419=DIRECTION('center_axis',(1.,0.,0.));
#13420=DIRECTION('ref_axis',(0.,1.,0.));
#13421=DIRECTION('',(0.,1.,0.));
#13422=DIRECTION('center_axis',(0.,0.,1.));
#13423=DIRECTION('ref_axis',(-1.,0.,0.));
#13424=DIRECTION('center_axis',(0.,-1.,0.));
#13425=DIRECTION('ref_axis',(-3.95275470994822E-17,1.19795803921355E-33,
-1.));
#13426=DIRECTION('center_axis',(-6.12323399573677E-17,-1.,0.));
#13427=DIRECTION('ref_axis',(-3.95275470994822E-17,0.,-1.));
#13428=DIRECTION('',(-1.14545802221265E-16,0.70710678118654,-0.707106781186555));
#13429=DIRECTION('center_axis',(6.12323399573677E-17,1.,0.));
#13430=DIRECTION('ref_axis',(-3.95275470994822E-17,2.42036420167635E-33,
-1.));
#13431=DIRECTION('center_axis',(-6.12323399573677E-17,-1.,0.));
#13432=DIRECTION('ref_axis',(-3.95275470994822E-17,0.,-1.));
#13433=DIRECTION('center_axis',(-6.12323399573677E-17,-1.,0.));
#13434=DIRECTION('ref_axis',(0.,0.,-1.));
#13435=DIRECTION('center_axis',(6.12323399573677E-17,1.,0.));
#13436=DIRECTION('ref_axis',(3.95275470994822E-17,0.,1.));
#13437=DIRECTION('center_axis',(6.12323399573677E-17,1.,0.));
#13438=DIRECTION('ref_axis',(1.,-6.12323399573677E-17,0.));
#13439=DIRECTION('',(6.12323399573677E-17,1.,0.));
#13440=DIRECTION('center_axis',(-6.12323399573677E-17,-1.,0.));
#13441=DIRECTION('ref_axis',(0.,0.,1.));
#13442=DIRECTION('center_axis',(1.,-6.12323399573677E-17,0.));
#13443=DIRECTION('ref_axis',(0.,0.,-1.));
#13444=DIRECTION('center_axis',(6.12323399573677E-17,1.,0.));
#13445=DIRECTION('ref_axis',(1.,-6.12323399573677E-17,0.));
#13446=DIRECTION('center_axis',(-6.12323399573677E-17,-1.,0.));
#13447=DIRECTION('ref_axis',(3.95275470994822E-17,0.,1.));
#13448=DIRECTION('center_axis',(6.12323399573677E-17,1.,0.));
#13449=DIRECTION('ref_axis',(1.,-6.12323399573677E-17,0.));
#13450=DIRECTION('',(7.10769537765714E-17,0.998107862395526,0.0614873566209618));
#13451=DIRECTION('center_axis',(-6.12323399573677E-17,-1.,0.));
#13452=DIRECTION('ref_axis',(0.,0.,1.));
#13453=DIRECTION('center_axis',(6.12323399573677E-17,1.,0.));
#13454=DIRECTION('ref_axis',(1.,-6.12323399573677E-17,0.));
#13455=DIRECTION('center_axis',(1.,-6.12323399573677E-17,0.));
#13456=DIRECTION('ref_axis',(0.,0.,-1.));
#13457=DIRECTION('center_axis',(0.,1.,0.));
#13458=DIRECTION('ref_axis',(-3.95275470994822E-17,-1.19795803921355E-33,
-1.));
#13459=DIRECTION('center_axis',(6.12323399573677E-17,-1.,0.));
#13460=DIRECTION('ref_axis',(-3.95275470994822E-17,0.,-1.));
#13461=DIRECTION('center_axis',(6.12323399573677E-17,-1.,0.));
#13462=DIRECTION('ref_axis',(-3.95275470994822E-17,0.,-1.));
#13463=DIRECTION('',(-1.14545802221265E-16,-0.70710678118654,-0.707106781186555));
#13464=DIRECTION('center_axis',(-6.12323399573677E-17,1.,0.));
#13465=DIRECTION('ref_axis',(-3.95275470994822E-17,-2.42036420167635E-33,
-1.));
#13466=DIRECTION('center_axis',(6.12323399573677E-17,-1.,0.));
#13467=DIRECTION('ref_axis',(0.,0.,-1.));
#13468=DIRECTION('center_axis',(-6.12323399573677E-17,1.,0.));
#13469=DIRECTION('ref_axis',(3.95275470994822E-17,0.,1.));
#13470=DIRECTION('center_axis',(-6.12323399573677E-17,1.,0.));
#13471=DIRECTION('ref_axis',(1.,6.12323399573677E-17,0.));
#13472=DIRECTION('',(6.12323399573677E-17,-1.,0.));
#13473=DIRECTION('center_axis',(-6.12323399573677E-17,1.,0.));
#13474=DIRECTION('ref_axis',(0.,0.,1.));
#13475=DIRECTION('center_axis',(-1.,-6.12323399573677E-17,0.));
#13476=DIRECTION('ref_axis',(0.,0.,-1.));
#13477=DIRECTION('center_axis',(-6.12323399573677E-17,1.,0.));
#13478=DIRECTION('ref_axis',(1.,6.12323399573677E-17,0.));
#13479=DIRECTION('center_axis',(-6.12323399573677E-17,1.,0.));
#13480=DIRECTION('ref_axis',(3.95275470994822E-17,0.,1.));
#13481=DIRECTION('center_axis',(-6.12323399573677E-17,1.,0.));
#13482=DIRECTION('ref_axis',(1.,6.12323399573677E-17,0.));
#13483=DIRECTION('',(7.10769537765714E-17,-0.998107862395526,0.0614873566209618));
#13484=DIRECTION('center_axis',(-6.12323399573677E-17,1.,0.));
#13485=DIRECTION('ref_axis',(0.,0.,1.));
#13486=DIRECTION('center_axis',(-6.12323399573677E-17,1.,0.));
#13487=DIRECTION('ref_axis',(1.,6.12323399573677E-17,0.));
#13488=DIRECTION('center_axis',(-1.,-6.12323399573677E-17,0.));
#13489=DIRECTION('ref_axis',(0.,0.,-1.));
#13490=DIRECTION('center_axis',(-6.12323399573677E-17,1.,0.));
#13491=DIRECTION('ref_axis',(3.95275470994822E-17,0.,1.));
#13492=DIRECTION('',(6.12323399573677E-17,-1.,0.));
#13493=DIRECTION('center_axis',(0.,0.,1.));
#13494=DIRECTION('ref_axis',(1.,0.,0.));
#13495=DIRECTION('center_axis',(0.,0.,-1.));
#13496=DIRECTION('ref_axis',(1.,0.,0.));
#13497=DIRECTION('',(0.,0.,-1.));
#13498=DIRECTION('center_axis',(0.,0.,1.));
#13499=DIRECTION('ref_axis',(1.,0.,0.));
#13500=DIRECTION('center_axis',(0.,0.,1.));
#13501=DIRECTION('ref_axis',(1.,0.,0.));
#13502=DIRECTION('center_axis',(0.,0.,-1.));
#13503=DIRECTION('ref_axis',(1.,0.,0.));
#13504=DIRECTION('',(0.,0.,-1.));
#13505=DIRECTION('center_axis',(0.,0.,1.));
#13506=DIRECTION('ref_axis',(1.,0.,0.));
#13507=DIRECTION('center_axis',(0.,0.,1.));
#13508=DIRECTION('ref_axis',(1.,0.,0.));
#13509=DIRECTION('center_axis',(0.,0.,-1.));
#13510=DIRECTION('ref_axis',(1.,0.,0.));
#13511=DIRECTION('',(0.,0.,-1.));
#13512=DIRECTION('center_axis',(0.,0.,1.));
#13513=DIRECTION('ref_axis',(1.,0.,0.));
#13514=DIRECTION('center_axis',(0.,0.,1.));
#13515=DIRECTION('ref_axis',(1.,0.,0.));
#13516=DIRECTION('center_axis',(0.,0.,-1.));
#13517=DIRECTION('ref_axis',(1.,0.,0.));
#13518=DIRECTION('',(0.,0.,-1.));
#13519=DIRECTION('center_axis',(0.,0.,1.));
#13520=DIRECTION('ref_axis',(1.,0.,0.));
#13521=DIRECTION('center_axis',(0.,0.,1.));
#13522=DIRECTION('ref_axis',(1.,0.,0.));
#13523=DIRECTION('center_axis',(0.,0.,-1.));
#13524=DIRECTION('ref_axis',(1.,0.,0.));
#13525=DIRECTION('',(0.,0.,-1.));
#13526=DIRECTION('center_axis',(0.,0.,1.));
#13527=DIRECTION('ref_axis',(1.,0.,0.));
#13528=DIRECTION('center_axis',(0.,0.,1.));
#13529=DIRECTION('ref_axis',(1.,0.,0.));
#13530=DIRECTION('center_axis',(0.,0.,-1.));
#13531=DIRECTION('ref_axis',(1.,0.,0.));
#13532=DIRECTION('',(0.,0.,-1.));
#13533=DIRECTION('center_axis',(0.,0.,1.));
#13534=DIRECTION('ref_axis',(1.,0.,0.));
#13535=DIRECTION('center_axis',(0.,0.,1.));
#13536=DIRECTION('ref_axis',(1.,0.,0.));
#13537=DIRECTION('center_axis',(0.,0.,-1.));
#13538=DIRECTION('ref_axis',(1.,0.,0.));
#13539=DIRECTION('',(0.,0.,-1.));
#13540=DIRECTION('center_axis',(0.,0.,1.));
#13541=DIRECTION('ref_axis',(1.,0.,0.));
#13542=DIRECTION('center_axis',(0.,0.,1.));
#13543=DIRECTION('ref_axis',(1.,0.,0.));
#13544=DIRECTION('center_axis',(0.,0.,-1.));
#13545=DIRECTION('ref_axis',(1.,0.,0.));
#13546=DIRECTION('',(0.,0.,-1.));
#13547=DIRECTION('center_axis',(0.,0.,1.));
#13548=DIRECTION('ref_axis',(1.,0.,0.));
#13549=DIRECTION('center_axis',(0.,0.,1.));
#13550=DIRECTION('ref_axis',(1.,0.,0.));
#13551=DIRECTION('center_axis',(0.,0.,-1.));
#13552=DIRECTION('ref_axis',(1.,0.,0.));
#13553=DIRECTION('',(0.,0.,-1.));
#13554=DIRECTION('center_axis',(0.,0.,1.));
#13555=DIRECTION('ref_axis',(1.,0.,0.));
#13556=DIRECTION('center_axis',(0.,0.,1.));
#13557=DIRECTION('ref_axis',(1.,0.,0.));
#13558=DIRECTION('center_axis',(0.,0.,-1.));
#13559=DIRECTION('ref_axis',(1.,0.,0.));
#13560=DIRECTION('',(0.,0.,-1.));
#13561=DIRECTION('center_axis',(0.,0.,1.));
#13562=DIRECTION('ref_axis',(1.,0.,0.));
#13563=DIRECTION('center_axis',(-3.30744324304628E-16,1.,0.));
#13564=DIRECTION('ref_axis',(-1.,-3.30744324304628E-16,0.));
#13565=DIRECTION('',(-1.,-3.30744324304628E-16,0.));
#13566=DIRECTION('',(0.,0.,1.));
#13567=DIRECTION('',(-1.,-3.30744324304628E-16,0.));
#13568=DIRECTION('',(0.,0.,1.));
#13569=DIRECTION('center_axis',(1.,0.,0.));
#13570=DIRECTION('ref_axis',(0.,1.,0.));
#13571=DIRECTION('',(0.,1.,0.));
#13572=DIRECTION('',(0.,1.,0.));
#13573=DIRECTION('',(0.,0.,1.));
#13574=DIRECTION('center_axis',(0.,-1.,0.));
#13575=DIRECTION('ref_axis',(1.,0.,0.));
#13576=DIRECTION('',(1.,0.,0.));
#13577=DIRECTION('',(1.,0.,0.));
#13578=DIRECTION('',(0.,0.,1.));
#13579=DIRECTION('center_axis',(-1.,-1.97372982155583E-16,0.));
#13580=DIRECTION('ref_axis',(1.97372982155583E-16,-1.,0.));
#13581=DIRECTION('',(-1.97372982155583E-16,1.,0.));
#13582=DIRECTION('',(1.97372982155583E-16,-1.,0.));
#13583=DIRECTION('center_axis',(0.,0.,-1.));
#13584=DIRECTION('ref_axis',(1.,0.,0.));
#13585=DIRECTION('center_axis',(0.,0.,-1.));
#13586=DIRECTION('ref_axis',(1.,0.,0.));
#13587=DIRECTION('center_axis',(1.,0.,0.));
#13588=DIRECTION('ref_axis',(0.,1.,0.));
#13589=DIRECTION('',(0.,1.,0.));
#13590=DIRECTION('',(0.,0.,1.));
#13591=DIRECTION('',(0.,1.,0.));
#13592=DIRECTION('',(0.,0.,1.));
#13593=DIRECTION('center_axis',(0.,-1.,0.));
#13594=DIRECTION('ref_axis',(1.,0.,0.));
#13595=DIRECTION('',(1.,0.,0.));
#13596=DIRECTION('',(1.,0.,0.));
#13597=DIRECTION('',(0.,0.,1.));
#13598=DIRECTION('center_axis',(-1.,0.,0.));
#13599=DIRECTION('ref_axis',(0.,-1.,0.));
#13600=DIRECTION('',(0.,-1.,0.));
#13601=DIRECTION('',(0.,-1.,0.));
#13602=DIRECTION('',(0.,0.,1.));
#13603=DIRECTION('center_axis',(0.,1.,0.));
#13604=DIRECTION('ref_axis',(-1.,0.,0.));
#13605=DIRECTION('',(-1.,0.,0.));
#13606=DIRECTION('',(-1.,0.,0.));
#13607=DIRECTION('center_axis',(0.,0.,1.));
#13608=DIRECTION('ref_axis',(1.,0.,0.));
#13609=DIRECTION('center_axis',(0.,0.,1.));
#13610=DIRECTION('ref_axis',(-1.,0.,0.));
#13611=DIRECTION('center_axis',(0.,-1.,0.));
#13612=DIRECTION('ref_axis',(0.999623968004717,0.,0.0274212069483693));
#13613=DIRECTION('center_axis',(0.,-1.,0.));
#13614=DIRECTION('ref_axis',(0.999623968004717,0.,0.0274212069483693));
#13615=DIRECTION('',(0.,-1.,0.));
#13616=DIRECTION('center_axis',(0.,1.,0.));
#13617=DIRECTION('ref_axis',(0.999623968004717,0.,0.0274212069483693));
#13618=DIRECTION('',(0.,-1.,0.));
#13619=DIRECTION('center_axis',(-0.0525061209096541,0.,0.998620602264454));
#13620=DIRECTION('ref_axis',(-0.998620602264454,0.,-0.0525061209096541));
#13621=DIRECTION('',(0.998620602264454,0.,0.0525061209096541));
#13622=DIRECTION('',(-0.998620602264454,0.,-0.0525061209096541));
#13623=DIRECTION('',(0.,-1.,0.));
#13624=DIRECTION('center_axis',(-0.692205199386787,0.,-0.721700742650233));
#13625=DIRECTION('ref_axis',(0.721700742650233,0.,-0.692205199386787));
#13626=DIRECTION('',(-0.721700742650233,0.,0.692205199386787));
#13627=DIRECTION('',(0.721700742650233,0.,-0.692205199386787));
#13628=DIRECTION('',(0.,-1.,0.));
#13629=DIRECTION('center_axis',(0.,-1.,0.));
#13630=DIRECTION('ref_axis',(0.999623968004717,0.,0.0274212069483693));
#13631=DIRECTION('center_axis',(0.,-1.,0.));
#13632=DIRECTION('ref_axis',(0.999623968004717,0.,0.0274212069483693));
#13633=DIRECTION('center_axis',(0.,1.,0.));
#13634=DIRECTION('ref_axis',(0.999623968004717,0.,0.0274212069483693));
#13635=DIRECTION('',(0.,-1.,0.));
#13636=DIRECTION('center_axis',(-0.0819283904154946,0.,0.99663821863499));
#13637=DIRECTION('ref_axis',(-0.99663821863499,0.,-0.0819283904154946));
#13638=DIRECTION('',(0.99663821863499,0.,0.0819283904154946));
#13639=DIRECTION('',(-0.99663821863499,0.,-0.0819283904154946));
#13640=DIRECTION('',(0.,-1.,0.));
#13641=DIRECTION('center_axis',(-0.670624325256657,0.,-0.741797151769979));
#13642=DIRECTION('ref_axis',(0.741797151769979,0.,-0.670624325256657));
#13643=DIRECTION('',(-0.741797151769979,0.,0.670624325256657));
#13644=DIRECTION('',(0.741797151769979,0.,-0.670624325256657));
#13645=DIRECTION('',(0.,-1.,0.));
#13646=DIRECTION('center_axis',(0.,-1.,0.));
#13647=DIRECTION('ref_axis',(0.999623968004717,0.,0.0274212069483693));
#13648=DIRECTION('center_axis',(0.,-1.,0.));
#13649=DIRECTION('ref_axis',(0.999623968004717,0.,0.0274212069483693));
#13650=DIRECTION('center_axis',(0.,1.,0.));
#13651=DIRECTION('ref_axis',(0.999623968004717,0.,0.0274212069483693));
#13652=DIRECTION('',(0.,-1.,0.));
#13653=DIRECTION('center_axis',(-0.111279415010421,0.,0.993789158622159));
#13654=DIRECTION('ref_axis',(-0.993789158622159,0.,-0.111279415010421));
#13655=DIRECTION('',(0.993789158622159,0.,0.111279415010421));
#13656=DIRECTION('',(-0.993789158622159,0.,-0.111279415010421));
#13657=DIRECTION('',(0.,-1.,0.));
#13658=DIRECTION('center_axis',(-0.648460276355639,0.,-0.761248494244007));
#13659=DIRECTION('ref_axis',(0.761248494244007,0.,-0.648460276355639));
#13660=DIRECTION('',(-0.761248494244007,0.,0.648460276355639));
#13661=DIRECTION('',(0.761248494244007,0.,-0.648460276355639));
#13662=DIRECTION('',(0.,-1.,0.));
#13663=DIRECTION('center_axis',(0.,-1.,0.));
#13664=DIRECTION('ref_axis',(0.999623968004717,0.,0.0274212069483693));
#13665=DIRECTION('center_axis',(0.,-1.,0.));
#13666=DIRECTION('ref_axis',(0.999623968004717,0.,0.0274212069483693));
#13667=DIRECTION('center_axis',(0.,1.,0.));
#13668=DIRECTION('ref_axis',(0.999623968004717,0.,0.0274212069483693));
#13669=DIRECTION('',(0.,-1.,0.));
#13670=DIRECTION('center_axis',(-0.140533671049676,0.,0.990075899767943));
#13671=DIRECTION('ref_axis',(-0.990075899767943,0.,-0.140533671049676));
#13672=DIRECTION('',(0.990075899767943,0.,0.140533671049676));
#13673=DIRECTION('',(-0.990075899767943,0.,-0.140533671049676));
#13674=DIRECTION('',(0.,-1.,0.));
#13675=DIRECTION('center_axis',(-0.625732326535951,0.,-0.780037855189032));
#13676=DIRECTION('ref_axis',(0.780037855189032,0.,-0.625732326535951));
#13677=DIRECTION('',(-0.780037855189032,0.,0.625732326535951));
#13678=DIRECTION('',(0.780037855189032,0.,-0.625732326535951));
#13679=DIRECTION('',(0.,-1.,0.));
#13680=DIRECTION('center_axis',(0.,-1.,0.));
#13681=DIRECTION('ref_axis',(0.999623968004717,0.,0.0274212069483693));
#13682=DIRECTION('center_axis',(0.,-1.,0.));
#13683=DIRECTION('ref_axis',(0.999623968004717,0.,0.0274212069483693));
#13684=DIRECTION('center_axis',(0.,1.,0.));
#13685=DIRECTION('ref_axis',(0.999623968004717,0.,0.0274212069483693));
#13686=DIRECTION('',(0.,-1.,0.));
#13687=DIRECTION('center_axis',(-0.169665719038418,0.,0.985501671121453));
#13688=DIRECTION('ref_axis',(-0.985501671121453,0.,-0.169665719038418));
#13689=DIRECTION('',(0.985501671121453,0.,0.169665719038418));
#13690=DIRECTION('',(-0.985501671121453,0.,-0.169665719038418));
#13691=DIRECTION('',(0.,-1.,0.));
#13692=DIRECTION('center_axis',(-0.602460240017931,0.,-0.798148895380766));
#13693=DIRECTION('ref_axis',(0.798148895380766,0.,-0.602460240017931));
#13694=DIRECTION('',(-0.798148895380766,0.,0.602460240017931));
#13695=DIRECTION('',(0.798148895380766,0.,-0.602460240017931));
#13696=DIRECTION('',(0.,-1.,0.));
#13697=DIRECTION('center_axis',(0.,-1.,0.));
#13698=DIRECTION('ref_axis',(0.999623968004717,0.,0.0274212069483693));
#13699=DIRECTION('center_axis',(0.,-1.,0.));
#13700=DIRECTION('ref_axis',(0.999623968004717,0.,0.0274212069483693));
#13701=DIRECTION('center_axis',(0.,1.,0.));
#13702=DIRECTION('ref_axis',(0.999623968004717,0.,0.0274212069483693));
#13703=DIRECTION('',(0.,-1.,0.));
#13704=DIRECTION('center_axis',(-0.198650225753898,0.,0.98007045043095));
#13705=DIRECTION('ref_axis',(-0.98007045043095,0.,-0.198650225753898));
#13706=DIRECTION('',(0.98007045043095,0.,0.198650225753898));
#13707=DIRECTION('',(-0.98007045043095,0.,-0.198650225753898));
#13708=DIRECTION('',(0.,-1.,0.));
#13709=DIRECTION('center_axis',(-0.578664254203079,0.,-0.815565865462499));
#13710=DIRECTION('ref_axis',(0.815565865462499,0.,-0.578664254203079));
#13711=DIRECTION('',(-0.815565865462499,0.,0.578664254203079));
#13712=DIRECTION('',(0.815565865462499,0.,-0.578664254203079));
#13713=DIRECTION('',(0.,-1.,0.));
#13714=DIRECTION('center_axis',(0.,-1.,0.));
#13715=DIRECTION('ref_axis',(0.999623968004717,0.,0.0274212069483693));
#13716=DIRECTION('center_axis',(0.,-1.,0.));
#13717=DIRECTION('ref_axis',(0.999623968004717,0.,0.0274212069483693));
#13718=DIRECTION('center_axis',(0.,1.,0.));
#13719=DIRECTION('ref_axis',(0.999623968004717,0.,0.0274212069483693));
#13720=DIRECTION('',(0.,-1.,0.));
#13721=DIRECTION('center_axis',(-0.227461986275232,0.,0.973786960684793));
#13722=DIRECTION('ref_axis',(-0.973786960684793,0.,-0.227461986275232));
#13723=DIRECTION('',(0.973786960684793,0.,0.227461986275232));
#13724=DIRECTION('',(-0.973786960684793,0.,-0.227461986275232));
#13725=DIRECTION('',(0.,-1.,0.));
#13726=DIRECTION('center_axis',(-0.554365062075605,0.,-0.832273619640747));
#13727=DIRECTION('ref_axis',(0.832273619640747,0.,-0.554365062075605));
#13728=DIRECTION('',(-0.832273619640747,0.,0.554365062075605));
#13729=DIRECTION('',(0.832273619640747,0.,-0.554365062075605));
#13730=DIRECTION('',(0.,-1.,0.));
#13731=DIRECTION('center_axis',(0.,-1.,0.));
#13732=DIRECTION('ref_axis',(0.999623968004717,0.,0.0274212069483693));
#13733=DIRECTION('center_axis',(0.,-1.,0.));
#13734=DIRECTION('ref_axis',(0.999623968004717,0.,0.0274212069483693));
#13735=DIRECTION('center_axis',(0.,1.,0.));
#13736=DIRECTION('ref_axis',(0.999623968004717,0.,0.0274212069483693));
#13737=DIRECTION('',(0.,-1.,0.));
#13738=DIRECTION('center_axis',(-0.256075945901581,0.,0.966656666004332));
#13739=DIRECTION('ref_axis',(-0.966656666004332,0.,-0.256075945901581));
#13740=DIRECTION('',(0.966656666004332,0.,0.256075945901581));
#13741=DIRECTION('',(-0.966656666004332,0.,-0.256075945901581));
#13742=DIRECTION('',(0.,-1.,0.));
#13743=DIRECTION('center_axis',(-0.529583794207826,0.,-0.848257628856023));
#13744=DIRECTION('ref_axis',(0.848257628856023,0.,-0.529583794207826));
#13745=DIRECTION('',(-0.848257628856023,0.,0.529583794207826));
#13746=DIRECTION('',(0.848257628856023,0.,-0.529583794207826));
#13747=DIRECTION('',(0.,-1.,0.));
#13748=DIRECTION('center_axis',(0.,-1.,0.));
#13749=DIRECTION('ref_axis',(0.999623968004717,0.,0.0274212069483693));
#13750=DIRECTION('center_axis',(0.,-1.,0.));
#13751=DIRECTION('ref_axis',(0.999623968004717,0.,0.0274212069483693));
#13752=DIRECTION('center_axis',(0.,1.,0.));
#13753=DIRECTION('ref_axis',(0.999623968004717,0.,0.0274212069483693));
#13754=DIRECTION('',(0.,-1.,0.));
#13755=DIRECTION('center_axis',(-0.284467221939737,0.,0.958685766892306));
#13756=DIRECTION('ref_axis',(-0.958685766892306,0.,-0.284467221939737));
#13757=DIRECTION('',(0.958685766892306,0.,0.284467221939737));
#13758=DIRECTION('',(-0.958685766892306,0.,-0.284467221939737));
#13759=DIRECTION('',(0.,-1.,0.));
#13760=DIRECTION('center_axis',(-0.504342000385018,0.,-0.863503993417308));
#13761=DIRECTION('ref_axis',(0.863503993417308,0.,-0.504342000385018));
#13762=DIRECTION('',(-0.863503993417308,0.,0.504342000385018));
#13763=DIRECTION('',(0.863503993417308,0.,-0.504342000385018));
#13764=DIRECTION('',(0.,-1.,0.));
#13765=DIRECTION('center_axis',(0.,-1.,0.));
#13766=DIRECTION('ref_axis',(0.999623968004717,0.,0.0274212069483693));
#13767=DIRECTION('center_axis',(0.,-1.,0.));
#13768=DIRECTION('ref_axis',(0.999623968004717,0.,0.0274212069483693));
#13769=DIRECTION('center_axis',(0.,1.,0.));
#13770=DIRECTION('ref_axis',(0.999623968004717,0.,0.0274212069483693));
#13771=DIRECTION('',(0.,-1.,0.));
#13772=DIRECTION('center_axis',(-0.312611125342075,0.,0.949881194840892));
#13773=DIRECTION('ref_axis',(-0.949881194840893,0.,-0.312611125342075));
#13774=DIRECTION('',(0.949881194840893,0.,0.312611125342075));
#13775=DIRECTION('',(-0.949881194840893,0.,-0.312611125342075));
#13776=DIRECTION('',(0.,-1.,0.));
#13777=DIRECTION('center_axis',(-0.478661630865733,0.,-0.877999455089214));
#13778=DIRECTION('ref_axis',(0.877999455089214,0.,-0.478661630865733));
#13779=DIRECTION('',(-0.877999455089214,0.,0.478661630865733));
#13780=DIRECTION('',(0.877999455089214,0.,-0.478661630865733));
#13781=DIRECTION('',(0.,-1.,0.));
#13782=DIRECTION('center_axis',(0.,-1.,0.));
#13783=DIRECTION('ref_axis',(0.999623968004717,0.,0.0274212069483693));
#13784=DIRECTION('center_axis',(0.,-1.,0.));
#13785=DIRECTION('ref_axis',(0.999623968004717,0.,0.0274212069483693));
#13786=DIRECTION('center_axis',(0.,1.,0.));
#13787=DIRECTION('ref_axis',(0.999623968004717,0.,0.0274212069483693));
#13788=DIRECTION('',(0.,-1.,0.));
#13789=DIRECTION('center_axis',(-0.340483182176174,0.,0.940250606304078));
#13790=DIRECTION('ref_axis',(-0.940250606304078,0.,-0.340483182176174));
#13791=DIRECTION('',(0.940250606304078,0.,0.340483182176174));
#13792=DIRECTION('',(-0.940250606304078,0.,-0.340483182176174));
#13793=DIRECTION('',(0.,-1.,0.));
#13794=DIRECTION('center_axis',(-0.452565017293854,0.,-0.891731408621348));
#13795=DIRECTION('ref_axis',(0.891731408621348,0.,-0.452565017293854));
#13796=DIRECTION('',(-0.891731408621348,0.,0.452565017293854));
#13797=DIRECTION('',(0.891731408621348,0.,-0.452565017293854));
#13798=DIRECTION('',(0.,-1.,0.));
#13799=DIRECTION('center_axis',(0.,-1.,0.));
#13800=DIRECTION('ref_axis',(0.999623968004717,0.,0.0274212069483693));
#13801=DIRECTION('center_axis',(0.,-1.,0.));
#13802=DIRECTION('ref_axis',(0.999623968004717,0.,0.0274212069483693));
#13803=DIRECTION('center_axis',(0.,1.,0.));
#13804=DIRECTION('ref_axis',(0.999623968004717,0.,0.0274212069483693));
#13805=DIRECTION('',(0.,-1.,0.));
#13806=DIRECTION('center_axis',(-0.368059154907328,0.,0.92980237603961));
#13807=DIRECTION('ref_axis',(-0.92980237603961,0.,-0.368059154907328));
#13808=DIRECTION('',(0.92980237603961,0.,0.368059154907328));
#13809=DIRECTION('',(-0.92980237603961,0.,-0.368059154907328));
#13810=DIRECTION('',(0.,-1.,0.));
#13811=DIRECTION('center_axis',(-0.426074853279003,0.,-0.904687912709834));
#13812=DIRECTION('ref_axis',(0.904687912709834,0.,-0.426074853279003));
#13813=DIRECTION('',(-0.904687912709834,0.,0.426074853279003));
#13814=DIRECTION('',(0.904687912709834,0.,-0.426074853279003));
#13815=DIRECTION('',(0.,-1.,0.));
#13816=DIRECTION('center_axis',(0.,-1.,0.));
#13817=DIRECTION('ref_axis',(0.999623968004717,0.,0.0274212069483693));
#13818=DIRECTION('center_axis',(0.,-1.,0.));
#13819=DIRECTION('ref_axis',(0.999623968004717,0.,0.0274212069483693));
#13820=DIRECTION('center_axis',(0.,1.,0.));
#13821=DIRECTION('ref_axis',(0.999623968004717,0.,0.0274212069483693));
#13822=DIRECTION('',(0.,-1.,0.));
#13823=DIRECTION('center_axis',(-0.395315063475503,0.,0.918545589826307));
#13824=DIRECTION('ref_axis',(-0.918545589826307,0.,-0.395315063475503));
#13825=DIRECTION('',(0.918545589826307,0.,0.395315063475503));
#13826=DIRECTION('',(-0.918545589826307,0.,-0.395315063475503));
#13827=DIRECTION('',(0.,-1.,0.));
#13828=DIRECTION('center_axis',(-0.399214174662183,0.,-0.916857700381467));
#13829=DIRECTION('ref_axis',(0.916857700381467,0.,-0.399214174662183));
#13830=DIRECTION('',(-0.916857700381467,0.,0.399214174662183));
#13831=DIRECTION('',(0.916857700381467,0.,-0.399214174662183));
#13832=DIRECTION('',(0.,-1.,0.));
#13833=DIRECTION('center_axis',(0.,-1.,0.));
#13834=DIRECTION('ref_axis',(0.999623968004717,0.,0.0274212069483693));
#13835=DIRECTION('center_axis',(0.,-1.,0.));
#13836=DIRECTION('ref_axis',(0.999623968004717,0.,0.0274212069483693));
#13837=DIRECTION('center_axis',(0.,1.,0.));
#13838=DIRECTION('ref_axis',(0.999623968004717,0.,0.0274212069483693));
#13839=DIRECTION('',(0.,-1.,0.));
#13840=DIRECTION('center_axis',(-0.422227206148395,0.,0.906490036563073));
#13841=DIRECTION('ref_axis',(-0.906490036563073,0.,-0.422227206148395));
#13842=DIRECTION('',(0.906490036563073,0.,0.422227206148395));
#13843=DIRECTION('',(-0.906490036563073,0.,-0.422227206148395));
#13844=DIRECTION('',(0.,-1.,0.));
#13845=DIRECTION('center_axis',(-0.372006339483818,0.,-0.928230188791471));
#13846=DIRECTION('ref_axis',(0.928230188791471,0.,-0.372006339483818));
#13847=DIRECTION('',(-0.928230188791471,0.,0.372006339483818));
#13848=DIRECTION('',(0.928230188791471,0.,-0.372006339483818));
#13849=DIRECTION('',(0.,-1.,0.));
#13850=DIRECTION('center_axis',(0.,-1.,0.));
#13851=DIRECTION('ref_axis',(0.999623968004717,0.,0.0274212069483693));
#13852=DIRECTION('center_axis',(0.,-1.,0.));
#13853=DIRECTION('ref_axis',(0.999623968004717,0.,0.0274212069483693));
#13854=DIRECTION('center_axis',(0.,1.,0.));
#13855=DIRECTION('ref_axis',(0.999623968004717,0.,0.0274212069483693));
#13856=DIRECTION('',(0.,-1.,0.));
#13857=DIRECTION('center_axis',(-0.448772180132445,0.,0.893646199756465));
#13858=DIRECTION('ref_axis',(-0.893646199756465,0.,-0.448772180132445));
#13859=DIRECTION('',(0.893646199756465,0.,0.448772180132445));
#13860=DIRECTION('',(-0.893646199756465,0.,-0.448772180132445));
#13861=DIRECTION('',(0.,-1.,0.));
#13862=DIRECTION('center_axis',(-0.344475007671606,0.,-0.938795488426338));
#13863=DIRECTION('ref_axis',(0.938795488426338,0.,-0.344475007671606));
#13864=DIRECTION('',(-0.938795488426338,0.,0.344475007671606));
#13865=DIRECTION('',(0.938795488426338,0.,-0.344475007671606));
#13866=DIRECTION('',(0.,-1.,0.));
#13867=DIRECTION('center_axis',(0.,-1.,0.));
#13868=DIRECTION('ref_axis',(0.999623968004717,0.,0.0274212069483693));
#13869=DIRECTION('center_axis',(0.,-1.,0.));
#13870=DIRECTION('ref_axis',(0.999623968004717,0.,0.0274212069483693));
#13871=DIRECTION('center_axis',(0.,1.,0.));
#13872=DIRECTION('ref_axis',(0.999623968004717,0.,0.0274212069483693));
#13873=DIRECTION('',(0.,-1.,0.));
#13874=DIRECTION('center_axis',(-0.474926901923913,0.,0.880025248404246));
#13875=DIRECTION('ref_axis',(-0.880025248404246,0.,-0.474926901923913));
#13876=DIRECTION('',(0.880025248404246,0.,0.474926901923913));
#13877=DIRECTION('',(-0.880025248404246,0.,-0.474926901923913));
#13878=DIRECTION('',(0.,-1.,0.));
#13879=DIRECTION('center_axis',(-0.316644120465846,0.,-0.948544411703749));
#13880=DIRECTION('ref_axis',(0.948544411703749,0.,-0.316644120465846));
#13881=DIRECTION('',(-0.948544411703749,0.,0.316644120465846));
#13882=DIRECTION('',(0.948544411703749,0.,-0.316644120465846));
#13883=DIRECTION('',(0.,-1.,0.));
#13884=DIRECTION('center_axis',(0.,-1.,0.));
#13885=DIRECTION('ref_axis',(0.999623968004717,0.,0.0274212069483693));
#13886=DIRECTION('center_axis',(0.,-1.,0.));
#13887=DIRECTION('ref_axis',(0.999623968004717,0.,0.0274212069483693));
#13888=DIRECTION('center_axis',(0.,1.,0.));
#13889=DIRECTION('ref_axis',(0.999623968004717,0.,0.0274212069483693));
#13890=DIRECTION('',(0.,-1.,0.));
#13891=DIRECTION('center_axis',(-0.500668627382283,0.,0.865639027282817));
#13892=DIRECTION('ref_axis',(-0.865639027282817,0.,-0.500668627382283));
#13893=DIRECTION('',(0.865639027282817,0.,0.500668627382283));
#13894=DIRECTION('',(-0.865639027282817,0.,-0.500668627382283));
#13895=DIRECTION('',(0.,-1.,0.));
#13896=DIRECTION('center_axis',(-0.28853787960014,0.,-0.957468480962092));
#13897=DIRECTION('ref_axis',(0.957468480962092,0.,-0.28853787960014));
#13898=DIRECTION('',(-0.957468480962092,0.,0.28853787960014));
#13899=DIRECTION('',(0.957468480962092,0.,-0.28853787960014));
#13900=DIRECTION('',(0.,-1.,0.));
#13901=DIRECTION('center_axis',(0.,-1.,0.));
#13902=DIRECTION('ref_axis',(0.999623968004717,0.,0.0274212069483693));
#13903=DIRECTION('center_axis',(0.,-1.,0.));
#13904=DIRECTION('ref_axis',(0.999623968004717,0.,0.0274212069483693));
#13905=DIRECTION('center_axis',(0.,1.,0.));
#13906=DIRECTION('ref_axis',(0.999623968004717,0.,0.0274212069483693));
#13907=DIRECTION('',(0.,-1.,0.));
#13908=DIRECTION('center_axis',(-0.525974971508558,0.,0.850500046647013));
#13909=DIRECTION('ref_axis',(-0.850500046647013,0.,-0.525974971508558));
#13910=DIRECTION('',(0.850500046647013,0.,0.525974971508558));
#13911=DIRECTION('',(-0.850500046647013,0.,-0.525974971508558));
#13912=DIRECTION('',(0.,-1.,0.));
#13913=DIRECTION('center_axis',(-0.260180726255583,0.,-0.965559935832633));
#13914=DIRECTION('ref_axis',(0.965559935832632,0.,-0.260180726255583));
#13915=DIRECTION('',(-0.965559935832632,0.,0.260180726255583));
#13916=DIRECTION('',(0.965559935832632,0.,-0.260180726255583));
#13917=DIRECTION('',(0.,-1.,0.));
#13918=DIRECTION('center_axis',(0.,-1.,0.));
#13919=DIRECTION('ref_axis',(0.999623968004717,0.,0.0274212069483693));
#13920=DIRECTION('center_axis',(0.,-1.,0.));
#13921=DIRECTION('ref_axis',(0.999623968004717,0.,0.0274212069483693));
#13922=DIRECTION('center_axis',(0.,1.,0.));
#13923=DIRECTION('ref_axis',(0.999623968004717,0.,0.0274212069483693));
#13924=DIRECTION('',(0.,-1.,0.));
#13925=DIRECTION('center_axis',(-0.55082392791126,0.,0.834621471351182));
#13926=DIRECTION('ref_axis',(-0.834621471351182,0.,-0.55082392791126));
#13927=DIRECTION('',(0.834621471351181,0.,0.55082392791126));
#13928=DIRECTION('',(-0.834621471351181,0.,-0.55082392791126));
#13929=DIRECTION('',(0.,-1.,0.));
#13930=DIRECTION('center_axis',(-0.231597319806702,0.,-0.972811739987934));
#13931=DIRECTION('ref_axis',(0.972811739987934,0.,-0.231597319806702));
#13932=DIRECTION('',(-0.972811739987934,0.,0.231597319806702));
#13933=DIRECTION('',(0.972811739987934,0.,-0.231597319806702));
#13934=DIRECTION('',(0.,-1.,0.));
#13935=DIRECTION('center_axis',(0.,-1.,0.));
#13936=DIRECTION('ref_axis',(0.999623968004717,0.,0.0274212069483693));
#13937=DIRECTION('center_axis',(0.,-1.,0.));
#13938=DIRECTION('ref_axis',(0.999623968004717,0.,0.0274212069483693));
#13939=DIRECTION('center_axis',(0.,1.,0.));
#13940=DIRECTION('ref_axis',(0.999623968004717,0.,0.0274212069483693));
#13941=DIRECTION('',(0.,-1.,0.));
#13942=DIRECTION('center_axis',(-0.575193887943173,0.,0.81801710940103));
#13943=DIRECTION('ref_axis',(-0.81801710940103,0.,-0.575193887943173));
#13944=DIRECTION('',(0.81801710940103,0.,0.575193887943173));
#13945=DIRECTION('',(-0.81801710940103,0.,-0.575193887943173));
#13946=DIRECTION('',(0.,-1.,0.));
#13947=DIRECTION('center_axis',(-0.202812516377679,0.,-0.979217587260642));
#13948=DIRECTION('ref_axis',(0.979217587260642,0.,-0.202812516377679));
#13949=DIRECTION('',(-0.979217587260642,0.,0.202812516377679));
#13950=DIRECTION('',(0.979217587260642,0.,-0.202812516377679));
#13951=DIRECTION('',(0.,-1.,0.));
#13952=DIRECTION('center_axis',(0.,-1.,0.));
#13953=DIRECTION('ref_axis',(0.999623968004717,0.,0.0274212069483693));
#13954=DIRECTION('center_axis',(0.,-1.,0.));
#13955=DIRECTION('ref_axis',(0.999623968004717,0.,0.0274212069483693));
#13956=DIRECTION('center_axis',(0.,1.,0.));
#13957=DIRECTION('ref_axis',(0.999623968004717,0.,0.0274212069483693));
#13958=DIRECTION('',(0.,-1.,0.));
#13959=DIRECTION('center_axis',(-0.599063659492227,0.,0.800701399946185));
#13960=DIRECTION('ref_axis',(-0.800701399946185,0.,-0.599063659492227));
#13961=DIRECTION('',(0.800701399946185,0.,0.599063659492227));
#13962=DIRECTION('',(-0.800701399946185,0.,-0.599063659492227));
#13963=DIRECTION('',(0.,-1.,0.));
#13964=DIRECTION('center_axis',(-0.173851347227467,0.,-0.984771907127328));
#13965=DIRECTION('ref_axis',(0.984771907127328,0.,-0.173851347227467));
#13966=DIRECTION('',(-0.984771907127328,0.,0.173851347227467));
#13967=DIRECTION('',(0.984771907127328,0.,-0.173851347227467));
#13968=DIRECTION('',(0.,-1.,0.));
#13969=DIRECTION('center_axis',(0.,-1.,0.));
#13970=DIRECTION('ref_axis',(0.999623968004717,0.,0.0274212069483693));
#13971=DIRECTION('center_axis',(0.,-1.,0.));
#13972=DIRECTION('ref_axis',(0.999623968004717,0.,0.0274212069483693));
#13973=DIRECTION('center_axis',(0.,1.,0.));
#13974=DIRECTION('ref_axis',(0.999623968004717,0.,0.0274212069483693));
#13975=DIRECTION('',(0.,-1.,0.));
#13976=DIRECTION('center_axis',(-0.622412485410153,0.,0.782689400723912));
#13977=DIRECTION('ref_axis',(-0.782689400723912,0.,-0.622412485410153));
#13978=DIRECTION('',(0.782689400723912,0.,0.622412485410153));
#13979=DIRECTION('',(-0.782689400723912,0.,-0.622412485410153));
#13980=DIRECTION('',(0.,-1.,0.));
#13981=DIRECTION('center_axis',(-0.144738996982611,0.,-0.989469869552615));
#13982=DIRECTION('ref_axis',(0.989469869552615,0.,-0.144738996982611));
#13983=DIRECTION('',(-0.989469869552615,0.,0.14473899698261));
#13984=DIRECTION('',(0.989469869552615,0.,-0.14473899698261));
#13985=DIRECTION('',(0.,-1.,0.));
#13986=DIRECTION('center_axis',(0.,-1.,0.));
#13987=DIRECTION('ref_axis',(0.999623968004717,0.,0.0274212069483693));
#13988=DIRECTION('center_axis',(0.,-1.,0.));
#13989=DIRECTION('ref_axis',(0.999623968004717,0.,0.0274212069483693));
#13990=DIRECTION('center_axis',(0.,1.,0.));
#13991=DIRECTION('ref_axis',(0.999623968004717,0.,0.0274212069483693));
#13992=DIRECTION('',(0.,-1.,0.));
#13993=DIRECTION('center_axis',(-0.645220061562882,0.,0.763996774964915));
#13994=DIRECTION('ref_axis',(-0.763996774964915,0.,-0.645220061562882));
#13995=DIRECTION('',(0.763996774964915,0.,0.645220061562882));
#13996=DIRECTION('',(-0.763996774964915,0.,-0.645220061562882));
#13997=DIRECTION('',(0.,-1.,0.));
#13998=DIRECTION('center_axis',(-0.115500781736699,0.,-0.993307389189375));
#13999=DIRECTION('ref_axis',(0.993307389189374,0.,-0.115500781736699));
#14000=DIRECTION('',(-0.993307389189374,0.,0.115500781736699));
#14001=DIRECTION('',(0.993307389189374,0.,-0.115500781736699));
#14002=DIRECTION('',(0.,-1.,0.));
#14003=DIRECTION('center_axis',(0.,-1.,0.));
#14004=DIRECTION('ref_axis',(0.999623968004717,0.,0.0274212069483693));
#14005=DIRECTION('center_axis',(0.,-1.,0.));
#14006=DIRECTION('ref_axis',(0.999623968004717,0.,0.0274212069483693));
#14007=DIRECTION('center_axis',(0.,1.,0.));
#14008=DIRECTION('ref_axis',(0.999623968004717,0.,0.0274212069483693));
#14009=DIRECTION('',(0.,-1.,0.));
#14010=DIRECTION('center_axis',(-0.667466554487044,0.,0.744639777772578));
#14011=DIRECTION('ref_axis',(-0.744639777772578,0.,-0.667466554487044));
#14012=DIRECTION('',(0.744639777772578,0.,0.667466554487044));
#14013=DIRECTION('',(-0.744639777772578,0.,-0.667466554487044));
#14014=DIRECTION('',(0.,-1.,0.));
#14015=DIRECTION('center_axis',(-0.0861621270355088,0.,-0.996281128931346));
#14016=DIRECTION('ref_axis',(0.996281128931346,0.,-0.0861621270355088));
#14017=DIRECTION('',(-0.996281128931346,0.,0.0861621270355088));
#14018=DIRECTION('',(0.996281128931346,0.,-0.0861621270355088));
#14019=DIRECTION('',(0.,-1.,0.));
#14020=DIRECTION('center_axis',(0.,-1.,0.));
#14021=DIRECTION('ref_axis',(0.999623968004717,0.,0.0274212069483693));
#14022=DIRECTION('center_axis',(0.,-1.,0.));
#14023=DIRECTION('ref_axis',(0.999623968004717,0.,0.0274212069483693));
#14024=DIRECTION('center_axis',(0.,1.,0.));
#14025=DIRECTION('ref_axis',(0.999623968004717,0.,0.0274212069483693));
#14026=DIRECTION('',(0.,-1.,0.));
#14027=DIRECTION('center_axis',(-0.689132618637105,0.,0.724635241987558));
#14028=DIRECTION('ref_axis',(-0.724635241987558,0.,-0.689132618637105));
#14029=DIRECTION('',(0.724635241987558,0.,0.689132618637105));
#14030=DIRECTION('',(-0.724635241987558,0.,-0.689132618637105));
#14031=DIRECTION('',(0.,-1.,0.));
#14032=DIRECTION('center_axis',(-0.0567485457669375,0.,-0.998388502815081));
#14033=DIRECTION('ref_axis',(0.998388502815081,0.,-0.0567485457669375));
#14034=DIRECTION('',(-0.998388502815081,0.,0.0567485457669375));
#14035=DIRECTION('',(0.998388502815081,0.,-0.0567485457669375));
#14036=DIRECTION('',(0.,-1.,0.));
#14037=DIRECTION('center_axis',(0.,-1.,0.));
#14038=DIRECTION('ref_axis',(0.999623968004717,0.,0.0274212069483693));
#14039=DIRECTION('center_axis',(0.,-1.,0.));
#14040=DIRECTION('ref_axis',(0.999623968004717,0.,0.0274212069483693));
#14041=DIRECTION('center_axis',(0.,1.,0.));
#14042=DIRECTION('ref_axis',(0.999623968004717,0.,0.0274212069483693));
#14043=DIRECTION('',(0.,-1.,0.));
#14044=DIRECTION('center_axis',(-0.710199413208278,0.,0.704000563549929));
#14045=DIRECTION('ref_axis',(-0.704000563549929,0.,-0.710199413208278));
#14046=DIRECTION('',(0.704000563549929,0.,0.710199413208278));
#14047=DIRECTION('',(-0.704000563549929,0.,-0.710199413208278));
#14048=DIRECTION('',(0.,-1.,0.));
#14049=DIRECTION('center_axis',(-0.027285615975013,0.,-0.999627678268696));
#14050=DIRECTION('ref_axis',(0.999627678268696,0.,-0.027285615975013));
#14051=DIRECTION('',(-0.999627678268696,0.,0.027285615975013));
#14052=DIRECTION('',(0.999627678268696,0.,-0.027285615975013));
#14053=DIRECTION('',(0.,-1.,0.));
#14054=DIRECTION('center_axis',(0.,-1.,0.));
#14055=DIRECTION('ref_axis',(0.999623968004717,0.,0.0274212069483693));
#14056=DIRECTION('center_axis',(0.,-1.,0.));
#14057=DIRECTION('ref_axis',(0.999623968004717,0.,0.0274212069483693));
#14058=DIRECTION('center_axis',(0.,1.,0.));
#14059=DIRECTION('ref_axis',(0.999623968004717,0.,0.0274212069483693));
#14060=DIRECTION('',(0.,-1.,0.));
#14061=DIRECTION('center_axis',(-0.730648618520486,0.,0.68275368637167));
#14062=DIRECTION('ref_axis',(-0.68275368637167,0.,-0.730648618520486));
#14063=DIRECTION('',(0.68275368637167,0.,0.730648618520486));
#14064=DIRECTION('',(-0.68275368637167,0.,-0.730648618520486));
#14065=DIRECTION('',(0.,-1.,0.));
#14066=DIRECTION('center_axis',(0.00220104138276979,0.,-0.999997577705482));
#14067=DIRECTION('ref_axis',(0.999997577705482,0.,0.00220104138276979));
#14068=DIRECTION('',(-0.999997577705482,0.,-0.00220104138276979));
#14069=DIRECTION('',(0.999997577705482,0.,0.00220104138276979));
#14070=DIRECTION('',(0.,-1.,0.));
#14071=DIRECTION('center_axis',(0.,-1.,0.));
#14072=DIRECTION('ref_axis',(0.999623968004717,0.,0.0274212069483693));
#14073=DIRECTION('center_axis',(0.,-1.,0.));
#14074=DIRECTION('ref_axis',(0.999623968004717,0.,0.0274212069483693));
#14075=DIRECTION('center_axis',(0.,1.,0.));
#14076=DIRECTION('ref_axis',(0.999623968004717,0.,0.0274212069483693));
#14077=DIRECTION('',(0.,-1.,0.));
#14078=DIRECTION('center_axis',(-0.750462451949122,0.,0.660913086732675));
#14079=DIRECTION('ref_axis',(-0.660913086732675,0.,-0.750462451949122));
#14080=DIRECTION('',(0.660913086732675,0.,0.750462451949122));
#14081=DIRECTION('',(-0.660913086732675,0.,-0.750462451949122));
#14082=DIRECTION('',(0.,-1.,0.));
#14083=DIRECTION('center_axis',(0.0316857847154353,0.,-0.999497879460966));
#14084=DIRECTION('ref_axis',(0.999497879460966,0.,0.0316857847154353));
#14085=DIRECTION('',(-0.999497879460966,0.,-0.0316857847154353));
#14086=DIRECTION('',(0.999497879460966,0.,0.0316857847154353));
#14087=DIRECTION('',(0.,-1.,0.));
#14088=DIRECTION('center_axis',(0.,-1.,0.));
#14089=DIRECTION('ref_axis',(0.999623968004717,0.,0.0274212069483693));
#14090=DIRECTION('center_axis',(0.,-1.,0.));
#14091=DIRECTION('ref_axis',(0.999623968004717,0.,0.0274212069483693));
#14092=DIRECTION('center_axis',(0.,1.,0.));
#14093=DIRECTION('ref_axis',(0.999623968004717,0.,0.0274212069483693));
#14094=DIRECTION('',(0.,-1.,0.));
#14095=DIRECTION('center_axis',(-0.769623683388845,0.,0.638497757213748));
#14096=DIRECTION('ref_axis',(-0.638497757213748,0.,-0.769623683388845));
#14097=DIRECTION('',(0.638497757213748,0.,0.769623683388845));
#14098=DIRECTION('',(-0.638497757213748,0.,-0.769623683388845));
#14099=DIRECTION('',(0.,-1.,0.));
#14100=DIRECTION('center_axis',(0.0611429740964354,0.,-0.998129018072635));
#14101=DIRECTION('ref_axis',(0.998129018072635,0.,0.0611429740964354));
#14102=DIRECTION('',(-0.998129018072635,0.,-0.0611429740964354));
#14103=DIRECTION('',(0.998129018072635,0.,0.0611429740964354));
#14104=DIRECTION('',(0.,-1.,0.));
#14105=DIRECTION('center_axis',(0.,-1.,0.));
#14106=DIRECTION('ref_axis',(0.999623968004717,0.,0.0274212069483693));
#14107=DIRECTION('center_axis',(0.,-1.,0.));
#14108=DIRECTION('ref_axis',(0.999623968004717,0.,0.0274212069483693));
#14109=DIRECTION('center_axis',(0.,1.,0.));
#14110=DIRECTION('ref_axis',(0.999623968004717,0.,0.0274212069483693));
#14111=DIRECTION('',(0.,-1.,0.));
#14112=DIRECTION('center_axis',(-0.788115650236864,0.,0.615527190180681));
#14113=DIRECTION('ref_axis',(-0.615527190180681,0.,-0.788115650236864));
#14114=DIRECTION('',(0.615527190180681,0.,0.788115650236864));
#14115=DIRECTION('',(-0.615527190180681,0.,-0.788115650236864));
#14116=DIRECTION('',(0.,-1.,0.));
#14117=DIRECTION('center_axis',(0.090546993560145,0.,-0.995892183902062));
#14118=DIRECTION('ref_axis',(0.995892183902062,0.,0.090546993560145));
#14119=DIRECTION('',(-0.995892183902062,0.,-0.090546993560145));
#14120=DIRECTION('',(0.995892183902062,0.,0.090546993560145));
#14121=DIRECTION('',(0.,-1.,0.));
#14122=DIRECTION('center_axis',(0.,-1.,0.));
#14123=DIRECTION('ref_axis',(0.593821760960482,0.,0.804596617075782));
#14124=DIRECTION('center_axis',(0.,-1.,0.));
#14125=DIRECTION('ref_axis',(0.593821760960482,0.,0.804596617075782));
#14126=DIRECTION('center_axis',(0.,-1.,0.));
#14127=DIRECTION('ref_axis',(0.593821760960482,0.,0.804596617075782));
#14128=DIRECTION('',(0.,-1.,0.));
#14129=DIRECTION('center_axis',(0.,-1.,0.));
#14130=DIRECTION('ref_axis',(0.99902261098266,0.,0.0442020672071824));
#14131=DIRECTION('center_axis',(0.,-1.,0.));
#14132=DIRECTION('ref_axis',(0.99902261098266,0.,0.0442020672071824));
#14133=DIRECTION('center_axis',(0.,-1.,0.));
#14134=DIRECTION('ref_axis',(0.99902261098266,0.,0.0442020672071824));
#14135=DIRECTION('',(0.,-1.,0.));
#14136=DIRECTION('center_axis',(0.998062130227952,0.,0.0622252698253919));
#14137=DIRECTION('ref_axis',(-0.0622252698253919,0.,0.998062130227952));
#14138=DIRECTION('',(0.0622252698253919,0.,-0.998062130227952));
#14139=DIRECTION('',(-0.0622252698253919,0.,0.998062130227952));
#14140=DIRECTION('',(0.,-1.,0.));
#14141=DIRECTION('center_axis',(0.,0.,-1.));
#14142=DIRECTION('ref_axis',(1.,0.,0.));
#14143=DIRECTION('',(1.,0.,0.));
#14144=DIRECTION('',(1.,0.,0.));
#14145=DIRECTION('',(0.,-1.,0.));
#14146=DIRECTION('center_axis',(-0.998062130227952,0.,-0.0622252698253964));
#14147=DIRECTION('ref_axis',(0.0622252698253964,0.,-0.998062130227952));
#14148=DIRECTION('',(0.0622252698253964,0.,-0.998062130227952));
#14149=DIRECTION('',(0.0622252698253964,0.,-0.998062130227952));
#14150=DIRECTION('center_axis',(0.,-1.,0.));
#14151=DIRECTION('ref_axis',(1.,0.,0.));
#14152=DIRECTION('center_axis',(0.,-1.,0.));
#14153=DIRECTION('ref_axis',(1.,0.,0.));
#14154=DIRECTION('center_axis',(0.,-1.,0.));
#14155=DIRECTION('ref_axis',(1.,0.,0.));
#14156=DIRECTION('center_axis',(0.,1.,0.));
#14157=DIRECTION('ref_axis',(1.,0.,0.));
#14158=DIRECTION('',(0.,1.,0.));
#14159=DIRECTION('center_axis',(0.,1.,0.));
#14160=DIRECTION('ref_axis',(1.,0.,0.));
#14161=DIRECTION('center_axis',(0.175232898227457,0.,-0.984527008963597));
#14162=DIRECTION('ref_axis',(0.984527008963597,0.,0.175232898227457));
#14163=DIRECTION('',(0.984527008963597,0.,0.175232898227457));
#14164=DIRECTION('',(0.,-1.,0.));
#14165=DIRECTION('',(0.984527008963597,0.,0.175232898227457));
#14166=DIRECTION('',(0.,-1.,0.));
#14167=DIRECTION('center_axis',(0.,-1.,0.));
#14168=DIRECTION('ref_axis',(-0.175232898227462,0.,0.984527008963596));
#14169=DIRECTION('center_axis',(0.,1.,0.));
#14170=DIRECTION('ref_axis',(-0.175232898227462,0.,0.984527008963596));
#14171=DIRECTION('center_axis',(0.,1.,0.));
#14172=DIRECTION('ref_axis',(-0.175232898227462,0.,0.984527008963596));
#14173=DIRECTION('',(0.,-1.,0.));
#14174=DIRECTION('center_axis',(-0.17523289822746,0.,0.984527008963596));
#14175=DIRECTION('ref_axis',(-0.984527008963596,0.,-0.17523289822746));
#14176=DIRECTION('',(-0.984527008963596,0.,-0.17523289822746));
#14177=DIRECTION('',(-0.984527008963596,0.,-0.17523289822746));
#14178=DIRECTION('',(0.,-1.,0.));
#14179=DIRECTION('center_axis',(0.,-1.,0.));
#14180=DIRECTION('ref_axis',(0.175232898227453,0.,-0.984527008963597));
#14181=DIRECTION('center_axis',(0.,1.,0.));
#14182=DIRECTION('ref_axis',(0.175232898227453,0.,-0.984527008963597));
#14183=DIRECTION('center_axis',(0.,1.,0.));
#14184=DIRECTION('ref_axis',(0.175232898227453,0.,-0.984527008963597));
#14185=DIRECTION('center_axis',(0.,-1.,0.));
#14186=DIRECTION('ref_axis',(0.999623968004717,0.,0.0274212069483693));
#14187=DIRECTION('center_axis',(0.,-1.,0.));
#14188=DIRECTION('ref_axis',(0.999623968004717,0.,0.0274212069483693));
#14189=DIRECTION('',(0.,-1.,0.));
#14190=DIRECTION('center_axis',(0.,1.,0.));
#14191=DIRECTION('ref_axis',(0.999623968004717,0.,0.0274212069483693));
#14192=DIRECTION('',(0.,-1.,0.));
#14193=DIRECTION('center_axis',(0.0277618334510882,0.,-0.999614566022041));
#14194=DIRECTION('ref_axis',(0.999614566022041,0.,0.0277618334510882));
#14195=DIRECTION('',(0.999614566022041,0.,0.0277618334510882));
#14196=DIRECTION('',(0.999614566022041,0.,0.0277618334510882));
#14197=DIRECTION('',(0.,-1.,0.));
#14198=DIRECTION('',(0.,-1.,0.));
#14199=DIRECTION('center_axis',(-0.170154517935073,0.,0.985417393811517));
#14200=DIRECTION('ref_axis',(-0.985417393811517,0.,-0.170154517935073));
#14201=DIRECTION('',(-0.985417393811517,0.,-0.170154517935073));
#14202=DIRECTION('',(-0.985417393811517,0.,-0.170154517935073));
#14203=DIRECTION('',(0.,-1.,0.));
#14204=DIRECTION('center_axis',(0.,-1.,0.));
#14205=DIRECTION('ref_axis',(0.529583794207886,0.,0.848257628855986));
#14206=DIRECTION('center_axis',(0.,-1.,0.));
#14207=DIRECTION('ref_axis',(0.529583794207886,0.,0.848257628855986));
#14208=DIRECTION('center_axis',(0.,-1.,0.));
#14209=DIRECTION('ref_axis',(0.529583794207886,0.,0.848257628855986));
#14210=DIRECTION('',(0.,-1.,0.));
#14211=DIRECTION('center_axis',(0.529583794207826,0.,0.848257628856023));
#14212=DIRECTION('ref_axis',(-0.848257628856023,0.,0.529583794207826));
#14213=DIRECTION('',(-0.848257628856023,0.,0.529583794207826));
#14214=DIRECTION('',(-0.848257628856023,0.,0.529583794207826));
#14215=DIRECTION('',(0.,-1.,0.));
#14216=DIRECTION('center_axis',(0.256075945901581,0.,-0.966656666004332));
#14217=DIRECTION('ref_axis',(0.966656666004332,0.,0.256075945901581));
#14218=DIRECTION('',(0.966656666004332,0.,0.256075945901581));
#14219=DIRECTION('',(0.966656666004332,0.,0.256075945901581));
#14220=DIRECTION('center_axis',(0.,-1.,0.));
#14221=DIRECTION('ref_axis',(1.,0.,0.));
#14222=DIRECTION('center_axis',(0.,-1.,0.));
#14223=DIRECTION('ref_axis',(1.,0.,0.));
#14224=DIRECTION('center_axis',(0.,1.,0.));
#14225=DIRECTION('ref_axis',(1.,0.,0.));
#14226=DIRECTION('center_axis',(0.,-1.,0.));
#14227=DIRECTION('ref_axis',(1.,0.,0.));
#14228=DIRECTION('',(0.,1.,0.));
#14229=DIRECTION('center_axis',(0.,1.,0.));
#14230=DIRECTION('ref_axis',(1.,0.,0.));
#14231=DIRECTION('center_axis',(0.,1.,0.));
#14232=DIRECTION('ref_axis',(-1.,0.,0.));
#14233=DIRECTION('center_axis',(0.,-1.,0.));
#14234=DIRECTION('ref_axis',(-1.,0.,0.));
#14235=DIRECTION('',(0.,-1.,0.));
#14236=DIRECTION('center_axis',(0.,1.,0.));
#14237=DIRECTION('ref_axis',(-1.,0.,0.));
#14238=DIRECTION('',(0.,-1.,0.));
#14239=DIRECTION('center_axis',(-8.88178419700113E-15,0.,1.));
#14240=DIRECTION('ref_axis',(-1.,0.,-8.88178419700113E-15));
#14241=DIRECTION('',(1.,0.,8.88178419700113E-15));
#14242=DIRECTION('',(0.,-1.,0.));
#14243=DIRECTION('',(-1.,0.,-8.88178419700113E-15));
#14244=DIRECTION('center_axis',(0.,1.,0.));
#14245=DIRECTION('ref_axis',(0.,0.,-1.));
#14246=DIRECTION('center_axis',(0.,-1.,0.));
#14247=DIRECTION('ref_axis',(0.,0.,-1.));
#14248=DIRECTION('',(0.,-1.,0.));
#14249=DIRECTION('center_axis',(0.,1.,0.));
#14250=DIRECTION('ref_axis',(0.,0.,-1.));
#14251=DIRECTION('center_axis',(-1.,0.,0.));
#14252=DIRECTION('ref_axis',(0.,0.,-1.));
#14253=DIRECTION('',(0.,0.,-1.));
#14254=DIRECTION('',(0.,-1.,0.));
#14255=DIRECTION('',(0.,0.,-1.));
#14256=DIRECTION('center_axis',(0.,0.,-1.));
#14257=DIRECTION('ref_axis',(1.,0.,0.));
#14258=DIRECTION('',(1.,0.,0.));
#14259=DIRECTION('',(0.,-1.,0.));
#14260=DIRECTION('',(1.,0.,0.));
#14261=DIRECTION('center_axis',(1.,0.,0.));
#14262=DIRECTION('ref_axis',(0.,0.,1.));
#14263=DIRECTION('',(0.,0.,-1.));
#14264=DIRECTION('',(0.,0.,1.));
#14265=DIRECTION('center_axis',(0.,-1.,0.));
#14266=DIRECTION('ref_axis',(1.,0.,0.));
#14267=DIRECTION('center_axis',(0.,-1.,0.));
#14268=DIRECTION('ref_axis',(1.,0.,0.));
#14269=DIRECTION('center_axis',(0.,1.,0.));
#14270=DIRECTION('ref_axis',(0.707106781186547,0.,0.707106781186547));
#14271=DIRECTION('center_axis',(-2.1316282072803E-15,-1.,0.));
#14272=DIRECTION('ref_axis',(0.707106781186547,0.,0.707106781186547));
#14273=DIRECTION('',(0.,-1.,0.));
#14274=DIRECTION('center_axis',(0.,1.,0.));
#14275=DIRECTION('ref_axis',(0.707106781186547,0.,0.707106781186547));
#14276=DIRECTION('',(0.,1.,0.));
#14277=DIRECTION('center_axis',(0.,-1.,0.));
#14278=DIRECTION('ref_axis',(1.,0.,0.));
#14279=DIRECTION('',(0.,0.,1.));
#14280=DIRECTION('',(1.,0.,0.));
#14281=DIRECTION('',(0.,0.,1.));
#14282=DIRECTION('center_axis',(0.,1.,0.));
#14283=DIRECTION('ref_axis',(-0.707106781186547,0.,0.707106781186547));
#14284=DIRECTION('',(1.,0.,0.));
#14285=DIRECTION('center_axis',(0.,1.,0.));
#14286=DIRECTION('ref_axis',(1.,0.,0.));
#14287=DIRECTION('center_axis',(0.,0.,-1.));
#14288=DIRECTION('ref_axis',(1.,0.,0.));
#14289=DIRECTION('',(0.,-1.,0.));
#14290=DIRECTION('',(-1.,2.1316282072803E-15,0.));
#14291=DIRECTION('center_axis',(0.,-1.,0.));
#14292=DIRECTION('ref_axis',(-0.707106781186547,0.,0.707106781186547));
#14293=DIRECTION('',(0.,1.,0.));
#14294=DIRECTION('center_axis',(-2.1316282072803E-15,-1.,0.));
#14295=DIRECTION('ref_axis',(-0.707106781186547,0.,0.707106781186547));
#14296=DIRECTION('center_axis',(0.,1.,0.));
#14297=DIRECTION('ref_axis',(1.,0.,0.));
#14298=DIRECTION('',(0.,-1.,0.));
#14299=DIRECTION('center_axis',(-2.1316282072803E-15,-1.,0.));
#14300=DIRECTION('ref_axis',(1.,0.,0.));
#14301=DIRECTION('center_axis',(1.,0.,0.));
#14302=DIRECTION('ref_axis',(0.,1.,0.));
#14303=DIRECTION('',(0.,-1.,0.));
#14304=DIRECTION('',(0.,0.,1.));
#14305=DIRECTION('center_axis',(2.1316282072803E-15,1.,0.));
#14306=DIRECTION('ref_axis',(-1.,2.1316282072803E-15,0.));
#14307=DIRECTION('',(-1.,2.1316282072803E-15,0.));
#14308=DIRECTION('',(0.,0.,1.));
#14309=DIRECTION('center_axis',(-1.,0.,0.));
#14310=DIRECTION('ref_axis',(0.,-1.,0.));
#14311=DIRECTION('',(0.,-1.,0.));
#14312=DIRECTION('center_axis',(0.,0.,-1.));
#14313=DIRECTION('ref_axis',(-1.,0.,0.));
#14314=DIRECTION('center_axis',(0.,-1.,0.));
#14315=DIRECTION('ref_axis',(1.,0.,0.));
#14316=DIRECTION('center_axis',(0.,-1.,0.));
#14317=DIRECTION('ref_axis',(1.,0.,0.));
#14318=DIRECTION('',(0.,-1.,0.));
#14319=DIRECTION('center_axis',(0.,-1.,0.));
#14320=DIRECTION('ref_axis',(1.,0.,0.));
#14321=DIRECTION('center_axis',(0.,-1.,0.));
#14322=DIRECTION('ref_axis',(1.,0.,0.));
#14323=DIRECTION('center_axis',(0.,-1.,0.));
#14324=DIRECTION('ref_axis',(1.,0.,0.));
#14325=DIRECTION('center_axis',(0.,0.,-1.));
#14326=DIRECTION('ref_axis',(1.,0.,0.));
#14327=DIRECTION('center_axis',(0.,0.,1.));
#14328=DIRECTION('ref_axis',(1.,0.,0.));
#14329=DIRECTION('',(0.,0.,-1.));
#14330=DIRECTION('center_axis',(0.,0.,-1.));
#14331=DIRECTION('ref_axis',(1.,0.,0.));
#14332=DIRECTION('center_axis',(0.,0.,-1.));
#14333=DIRECTION('ref_axis',(1.,0.,0.));
#14334=DIRECTION('center_axis',(0.,0.,1.));
#14335=DIRECTION('ref_axis',(1.,0.,0.));
#14336=DIRECTION('',(0.,0.,-1.));
#14337=DIRECTION('center_axis',(0.,0.,-1.));
#14338=DIRECTION('ref_axis',(1.,0.,0.));
#14339=DIRECTION('center_axis',(0.,0.,-1.));
#14340=DIRECTION('ref_axis',(1.,0.,0.));
#14341=DIRECTION('center_axis',(0.,0.,1.));
#14342=DIRECTION('ref_axis',(1.,0.,0.));
#14343=DIRECTION('',(0.,0.,-1.));
#14344=DIRECTION('center_axis',(0.,0.,-1.));
#14345=DIRECTION('ref_axis',(1.,0.,0.));
#14346=DIRECTION('center_axis',(0.,0.,-1.));
#14347=DIRECTION('ref_axis',(1.,0.,0.));
#14348=DIRECTION('center_axis',(0.,0.,1.));
#14349=DIRECTION('ref_axis',(1.,0.,0.));
#14350=DIRECTION('',(0.,0.,-1.));
#14351=DIRECTION('center_axis',(0.,0.,-1.));
#14352=DIRECTION('ref_axis',(1.,0.,0.));
#14353=DIRECTION('center_axis',(0.,0.,-1.));
#14354=DIRECTION('ref_axis',(1.,0.,0.));
#14355=DIRECTION('center_axis',(0.,0.,1.));
#14356=DIRECTION('ref_axis',(1.,0.,0.));
#14357=DIRECTION('',(0.,0.,-1.));
#14358=DIRECTION('center_axis',(0.,0.,-1.));
#14359=DIRECTION('ref_axis',(1.,0.,0.));
#14360=DIRECTION('center_axis',(0.,0.,-1.));
#14361=DIRECTION('ref_axis',(1.,0.,0.));
#14362=DIRECTION('center_axis',(0.,0.,1.));
#14363=DIRECTION('ref_axis',(1.,0.,0.));
#14364=DIRECTION('',(0.,0.,-1.));
#14365=DIRECTION('center_axis',(0.,0.,-1.));
#14366=DIRECTION('ref_axis',(1.,0.,0.));
#14367=DIRECTION('center_axis',(0.,0.,-1.));
#14368=DIRECTION('ref_axis',(1.,0.,0.));
#14369=DIRECTION('center_axis',(0.,0.,1.));
#14370=DIRECTION('ref_axis',(1.,0.,0.));
#14371=DIRECTION('',(0.,0.,-1.));
#14372=DIRECTION('center_axis',(0.,0.,-1.));
#14373=DIRECTION('ref_axis',(1.,0.,0.));
#14374=DIRECTION('center_axis',(0.,0.,-1.));
#14375=DIRECTION('ref_axis',(1.,0.,0.));
#14376=DIRECTION('center_axis',(0.,0.,1.));
#14377=DIRECTION('ref_axis',(1.,0.,0.));
#14378=DIRECTION('',(0.,0.,-1.));
#14379=DIRECTION('center_axis',(0.,0.,-1.));
#14380=DIRECTION('ref_axis',(1.,0.,0.));
#14381=DIRECTION('center_axis',(0.,0.,-1.));
#14382=DIRECTION('ref_axis',(1.,0.,0.));
#14383=DIRECTION('center_axis',(0.,0.,1.));
#14384=DIRECTION('ref_axis',(1.,0.,0.));
#14385=DIRECTION('',(0.,0.,-1.));
#14386=DIRECTION('center_axis',(0.,0.,-1.));
#14387=DIRECTION('ref_axis',(1.,0.,0.));
#14388=DIRECTION('center_axis',(0.,0.,-1.));
#14389=DIRECTION('ref_axis',(1.,0.,0.));
#14390=DIRECTION('center_axis',(0.,0.,1.));
#14391=DIRECTION('ref_axis',(1.,0.,0.));
#14392=DIRECTION('',(0.,0.,-1.));
#14393=DIRECTION('center_axis',(0.,0.,-1.));
#14394=DIRECTION('ref_axis',(1.,0.,0.));
#14395=DIRECTION('center_axis',(3.30744324304628E-16,1.,0.));
#14396=DIRECTION('ref_axis',(-1.,3.30744324304628E-16,0.));
#14397=DIRECTION('',(-1.,3.30744324304628E-16,0.));
#14398=DIRECTION('',(0.,0.,1.));
#14399=DIRECTION('',(-1.,3.30744324304628E-16,0.));
#14400=DIRECTION('',(0.,0.,1.));
#14401=DIRECTION('center_axis',(-1.,0.,0.));
#14402=DIRECTION('ref_axis',(0.,-1.,0.));
#14403=DIRECTION('',(0.,-1.,0.));
#14404=DIRECTION('',(0.,0.,1.));
#14405=DIRECTION('',(0.,-1.,0.));
#14406=DIRECTION('center_axis',(0.,-1.,0.));
#14407=DIRECTION('ref_axis',(1.,0.,0.));
#14408=DIRECTION('',(1.,0.,0.));
#14409=DIRECTION('',(0.,0.,1.));
#14410=DIRECTION('',(1.,0.,0.));
#14411=DIRECTION('center_axis',(1.,-1.97372982155583E-16,0.));
#14412=DIRECTION('ref_axis',(1.97372982155583E-16,1.,0.));
#14413=DIRECTION('',(-1.97372982155583E-16,-1.,0.));
#14414=DIRECTION('',(1.97372982155583E-16,1.,0.));
#14415=DIRECTION('center_axis',(0.,0.,1.));
#14416=DIRECTION('ref_axis',(1.,0.,0.));
#14417=DIRECTION('center_axis',(0.,0.,1.));
#14418=DIRECTION('ref_axis',(1.,0.,0.));
#14419=DIRECTION('center_axis',(0.,-1.,0.));
#14420=DIRECTION('ref_axis',(0.999623968004717,0.,0.0274212069483693));
#14421=DIRECTION('center_axis',(0.,-1.,0.));
#14422=DIRECTION('ref_axis',(0.999623968004717,0.,0.0274212069483693));
#14423=DIRECTION('',(0.,1.,0.));
#14424=DIRECTION('center_axis',(0.,1.,0.));
#14425=DIRECTION('ref_axis',(0.999623968004717,0.,0.0274212069483693));
#14426=DIRECTION('',(0.,1.,0.));
#14427=DIRECTION('center_axis',(0.0525061209096541,0.,-0.998620602264454));
#14428=DIRECTION('ref_axis',(-0.998620602264454,0.,-0.0525061209096541));
#14429=DIRECTION('',(0.998620602264454,0.,0.0525061209096541));
#14430=DIRECTION('',(0.,1.,0.));
#14431=DIRECTION('',(-0.998620602264454,0.,-0.0525061209096541));
#14432=DIRECTION('center_axis',(0.692205199386787,0.,0.721700742650233));
#14433=DIRECTION('ref_axis',(0.721700742650233,0.,-0.692205199386787));
#14434=DIRECTION('',(-0.721700742650233,0.,0.692205199386787));
#14435=DIRECTION('',(0.,1.,0.));
#14436=DIRECTION('',(0.721700742650233,0.,-0.692205199386787));
#14437=DIRECTION('center_axis',(0.,-1.,0.));
#14438=DIRECTION('ref_axis',(0.999623968004717,0.,0.0274212069483693));
#14439=DIRECTION('center_axis',(0.,-1.,0.));
#14440=DIRECTION('ref_axis',(0.999623968004717,0.,0.0274212069483693));
#14441=DIRECTION('',(0.,1.,0.));
#14442=DIRECTION('center_axis',(0.,1.,0.));
#14443=DIRECTION('ref_axis',(0.999623968004717,0.,0.0274212069483693));
#14444=DIRECTION('center_axis',(0.0819283904154946,0.,-0.99663821863499));
#14445=DIRECTION('ref_axis',(-0.99663821863499,0.,-0.0819283904154946));
#14446=DIRECTION('',(0.99663821863499,0.,0.0819283904154946));
#14447=DIRECTION('',(0.,1.,0.));
#14448=DIRECTION('',(-0.99663821863499,0.,-0.0819283904154946));
#14449=DIRECTION('center_axis',(0.670624325256657,0.,0.741797151769979));
#14450=DIRECTION('ref_axis',(0.741797151769979,0.,-0.670624325256657));
#14451=DIRECTION('',(-0.741797151769979,0.,0.670624325256657));
#14452=DIRECTION('',(0.,1.,0.));
#14453=DIRECTION('',(0.741797151769979,0.,-0.670624325256657));
#14454=DIRECTION('center_axis',(0.,-1.,0.));
#14455=DIRECTION('ref_axis',(0.999623968004717,0.,0.0274212069483693));
#14456=DIRECTION('center_axis',(0.,-1.,0.));
#14457=DIRECTION('ref_axis',(0.999623968004717,0.,0.0274212069483693));
#14458=DIRECTION('',(0.,1.,0.));
#14459=DIRECTION('center_axis',(0.,1.,0.));
#14460=DIRECTION('ref_axis',(0.999623968004717,0.,0.0274212069483693));
#14461=DIRECTION('center_axis',(0.111279415010421,0.,-0.993789158622159));
#14462=DIRECTION('ref_axis',(-0.993789158622159,0.,-0.111279415010421));
#14463=DIRECTION('',(0.993789158622159,0.,0.111279415010421));
#14464=DIRECTION('',(0.,1.,0.));
#14465=DIRECTION('',(-0.993789158622159,0.,-0.111279415010421));
#14466=DIRECTION('center_axis',(0.648460276355639,0.,0.761248494244007));
#14467=DIRECTION('ref_axis',(0.761248494244007,0.,-0.648460276355639));
#14468=DIRECTION('',(-0.761248494244007,0.,0.648460276355639));
#14469=DIRECTION('',(0.,1.,0.));
#14470=DIRECTION('',(0.761248494244007,0.,-0.648460276355639));
#14471=DIRECTION('center_axis',(0.,-1.,0.));
#14472=DIRECTION('ref_axis',(0.999623968004717,0.,0.0274212069483693));
#14473=DIRECTION('center_axis',(0.,-1.,0.));
#14474=DIRECTION('ref_axis',(0.999623968004717,0.,0.0274212069483693));
#14475=DIRECTION('',(0.,1.,0.));
#14476=DIRECTION('center_axis',(0.,1.,0.));
#14477=DIRECTION('ref_axis',(0.999623968004717,0.,0.0274212069483693));
#14478=DIRECTION('center_axis',(0.140533671049676,0.,-0.990075899767943));
#14479=DIRECTION('ref_axis',(-0.990075899767943,0.,-0.140533671049676));
#14480=DIRECTION('',(0.990075899767943,0.,0.140533671049676));
#14481=DIRECTION('',(0.,1.,0.));
#14482=DIRECTION('',(-0.990075899767943,0.,-0.140533671049676));
#14483=DIRECTION('center_axis',(0.625732326535951,0.,0.780037855189032));
#14484=DIRECTION('ref_axis',(0.780037855189032,0.,-0.625732326535951));
#14485=DIRECTION('',(-0.780037855189032,0.,0.625732326535951));
#14486=DIRECTION('',(0.,1.,0.));
#14487=DIRECTION('',(0.780037855189032,0.,-0.625732326535951));
#14488=DIRECTION('center_axis',(0.,-1.,0.));
#14489=DIRECTION('ref_axis',(0.999623968004717,0.,0.0274212069483693));
#14490=DIRECTION('center_axis',(0.,-1.,0.));
#14491=DIRECTION('ref_axis',(0.999623968004717,0.,0.0274212069483693));
#14492=DIRECTION('',(0.,1.,0.));
#14493=DIRECTION('center_axis',(0.,1.,0.));
#14494=DIRECTION('ref_axis',(0.999623968004717,0.,0.0274212069483693));
#14495=DIRECTION('center_axis',(0.169665719038418,0.,-0.985501671121453));
#14496=DIRECTION('ref_axis',(-0.985501671121453,0.,-0.169665719038418));
#14497=DIRECTION('',(0.985501671121453,0.,0.169665719038418));
#14498=DIRECTION('',(0.,1.,0.));
#14499=DIRECTION('',(-0.985501671121453,0.,-0.169665719038418));
#14500=DIRECTION('center_axis',(0.602460240017931,0.,0.798148895380766));
#14501=DIRECTION('ref_axis',(0.798148895380766,0.,-0.602460240017931));
#14502=DIRECTION('',(-0.798148895380766,0.,0.602460240017931));
#14503=DIRECTION('',(0.,1.,0.));
#14504=DIRECTION('',(0.798148895380766,0.,-0.602460240017931));
#14505=DIRECTION('center_axis',(0.,-1.,0.));
#14506=DIRECTION('ref_axis',(0.999623968004717,0.,0.0274212069483693));
#14507=DIRECTION('center_axis',(0.,-1.,0.));
#14508=DIRECTION('ref_axis',(0.999623968004717,0.,0.0274212069483693));
#14509=DIRECTION('',(0.,1.,0.));
#14510=DIRECTION('center_axis',(0.,1.,0.));
#14511=DIRECTION('ref_axis',(0.999623968004717,0.,0.0274212069483693));
#14512=DIRECTION('center_axis',(0.198650225753898,0.,-0.98007045043095));
#14513=DIRECTION('ref_axis',(-0.98007045043095,0.,-0.198650225753898));
#14514=DIRECTION('',(0.98007045043095,0.,0.198650225753898));
#14515=DIRECTION('',(0.,1.,0.));
#14516=DIRECTION('',(-0.98007045043095,0.,-0.198650225753898));
#14517=DIRECTION('center_axis',(0.578664254203079,0.,0.815565865462499));
#14518=DIRECTION('ref_axis',(0.815565865462499,0.,-0.578664254203079));
#14519=DIRECTION('',(-0.815565865462499,0.,0.578664254203079));
#14520=DIRECTION('',(0.,1.,0.));
#14521=DIRECTION('',(0.815565865462499,0.,-0.578664254203079));
#14522=DIRECTION('center_axis',(0.,-1.,0.));
#14523=DIRECTION('ref_axis',(0.999623968004717,0.,0.0274212069483693));
#14524=DIRECTION('center_axis',(0.,-1.,0.));
#14525=DIRECTION('ref_axis',(0.999623968004717,0.,0.0274212069483693));
#14526=DIRECTION('',(0.,1.,0.));
#14527=DIRECTION('center_axis',(0.,1.,0.));
#14528=DIRECTION('ref_axis',(0.999623968004717,0.,0.0274212069483693));
#14529=DIRECTION('center_axis',(0.227461986275232,0.,-0.973786960684793));
#14530=DIRECTION('ref_axis',(-0.973786960684793,0.,-0.227461986275232));
#14531=DIRECTION('',(0.973786960684793,0.,0.227461986275232));
#14532=DIRECTION('',(0.,1.,0.));
#14533=DIRECTION('',(-0.973786960684793,0.,-0.227461986275232));
#14534=DIRECTION('center_axis',(0.554365062075605,0.,0.832273619640747));
#14535=DIRECTION('ref_axis',(0.832273619640747,0.,-0.554365062075605));
#14536=DIRECTION('',(-0.832273619640747,0.,0.554365062075605));
#14537=DIRECTION('',(0.,1.,0.));
#14538=DIRECTION('',(0.832273619640747,0.,-0.554365062075605));
#14539=DIRECTION('center_axis',(0.,-1.,0.));
#14540=DIRECTION('ref_axis',(0.999623968004717,0.,0.0274212069483693));
#14541=DIRECTION('center_axis',(0.,-1.,0.));
#14542=DIRECTION('ref_axis',(0.999623968004717,0.,0.0274212069483693));
#14543=DIRECTION('',(0.,1.,0.));
#14544=DIRECTION('center_axis',(0.,1.,0.));
#14545=DIRECTION('ref_axis',(0.999623968004717,0.,0.0274212069483693));
#14546=DIRECTION('center_axis',(0.256075945901581,0.,-0.966656666004332));
#14547=DIRECTION('ref_axis',(-0.966656666004332,0.,-0.256075945901581));
#14548=DIRECTION('',(0.966656666004332,0.,0.256075945901581));
#14549=DIRECTION('',(0.,1.,0.));
#14550=DIRECTION('',(-0.966656666004332,0.,-0.256075945901581));
#14551=DIRECTION('center_axis',(0.529583794207826,0.,0.848257628856023));
#14552=DIRECTION('ref_axis',(0.848257628856023,0.,-0.529583794207826));
#14553=DIRECTION('',(-0.848257628856023,0.,0.529583794207826));
#14554=DIRECTION('',(0.,1.,0.));
#14555=DIRECTION('',(0.848257628856023,0.,-0.529583794207826));
#14556=DIRECTION('center_axis',(0.,-1.,0.));
#14557=DIRECTION('ref_axis',(0.999623968004717,0.,0.0274212069483693));
#14558=DIRECTION('center_axis',(0.,-1.,0.));
#14559=DIRECTION('ref_axis',(0.999623968004717,0.,0.0274212069483693));
#14560=DIRECTION('',(0.,1.,0.));
#14561=DIRECTION('center_axis',(0.,1.,0.));
#14562=DIRECTION('ref_axis',(0.999623968004717,0.,0.0274212069483693));
#14563=DIRECTION('center_axis',(0.284467221939737,0.,-0.958685766892306));
#14564=DIRECTION('ref_axis',(-0.958685766892306,0.,-0.284467221939737));
#14565=DIRECTION('',(0.958685766892306,0.,0.284467221939737));
#14566=DIRECTION('',(0.,1.,0.));
#14567=DIRECTION('',(-0.958685766892306,0.,-0.284467221939737));
#14568=DIRECTION('center_axis',(0.504342000385018,0.,0.863503993417308));
#14569=DIRECTION('ref_axis',(0.863503993417308,0.,-0.504342000385018));
#14570=DIRECTION('',(-0.863503993417308,0.,0.504342000385018));
#14571=DIRECTION('',(0.,1.,0.));
#14572=DIRECTION('',(0.863503993417308,0.,-0.504342000385018));
#14573=DIRECTION('center_axis',(0.,-1.,0.));
#14574=DIRECTION('ref_axis',(0.999623968004717,0.,0.0274212069483693));
#14575=DIRECTION('center_axis',(0.,-1.,0.));
#14576=DIRECTION('ref_axis',(0.999623968004717,0.,0.0274212069483693));
#14577=DIRECTION('',(0.,1.,0.));
#14578=DIRECTION('center_axis',(0.,1.,0.));
#14579=DIRECTION('ref_axis',(0.999623968004717,0.,0.0274212069483693));
#14580=DIRECTION('center_axis',(0.312611125342075,0.,-0.949881194840892));
#14581=DIRECTION('ref_axis',(-0.949881194840893,0.,-0.312611125342075));
#14582=DIRECTION('',(0.949881194840893,0.,0.312611125342075));
#14583=DIRECTION('',(0.,1.,0.));
#14584=DIRECTION('',(-0.949881194840893,0.,-0.312611125342075));
#14585=DIRECTION('center_axis',(0.478661630865733,0.,0.877999455089214));
#14586=DIRECTION('ref_axis',(0.877999455089214,0.,-0.478661630865733));
#14587=DIRECTION('',(-0.877999455089214,0.,0.478661630865733));
#14588=DIRECTION('',(0.,1.,0.));
#14589=DIRECTION('',(0.877999455089214,0.,-0.478661630865733));
#14590=DIRECTION('center_axis',(0.,-1.,0.));
#14591=DIRECTION('ref_axis',(0.999623968004717,0.,0.0274212069483693));
#14592=DIRECTION('center_axis',(0.,-1.,0.));
#14593=DIRECTION('ref_axis',(0.999623968004717,0.,0.0274212069483693));
#14594=DIRECTION('',(0.,1.,0.));
#14595=DIRECTION('center_axis',(0.,1.,0.));
#14596=DIRECTION('ref_axis',(0.999623968004717,0.,0.0274212069483693));
#14597=DIRECTION('center_axis',(0.340483182176174,0.,-0.940250606304078));
#14598=DIRECTION('ref_axis',(-0.940250606304078,0.,-0.340483182176174));
#14599=DIRECTION('',(0.940250606304078,0.,0.340483182176174));
#14600=DIRECTION('',(0.,1.,0.));
#14601=DIRECTION('',(-0.940250606304078,0.,-0.340483182176174));
#14602=DIRECTION('center_axis',(0.452565017293854,0.,0.891731408621348));
#14603=DIRECTION('ref_axis',(0.891731408621348,0.,-0.452565017293854));
#14604=DIRECTION('',(-0.891731408621348,0.,0.452565017293854));
#14605=DIRECTION('',(0.,1.,0.));
#14606=DIRECTION('',(0.891731408621348,0.,-0.452565017293854));
#14607=DIRECTION('center_axis',(0.,-1.,0.));
#14608=DIRECTION('ref_axis',(0.999623968004717,0.,0.0274212069483693));
#14609=DIRECTION('center_axis',(0.,-1.,0.));
#14610=DIRECTION('ref_axis',(0.999623968004717,0.,0.0274212069483693));
#14611=DIRECTION('',(0.,1.,0.));
#14612=DIRECTION('center_axis',(0.,1.,0.));
#14613=DIRECTION('ref_axis',(0.999623968004717,0.,0.0274212069483693));
#14614=DIRECTION('center_axis',(0.368059154907328,0.,-0.92980237603961));
#14615=DIRECTION('ref_axis',(-0.92980237603961,0.,-0.368059154907328));
#14616=DIRECTION('',(0.92980237603961,0.,0.368059154907328));
#14617=DIRECTION('',(0.,1.,0.));
#14618=DIRECTION('',(-0.92980237603961,0.,-0.368059154907328));
#14619=DIRECTION('center_axis',(0.426074853279003,0.,0.904687912709834));
#14620=DIRECTION('ref_axis',(0.904687912709834,0.,-0.426074853279003));
#14621=DIRECTION('',(-0.904687912709834,0.,0.426074853279003));
#14622=DIRECTION('',(0.,1.,0.));
#14623=DIRECTION('',(0.904687912709834,0.,-0.426074853279003));
#14624=DIRECTION('center_axis',(0.,-1.,0.));
#14625=DIRECTION('ref_axis',(0.999623968004717,0.,0.0274212069483693));
#14626=DIRECTION('center_axis',(0.,-1.,0.));
#14627=DIRECTION('ref_axis',(0.999623968004717,0.,0.0274212069483693));
#14628=DIRECTION('',(0.,1.,0.));
#14629=DIRECTION('center_axis',(0.,1.,0.));
#14630=DIRECTION('ref_axis',(0.999623968004717,0.,0.0274212069483693));
#14631=DIRECTION('center_axis',(0.395315063475503,0.,-0.918545589826307));
#14632=DIRECTION('ref_axis',(-0.918545589826307,0.,-0.395315063475503));
#14633=DIRECTION('',(0.918545589826307,0.,0.395315063475503));
#14634=DIRECTION('',(0.,1.,0.));
#14635=DIRECTION('',(-0.918545589826307,0.,-0.395315063475503));
#14636=DIRECTION('center_axis',(0.399214174662183,0.,0.916857700381467));
#14637=DIRECTION('ref_axis',(0.916857700381467,0.,-0.399214174662183));
#14638=DIRECTION('',(-0.916857700381467,0.,0.399214174662183));
#14639=DIRECTION('',(0.,1.,0.));
#14640=DIRECTION('',(0.916857700381467,0.,-0.399214174662183));
#14641=DIRECTION('center_axis',(0.,-1.,0.));
#14642=DIRECTION('ref_axis',(0.999623968004717,0.,0.0274212069483693));
#14643=DIRECTION('center_axis',(0.,-1.,0.));
#14644=DIRECTION('ref_axis',(0.999623968004717,0.,0.0274212069483693));
#14645=DIRECTION('',(0.,1.,0.));
#14646=DIRECTION('center_axis',(0.,1.,0.));
#14647=DIRECTION('ref_axis',(0.999623968004717,0.,0.0274212069483693));
#14648=DIRECTION('center_axis',(0.422227206148395,0.,-0.906490036563073));
#14649=DIRECTION('ref_axis',(-0.906490036563073,0.,-0.422227206148395));
#14650=DIRECTION('',(0.906490036563073,0.,0.422227206148395));
#14651=DIRECTION('',(0.,1.,0.));
#14652=DIRECTION('',(-0.906490036563073,0.,-0.422227206148395));
#14653=DIRECTION('center_axis',(0.372006339483818,0.,0.928230188791471));
#14654=DIRECTION('ref_axis',(0.928230188791471,0.,-0.372006339483818));
#14655=DIRECTION('',(-0.928230188791471,0.,0.372006339483818));
#14656=DIRECTION('',(0.,1.,0.));
#14657=DIRECTION('',(0.928230188791471,0.,-0.372006339483818));
#14658=DIRECTION('center_axis',(0.,-1.,0.));
#14659=DIRECTION('ref_axis',(0.999623968004717,0.,0.0274212069483693));
#14660=DIRECTION('center_axis',(0.,-1.,0.));
#14661=DIRECTION('ref_axis',(0.999623968004717,0.,0.0274212069483693));
#14662=DIRECTION('',(0.,1.,0.));
#14663=DIRECTION('center_axis',(0.,1.,0.));
#14664=DIRECTION('ref_axis',(0.999623968004717,0.,0.0274212069483693));
#14665=DIRECTION('center_axis',(0.448772180132445,0.,-0.893646199756465));
#14666=DIRECTION('ref_axis',(-0.893646199756465,0.,-0.448772180132445));
#14667=DIRECTION('',(0.893646199756465,0.,0.448772180132445));
#14668=DIRECTION('',(0.,1.,0.));
#14669=DIRECTION('',(-0.893646199756465,0.,-0.448772180132445));
#14670=DIRECTION('center_axis',(0.344475007671606,0.,0.938795488426338));
#14671=DIRECTION('ref_axis',(0.938795488426338,0.,-0.344475007671606));
#14672=DIRECTION('',(-0.938795488426338,0.,0.344475007671606));
#14673=DIRECTION('',(0.,1.,0.));
#14674=DIRECTION('',(0.938795488426338,0.,-0.344475007671606));
#14675=DIRECTION('center_axis',(0.,-1.,0.));
#14676=DIRECTION('ref_axis',(0.999623968004717,0.,0.0274212069483693));
#14677=DIRECTION('center_axis',(0.,-1.,0.));
#14678=DIRECTION('ref_axis',(0.999623968004717,0.,0.0274212069483693));
#14679=DIRECTION('',(0.,1.,0.));
#14680=DIRECTION('center_axis',(0.,1.,0.));
#14681=DIRECTION('ref_axis',(0.999623968004717,0.,0.0274212069483693));
#14682=DIRECTION('center_axis',(0.474926901923913,0.,-0.880025248404246));
#14683=DIRECTION('ref_axis',(-0.880025248404246,0.,-0.474926901923913));
#14684=DIRECTION('',(0.880025248404246,0.,0.474926901923913));
#14685=DIRECTION('',(0.,1.,0.));
#14686=DIRECTION('',(-0.880025248404246,0.,-0.474926901923913));
#14687=DIRECTION('center_axis',(0.316644120465846,0.,0.948544411703749));
#14688=DIRECTION('ref_axis',(0.948544411703749,0.,-0.316644120465846));
#14689=DIRECTION('',(-0.948544411703749,0.,0.316644120465846));
#14690=DIRECTION('',(0.,1.,0.));
#14691=DIRECTION('',(0.948544411703749,0.,-0.316644120465846));
#14692=DIRECTION('center_axis',(0.,-1.,0.));
#14693=DIRECTION('ref_axis',(0.999623968004717,0.,0.0274212069483693));
#14694=DIRECTION('center_axis',(0.,-1.,0.));
#14695=DIRECTION('ref_axis',(0.999623968004717,0.,0.0274212069483693));
#14696=DIRECTION('',(0.,1.,0.));
#14697=DIRECTION('center_axis',(0.,1.,0.));
#14698=DIRECTION('ref_axis',(0.999623968004717,0.,0.0274212069483693));
#14699=DIRECTION('center_axis',(0.500668627382283,0.,-0.865639027282817));
#14700=DIRECTION('ref_axis',(-0.865639027282817,0.,-0.500668627382283));
#14701=DIRECTION('',(0.865639027282817,0.,0.500668627382283));
#14702=DIRECTION('',(0.,1.,0.));
#14703=DIRECTION('',(-0.865639027282817,0.,-0.500668627382283));
#14704=DIRECTION('center_axis',(0.28853787960014,0.,0.957468480962092));
#14705=DIRECTION('ref_axis',(0.957468480962092,0.,-0.28853787960014));
#14706=DIRECTION('',(-0.957468480962092,0.,0.28853787960014));
#14707=DIRECTION('',(0.,1.,0.));
#14708=DIRECTION('',(0.957468480962092,0.,-0.28853787960014));
#14709=DIRECTION('center_axis',(0.,-1.,0.));
#14710=DIRECTION('ref_axis',(0.999623968004717,0.,0.0274212069483693));
#14711=DIRECTION('center_axis',(0.,-1.,0.));
#14712=DIRECTION('ref_axis',(0.999623968004717,0.,0.0274212069483693));
#14713=DIRECTION('',(0.,1.,0.));
#14714=DIRECTION('center_axis',(0.,1.,0.));
#14715=DIRECTION('ref_axis',(0.999623968004717,0.,0.0274212069483693));
#14716=DIRECTION('center_axis',(0.525974971508558,0.,-0.850500046647013));
#14717=DIRECTION('ref_axis',(-0.850500046647013,0.,-0.525974971508558));
#14718=DIRECTION('',(0.850500046647013,0.,0.525974971508558));
#14719=DIRECTION('',(0.,1.,0.));
#14720=DIRECTION('',(-0.850500046647013,0.,-0.525974971508558));
#14721=DIRECTION('center_axis',(0.260180726255583,0.,0.965559935832633));
#14722=DIRECTION('ref_axis',(0.965559935832632,0.,-0.260180726255583));
#14723=DIRECTION('',(-0.965559935832632,0.,0.260180726255583));
#14724=DIRECTION('',(0.,1.,0.));
#14725=DIRECTION('',(0.965559935832632,0.,-0.260180726255583));
#14726=DIRECTION('center_axis',(0.,-1.,0.));
#14727=DIRECTION('ref_axis',(0.999623968004717,0.,0.0274212069483693));
#14728=DIRECTION('center_axis',(0.,-1.,0.));
#14729=DIRECTION('ref_axis',(0.999623968004717,0.,0.0274212069483693));
#14730=DIRECTION('',(0.,1.,0.));
#14731=DIRECTION('center_axis',(0.,1.,0.));
#14732=DIRECTION('ref_axis',(0.999623968004717,0.,0.0274212069483693));
#14733=DIRECTION('center_axis',(0.55082392791126,0.,-0.834621471351182));
#14734=DIRECTION('ref_axis',(-0.834621471351182,0.,-0.55082392791126));
#14735=DIRECTION('',(0.834621471351181,0.,0.55082392791126));
#14736=DIRECTION('',(0.,1.,0.));
#14737=DIRECTION('',(-0.834621471351181,0.,-0.55082392791126));
#14738=DIRECTION('center_axis',(0.231597319806702,0.,0.972811739987934));
#14739=DIRECTION('ref_axis',(0.972811739987934,0.,-0.231597319806702));
#14740=DIRECTION('',(-0.972811739987934,0.,0.231597319806702));
#14741=DIRECTION('',(0.,1.,0.));
#14742=DIRECTION('',(0.972811739987934,0.,-0.231597319806702));
#14743=DIRECTION('center_axis',(0.,-1.,0.));
#14744=DIRECTION('ref_axis',(0.999623968004717,0.,0.0274212069483693));
#14745=DIRECTION('center_axis',(0.,-1.,0.));
#14746=DIRECTION('ref_axis',(0.999623968004717,0.,0.0274212069483693));
#14747=DIRECTION('',(0.,1.,0.));
#14748=DIRECTION('center_axis',(0.,1.,0.));
#14749=DIRECTION('ref_axis',(0.999623968004717,0.,0.0274212069483693));
#14750=DIRECTION('center_axis',(0.575193887943173,0.,-0.81801710940103));
#14751=DIRECTION('ref_axis',(-0.81801710940103,0.,-0.575193887943173));
#14752=DIRECTION('',(0.81801710940103,0.,0.575193887943173));
#14753=DIRECTION('',(0.,1.,0.));
#14754=DIRECTION('',(-0.81801710940103,0.,-0.575193887943173));
#14755=DIRECTION('center_axis',(0.202812516377679,0.,0.979217587260642));
#14756=DIRECTION('ref_axis',(0.979217587260642,0.,-0.202812516377679));
#14757=DIRECTION('',(-0.979217587260642,0.,0.202812516377679));
#14758=DIRECTION('',(0.,1.,0.));
#14759=DIRECTION('',(0.979217587260642,0.,-0.202812516377679));
#14760=DIRECTION('center_axis',(0.,-1.,0.));
#14761=DIRECTION('ref_axis',(0.999623968004717,0.,0.0274212069483693));
#14762=DIRECTION('center_axis',(0.,-1.,0.));
#14763=DIRECTION('ref_axis',(0.999623968004717,0.,0.0274212069483693));
#14764=DIRECTION('',(0.,1.,0.));
#14765=DIRECTION('center_axis',(0.,1.,0.));
#14766=DIRECTION('ref_axis',(0.999623968004717,0.,0.0274212069483693));
#14767=DIRECTION('center_axis',(0.599063659492227,0.,-0.800701399946185));
#14768=DIRECTION('ref_axis',(-0.800701399946185,0.,-0.599063659492227));
#14769=DIRECTION('',(0.800701399946185,0.,0.599063659492227));
#14770=DIRECTION('',(0.,1.,0.));
#14771=DIRECTION('',(-0.800701399946185,0.,-0.599063659492227));
#14772=DIRECTION('center_axis',(0.173851347227467,0.,0.984771907127328));
#14773=DIRECTION('ref_axis',(0.984771907127328,0.,-0.173851347227467));
#14774=DIRECTION('',(-0.984771907127328,0.,0.173851347227467));
#14775=DIRECTION('',(0.,1.,0.));
#14776=DIRECTION('',(0.984771907127328,0.,-0.173851347227467));
#14777=DIRECTION('center_axis',(0.,-1.,0.));
#14778=DIRECTION('ref_axis',(0.999623968004717,0.,0.0274212069483693));
#14779=DIRECTION('center_axis',(0.,-1.,0.));
#14780=DIRECTION('ref_axis',(0.999623968004717,0.,0.0274212069483693));
#14781=DIRECTION('',(0.,1.,0.));
#14782=DIRECTION('center_axis',(0.,1.,0.));
#14783=DIRECTION('ref_axis',(0.999623968004717,0.,0.0274212069483693));
#14784=DIRECTION('center_axis',(0.622412485410153,0.,-0.782689400723912));
#14785=DIRECTION('ref_axis',(-0.782689400723912,0.,-0.622412485410153));
#14786=DIRECTION('',(0.782689400723912,0.,0.622412485410153));
#14787=DIRECTION('',(0.,1.,0.));
#14788=DIRECTION('',(-0.782689400723912,0.,-0.622412485410153));
#14789=DIRECTION('center_axis',(0.144738996982611,0.,0.989469869552615));
#14790=DIRECTION('ref_axis',(0.989469869552615,0.,-0.144738996982611));
#14791=DIRECTION('',(-0.989469869552615,0.,0.14473899698261));
#14792=DIRECTION('',(0.,1.,0.));
#14793=DIRECTION('',(0.989469869552615,0.,-0.14473899698261));
#14794=DIRECTION('center_axis',(0.,-1.,0.));
#14795=DIRECTION('ref_axis',(0.999623968004717,0.,0.0274212069483693));
#14796=DIRECTION('center_axis',(0.,-1.,0.));
#14797=DIRECTION('ref_axis',(0.999623968004717,0.,0.0274212069483693));
#14798=DIRECTION('',(0.,1.,0.));
#14799=DIRECTION('center_axis',(0.,1.,0.));
#14800=DIRECTION('ref_axis',(0.999623968004717,0.,0.0274212069483693));
#14801=DIRECTION('center_axis',(0.645220061562882,0.,-0.763996774964915));
#14802=DIRECTION('ref_axis',(-0.763996774964915,0.,-0.645220061562882));
#14803=DIRECTION('',(0.763996774964915,0.,0.645220061562882));
#14804=DIRECTION('',(0.,1.,0.));
#14805=DIRECTION('',(-0.763996774964915,0.,-0.645220061562882));
#14806=DIRECTION('center_axis',(0.115500781736699,0.,0.993307389189375));
#14807=DIRECTION('ref_axis',(0.993307389189374,0.,-0.115500781736699));
#14808=DIRECTION('',(-0.993307389189374,0.,0.115500781736699));
#14809=DIRECTION('',(0.,1.,0.));
#14810=DIRECTION('',(0.993307389189374,0.,-0.115500781736699));
#14811=DIRECTION('center_axis',(0.,-1.,0.));
#14812=DIRECTION('ref_axis',(0.999623968004717,0.,0.0274212069483693));
#14813=DIRECTION('center_axis',(0.,-1.,0.));
#14814=DIRECTION('ref_axis',(0.999623968004717,0.,0.0274212069483693));
#14815=DIRECTION('',(0.,1.,0.));
#14816=DIRECTION('center_axis',(0.,1.,0.));
#14817=DIRECTION('ref_axis',(0.999623968004717,0.,0.0274212069483693));
#14818=DIRECTION('center_axis',(0.667466554487044,0.,-0.744639777772578));
#14819=DIRECTION('ref_axis',(-0.744639777772578,0.,-0.667466554487044));
#14820=DIRECTION('',(0.744639777772578,0.,0.667466554487044));
#14821=DIRECTION('',(0.,1.,0.));
#14822=DIRECTION('',(-0.744639777772578,0.,-0.667466554487044));
#14823=DIRECTION('center_axis',(0.0861621270355088,0.,0.996281128931346));
#14824=DIRECTION('ref_axis',(0.996281128931346,0.,-0.0861621270355088));
#14825=DIRECTION('',(-0.996281128931346,0.,0.0861621270355088));
#14826=DIRECTION('',(0.,1.,0.));
#14827=DIRECTION('',(0.996281128931346,0.,-0.0861621270355088));
#14828=DIRECTION('center_axis',(0.,-1.,0.));
#14829=DIRECTION('ref_axis',(0.999623968004717,0.,0.0274212069483693));
#14830=DIRECTION('center_axis',(0.,-1.,0.));
#14831=DIRECTION('ref_axis',(0.999623968004717,0.,0.0274212069483693));
#14832=DIRECTION('',(0.,1.,0.));
#14833=DIRECTION('center_axis',(0.,1.,0.));
#14834=DIRECTION('ref_axis',(0.999623968004717,0.,0.0274212069483693));
#14835=DIRECTION('center_axis',(0.689132618637105,0.,-0.724635241987558));
#14836=DIRECTION('ref_axis',(-0.724635241987558,0.,-0.689132618637105));
#14837=DIRECTION('',(0.724635241987558,0.,0.689132618637105));
#14838=DIRECTION('',(0.,1.,0.));
#14839=DIRECTION('',(-0.724635241987558,0.,-0.689132618637105));
#14840=DIRECTION('center_axis',(0.0567485457669375,0.,0.998388502815081));
#14841=DIRECTION('ref_axis',(0.998388502815081,0.,-0.0567485457669375));
#14842=DIRECTION('',(-0.998388502815081,0.,0.0567485457669375));
#14843=DIRECTION('',(0.,1.,0.));
#14844=DIRECTION('',(0.998388502815081,0.,-0.0567485457669375));
#14845=DIRECTION('center_axis',(0.,-1.,0.));
#14846=DIRECTION('ref_axis',(0.999623968004717,0.,0.0274212069483693));
#14847=DIRECTION('center_axis',(0.,-1.,0.));
#14848=DIRECTION('ref_axis',(0.999623968004717,0.,0.0274212069483693));
#14849=DIRECTION('',(0.,1.,0.));
#14850=DIRECTION('center_axis',(0.,1.,0.));
#14851=DIRECTION('ref_axis',(0.999623968004717,0.,0.0274212069483693));
#14852=DIRECTION('center_axis',(0.710199413208278,0.,-0.704000563549929));
#14853=DIRECTION('ref_axis',(-0.704000563549929,0.,-0.710199413208278));
#14854=DIRECTION('',(0.704000563549929,0.,0.710199413208278));
#14855=DIRECTION('',(0.,1.,0.));
#14856=DIRECTION('',(-0.704000563549929,0.,-0.710199413208278));
#14857=DIRECTION('center_axis',(0.027285615975013,0.,0.999627678268696));
#14858=DIRECTION('ref_axis',(0.999627678268696,0.,-0.027285615975013));
#14859=DIRECTION('',(-0.999627678268696,0.,0.027285615975013));
#14860=DIRECTION('',(0.,1.,0.));
#14861=DIRECTION('',(0.999627678268696,0.,-0.027285615975013));
#14862=DIRECTION('center_axis',(0.,-1.,0.));
#14863=DIRECTION('ref_axis',(0.999623968004717,0.,0.0274212069483693));
#14864=DIRECTION('center_axis',(0.,-1.,0.));
#14865=DIRECTION('ref_axis',(0.999623968004717,0.,0.0274212069483693));
#14866=DIRECTION('',(0.,1.,0.));
#14867=DIRECTION('center_axis',(0.,1.,0.));
#14868=DIRECTION('ref_axis',(0.999623968004717,0.,0.0274212069483693));
#14869=DIRECTION('center_axis',(0.730648618520486,0.,-0.68275368637167));
#14870=DIRECTION('ref_axis',(-0.68275368637167,0.,-0.730648618520486));
#14871=DIRECTION('',(0.68275368637167,0.,0.730648618520486));
#14872=DIRECTION('',(0.,1.,0.));
#14873=DIRECTION('',(-0.68275368637167,0.,-0.730648618520486));
#14874=DIRECTION('center_axis',(-0.00220104138276979,0.,0.999997577705482));
#14875=DIRECTION('ref_axis',(0.999997577705482,0.,0.00220104138276979));
#14876=DIRECTION('',(-0.999997577705482,0.,-0.00220104138276979));
#14877=DIRECTION('',(0.,1.,0.));
#14878=DIRECTION('',(0.999997577705482,0.,0.00220104138276979));
#14879=DIRECTION('center_axis',(0.,-1.,0.));
#14880=DIRECTION('ref_axis',(0.999623968004717,0.,0.0274212069483693));
#14881=DIRECTION('center_axis',(0.,-1.,0.));
#14882=DIRECTION('ref_axis',(0.999623968004717,0.,0.0274212069483693));
#14883=DIRECTION('',(0.,1.,0.));
#14884=DIRECTION('center_axis',(0.,1.,0.));
#14885=DIRECTION('ref_axis',(0.999623968004717,0.,0.0274212069483693));
#14886=DIRECTION('center_axis',(0.750462451949122,0.,-0.660913086732675));
#14887=DIRECTION('ref_axis',(-0.660913086732675,0.,-0.750462451949122));
#14888=DIRECTION('',(0.660913086732675,0.,0.750462451949122));
#14889=DIRECTION('',(0.,1.,0.));
#14890=DIRECTION('',(-0.660913086732675,0.,-0.750462451949122));
#14891=DIRECTION('center_axis',(-0.0316857847154353,0.,0.999497879460966));
#14892=DIRECTION('ref_axis',(0.999497879460966,0.,0.0316857847154353));
#14893=DIRECTION('',(-0.999497879460966,0.,-0.0316857847154353));
#14894=DIRECTION('',(0.,1.,0.));
#14895=DIRECTION('',(0.999497879460966,0.,0.0316857847154353));
#14896=DIRECTION('center_axis',(0.,-1.,0.));
#14897=DIRECTION('ref_axis',(0.999623968004717,0.,0.0274212069483693));
#14898=DIRECTION('center_axis',(0.,-1.,0.));
#14899=DIRECTION('ref_axis',(0.999623968004717,0.,0.0274212069483693));
#14900=DIRECTION('',(0.,1.,0.));
#14901=DIRECTION('center_axis',(0.,1.,0.));
#14902=DIRECTION('ref_axis',(0.999623968004717,0.,0.0274212069483693));
#14903=DIRECTION('center_axis',(0.769623683388845,0.,-0.638497757213748));
#14904=DIRECTION('ref_axis',(-0.638497757213748,0.,-0.769623683388845));
#14905=DIRECTION('',(0.638497757213748,0.,0.769623683388845));
#14906=DIRECTION('',(0.,1.,0.));
#14907=DIRECTION('',(-0.638497757213748,0.,-0.769623683388845));
#14908=DIRECTION('center_axis',(-0.0611429740964354,0.,0.998129018072635));
#14909=DIRECTION('ref_axis',(0.998129018072635,0.,0.0611429740964354));
#14910=DIRECTION('',(-0.998129018072635,0.,-0.0611429740964354));
#14911=DIRECTION('',(0.,1.,0.));
#14912=DIRECTION('',(0.998129018072635,0.,0.0611429740964354));
#14913=DIRECTION('center_axis',(0.,-1.,0.));
#14914=DIRECTION('ref_axis',(0.999623968004717,0.,0.0274212069483693));
#14915=DIRECTION('center_axis',(0.,-1.,0.));
#14916=DIRECTION('ref_axis',(0.999623968004717,0.,0.0274212069483693));
#14917=DIRECTION('',(0.,1.,0.));
#14918=DIRECTION('center_axis',(0.,1.,0.));
#14919=DIRECTION('ref_axis',(0.999623968004717,0.,0.0274212069483693));
#14920=DIRECTION('center_axis',(0.788115650236864,0.,-0.615527190180681));
#14921=DIRECTION('ref_axis',(-0.615527190180681,0.,-0.788115650236864));
#14922=DIRECTION('',(0.615527190180681,0.,0.788115650236864));
#14923=DIRECTION('',(0.,1.,0.));
#14924=DIRECTION('',(-0.615527190180681,0.,-0.788115650236864));
#14925=DIRECTION('center_axis',(-0.090546993560145,0.,0.995892183902062));
#14926=DIRECTION('ref_axis',(0.995892183902062,0.,0.090546993560145));
#14927=DIRECTION('',(-0.995892183902062,0.,-0.090546993560145));
#14928=DIRECTION('',(0.,1.,0.));
#14929=DIRECTION('',(0.995892183902062,0.,0.090546993560145));
#14930=DIRECTION('center_axis',(0.,-1.,0.));
#14931=DIRECTION('ref_axis',(0.593821760960482,0.,0.804596617075782));
#14932=DIRECTION('center_axis',(0.,-1.,0.));
#14933=DIRECTION('ref_axis',(0.593821760960482,0.,0.804596617075782));
#14934=DIRECTION('',(0.,1.,0.));
#14935=DIRECTION('center_axis',(0.,-1.,0.));
#14936=DIRECTION('ref_axis',(0.593821760960482,0.,0.804596617075782));
#14937=DIRECTION('center_axis',(0.,-1.,0.));
#14938=DIRECTION('ref_axis',(0.99902261098266,0.,0.0442020672071824));
#14939=DIRECTION('center_axis',(0.,-1.,0.));
#14940=DIRECTION('ref_axis',(0.99902261098266,0.,0.0442020672071824));
#14941=DIRECTION('',(0.,1.,0.));
#14942=DIRECTION('center_axis',(0.,-1.,0.));
#14943=DIRECTION('ref_axis',(0.99902261098266,0.,0.0442020672071824));
#14944=DIRECTION('center_axis',(-0.998062130227952,0.,-0.0622252698253919));
#14945=DIRECTION('ref_axis',(-0.0622252698253919,0.,0.998062130227952));
#14946=DIRECTION('',(0.0622252698253919,0.,-0.998062130227952));
#14947=DIRECTION('',(0.,1.,0.));
#14948=DIRECTION('',(-0.0622252698253919,0.,0.998062130227952));
#14949=DIRECTION('center_axis',(0.,0.,1.));
#14950=DIRECTION('ref_axis',(1.,0.,0.));
#14951=DIRECTION('',(1.,0.,0.));
#14952=DIRECTION('',(0.,1.,0.));
#14953=DIRECTION('',(1.,0.,0.));
#14954=DIRECTION('center_axis',(0.998062130227952,0.,0.0622252698253964));
#14955=DIRECTION('ref_axis',(0.0622252698253964,0.,-0.998062130227952));
#14956=DIRECTION('',(0.0622252698253964,0.,-0.998062130227952));
#14957=DIRECTION('',(0.0622252698253964,0.,-0.998062130227952));
#14958=DIRECTION('center_axis',(0.,-1.,0.));
#14959=DIRECTION('ref_axis',(1.,0.,0.));
#14960=DIRECTION('center_axis',(0.,-1.,0.));
#14961=DIRECTION('ref_axis',(1.,0.,0.));
#14962=DIRECTION('center_axis',(0.,-1.,0.));
#14963=DIRECTION('ref_axis',(1.,0.,0.));
#14964=DIRECTION('center_axis',(0.,1.,0.));
#14965=DIRECTION('ref_axis',(1.,0.,0.));
#14966=DIRECTION('',(0.,-1.,0.));
#14967=DIRECTION('center_axis',(0.,1.,0.));
#14968=DIRECTION('ref_axis',(1.,0.,0.));
#14969=DIRECTION('center_axis',(-0.175232898227457,0.,0.984527008963597));
#14970=DIRECTION('ref_axis',(0.984527008963597,0.,0.175232898227457));
#14971=DIRECTION('',(0.984527008963597,0.,0.175232898227457));
#14972=DIRECTION('',(0.,1.,0.));
#14973=DIRECTION('',(0.984527008963597,0.,0.175232898227457));
#14974=DIRECTION('',(0.,1.,0.));
#14975=DIRECTION('center_axis',(0.,-1.,0.));
#14976=DIRECTION('ref_axis',(-0.175232898227462,0.,0.984527008963596));
#14977=DIRECTION('center_axis',(0.,1.,0.));
#14978=DIRECTION('ref_axis',(-0.175232898227462,0.,0.984527008963596));
#14979=DIRECTION('',(0.,1.,0.));
#14980=DIRECTION('center_axis',(0.,1.,0.));
#14981=DIRECTION('ref_axis',(-0.175232898227462,0.,0.984527008963596));
#14982=DIRECTION('center_axis',(0.17523289822746,0.,-0.984527008963596));
#14983=DIRECTION('ref_axis',(-0.984527008963596,0.,-0.17523289822746));
#14984=DIRECTION('',(-0.984527008963596,0.,-0.17523289822746));
#14985=DIRECTION('',(0.,1.,0.));
#14986=DIRECTION('',(-0.984527008963596,0.,-0.17523289822746));
#14987=DIRECTION('center_axis',(0.,-1.,0.));
#14988=DIRECTION('ref_axis',(0.175232898227453,0.,-0.984527008963597));
#14989=DIRECTION('center_axis',(0.,1.,0.));
#14990=DIRECTION('ref_axis',(0.175232898227453,0.,-0.984527008963597));
#14991=DIRECTION('center_axis',(0.,1.,0.));
#14992=DIRECTION('ref_axis',(0.175232898227453,0.,-0.984527008963597));
#14993=DIRECTION('center_axis',(0.,-1.,0.));
#14994=DIRECTION('ref_axis',(0.999623968004717,0.,0.0274212069483693));
#14995=DIRECTION('center_axis',(0.,-1.,0.));
#14996=DIRECTION('ref_axis',(0.999623968004717,0.,0.0274212069483693));
#14997=DIRECTION('',(0.,1.,0.));
#14998=DIRECTION('center_axis',(0.,1.,0.));
#14999=DIRECTION('ref_axis',(0.999623968004717,0.,0.0274212069483693));
#15000=DIRECTION('',(0.,1.,0.));
#15001=DIRECTION('center_axis',(-0.0277618334510882,0.,0.999614566022041));
#15002=DIRECTION('ref_axis',(0.999614566022041,0.,0.0277618334510882));
#15003=DIRECTION('',(0.999614566022041,0.,0.0277618334510882));
#15004=DIRECTION('',(0.,1.,0.));
#15005=DIRECTION('',(0.999614566022041,0.,0.0277618334510882));
#15006=DIRECTION('',(0.,1.,0.));
#15007=DIRECTION('center_axis',(0.170154517935073,0.,-0.985417393811517));
#15008=DIRECTION('ref_axis',(-0.985417393811517,0.,-0.170154517935073));
#15009=DIRECTION('',(-0.985417393811517,0.,-0.170154517935073));
#15010=DIRECTION('',(0.,1.,0.));
#15011=DIRECTION('',(-0.985417393811517,0.,-0.170154517935073));
#15012=DIRECTION('center_axis',(0.,-1.,0.));
#15013=DIRECTION('ref_axis',(0.529583794207886,0.,0.848257628855986));
#15014=DIRECTION('center_axis',(0.,-1.,0.));
#15015=DIRECTION('ref_axis',(0.529583794207886,0.,0.848257628855986));
#15016=DIRECTION('',(0.,1.,0.));
#15017=DIRECTION('center_axis',(0.,-1.,0.));
#15018=DIRECTION('ref_axis',(0.529583794207886,0.,0.848257628855986));
#15019=DIRECTION('center_axis',(-0.529583794207826,0.,-0.848257628856023));
#15020=DIRECTION('ref_axis',(-0.848257628856023,0.,0.529583794207826));
#15021=DIRECTION('',(-0.848257628856023,0.,0.529583794207826));
#15022=DIRECTION('',(0.,1.,0.));
#15023=DIRECTION('',(-0.848257628856023,0.,0.529583794207826));
#15024=DIRECTION('center_axis',(-0.256075945901581,0.,0.966656666004332));
#15025=DIRECTION('ref_axis',(0.966656666004332,0.,0.256075945901581));
#15026=DIRECTION('',(0.966656666004332,0.,0.256075945901581));
#15027=DIRECTION('',(0.966656666004332,0.,0.256075945901581));
#15028=DIRECTION('center_axis',(0.,-1.,0.));
#15029=DIRECTION('ref_axis',(1.,0.,0.));
#15030=DIRECTION('center_axis',(0.,-1.,0.));
#15031=DIRECTION('ref_axis',(1.,0.,0.));
#15032=DIRECTION('center_axis',(1.,0.,0.));
#15033=DIRECTION('ref_axis',(0.,1.,0.));
#15034=DIRECTION('center_axis',(-1.,0.,0.));
#15035=DIRECTION('ref_axis',(0.,1.,0.));
#15036=DIRECTION('',(-1.,0.,0.));
#15037=DIRECTION('center_axis',(-1.,0.,0.));
#15038=DIRECTION('ref_axis',(0.,1.,0.));
#15039=DIRECTION('center_axis',(0.,-1.,0.));
#15040=DIRECTION('ref_axis',(0.,0.,-1.));
#15041=DIRECTION('',(0.,0.,-1.));
#15042=DIRECTION('',(1.,0.,0.));
#15043=DIRECTION('',(0.,0.,-1.));
#15044=DIRECTION('',(1.,0.,0.));
#15045=DIRECTION('center_axis',(1.,0.,0.));
#15046=DIRECTION('ref_axis',(0.,0.,1.));
#15047=DIRECTION('center_axis',(1.,0.,0.));
#15048=DIRECTION('ref_axis',(0.,0.,1.));
#15049=DIRECTION('center_axis',(1.,0.,0.));
#15050=DIRECTION('ref_axis',(0.,0.,1.));
#15051=DIRECTION('',(1.,0.,0.));
#15052=DIRECTION('center_axis',(0.,0.,1.));
#15053=DIRECTION('ref_axis',(0.,-1.,0.));
#15054=DIRECTION('',(0.,-1.,0.));
#15055=DIRECTION('',(0.,-1.,0.));
#15056=DIRECTION('',(1.,0.,0.));
#15057=DIRECTION('center_axis',(0.,1.,0.));
#15058=DIRECTION('ref_axis',(0.,0.,1.));
#15059=DIRECTION('',(0.,0.,1.));
#15060=DIRECTION('',(0.,0.,1.));
#15061=DIRECTION('',(1.,0.,0.));
#15062=DIRECTION('center_axis',(0.,0.,-1.));
#15063=DIRECTION('ref_axis',(0.,1.,0.));
#15064=DIRECTION('',(0.,1.,0.));
#15065=DIRECTION('',(0.,1.,0.));
#15066=DIRECTION('',(1.,0.,0.));
#15067=DIRECTION('center_axis',(1.,0.,0.));
#15068=DIRECTION('ref_axis',(0.,-1.,1.97372982155584E-15));
#15069=DIRECTION('center_axis',(1.,0.,0.));
#15070=DIRECTION('ref_axis',(0.,-1.,1.97372982155584E-15));
#15071=DIRECTION('center_axis',(1.,0.,0.));
#15072=DIRECTION('ref_axis',(0.,-1.,1.97372982155584E-15));
#15073=DIRECTION('center_axis',(1.,0.,0.));
#15074=DIRECTION('ref_axis',(0.,1.,0.));
#15075=DIRECTION('center_axis',(1.,0.,0.));
#15076=DIRECTION('ref_axis',(0.,1.,0.));
#15077=DIRECTION('center_axis',(-1.,0.,0.));
#15078=DIRECTION('ref_axis',(0.,-1.,0.));
#15079=DIRECTION('center_axis',(1.,0.,0.));
#15080=DIRECTION('ref_axis',(0.,-1.,0.));
#15081=DIRECTION('',(-1.,0.,0.));
#15082=DIRECTION('center_axis',(1.,0.,0.));
#15083=DIRECTION('ref_axis',(0.,-1.,0.));
#15084=DIRECTION('center_axis',(0.,-1.,0.));
#15085=DIRECTION('ref_axis',(0.,0.,-1.));
#15086=DIRECTION('',(0.,0.,-1.));
#15087=DIRECTION('',(1.,0.,0.));
#15088=DIRECTION('',(0.,0.,-1.));
#15089=DIRECTION('',(1.,0.,0.));
#15090=DIRECTION('center_axis',(-1.,0.,0.));
#15091=DIRECTION('ref_axis',(0.,0.,1.));
#15092=DIRECTION('center_axis',(-1.,0.,0.));
#15093=DIRECTION('ref_axis',(0.,0.,1.));
#15094=DIRECTION('',(1.,0.,0.));
#15095=DIRECTION('center_axis',(-1.,0.,0.));
#15096=DIRECTION('ref_axis',(0.,0.,1.));
#15097=DIRECTION('center_axis',(0.,0.,-1.));
#15098=DIRECTION('ref_axis',(0.,1.,0.));
#15099=DIRECTION('',(0.,1.,0.));
#15100=DIRECTION('',(1.,0.,0.));
#15101=DIRECTION('',(0.,1.,0.));
#15102=DIRECTION('center_axis',(0.,1.,0.));
#15103=DIRECTION('ref_axis',(0.,0.,1.));
#15104=DIRECTION('',(0.,0.,1.));
#15105=DIRECTION('',(1.,0.,0.));
#15106=DIRECTION('',(0.,0.,1.));
#15107=DIRECTION('center_axis',(0.,0.,1.));
#15108=DIRECTION('ref_axis',(0.,-1.,0.));
#15109=DIRECTION('',(0.,-1.,0.));
#15110=DIRECTION('',(1.,0.,0.));
#15111=DIRECTION('',(0.,-1.,0.));
#15112=DIRECTION('center_axis',(-1.,0.,0.));
#15113=DIRECTION('ref_axis',(0.,1.,1.97372982155584E-15));
#15114=DIRECTION('center_axis',(-1.,0.,0.));
#15115=DIRECTION('ref_axis',(0.,1.,1.97372982155584E-15));
#15116=DIRECTION('center_axis',(-1.,0.,0.));
#15117=DIRECTION('ref_axis',(0.,1.,1.97372982155584E-15));
#15118=DIRECTION('center_axis',(-1.,0.,0.));
#15119=DIRECTION('ref_axis',(0.,-1.,0.));
#15120=DIRECTION('center_axis',(-1.,0.,0.));
#15121=DIRECTION('ref_axis',(0.,-1.,0.));
#15122=DIRECTION('center_axis',(1.,0.,-1.22464679914735E-16));
#15123=DIRECTION('ref_axis',(0.,1.,0.));
#15124=DIRECTION('center_axis',(-1.,0.,1.22464679914735E-16));
#15125=DIRECTION('ref_axis',(0.,1.,0.));
#15126=DIRECTION('',(1.,0.,-1.22464679914735E-16));
#15127=DIRECTION('center_axis',(-1.,0.,1.22464679914735E-16));
#15128=DIRECTION('ref_axis',(0.,1.,0.));
#15129=DIRECTION('center_axis',(0.,1.,0.));
#15130=DIRECTION('ref_axis',(-1.22464679914735E-16,0.,-1.));
#15131=DIRECTION('',(-1.22464679914735E-16,0.,-1.));
#15132=DIRECTION('',(-1.,0.,1.22464679914735E-16));
#15133=DIRECTION('',(-1.22464679914735E-16,0.,-1.));
#15134=DIRECTION('',(-1.,0.,1.22464679914735E-16));
#15135=DIRECTION('center_axis',(1.,0.,-1.22464679914735E-16));
#15136=DIRECTION('ref_axis',(1.22464679914735E-16,0.,1.));
#15137=DIRECTION('center_axis',(1.,0.,-1.22464679914735E-16));
#15138=DIRECTION('ref_axis',(1.22464679914735E-16,0.,1.));
#15139=DIRECTION('',(-1.,0.,1.22464679914735E-16));
#15140=DIRECTION('center_axis',(1.,0.,-1.22464679914735E-16));
#15141=DIRECTION('ref_axis',(1.22464679914735E-16,0.,1.));
#15142=DIRECTION('center_axis',(-1.22464679914735E-16,0.,-1.));
#15143=DIRECTION('ref_axis',(0.,-1.,0.));
#15144=DIRECTION('',(0.,-1.,0.));
#15145=DIRECTION('',(-1.,0.,1.22464679914735E-16));
#15146=DIRECTION('',(0.,-1.,0.));
#15147=DIRECTION('center_axis',(0.,-1.,0.));
#15148=DIRECTION('ref_axis',(1.22464679914735E-16,0.,1.));
#15149=DIRECTION('',(1.22464679914735E-16,0.,1.));
#15150=DIRECTION('',(-1.,0.,1.22464679914735E-16));
#15151=DIRECTION('',(1.22464679914735E-16,0.,1.));
#15152=DIRECTION('center_axis',(1.22464679914735E-16,0.,1.));
#15153=DIRECTION('ref_axis',(0.,1.,0.));
#15154=DIRECTION('',(0.,1.,0.));
#15155=DIRECTION('',(-1.,0.,1.22464679914735E-16));
#15156=DIRECTION('',(0.,1.,0.));
#15157=DIRECTION('center_axis',(1.,0.,-1.22464679914735E-16));
#15158=DIRECTION('ref_axis',(2.41712190835004E-31,-1.,1.97372982155584E-15));
#15159=DIRECTION('center_axis',(1.,0.,-1.22464679914735E-16));
#15160=DIRECTION('ref_axis',(2.41712190835004E-31,-1.,1.97372982155584E-15));
#15161=DIRECTION('center_axis',(1.,0.,-1.22464679914735E-16));
#15162=DIRECTION('ref_axis',(2.41712190835004E-31,-1.,1.97372982155584E-15));
#15163=DIRECTION('center_axis',(1.,0.,-1.22464679914735E-16));
#15164=DIRECTION('ref_axis',(0.,1.,0.));
#15165=DIRECTION('center_axis',(1.,0.,-1.22464679914735E-16));
#15166=DIRECTION('ref_axis',(0.,1.,0.));
#15167=DIRECTION('center_axis',(-1.,0.,1.22464679914735E-16));
#15168=DIRECTION('ref_axis',(0.,-1.,0.));
#15169=DIRECTION('center_axis',(1.,0.,-1.22464679914735E-16));
#15170=DIRECTION('ref_axis',(0.,-1.,0.));
#15171=DIRECTION('',(1.,0.,-1.22464679914735E-16));
#15172=DIRECTION('center_axis',(1.,0.,-1.22464679914735E-16));
#15173=DIRECTION('ref_axis',(0.,-1.,0.));
#15174=DIRECTION('center_axis',(0.,1.,0.));
#15175=DIRECTION('ref_axis',(-1.22464679914735E-16,0.,-1.));
#15176=DIRECTION('',(-1.22464679914735E-16,0.,-1.));
#15177=DIRECTION('',(-1.,0.,1.22464679914735E-16));
#15178=DIRECTION('',(-1.22464679914735E-16,0.,-1.));
#15179=DIRECTION('',(-1.,0.,1.22464679914735E-16));
#15180=DIRECTION('center_axis',(-1.,0.,1.22464679914735E-16));
#15181=DIRECTION('ref_axis',(1.22464679914735E-16,0.,1.));
#15182=DIRECTION('center_axis',(-1.,0.,1.22464679914735E-16));
#15183=DIRECTION('ref_axis',(1.22464679914735E-16,0.,1.));
#15184=DIRECTION('center_axis',(-1.,0.,1.22464679914735E-16));
#15185=DIRECTION('ref_axis',(1.22464679914735E-16,0.,1.));
#15186=DIRECTION('',(-1.,0.,1.22464679914735E-16));
#15187=DIRECTION('center_axis',(1.22464679914735E-16,0.,1.));
#15188=DIRECTION('ref_axis',(0.,1.,0.));
#15189=DIRECTION('',(0.,1.,0.));
#15190=DIRECTION('',(0.,1.,0.));
#15191=DIRECTION('',(-1.,0.,1.22464679914735E-16));
#15192=DIRECTION('center_axis',(0.,-1.,0.));
#15193=DIRECTION('ref_axis',(1.22464679914735E-16,0.,1.));
#15194=DIRECTION('',(1.22464679914735E-16,0.,1.));
#15195=DIRECTION('',(1.22464679914735E-16,0.,1.));
#15196=DIRECTION('',(-1.,0.,1.22464679914735E-16));
#15197=DIRECTION('center_axis',(-1.22464679914735E-16,0.,-1.));
#15198=DIRECTION('ref_axis',(0.,-1.,0.));
#15199=DIRECTION('',(0.,-1.,0.));
#15200=DIRECTION('',(0.,-1.,0.));
#15201=DIRECTION('',(-1.,0.,1.22464679914735E-16));
#15202=DIRECTION('center_axis',(-1.,0.,1.22464679914735E-16));
#15203=DIRECTION('ref_axis',(2.41712190835004E-31,1.,1.97372982155584E-15));
#15204=DIRECTION('center_axis',(-1.,0.,1.22464679914735E-16));
#15205=DIRECTION('ref_axis',(2.41712190835004E-31,1.,1.97372982155584E-15));
#15206=DIRECTION('center_axis',(-1.,0.,1.22464679914735E-16));
#15207=DIRECTION('ref_axis',(2.41712190835004E-31,1.,1.97372982155584E-15));
#15208=DIRECTION('center_axis',(-1.,0.,1.22464679914735E-16));
#15209=DIRECTION('ref_axis',(0.,-1.,0.));
#15210=DIRECTION('center_axis',(-1.,0.,1.22464679914735E-16));
#15211=DIRECTION('ref_axis',(0.,-1.,0.));
#15212=DIRECTION('',(-7.52650542361962E-47,5.55111512312578E-16,1.));
#15213=DIRECTION('',(1.,0.,0.));
#15214=DIRECTION('',(-4.62223186652937E-32,5.55111512312578E-16,1.));
#15215=DIRECTION('',(8.32667268468865E-17,1.,-5.55111512312578E-16));
#15216=DIRECTION('',(-3.10862446895044E-15,5.55111512312583E-16,1.));
#15217=DIRECTION('',(1.5404344466674E-15,1.,-5.55111512312578E-16));
#15218=DIRECTION('',(1.38666955995881E-31,5.55111512312578E-16,1.));
#15219=DIRECTION('',(-8.3266726846887E-17,1.,-5.55111512312578E-16));
#15220=DIRECTION('',(0.,0.,1.));
#15221=DIRECTION('',(1.,0.,0.));
#15222=DIRECTION('',(0.,0.,1.));
#15223=DIRECTION('',(1.,0.,0.));
#15224=DIRECTION('center_axis',(0.,0.,1.));
#15225=DIRECTION('ref_axis',(1.,0.,0.));
#15226=CARTESIAN_POINT('',(0.,0.,0.));
#15227=CARTESIAN_POINT('',(0.,0.,0.));
#15228=CARTESIAN_POINT('Origin',(0.,-75.,69.9999999999997));
#15229=CARTESIAN_POINT('',(5.,-75.,54.9999999999997));
#15230=CARTESIAN_POINT('',(5.,-75.,69.9999999999997));
#15231=CARTESIAN_POINT('',(5.,-75.,34.9999999999998));
#15232=CARTESIAN_POINT('',(0.,-75.,54.9999999999997));
#15233=CARTESIAN_POINT('',(0.,-75.,54.9999999999997));
#15234=CARTESIAN_POINT('',(0.,-75.,69.9999999999997));
#15235=CARTESIAN_POINT('',(0.,-75.,34.9999999999998));
#15236=CARTESIAN_POINT('',(0.,-75.,69.9999999999997));
#15237=CARTESIAN_POINT('Origin',(0.,75.,69.9999999999997));
#15238=CARTESIAN_POINT('',(5.,75.,69.9999999999997));
#15239=CARTESIAN_POINT('',(5.,37.4999999999922,69.9999999999997));
#15240=CARTESIAN_POINT('',(0.,75.,69.9999999999997));
#15241=CARTESIAN_POINT('',(0.,37.4999999999922,69.9999999999997));
#15242=CARTESIAN_POINT('',(0.,75.,69.9999999999997));
#15243=CARTESIAN_POINT('Origin',(0.,75.,54.9999999999997));
#15244=CARTESIAN_POINT('',(5.,75.,54.9999999999997));
#15245=CARTESIAN_POINT('',(5.,75.,27.4999999999998));
#15246=CARTESIAN_POINT('',(0.,75.,54.9999999999997));
#15247=CARTESIAN_POINT('',(0.,75.,27.4999999999998));
#15248=CARTESIAN_POINT('',(0.,75.,54.9999999999997));
#15249=CARTESIAN_POINT('Origin',(0.,-75.,54.9999999999997));
#15250=CARTESIAN_POINT('',(5.,-37.5000000000078,54.9999999999997));
#15251=CARTESIAN_POINT('',(0.,-37.5000000000078,54.9999999999997));
#15252=CARTESIAN_POINT('Origin',(0.,-81.5,48.35));
#15253=CARTESIAN_POINT('',(0.,-81.5,48.35));
#15254=CARTESIAN_POINT('',(0.,81.5,48.35));
#15255=CARTESIAN_POINT('',(0.,81.5,48.35));
#15256=CARTESIAN_POINT('',(5.,81.5,48.35));
#15257=CARTESIAN_POINT('',(0.,81.5,48.35));
#15258=CARTESIAN_POINT('',(5.,-81.5,48.35));
#15259=CARTESIAN_POINT('',(5.,81.5,48.35));
#15260=CARTESIAN_POINT('',(0.,-81.5,48.35));
#15261=CARTESIAN_POINT('Origin',(0.,-81.5,-48.35));
#15262=CARTESIAN_POINT('',(0.,-81.5,-48.35));
#15263=CARTESIAN_POINT('',(0.,-81.5,48.35));
#15264=CARTESIAN_POINT('',(5.,-81.5,-48.35));
#15265=CARTESIAN_POINT('',(5.,-81.5,48.35));
#15266=CARTESIAN_POINT('',(0.,-81.5,-48.35));
#15267=CARTESIAN_POINT('Origin',(0.,81.5,-48.35));
#15268=CARTESIAN_POINT('',(0.,81.5,-48.35));
#15269=CARTESIAN_POINT('',(0.,-81.5,-48.35));
#15270=CARTESIAN_POINT('',(5.,81.5,-48.35));
#15271=CARTESIAN_POINT('',(5.,-81.5,-48.35));
#15272=CARTESIAN_POINT('',(0.,81.5,-48.35));
#15273=CARTESIAN_POINT('Origin',(0.,81.5,48.35));
#15274=CARTESIAN_POINT('',(0.,81.5,-48.35));
#15275=CARTESIAN_POINT('',(5.,81.5,-48.35));
#15276=CARTESIAN_POINT('Origin',(0.,-85.8217265936591,74.9999999999997));
#15277=CARTESIAN_POINT('',(0.,-87.4999999999999,72.5133560018432));
#15278=CARTESIAN_POINT('',(0.,-85.8217265936591,74.9999999999997));
#15279=CARTESIAN_POINT('',(0.,-87.4999999999999,72.5133560018432));
#15280=CARTESIAN_POINT('',(5.,-87.4999999999999,72.5133560018432));
#15281=CARTESIAN_POINT('',(0.,-87.4999999999999,72.5133560018432));
#15282=CARTESIAN_POINT('',(5.,-85.8217265936591,74.9999999999997));
#15283=CARTESIAN_POINT('',(5.,-87.4999999999999,72.5133560018432));
#15284=CARTESIAN_POINT('',(0.,-85.8217265936591,74.9999999999997));
#15285=CARTESIAN_POINT('Origin',(0.,85.8217265936591,74.9999999999997));
#15286=CARTESIAN_POINT('',(0.,85.8217265936591,75.));
#15287=CARTESIAN_POINT('',(0.,87.5000000000001,74.9999999999997));
#15288=CARTESIAN_POINT('',(5.,85.8217265936591,75.));
#15289=CARTESIAN_POINT('',(5.,87.5000000000001,74.9999999999997));
#15290=CARTESIAN_POINT('',(0.,85.8217265936591,75.));
#15291=CARTESIAN_POINT('Origin',(0.,87.4999999999907,72.5133560018432));
#15292=CARTESIAN_POINT('',(0.,87.4999999999907,72.5133560018432));
#15293=CARTESIAN_POINT('',(0.,87.4999999999907,72.5133560018432));
#15294=CARTESIAN_POINT('',(5.,87.4999999999907,72.5133560018432));
#15295=CARTESIAN_POINT('',(5.,87.4999999999907,72.5133560018432));
#15296=CARTESIAN_POINT('',(0.,87.4999999999907,72.5133560018432));
#15297=CARTESIAN_POINT('Origin',(0.,87.5000000000001,-72.5133560018335));
#15298=CARTESIAN_POINT('',(0.,87.4999999999948,-72.5133560018335));
#15299=CARTESIAN_POINT('',(0.,87.5000000000001,-75.0000000000003));
#15300=CARTESIAN_POINT('',(5.,87.4999999999948,-72.5133560018335));
#15301=CARTESIAN_POINT('',(5.,87.5000000000001,-75.0000000000003));
#15302=CARTESIAN_POINT('',(0.,87.4999999999948,-72.5133560018335));
#15303=CARTESIAN_POINT('Origin',(0.,85.8217265936633,-74.9999999999903));
#15304=CARTESIAN_POINT('',(0.,85.8217265936633,-74.9999999999903));
#15305=CARTESIAN_POINT('',(0.,87.4999999999948,-72.5133560018335));
#15306=CARTESIAN_POINT('',(5.,85.8217265936633,-74.9999999999903));
#15307=CARTESIAN_POINT('',(5.,87.4999999999948,-72.5133560018335));
#15308=CARTESIAN_POINT('',(0.,85.8217265936633,-74.9999999999903));
#15309=CARTESIAN_POINT('Origin',(0.,-85.8217265936547,-75.0000000000003));
#15310=CARTESIAN_POINT('',(0.,-85.8217265936547,-75.));
#15311=CARTESIAN_POINT('',(0.,-87.4999999999999,-75.0000000000003));
#15312=CARTESIAN_POINT('',(5.,-85.8217265936547,-75.));
#15313=CARTESIAN_POINT('',(5.,-87.4999999999999,-75.0000000000003));
#15314=CARTESIAN_POINT('',(0.,-85.8217265936547,-75.));
#15315=CARTESIAN_POINT('Origin',(0.,-87.5000000000314,-72.5133560018434));
#15316=CARTESIAN_POINT('',(0.,-87.5000000000314,-72.5133560018434));
#15317=CARTESIAN_POINT('',(0.,-87.5000000000314,-72.5133560018434));
#15318=CARTESIAN_POINT('',(5.,-87.5000000000314,-72.5133560018434));
#15319=CARTESIAN_POINT('',(5.,-87.5000000000314,-72.5133560018434));
#15320=CARTESIAN_POINT('',(0.,-87.5000000000314,-72.5133560018434));
#15321=CARTESIAN_POINT('Origin',(0.,-87.4999999999999,72.5133560018432));
#15322=CARTESIAN_POINT('',(0.,-87.4999999999999,74.9999999999997));
#15323=CARTESIAN_POINT('',(5.,-87.4999999999999,74.9999999999997));
#15324=CARTESIAN_POINT('Origin',(5.,-1.56674673235102E-11,-1.68753899743024E-13));
#15325=CARTESIAN_POINT('Origin',(0.,-1.56674673235102E-11,-1.68753899743024E-13));
#15326=CARTESIAN_POINT('Origin',(-15.0000000136594,-74.9,55.1000008195639));
#15327=CARTESIAN_POINT('',(-19.5,-74.9,55.000000829498));
#15328=CARTESIAN_POINT('',(-19.5000000019868,-75.,55.1000008195639));
#15329=CARTESIAN_POINT('Origin',(-19.5000000019868,-74.9,55.1000008195639));
#15330=CARTESIAN_POINT('',(-19.9000000019868,-75.,55.1000008195639));
#15331=CARTESIAN_POINT('',(-15.0000000136594,-75.,55.1000008195639));
#15332=CARTESIAN_POINT('',(-19.9000000019868,-74.9,55.0000008195639));
#15333=CARTESIAN_POINT('Origin',(-19.9000000019868,-74.9,55.1000008195639));
#15334=CARTESIAN_POINT('',(-15.0000000136594,-74.9,55.0000008195639));
#15335=CARTESIAN_POINT('Origin',(-5.00000001365939,-74.9,69.8999999999997));
#15336=CARTESIAN_POINT('',(0.,-75.,69.8999999999997));
#15337=CARTESIAN_POINT('',(0.,-74.9,69.9999999999997));
#15338=CARTESIAN_POINT('Origin',(0.,-74.9,69.8999999999997));
#15339=CARTESIAN_POINT('',(-7.75000005463757,-74.9,69.9999999999997));
#15340=CARTESIAN_POINT('',(-5.00000001365939,-74.9,69.9999999999997));
#15341=CARTESIAN_POINT('',(-7.75000005463757,-75.,69.8999999999997));
#15342=CARTESIAN_POINT('Origin',(-7.75000005463757,-74.9,69.8999999999997));
#15343=CARTESIAN_POINT('',(-5.00000001365939,-75.,69.8999999999997));
#15344=CARTESIAN_POINT('Origin',(-7.75000005463757,-74.9,57.7499999999997));
#15345=CARTESIAN_POINT('',(-20.0000000546376,-74.9,57.7499997566141));
#15346=CARTESIAN_POINT('',(-19.9000000546376,-75.,57.7499997586009));
#15347=CARTESIAN_POINT('Origin',(-19.9000000546376,-74.9,57.7499997586009));
#15348=CARTESIAN_POINT('Origin',(-7.75000005463757,-75.,57.7499999999997));
#15349=CARTESIAN_POINT('Origin',(-7.75000005463757,-74.9,57.7499999999997));
#15350=CARTESIAN_POINT('Origin',(-19.9000001018243,-74.9,60.1249874883272));
#15351=CARTESIAN_POINT('',(-20.0000000019868,-74.9,55.100000817577));
#15352=CARTESIAN_POINT('Origin',(-19.9000000019868,-74.9,55.1000008195639));
#15353=CARTESIAN_POINT('',(-19.9000001018243,-75.,60.1249874883272));
#15354=CARTESIAN_POINT('',(-20.0000001018243,-74.9,60.1249874863404));
#15355=CARTESIAN_POINT('Origin',(-19.9000000019868,-74.9,55.1000008195639));
#15356=CARTESIAN_POINT('Origin',(-19.9000000019868,-74.9,55.1000008195639));
#15357=CARTESIAN_POINT('Origin',(-20.,75.,55.0000008195639));
#15358=CARTESIAN_POINT('',(-19.9000000019868,74.5,55.0000008195639));
#15359=CARTESIAN_POINT('',(-19.9000000019868,75.,55.0000008195639));
#15360=CARTESIAN_POINT('',(-19.5,74.9,55.000000829498));
#15361=CARTESIAN_POINT('Origin',(-19.5000000019868,74.5,55.0000008195639));
#15362=CARTESIAN_POINT('',(-19.5,75.,55.000000829498));
#15363=CARTESIAN_POINT('Origin',(-19.9000000019868,75.,55.1000008195639));
#15364=CARTESIAN_POINT('',(-20.0000000019868,74.5,55.1000008195639));
#15365=CARTESIAN_POINT('',(-20.0000000019868,75.,55.100000817577));
#15366=CARTESIAN_POINT('Origin',(-19.9000000019868,74.5,55.1000008195639));
#15367=CARTESIAN_POINT('Origin',(-20.0000000546376,75.,57.7499997566141));
#15368=CARTESIAN_POINT('',(-20.0000000546376,74.5,57.7499997566141));
#15369=CARTESIAN_POINT('',(-20.0000000546376,75.,57.7499997566141));
#15370=CARTESIAN_POINT('',(-20.0000001018243,74.5,60.1249874863404));
#15371=CARTESIAN_POINT('Origin',(-7.75000005463757,75.,57.7499999999997));
#15372=CARTESIAN_POINT('',(-7.75000005463757,74.5,69.9999999999997));
#15373=CARTESIAN_POINT('',(-7.75000005463757,75.,69.9999999999997));
#15374=CARTESIAN_POINT('Origin',(-7.75000005463757,74.5,57.7499999999997));
#15375=CARTESIAN_POINT('Origin',(0.,75.,69.9999999999997));
#15376=CARTESIAN_POINT('',(0.,74.5,69.9999999999997));
#15377=CARTESIAN_POINT('',(0.,75.,69.9999999999997));
#15378=CARTESIAN_POINT('',(-5.00000001365939,74.5,69.9999999999997));
#15379=CARTESIAN_POINT('Origin',(0.,75.,69.4999999999997));
#15380=CARTESIAN_POINT('',(0.,-75.,69.4999999999997));
#15381=CARTESIAN_POINT('',(0.,-75.,69.9999999999997));
#15382=CARTESIAN_POINT('',(0.,75.,69.4999999999997));
#15383=CARTESIAN_POINT('',(0.,75.,69.4999999999997));
#15384=CARTESIAN_POINT('Origin',(0.,74.5,69.4999999999997));
#15385=CARTESIAN_POINT('Ctrl Pts',(-19.5,74.9,55.0000008195639));
#15386=CARTESIAN_POINT('Ctrl Pts',(-19.6047197554508,74.9000000005201,55.0000008195639));
#15387=CARTESIAN_POINT('Ctrl Pts',(-19.8132525071258,74.813252506695,55.0000008195639));
#15388=CARTESIAN_POINT('Ctrl Pts',(-19.9000000019868,74.6047197554508,55.0000008195639));
#15389=CARTESIAN_POINT('Ctrl Pts',(-19.9000000019868,74.5,55.0000008195639));
#15390=CARTESIAN_POINT('Ctrl Pts',(-19.4999999998514,74.9299199300342,55.0000008195639));
#15391=CARTESIAN_POINT('Ctrl Pts',(-19.612586713467,74.9299199304922,55.000000819568));
#15392=CARTESIAN_POINT('Ctrl Pts',(-19.8367075173366,74.8367075169284,55.0000008195668));
#15393=CARTESIAN_POINT('Ctrl Pts',(-19.9299199316426,74.6125867135144,55.0000008195639));
#15394=CARTESIAN_POINT('Ctrl Pts',(-19.9299199316426,74.5,55.0000008195639));
#15395=CARTESIAN_POINT('Ctrl Pts',(-19.4999999995942,74.9817008401757,55.0251297000912));
#15396=CARTESIAN_POINT('Ctrl Pts',(-19.6260998314677,74.9817008405397,55.0251296999137));
#15397=CARTESIAN_POINT('Ctrl Pts',(-19.8772285756825,74.8772285753322,55.0251296995625));
#15398=CARTESIAN_POINT('Ctrl Pts',(-19.9817008411583,74.6260998316112,55.025129699417));
#15399=CARTESIAN_POINT('Ctrl Pts',(-19.9817008411583,74.5,55.025129699417));
#15400=CARTESIAN_POINT('Ctrl Pts',(-19.4999999995033,75.,55.0775608720382));
#15401=CARTESIAN_POINT('Ctrl Pts',(-19.630920971419,75.0000000005325,55.0775608715913));
#15402=CARTESIAN_POINT('Ctrl Pts',(-19.8915805404656,74.8915805403159,55.0775608707038));
#15403=CARTESIAN_POINT('Ctrl Pts',(-20.000000001541,74.6309209717978,55.0775608703352));
#15404=CARTESIAN_POINT('Ctrl Pts',(-20.000000001541,74.5,55.0775608703352));
#15405=CARTESIAN_POINT('Ctrl Pts',(-19.4999999995033,75.,55.1000008195639));
#15406=CARTESIAN_POINT('Ctrl Pts',(-19.6308996938168,75.0000000006502,55.1000008190437));
#15407=CARTESIAN_POINT('Ctrl Pts',(-19.8915656334106,74.8915656333687,55.100000818008));
#15408=CARTESIAN_POINT('Ctrl Pts',(-20.0000000019868,74.6308996943135,55.100000817577));
#15409=CARTESIAN_POINT('Ctrl Pts',(-20.0000000019868,74.5,55.100000817577));
#15410=CARTESIAN_POINT('',(-19.5000000019868,75.,55.1000008195639));
#15411=CARTESIAN_POINT('Ctrl Pts',(-19.5000000019869,75.,55.1000008195639));
#15412=CARTESIAN_POINT('Ctrl Pts',(-19.5000000019873,75.,55.0775608720382));
#15413=CARTESIAN_POINT('Ctrl Pts',(-19.500000001987,74.9921575029324,55.0550903697752));
#15414=CARTESIAN_POINT('Ctrl Pts',(-19.500000001987,74.9781652966229,55.0376345740995));
#15415=CARTESIAN_POINT('Ctrl Pts',(-19.500000001987,74.9595090215436,55.0143601798652));
#15416=CARTESIAN_POINT('Ctrl Pts',(-19.5000000019875,74.9299199300342,55.0000008195639));
#15417=CARTESIAN_POINT('Ctrl Pts',(-19.5000000019869,74.9,55.0000008195639));
#15418=CARTESIAN_POINT('Origin',(-19.5000000019868,74.5,55.1000008195639));
#15419=CARTESIAN_POINT('Origin',(-19.5,75.,55.000000829498));
#15420=CARTESIAN_POINT('',(-19.5000000546376,75.,57.7499997665482));
#15421=CARTESIAN_POINT('Ctrl Pts',(-19.5000000019868,75.,55.1000008195639));
#15422=CARTESIAN_POINT('Ctrl Pts',(-19.5000000195371,75.,55.983333801892));
#15423=CARTESIAN_POINT('Ctrl Pts',(-19.5000000370873,75.,56.8666667842201));
#15424=CARTESIAN_POINT('Ctrl Pts',(-19.5000000546376,75.,57.7499997665482));
#15425=CARTESIAN_POINT('',(-19.5000000546376,-75.,57.7499997665482));
#15426=CARTESIAN_POINT('',(-19.5000000546376,75.,57.7499997665482));
#15427=CARTESIAN_POINT('Ctrl Pts',(-19.5000000019868,-75.,55.1000008195639));
#15428=CARTESIAN_POINT('Ctrl Pts',(-19.5000000195371,-75.,55.983333801892));
#15429=CARTESIAN_POINT('Ctrl Pts',(-19.5000000370873,-75.,56.8666667842201));
#15430=CARTESIAN_POINT('Ctrl Pts',(-19.5000000546376,-75.,57.7499997665482));
#15431=CARTESIAN_POINT('Origin',(-19.5000001018243,74.5,60.1249874962745));
#15432=CARTESIAN_POINT('Origin',(-19.5000000546376,74.5,57.7499997665482));
#15433=CARTESIAN_POINT('Origin',(-5.00000001365939,74.5,69.4999999999997));
#15434=CARTESIAN_POINT('',(-7.75000005463757,75.,69.4999999999997));
#15435=CARTESIAN_POINT('',(0.,75.,69.4999999999997));
#15436=CARTESIAN_POINT('Origin',(-7.75000005463757,74.5,69.4999999999997));
#15437=CARTESIAN_POINT('Origin',(-7.75000005463757,74.5,57.7499999999997));
#15438=CARTESIAN_POINT('Origin',(-7.75000005463757,75.,57.7499999999997));
#15439=CARTESIAN_POINT('Origin',(-7.75000005463757,75.,69.4999999999997));
#15440=CARTESIAN_POINT('',(-7.75000005463757,-75.,69.4999999999997));
#15441=CARTESIAN_POINT('',(0.,-75.,69.4999999999997));
#15442=CARTESIAN_POINT('',(-7.75000005463757,75.,69.4999999999997));
#15443=CARTESIAN_POINT('Origin',(-7.75000005463757,75.,57.7499999999997));
#15444=CARTESIAN_POINT('Origin',(-7.75000005463757,-75.,57.7499999999997));
#15445=CARTESIAN_POINT('Origin',(-10.0000000273188,-75.,62.4999754147488));
#15446=CARTESIAN_POINT('Origin',(-14.6250125136594,74.9,55.1000008195639));
#15447=CARTESIAN_POINT('',(-19.5,74.9,55.000000829498));
#15448=CARTESIAN_POINT('',(-19.5000000019868,75.,55.1000008195639));
#15449=CARTESIAN_POINT('Origin',(-19.5000000019868,74.9,55.1000008195639));
#15450=CARTESIAN_POINT('',(0.,75.,55.1000008195639));
#15451=CARTESIAN_POINT('',(-14.6250125136594,75.,55.1000008195639));
#15452=CARTESIAN_POINT('',(0.,74.9,55.0000008195639));
#15453=CARTESIAN_POINT('Origin',(0.,74.9,55.1000008195639));
#15454=CARTESIAN_POINT('',(-14.6250125136594,74.9,55.0000008195639));
#15455=CARTESIAN_POINT('Origin',(-19.5000000546376,75.,57.7499997665482));
#15456=CARTESIAN_POINT('',(-19.5,74.5,55.000000829498));
#15457=CARTESIAN_POINT('',(-19.5,75.,55.000000829498));
#15458=CARTESIAN_POINT('',(-19.5000000546376,74.5,57.7499997665482));
#15459=CARTESIAN_POINT('Ctrl Pts',(-19.5000000546376,74.5,57.7499997665482));
#15460=CARTESIAN_POINT('Ctrl Pts',(-19.500000036425,74.5,56.8333334541981));
#15461=CARTESIAN_POINT('Ctrl Pts',(-19.5000000182125,74.5,55.916667141848));
#15462=CARTESIAN_POINT('Ctrl Pts',(-19.5,74.5,55.000000829498));
#15463=CARTESIAN_POINT('',(-19.5000000546376,75.,57.7499997665482));
#15464=CARTESIAN_POINT('',(-19.5000000546376,75.,57.7499997665482));
#15465=CARTESIAN_POINT('Ctrl Pts',(-19.5000000019868,75.,55.1000008195639));
#15466=CARTESIAN_POINT('Ctrl Pts',(-19.5000000195371,75.,55.983333801892));
#15467=CARTESIAN_POINT('Ctrl Pts',(-19.5000000370873,75.,56.8666667842201));
#15468=CARTESIAN_POINT('Ctrl Pts',(-19.5000000546376,75.,57.7499997665482));
#15469=CARTESIAN_POINT('Origin',(-19.5,75.,55.0000008195639));
#15470=CARTESIAN_POINT('',(0.,74.5,55.0000008195639));
#15471=CARTESIAN_POINT('',(0.,75.,55.0000008195639));
#15472=CARTESIAN_POINT('',(0.,74.5,55.0000008195639));
#15473=CARTESIAN_POINT('Origin',(-7.75000005463757,75.,57.7499999999997));
#15474=CARTESIAN_POINT('',(-7.75000005463757,75.,69.4999999999997));
#15475=CARTESIAN_POINT('Origin',(-7.75000005463757,75.,57.7499999999997));
#15476=CARTESIAN_POINT('',(-7.75000005463757,74.5,69.4999999999997));
#15477=CARTESIAN_POINT('Origin',(-7.75000005463757,74.5,57.7499999999997));
#15478=CARTESIAN_POINT('',(-7.75000005463757,75.,69.4999999999997));
#15479=CARTESIAN_POINT('Origin',(0.,75.,69.4999999999997));
#15480=CARTESIAN_POINT('',(0.,75.,69.4999999999997));
#15481=CARTESIAN_POINT('',(0.,75.,69.4999999999997));
#15482=CARTESIAN_POINT('',(0.,74.5,69.4999999999997));
#15483=CARTESIAN_POINT('',(0.,74.5,69.4999999999997));
#15484=CARTESIAN_POINT('',(0.,75.,69.4999999999997));
#15485=CARTESIAN_POINT('Origin',(0.,75.,55.0000008195639));
#15486=CARTESIAN_POINT('',(0.,75.,69.9999999999997));
#15487=CARTESIAN_POINT('',(0.,74.5,69.9999999999997));
#15488=CARTESIAN_POINT('Origin',(-9.75002502731879,75.,62.2499754147488));
#15489=CARTESIAN_POINT('Origin',(-9.75002502731879,74.5,62.2499754147488));
#15490=CARTESIAN_POINT('Origin',(-14.6250125136594,-74.9,55.1000008195639));
#15491=CARTESIAN_POINT('',(-19.5000000019868,-75.,55.1000008195639));
#15492=CARTESIAN_POINT('',(-19.5,-74.9,55.000000829498));
#15493=CARTESIAN_POINT('Origin',(-19.5000000019868,-74.9,55.1000008195639));
#15494=CARTESIAN_POINT('',(0.,-74.9,55.0000008195639));
#15495=CARTESIAN_POINT('',(-14.6250125136594,-74.9,55.0000008195639));
#15496=CARTESIAN_POINT('',(0.,-75.,55.1000008195639));
#15497=CARTESIAN_POINT('Origin',(0.,-74.9,55.1000008195639));
#15498=CARTESIAN_POINT('',(-14.6250125136594,-75.,55.1000008195639));
#15499=CARTESIAN_POINT('Origin',(0.,-75.,55.0000008195639));
#15500=CARTESIAN_POINT('',(0.,-74.5,55.0000008195639));
#15501=CARTESIAN_POINT('',(0.,-75.,55.0000008195639));
#15502=CARTESIAN_POINT('',(0.,-74.5,69.4999999999997));
#15503=CARTESIAN_POINT('',(0.,-74.5,69.9999999999997));
#15504=CARTESIAN_POINT('',(0.,-75.,69.4999999999997));
#15505=CARTESIAN_POINT('',(0.,-75.,69.4999999999997));
#15506=CARTESIAN_POINT('',(0.,-75.,69.9999999999997));
#15507=CARTESIAN_POINT('Origin',(-19.5,-75.,55.0000008195639));
#15508=CARTESIAN_POINT('',(-19.5,-74.5,55.000000829498));
#15509=CARTESIAN_POINT('',(-19.5,-75.,55.000000829498));
#15510=CARTESIAN_POINT('',(0.,-74.5,55.0000008195639));
#15511=CARTESIAN_POINT('Origin',(-19.5000000546376,-75.,57.7499997665482));
#15512=CARTESIAN_POINT('',(-19.5000000546376,-75.,57.7499997665482));
#15513=CARTESIAN_POINT('Ctrl Pts',(-19.5000000019868,-75.,55.1000008195639));
#15514=CARTESIAN_POINT('Ctrl Pts',(-19.5000000195371,-75.,55.983333801892));
#15515=CARTESIAN_POINT('Ctrl Pts',(-19.5000000370873,-75.,56.8666667842201));
#15516=CARTESIAN_POINT('Ctrl Pts',(-19.5000000546376,-75.,57.7499997665482));
#15517=CARTESIAN_POINT('',(-19.5000000546376,-74.5,57.7499997665482));
#15518=CARTESIAN_POINT('',(-19.5000000546376,-75.,57.7499997665482));
#15519=CARTESIAN_POINT('Ctrl Pts',(-19.5000000546376,-74.5,57.7499997665482));
#15520=CARTESIAN_POINT('Ctrl Pts',(-19.500000036425,-74.5,56.8333334541981));
#15521=CARTESIAN_POINT('Ctrl Pts',(-19.5000000182125,-74.5,55.916667141848));
#15522=CARTESIAN_POINT('Ctrl Pts',(-19.5,-74.5,55.000000829498));
#15523=CARTESIAN_POINT('Origin',(-7.75000005463757,-75.,57.7499999999997));
#15524=CARTESIAN_POINT('',(-7.75000005463757,-75.,69.4999999999997));
#15525=CARTESIAN_POINT('Origin',(-7.75000005463757,-75.,57.7499999999997));
#15526=CARTESIAN_POINT('',(-7.75000005463757,-74.5,69.4999999999997));
#15527=CARTESIAN_POINT('',(-7.75000005463757,-75.,69.4999999999997));
#15528=CARTESIAN_POINT('Origin',(-7.75000005463757,-74.5,57.7499999999997));
#15529=CARTESIAN_POINT('Origin',(0.,-75.,69.4999999999997));
#15530=CARTESIAN_POINT('',(0.,-75.,69.4999999999997));
#15531=CARTESIAN_POINT('',(0.,-74.5,69.4999999999997));
#15532=CARTESIAN_POINT('Origin',(-9.75002502731879,-75.,62.2499754147488));
#15533=CARTESIAN_POINT('Origin',(-9.75002502731879,-74.5,62.2499754147488));
#15534=CARTESIAN_POINT('',(0.,0.,0.));
#15535=CARTESIAN_POINT('Origin',(87.5000000000021,0.,72.7222301929138));
#15536=CARTESIAN_POINT('',(87.4999999999983,0.,72.7222301929138));
#15537=CARTESIAN_POINT('',(87.4999999999986,0.,-72.7222301929113));
#15538=CARTESIAN_POINT('',(87.5000000000021,0.,36.3611150964569));
#15539=CARTESIAN_POINT('',(87.4999999999983,-2.5,72.7222301929138));
#15540=CARTESIAN_POINT('',(87.4999999999983,0.,72.7222301929138));
#15541=CARTESIAN_POINT('',(87.4999999999986,-2.5,-72.7222301929113));
#15542=CARTESIAN_POINT('',(87.5000000000021,-2.5,-74.9999999999999));
#15543=CARTESIAN_POINT('',(87.4999999999986,0.,-72.7222301929113));
#15544=CARTESIAN_POINT('Origin',(87.4999999999986,0.,-72.7222301929113));
#15545=CARTESIAN_POINT('',(85.5476258796315,0.,-74.999999999999));
#15546=CARTESIAN_POINT('',(86.9372568711295,0.,-73.3787638432565));
#15547=CARTESIAN_POINT('',(85.5476258796315,-2.5,-74.999999999999));
#15548=CARTESIAN_POINT('',(87.4999999999986,-2.5,-72.7222301929113));
#15549=CARTESIAN_POINT('',(85.5476258796315,0.,-74.999999999999));
#15550=CARTESIAN_POINT('Origin',(85.5476258796315,0.,-74.9999999999999));
#15551=CARTESIAN_POINT('',(-85.547625879629,0.,-75.0000000000003));
#15552=CARTESIAN_POINT('',(42.7738129398168,0.,-74.9999999999999));
#15553=CARTESIAN_POINT('',(-85.547625879629,-2.5,-75.0000000000003));
#15554=CARTESIAN_POINT('',(-87.4999999999979,-2.5,-74.9999999999999));
#15555=CARTESIAN_POINT('',(-85.547625879629,0.,-75.0000000000003));
#15556=CARTESIAN_POINT('Origin',(-85.547625879629,0.,-75.0000000000003));
#15557=CARTESIAN_POINT('',(-87.4999999999978,0.,-72.7222301929092));
#15558=CARTESIAN_POINT('',(-85.9610698109546,0.,-74.5176487467883));
#15559=CARTESIAN_POINT('',(-87.4999999999978,-2.5,-72.7222301929092));
#15560=CARTESIAN_POINT('',(-87.4999999999978,-2.5,-72.7222301929092));
#15561=CARTESIAN_POINT('',(-87.4999999999978,0.,-72.7222301929092));
#15562=CARTESIAN_POINT('Origin',(2.06057393370429E-12,-2.5,-9.76996261670138E-14));
#15563=CARTESIAN_POINT('',(-85.5476258796294,-2.5,75.0000000000001));
#15564=CARTESIAN_POINT('',(-87.4999999999978,-2.5,72.722230192907));
#15565=CARTESIAN_POINT('',(-87.4999999999978,-2.5,72.722230192907));
#15566=CARTESIAN_POINT('',(-87.4999999999979,-2.5,75.0000000000001));
#15567=CARTESIAN_POINT('',(85.5476258796315,-2.5,74.9999999999973));
#15568=CARTESIAN_POINT('',(87.4999999999983,-2.5,72.7222301929138));
#15569=CARTESIAN_POINT('',(87.5000000000021,-2.5,75.0000000000001));
#15570=CARTESIAN_POINT('',(-50.,-2.5,6.12323399573677E-15));
#15571=CARTESIAN_POINT('Origin',(0.,-2.5,0.));
#15572=CARTESIAN_POINT('Origin',(0.,0.,0.));
#15573=CARTESIAN_POINT('',(-6.13343936291884E-15,-0.49300649116848,-50.0833331470688));
#15574=CARTESIAN_POINT('Origin',(0.,-0.49300649116848,0.));
#15575=CARTESIAN_POINT('',(6.18446619882919E-15,0.,-50.4999988824129));
#15576=CARTESIAN_POINT('Origin',(-6.12323385887182E-15,0.,-49.9999988824129));
#15577=CARTESIAN_POINT('Origin',(0.,0.,0.));
#15578=CARTESIAN_POINT('Origin',(0.,0.,0.));
#15579=CARTESIAN_POINT('',(-50.,-0.591607789402177,-6.12323399573677E-15));
#15580=CARTESIAN_POINT('',(-6.12323399573677E-15,-0.591607789402177,-50.));
#15581=CARTESIAN_POINT('Origin',(0.,-0.591607789402177,0.));
#15582=CARTESIAN_POINT('',(-50.,0.,6.12323399573677E-15));
#15583=CARTESIAN_POINT('Origin',(0.,-0.591607789402177,0.));
#15584=CARTESIAN_POINT('Origin',(0.,-0.591607789402177,0.));
#15585=CARTESIAN_POINT('Origin',(-6.13548046372824E-15,-0.591607789402177,
-50.1));
#15586=CARTESIAN_POINT('Origin',(-87.4999999999979,0.,-72.7222301929092));
#15587=CARTESIAN_POINT('',(-87.4999999999978,0.,72.722230192907));
#15588=CARTESIAN_POINT('',(-87.4999999999979,0.,-36.3611150964547));
#15589=CARTESIAN_POINT('',(-87.4999999999978,0.,72.722230192907));
#15590=CARTESIAN_POINT('Origin',(-87.4999999999978,0.,72.722230192907));
#15591=CARTESIAN_POINT('',(-85.5476258796294,0.,75.0000000000001));
#15592=CARTESIAN_POINT('',(-86.9372568711585,0.,73.3787638432186));
#15593=CARTESIAN_POINT('',(-85.5476258796294,0.,75.0000000000001));
#15594=CARTESIAN_POINT('Origin',(-85.5476258796294,0.,75.0000000000001));
#15595=CARTESIAN_POINT('',(85.5476258796315,0.,74.9999999999973));
#15596=CARTESIAN_POINT('',(-42.7738129398137,0.,75.0000000000001));
#15597=CARTESIAN_POINT('',(85.5476258796315,0.,74.9999999999973));
#15598=CARTESIAN_POINT('Origin',(85.5476258796315,0.,74.9999999999973));
#15599=CARTESIAN_POINT('',(85.9610698109147,0.,74.5176487468358));
#15600=CARTESIAN_POINT('Origin',(2.06057393370429E-12,0.,-9.76996261670138E-14));
#15601=CARTESIAN_POINT('Origin',(2.06057393370429E-12,0.,-9.76996261670138E-14));
#15602=CARTESIAN_POINT('',(-87.4999999999978,0.,-72.7222301929092));
#15603=CARTESIAN_POINT('',(-87.4999999999978,0.,72.722230192907));
#15604=CARTESIAN_POINT('',(-87.4999999999979,0.,-36.3611150964547));
#15605=CARTESIAN_POINT('',(-85.547625879629,0.,-75.0000000000003));
#15606=CARTESIAN_POINT('',(-85.9610698109546,0.,-74.5176487467883));
#15607=CARTESIAN_POINT('',(85.5476258796315,0.,-74.999999999999));
#15608=CARTESIAN_POINT('',(42.7738129398168,0.,-74.9999999999999));
#15609=CARTESIAN_POINT('',(87.4999999999986,0.,-72.7222301929113));
#15610=CARTESIAN_POINT('',(86.9372568711295,0.,-73.3787638432565));
#15611=CARTESIAN_POINT('',(87.4999999999983,0.,72.7222301929138));
#15612=CARTESIAN_POINT('',(87.5000000000021,0.,36.3611150964569));
#15613=CARTESIAN_POINT('',(85.5476258796315,0.,74.9999999999973));
#15614=CARTESIAN_POINT('',(85.9610698109147,0.,74.5176487468358));
#15615=CARTESIAN_POINT('',(-85.5476258796294,0.,75.0000000000001));
#15616=CARTESIAN_POINT('',(-42.7738129398137,0.,75.0000000000001));
#15617=CARTESIAN_POINT('',(-86.9372568711585,0.,73.3787638432186));
#15618=CARTESIAN_POINT('',(6.18446619882919E-15,0.,-50.4999988824129));
#15619=CARTESIAN_POINT('Origin',(0.,0.,0.));
#15620=CARTESIAN_POINT('Origin',(87.5000000000021,0.,72.7222301929138));
#15621=CARTESIAN_POINT('',(87.4999999999986,2.5,-72.7222301929113));
#15622=CARTESIAN_POINT('',(87.4999999999986,0.,-72.7222301929113));
#15623=CARTESIAN_POINT('',(87.4999999999983,2.5,72.7222301929138));
#15624=CARTESIAN_POINT('',(87.5000000000021,2.5,-74.9999999999999));
#15625=CARTESIAN_POINT('',(87.4999999999983,0.,72.7222301929138));
#15626=CARTESIAN_POINT('Origin',(87.4999999999986,0.,-72.7222301929113));
#15627=CARTESIAN_POINT('',(85.5476258796315,2.5,-74.999999999999));
#15628=CARTESIAN_POINT('',(85.5476258796315,0.,-74.999999999999));
#15629=CARTESIAN_POINT('',(87.4999999999986,2.5,-72.7222301929113));
#15630=CARTESIAN_POINT('Origin',(85.5476258796315,0.,-74.9999999999999));
#15631=CARTESIAN_POINT('',(-85.547625879629,2.5,-75.0000000000003));
#15632=CARTESIAN_POINT('',(-85.547625879629,0.,-75.0000000000003));
#15633=CARTESIAN_POINT('',(-87.4999999999979,2.5,-74.9999999999999));
#15634=CARTESIAN_POINT('Origin',(-85.547625879629,0.,-75.0000000000003));
#15635=CARTESIAN_POINT('',(-87.4999999999978,2.5,-72.7222301929092));
#15636=CARTESIAN_POINT('',(-87.4999999999978,0.,-72.7222301929092));
#15637=CARTESIAN_POINT('',(-87.4999999999978,2.5,-72.7222301929092));
#15638=CARTESIAN_POINT('Origin',(0.,0.591607789402177,0.));
#15639=CARTESIAN_POINT('',(-50.,0.591607789402177,6.12323399573677E-15));
#15640=CARTESIAN_POINT('',(-6.12323399573677E-15,0.591607789402177,50.));
#15641=CARTESIAN_POINT('Origin',(0.,0.591607789402177,0.));
#15642=CARTESIAN_POINT('',(-6.13343936291884E-15,0.49300649116848,50.0833331470688));
#15643=CARTESIAN_POINT('Origin',(-6.13548046372824E-15,0.591607789402177,
50.1));
#15644=CARTESIAN_POINT('',(-6.13343936291884E-15,0.49300649116848,-50.0833331470688));
#15645=CARTESIAN_POINT('Origin',(0.,0.49300649116848,0.));
#15646=CARTESIAN_POINT('Origin',(0.,0.49300649116848,0.));
#15647=CARTESIAN_POINT('Origin',(0.,0.591607789402177,0.));
#15648=CARTESIAN_POINT('Origin',(0.,0.,0.));
#15649=CARTESIAN_POINT('',(-50.,2.5,6.12323399573677E-15));
#15650=CARTESIAN_POINT('Origin',(0.,2.5,0.));
#15651=CARTESIAN_POINT('',(-50.,0.,6.12323399573677E-15));
#15652=CARTESIAN_POINT('Origin',(0.,0.,0.));
#15653=CARTESIAN_POINT('Origin',(-6.12323385887182E-15,0.,-49.9999988824129));
#15654=CARTESIAN_POINT('Origin',(-87.4999999999979,0.,-72.7222301929092));
#15655=CARTESIAN_POINT('',(-87.4999999999978,2.5,72.722230192907));
#15656=CARTESIAN_POINT('',(-87.4999999999978,0.,72.722230192907));
#15657=CARTESIAN_POINT('',(-87.4999999999979,2.5,75.0000000000001));
#15658=CARTESIAN_POINT('Origin',(85.5476258796315,0.,74.9999999999973));
#15659=CARTESIAN_POINT('',(85.5476258796315,2.5,74.9999999999973));
#15660=CARTESIAN_POINT('',(87.4999999999983,2.5,72.7222301929138));
#15661=CARTESIAN_POINT('',(85.5476258796315,0.,74.9999999999973));
#15662=CARTESIAN_POINT('Origin',(-85.5476258796294,0.,75.0000000000001));
#15663=CARTESIAN_POINT('',(-85.5476258796294,2.5,75.0000000000001));
#15664=CARTESIAN_POINT('',(87.5000000000021,2.5,75.0000000000001));
#15665=CARTESIAN_POINT('',(-85.5476258796294,0.,75.0000000000001));
#15666=CARTESIAN_POINT('Origin',(-87.4999999999978,0.,72.722230192907));
#15667=CARTESIAN_POINT('',(-87.4999999999978,2.5,72.722230192907));
#15668=CARTESIAN_POINT('Origin',(2.06057393370429E-12,2.5,-9.76996261670138E-14));
#15669=CARTESIAN_POINT('',(0.,0.,0.));
#15670=CARTESIAN_POINT('Origin',(23.,0.,-23.));
#15671=CARTESIAN_POINT('',(-23.,2.5,-23.));
#15672=CARTESIAN_POINT('',(23.,2.5,-23.));
#15673=CARTESIAN_POINT('',(-11.5,2.5,-23.));
#15674=CARTESIAN_POINT('',(23.,4.,-23.));
#15675=CARTESIAN_POINT('',(23.,0.,-23.));
#15676=CARTESIAN_POINT('',(-23.,4.,-23.));
#15677=CARTESIAN_POINT('',(-23.,4.,-23.));
#15678=CARTESIAN_POINT('',(-23.,0.,-23.));
#15679=CARTESIAN_POINT('Origin',(-23.,0.,-23.));
#15680=CARTESIAN_POINT('',(-23.,2.5,23.));
#15681=CARTESIAN_POINT('',(-23.,2.5,11.5));
#15682=CARTESIAN_POINT('',(-23.,4.,23.));
#15683=CARTESIAN_POINT('',(-23.,4.,23.));
#15684=CARTESIAN_POINT('',(-23.,0.,23.));
#15685=CARTESIAN_POINT('Origin',(23.,0.,23.));
#15686=CARTESIAN_POINT('',(23.,2.5,23.));
#15687=CARTESIAN_POINT('',(23.,2.5,23.7427414481137));
#15688=CARTESIAN_POINT('',(23.,4.,23.));
#15689=CARTESIAN_POINT('',(23.,0.,23.));
#15690=CARTESIAN_POINT('',(23.,4.,-23.));
#15691=CARTESIAN_POINT('Origin',(-23.,0.,23.));
#15692=CARTESIAN_POINT('',(-23.5000001788139,2.5,23.));
#15693=CARTESIAN_POINT('',(23.,4.,23.));
#15694=CARTESIAN_POINT('Origin',(0.,4.,0.));
#15695=CARTESIAN_POINT('',(-20.5,4.,-20.5));
#15696=CARTESIAN_POINT('',(20.5,4.,-20.5));
#15697=CARTESIAN_POINT('',(-10.25,4.,-20.5));
#15698=CARTESIAN_POINT('',(-20.5,4.,20.5));
#15699=CARTESIAN_POINT('',(-20.5,4.,10.25));
#15700=CARTESIAN_POINT('',(20.5,4.,20.5));
#15701=CARTESIAN_POINT('',(10.25,4.,20.5));
#15702=CARTESIAN_POINT('',(20.5,4.,-10.25));
#15703=CARTESIAN_POINT('Origin',(-20.5,0.,20.5));
#15704=CARTESIAN_POINT('',(-20.5,5.,-20.5));
#15705=CARTESIAN_POINT('',(-20.5,0.,-20.5));
#15706=CARTESIAN_POINT('',(-20.5,5.,20.5));
#15707=CARTESIAN_POINT('',(-20.5,5.,20.5));
#15708=CARTESIAN_POINT('',(-20.5,0.,20.5));
#15709=CARTESIAN_POINT('Origin',(-20.5,0.,-20.5));
#15710=CARTESIAN_POINT('',(20.5,5.,-20.5));
#15711=CARTESIAN_POINT('',(20.5,0.,-20.5));
#15712=CARTESIAN_POINT('',(-20.5,5.,-20.5));
#15713=CARTESIAN_POINT('Origin',(20.5,0.,20.5));
#15714=CARTESIAN_POINT('',(20.5,5.,20.5));
#15715=CARTESIAN_POINT('',(20.5,5.,20.5));
#15716=CARTESIAN_POINT('',(20.5,0.,20.5));
#15717=CARTESIAN_POINT('Origin',(20.5,0.,-20.5));
#15718=CARTESIAN_POINT('',(20.5,5.,-20.5));
#15719=CARTESIAN_POINT('Origin',(-74.999999999996,0.,70.0000000000005));
#15720=CARTESIAN_POINT('',(75.000000000004,5.,70.0000000000005));
#15721=CARTESIAN_POINT('',(-74.999999999996,5.,70.0000000000005));
#15722=CARTESIAN_POINT('',(-37.4999999999954,5.,70.0000000000005));
#15723=CARTESIAN_POINT('',(75.000000000004,0.,70.0000000000005));
#15724=CARTESIAN_POINT('',(75.000000000004,0.,70.0000000000005));
#15725=CARTESIAN_POINT('',(-74.999999999996,0.,70.0000000000005));
#15726=CARTESIAN_POINT('',(-37.4999999999954,0.,70.0000000000005));
#15727=CARTESIAN_POINT('',(-74.999999999996,0.,70.0000000000005));
#15728=CARTESIAN_POINT('Origin',(-74.999999999996,0.,55.0000000000005));
#15729=CARTESIAN_POINT('',(-74.999999999996,5.,55.0000000000005));
#15730=CARTESIAN_POINT('',(-74.999999999996,5.,27.5000000000005));
#15731=CARTESIAN_POINT('',(-74.999999999996,0.,55.0000000000005));
#15732=CARTESIAN_POINT('',(-74.999999999996,0.,27.5000000000005));
#15733=CARTESIAN_POINT('',(-74.999999999996,0.,55.0000000000005));
#15734=CARTESIAN_POINT('Origin',(75.000000000004,0.,55.0000000000005));
#15735=CARTESIAN_POINT('',(75.000000000004,5.,55.0000000000005));
#15736=CARTESIAN_POINT('',(37.5000000000046,5.,55.0000000000005));
#15737=CARTESIAN_POINT('',(75.000000000004,0.,55.0000000000005));
#15738=CARTESIAN_POINT('',(37.5000000000046,0.,55.0000000000005));
#15739=CARTESIAN_POINT('',(75.000000000004,0.,55.0000000000005));
#15740=CARTESIAN_POINT('Origin',(75.000000000004,0.,70.0000000000005));
#15741=CARTESIAN_POINT('',(75.000000000004,5.,35.0000000000005));
#15742=CARTESIAN_POINT('',(75.000000000004,0.,35.0000000000005));
#15743=CARTESIAN_POINT('Origin',(0.,2.5,0.));
#15744=CARTESIAN_POINT('',(-47.5,2.5,-47.5));
#15745=CARTESIAN_POINT('',(-47.5,2.5,47.5));
#15746=CARTESIAN_POINT('',(-47.5,2.5,-47.5));
#15747=CARTESIAN_POINT('',(47.5,2.5,-47.5));
#15748=CARTESIAN_POINT('',(47.5,2.5,-47.5));
#15749=CARTESIAN_POINT('',(47.5,2.5,47.5));
#15750=CARTESIAN_POINT('',(47.5,2.5,47.5));
#15751=CARTESIAN_POINT('',(-47.5,2.5,47.5));
#15752=CARTESIAN_POINT('Origin',(5.20472553944273E-12,5.,4.88498130835069E-13));
#15753=CARTESIAN_POINT('',(87.4999999999951,5.,72.7222301929073));
#15754=CARTESIAN_POINT('',(87.4999999999994,5.,-72.7222301928962));
#15755=CARTESIAN_POINT('',(87.5000000000133,5.,75.0000000000006));
#15756=CARTESIAN_POINT('',(85.5476258796812,5.,-75.0000000000047));
#15757=CARTESIAN_POINT('',(87.4999999999994,5.,-72.7222301928962));
#15758=CARTESIAN_POINT('',(-85.5476258796456,5.,-74.9999999999894));
#15759=CARTESIAN_POINT('',(87.5000000000133,5.,-74.9999999999995));
#15760=CARTESIAN_POINT('',(-87.5000000000029,5.,-72.7222301928863));
#15761=CARTESIAN_POINT('',(-87.5000000000029,5.,-72.7222301928863));
#15762=CARTESIAN_POINT('',(-87.4999999999867,5.,72.7222301928855));
#15763=CARTESIAN_POINT('',(-87.4999999999867,5.,-74.9999999999995));
#15764=CARTESIAN_POINT('',(-85.5476258796412,5.,75.0000000000005));
#15765=CARTESIAN_POINT('',(-87.4999999999867,5.,72.7222301928855));
#15766=CARTESIAN_POINT('',(85.5476258796635,5.,75.0000000000057));
#15767=CARTESIAN_POINT('',(-87.4999999999867,5.,75.0000000000005));
#15768=CARTESIAN_POINT('',(87.4999999999951,5.,72.7222301929073));
#15769=CARTESIAN_POINT('Origin',(47.5,0.,-47.5));
#15770=CARTESIAN_POINT('',(47.5,0.,-47.5));
#15771=CARTESIAN_POINT('',(-47.5,0.,-47.5));
#15772=CARTESIAN_POINT('',(23.7500000000026,0.,-47.5));
#15773=CARTESIAN_POINT('',(47.5,0.,-47.5));
#15774=CARTESIAN_POINT('',(-47.5,0.,-47.5));
#15775=CARTESIAN_POINT('Origin',(47.5,0.,47.5));
#15776=CARTESIAN_POINT('',(47.5,0.,47.5));
#15777=CARTESIAN_POINT('',(47.5,0.,23.7500000000002));
#15778=CARTESIAN_POINT('',(47.5,0.,47.5));
#15779=CARTESIAN_POINT('Origin',(-47.5,0.,47.5));
#15780=CARTESIAN_POINT('',(-47.5,0.,47.5));
#15781=CARTESIAN_POINT('',(-23.7499999999974,0.,47.5));
#15782=CARTESIAN_POINT('',(-47.5,0.,47.5));
#15783=CARTESIAN_POINT('Origin',(-47.5,0.,-47.5));
#15784=CARTESIAN_POINT('',(-47.5,0.,-23.7499999999998));
#15785=CARTESIAN_POINT('Origin',(85.5476258796635,0.,75.0000000000057));
#15786=CARTESIAN_POINT('',(87.4999999999951,0.,72.7222301929073));
#15787=CARTESIAN_POINT('',(85.5476258796635,0.,75.0000000000057));
#15788=CARTESIAN_POINT('',(87.4999999999951,0.,72.7222301929073));
#15789=CARTESIAN_POINT('',(87.4999999999951,0.,72.7222301929073));
#15790=CARTESIAN_POINT('',(85.5476258796635,0.,75.0000000000057));
#15791=CARTESIAN_POINT('Origin',(-85.5476258796412,0.,75.0000000000005));
#15792=CARTESIAN_POINT('',(-85.5476258796412,0.,75.0000000000005));
#15793=CARTESIAN_POINT('',(-87.4999999999867,0.,75.0000000000005));
#15794=CARTESIAN_POINT('',(-85.5476258796412,0.,75.0000000000005));
#15795=CARTESIAN_POINT('Origin',(-87.4999999999867,0.,72.7222301928855));
#15796=CARTESIAN_POINT('',(-87.4999999999867,0.,72.7222301928855));
#15797=CARTESIAN_POINT('',(-87.4999999999867,0.,72.7222301928855));
#15798=CARTESIAN_POINT('',(-87.4999999999867,0.,72.7222301928855));
#15799=CARTESIAN_POINT('Origin',(-87.4999999999867,0.,-72.7222301928863));
#15800=CARTESIAN_POINT('',(-87.5000000000029,0.,-72.7222301928863));
#15801=CARTESIAN_POINT('',(-87.4999999999867,0.,-74.9999999999995));
#15802=CARTESIAN_POINT('',(-87.5000000000029,0.,-72.7222301928863));
#15803=CARTESIAN_POINT('Origin',(-85.5476258796456,0.,-74.9999999999894));
#15804=CARTESIAN_POINT('',(-85.5476258796456,0.,-74.9999999999894));
#15805=CARTESIAN_POINT('',(-87.5000000000029,0.,-72.7222301928863));
#15806=CARTESIAN_POINT('',(-85.5476258796456,0.,-74.9999999999894));
#15807=CARTESIAN_POINT('Origin',(85.5476258796812,0.,-74.9999999999995));
#15808=CARTESIAN_POINT('',(85.5476258796812,0.,-75.0000000000047));
#15809=CARTESIAN_POINT('',(87.5000000000133,0.,-74.9999999999995));
#15810=CARTESIAN_POINT('',(85.5476258796812,0.,-75.0000000000047));
#15811=CARTESIAN_POINT('Origin',(87.4999999999994,0.,-72.7222301928962));
#15812=CARTESIAN_POINT('',(87.4999999999994,0.,-72.7222301928962));
#15813=CARTESIAN_POINT('',(87.4999999999994,0.,-72.7222301928962));
#15814=CARTESIAN_POINT('',(87.4999999999994,0.,-72.7222301928962));
#15815=CARTESIAN_POINT('Origin',(87.5000000000133,0.,72.7222301929073));
#15816=CARTESIAN_POINT('',(87.5000000000133,0.,75.0000000000006));
#15817=CARTESIAN_POINT('Origin',(5.20472553944273E-12,0.,4.88498130835069E-13));
#15818=CARTESIAN_POINT('',(0.,0.,0.));
#15819=CARTESIAN_POINT('',(0.,0.,0.));
#15820=CARTESIAN_POINT('Origin',(-59.9970810120271,0.,0.591836156601255));
#15821=CARTESIAN_POINT('',(-60.0128633095364,0.,-1.00808600371947));
#15822=CARTESIAN_POINT('',(-59.9812987145177,0.,2.19175831692198));
#15823=CARTESIAN_POINT('',(-59.9970810120271,0.,0.591836156601255));
#15824=CARTESIAN_POINT('Origin',(-59.9970810120271,0.,0.591836156601255));
#15825=CARTESIAN_POINT('Origin',(-69.9965945140316,0.,0.690475516034798));
#15826=CARTESIAN_POINT('',(-67.4935337313433,0.,-0.934293559877691));
#15827=CARTESIAN_POINT('',(-70.012376811541,0.,-0.909446644285924));
#15828=CARTESIAN_POINT('',(-67.5,-1.45488469833161,3.06887893877629E-11));
#15829=CARTESIAN_POINT('Ctrl Pts',(-67.5,-1.45488469833161,6.13693817985705E-11));
#15830=CARTESIAN_POINT('Ctrl Pts',(-67.5000000000002,-1.3742331084374,-0.176241679171795));
#15831=CARTESIAN_POINT('Ctrl Pts',(-67.4992848072829,-1.26046639143976,
-0.336483056629182));
#15832=CARTESIAN_POINT('Ctrl Pts',(-67.4974142463635,-0.989317673418912,
-0.607663418613373));
#15833=CARTESIAN_POINT('Ctrl Pts',(-67.4960930358976,-0.809406284065396,
-0.730817244970527));
#15834=CARTESIAN_POINT('Ctrl Pts',(-67.4941271188537,-0.415201586175996,
-0.894132776342936));
#15835=CARTESIAN_POINT('Ctrl Pts',(-67.4935337313433,-0.200907641619379,
-0.934293559877818));
#15836=CARTESIAN_POINT('Ctrl Pts',(-67.4935337313433,3.46944695195361E-17,
-0.934293559877818));
#15837=CARTESIAN_POINT('',(-67.4619691363245,0.,2.26555076076354));
#15838=CARTESIAN_POINT('Ctrl Pts',(-67.4619691363245,-3.46944695195361E-17,
2.26555076076363));
#15839=CARTESIAN_POINT('Ctrl Pts',(-67.4619691363245,-0.200907641619379,
2.26555076076363));
#15840=CARTESIAN_POINT('Ctrl Pts',(-67.4633546566129,-0.415201586175996,
2.22540949799819));
#15841=CARTESIAN_POINT('Ctrl Pts',(-67.468541902237,-0.809406284065396,
2.06216452839695));
#15842=CARTESIAN_POINT('Ctrl Pts',(-67.4722923003136,-0.989317673418912,
1.93906073049546));
#15843=CARTESIAN_POINT('Ctrl Pts',(-67.4798570651534,-1.27342402486505,
1.65501517864597));
#15844=CARTESIAN_POINT('Ctrl Pts',(-67.4841671930178,-1.39655882836371,
1.47513755230537));
#15845=CARTESIAN_POINT('Ctrl Pts',(-67.4916314736967,-1.55984702427043,
1.0809873042997));
#15846=CARTESIAN_POINT('Ctrl Pts',(-67.4947343984441,-1.6,0.866713541539562));
#15847=CARTESIAN_POINT('Ctrl Pts',(-67.4986978786168,-1.6,0.464917810813262));
#15848=CARTESIAN_POINT('Ctrl Pts',(-67.4998225173711,-1.55984702427043,
0.25062453341743));
#15849=CARTESIAN_POINT('Ctrl Pts',(-67.4999930413467,-1.47075561447158,
0.0355343594394479));
#15850=CARTESIAN_POINT('Ctrl Pts',(-67.5,-1.46297989452924,0.0176898059717472));
#15851=CARTESIAN_POINT('Ctrl Pts',(-67.5,-1.45488469833161,6.13693621697812E-11));
#15852=CARTESIAN_POINT('',(-69.9808122165222,0.,2.29039767635552));
#15853=CARTESIAN_POINT('Origin',(0.,0.,0.));
#15854=CARTESIAN_POINT('',(67.4619691363245,0.,2.26555076076354));
#15855=CARTESIAN_POINT('Origin',(0.,0.,0.));
#15856=CARTESIAN_POINT('',(59.9812987145177,0.,2.19175831692198));
#15857=CARTESIAN_POINT('',(69.9808122165222,0.,2.29039767635552));
#15858=CARTESIAN_POINT('',(60.0128633095364,0.,-1.00808600371947));
#15859=CARTESIAN_POINT('',(59.9970810120271,0.,0.591836156601255));
#15860=CARTESIAN_POINT('',(67.4935337313433,0.,-0.934293559877691));
#15861=CARTESIAN_POINT('',(70.012376811541,0.,-0.909446644285924));
#15862=CARTESIAN_POINT('Origin',(0.,0.,0.));
#15863=CARTESIAN_POINT('',(-4.65365763146252E-15,0.,37.9999983236194));
#15864=CARTESIAN_POINT('Origin',(0.,0.,0.));
#15865=CARTESIAN_POINT('Origin',(59.9970810120271,0.,0.591836156601255));
#15866=CARTESIAN_POINT('Origin',(59.9970810120271,0.,0.591836156601255));
#15867=CARTESIAN_POINT('Origin',(69.9965945140316,0.,0.690475516034798));
#15868=CARTESIAN_POINT('Ctrl Pts',(67.4935337313433,0.,-0.934293559877818));
#15869=CARTESIAN_POINT('Ctrl Pts',(67.4935337313433,-0.200907641619378,
-0.934293559877818));
#15870=CARTESIAN_POINT('Ctrl Pts',(67.4941271188537,-0.415201586175996,
-0.894132776342937));
#15871=CARTESIAN_POINT('Ctrl Pts',(67.4960930358976,-0.809406284065395,
-0.730817244970528));
#15872=CARTESIAN_POINT('Ctrl Pts',(67.4974142463635,-0.989317673418912,
-0.607663418613373));
#15873=CARTESIAN_POINT('Ctrl Pts',(67.4993741974997,-1.27342402486505,-0.323523911004684));
#15874=CARTESIAN_POINT('Ctrl Pts',(67.5001350565081,-1.39655882836371,-0.143596262340826));
#15875=CARTESIAN_POINT('Ctrl Pts',(67.4998225173711,-1.55984702427043,0.25062453341743));
#15876=CARTESIAN_POINT('Ctrl Pts',(67.4986978786168,-1.6,0.464917810813262));
#15877=CARTESIAN_POINT('Ctrl Pts',(67.4947343984441,-1.6,0.866713541539562));
#15878=CARTESIAN_POINT('Ctrl Pts',(67.4916314736967,-1.55984702427043,1.0809873042997));
#15879=CARTESIAN_POINT('Ctrl Pts',(67.4841671930178,-1.39655882836371,1.47513755230537));
#15880=CARTESIAN_POINT('Ctrl Pts',(67.4798570651534,-1.27342402486505,1.65501517864597));
#15881=CARTESIAN_POINT('Ctrl Pts',(67.4722923003136,-0.989317673418912,
1.93906073049546));
#15882=CARTESIAN_POINT('Ctrl Pts',(67.468541902237,-0.809406284065396,2.06216452839695));
#15883=CARTESIAN_POINT('Ctrl Pts',(67.4633546566129,-0.415201586175996,
2.22540949799819));
#15884=CARTESIAN_POINT('Ctrl Pts',(67.4619691363245,-0.200907641619378,
2.26555076076363));
#15885=CARTESIAN_POINT('Ctrl Pts',(67.4619691363245,1.04083408558608E-16,
2.26555076076363));
#15886=CARTESIAN_POINT('Origin',(0.,0.,0.));
#15887=CARTESIAN_POINT('',(-4.59242549680257E-15,-0.499999988821356,37.5));
#15888=CARTESIAN_POINT('',(-37.5,-0.499999988821356,4.59242549680257E-15));
#15889=CARTESIAN_POINT('Origin',(0.,-0.499999988821356,0.));
#15890=CARTESIAN_POINT('',(-37.5,-2.5,4.59242549680257E-15));
#15891=CARTESIAN_POINT('',(-37.5,0.,4.59242549680257E-15));
#15892=CARTESIAN_POINT('Origin',(0.,-2.5,0.));
#15893=CARTESIAN_POINT('Origin',(0.,-0.499999988821356,0.));
#15894=CARTESIAN_POINT('Origin',(0.,-2.5,0.));
#15895=CARTESIAN_POINT('',(-67.5,-2.5,8.26636589424464E-15));
#15896=CARTESIAN_POINT('Origin',(0.,-2.5,0.));
#15897=CARTESIAN_POINT('Origin',(0.,0.,0.));
#15898=CARTESIAN_POINT('Origin',(-4.59242529287381E-15,0.,37.4999983347952));
#15899=CARTESIAN_POINT('Origin',(0.,0.,0.));
#15900=CARTESIAN_POINT('',(-67.5,0.,8.26636589424464E-15));
#15901=CARTESIAN_POINT('Origin',(-7.97805554576093,6.5,-49.));
#15902=CARTESIAN_POINT('',(-6.97805554576093,4.9,-49.));
#15903=CARTESIAN_POINT('Origin',(-6.97805554576093,6.5,-49.));
#15904=CARTESIAN_POINT('',(-7.97805554576093,4.9,-49.));
#15905=CARTESIAN_POINT('',(-7.97805554576093,4.9,-49.));
#15906=CARTESIAN_POINT('Origin',(-7.97805554576093,6.5,-49.));
#15907=CARTESIAN_POINT('Origin',(-7.97805554576093,6.74999999999998,-50.25));
#15908=CARTESIAN_POINT('',(-7.97805554576093,6.75,-53.));
#15909=CARTESIAN_POINT('',(-7.97805554576093,9.5,-50.25));
#15910=CARTESIAN_POINT('Origin',(-7.97805554576093,6.74999999999998,-50.25));
#15911=CARTESIAN_POINT('',(-6.97805554576093,9.5,-50.25));
#15912=CARTESIAN_POINT('',(-7.97805554576093,9.5,-50.25));
#15913=CARTESIAN_POINT('',(-6.97805554576093,6.75,-53.));
#15914=CARTESIAN_POINT('Origin',(-6.97805554576093,6.74999999999998,-50.25));
#15915=CARTESIAN_POINT('',(-7.97805554576093,6.75,-53.));
#15916=CARTESIAN_POINT('Origin',(-7.97805554576093,9.49999999999999,-47.75));
#15917=CARTESIAN_POINT('',(-7.97805554576093,9.49999999999999,-47.75));
#15918=CARTESIAN_POINT('',(-7.97805554576093,9.49999999999999,-47.75));
#15919=CARTESIAN_POINT('',(-6.97805554576093,9.49999999999999,-47.75));
#15920=CARTESIAN_POINT('',(-7.97805554576093,9.49999999999999,-47.75));
#15921=CARTESIAN_POINT('',(-6.97805554576093,9.49999999999999,-47.75));
#15922=CARTESIAN_POINT('Origin',(-7.97805554576093,6.75,-47.75));
#15923=CARTESIAN_POINT('',(-7.97805554576093,6.75,-45.));
#15924=CARTESIAN_POINT('Origin',(-7.97805554576093,6.75,-47.75));
#15925=CARTESIAN_POINT('',(-6.97805554576093,6.75,-45.));
#15926=CARTESIAN_POINT('',(-7.97805554576093,6.75,-45.));
#15927=CARTESIAN_POINT('Origin',(-6.97805554576093,6.75,-47.75));
#15928=CARTESIAN_POINT('Origin',(-7.97805554576093,6.5,-49.));
#15929=CARTESIAN_POINT('',(-7.97805554576093,3.5,-53.));
#15930=CARTESIAN_POINT('',(-7.97805554576093,6.75,-53.));
#15931=CARTESIAN_POINT('',(-7.97805554576093,3.5,-45.));
#15932=CARTESIAN_POINT('',(-7.97805554576093,3.5,-49.));
#15933=CARTESIAN_POINT('',(-7.97805554576093,3.5,-45.));
#15934=CARTESIAN_POINT('Origin',(-6.97805554576093,6.5,-49.));
#15935=CARTESIAN_POINT('',(-6.97805554576093,3.5,-53.));
#15936=CARTESIAN_POINT('',(-6.97805554576093,6.75,-53.));
#15937=CARTESIAN_POINT('',(-6.97805554576093,3.5,-45.));
#15938=CARTESIAN_POINT('',(-6.97805554576093,3.5,-45.));
#15939=CARTESIAN_POINT('',(-6.97805554576093,3.5,-49.));
#15940=CARTESIAN_POINT('Origin',(0.,3.5,-49.));
#15941=CARTESIAN_POINT('',(-8.,3.5,-53.));
#15942=CARTESIAN_POINT('',(8.,3.5,-53.));
#15943=CARTESIAN_POINT('',(-8.,3.5,-45.));
#15944=CARTESIAN_POINT('',(-8.,3.5,-53.));
#15945=CARTESIAN_POINT('',(-8.,3.5,-45.));
#15946=CARTESIAN_POINT('Origin',(8.,6.5,-49.));
#15947=CARTESIAN_POINT('',(7.,4.9,-49.));
#15948=CARTESIAN_POINT('Origin',(7.,6.5,-49.));
#15949=CARTESIAN_POINT('',(8.,4.9,-49.));
#15950=CARTESIAN_POINT('',(8.,4.9,-49.));
#15951=CARTESIAN_POINT('Origin',(8.,6.5,-49.));
#15952=CARTESIAN_POINT('Origin',(8.,6.74999999999998,-50.25));
#15953=CARTESIAN_POINT('',(8.,6.75,-53.));
#15954=CARTESIAN_POINT('',(8.,9.5,-50.25));
#15955=CARTESIAN_POINT('Origin',(8.,6.74999999999998,-50.25));
#15956=CARTESIAN_POINT('',(7.,6.75,-53.));
#15957=CARTESIAN_POINT('',(8.,6.75,-53.));
#15958=CARTESIAN_POINT('',(7.,9.5,-50.25));
#15959=CARTESIAN_POINT('Origin',(7.,6.74999999999998,-50.25));
#15960=CARTESIAN_POINT('',(8.,9.5,-50.25));
#15961=CARTESIAN_POINT('Origin',(8.,9.49999999999999,-47.75));
#15962=CARTESIAN_POINT('',(8.,9.49999999999999,-47.75));
#15963=CARTESIAN_POINT('',(8.,9.49999999999999,-47.75));
#15964=CARTESIAN_POINT('',(7.,9.49999999999999,-47.75));
#15965=CARTESIAN_POINT('',(7.,9.49999999999999,-47.75));
#15966=CARTESIAN_POINT('',(8.,9.49999999999999,-47.75));
#15967=CARTESIAN_POINT('Origin',(8.,6.75,-47.75));
#15968=CARTESIAN_POINT('',(8.,6.75,-45.));
#15969=CARTESIAN_POINT('Origin',(8.,6.75,-47.75));
#15970=CARTESIAN_POINT('',(7.,6.75,-45.));
#15971=CARTESIAN_POINT('Origin',(7.,6.75,-47.75));
#15972=CARTESIAN_POINT('',(8.,6.75,-45.));
#15973=CARTESIAN_POINT('Origin',(7.,6.5,-49.));
#15974=CARTESIAN_POINT('',(7.,3.5,-53.));
#15975=CARTESIAN_POINT('',(7.,6.75,-53.));
#15976=CARTESIAN_POINT('',(7.,3.5,-45.));
#15977=CARTESIAN_POINT('',(7.,3.5,-49.));
#15978=CARTESIAN_POINT('',(7.,3.5,-45.));
#15979=CARTESIAN_POINT('Origin',(0.,3.5,-49.));
#15980=CARTESIAN_POINT('',(-8.,3.5,-45.));
#15981=CARTESIAN_POINT('',(8.,3.5,-53.));
#15982=CARTESIAN_POINT('Origin',(8.,2.5,-53.));
#15983=CARTESIAN_POINT('',(-8.,2.5,-53.));
#15984=CARTESIAN_POINT('',(8.,2.5,-53.));
#15985=CARTESIAN_POINT('',(4.,2.5,-53.));
#15986=CARTESIAN_POINT('',(-8.,2.5,-53.));
#15987=CARTESIAN_POINT('',(8.,2.5,-53.));
#15988=CARTESIAN_POINT('Origin',(8.,2.5,-45.));
#15989=CARTESIAN_POINT('',(8.,2.5,-45.));
#15990=CARTESIAN_POINT('',(8.,2.5,-22.5));
#15991=CARTESIAN_POINT('',(8.,2.5,-45.));
#15992=CARTESIAN_POINT('Origin',(-8.,2.5,-45.));
#15993=CARTESIAN_POINT('',(-8.,2.5,-45.));
#15994=CARTESIAN_POINT('',(-4.,2.5,-45.));
#15995=CARTESIAN_POINT('',(-8.,2.5,-45.));
#15996=CARTESIAN_POINT('Origin',(-8.,2.5,-53.));
#15997=CARTESIAN_POINT('',(-8.,2.5,-26.5));
#15998=CARTESIAN_POINT('Origin',(-69.9965945140316,0.,0.690475516034798));
#15999=CARTESIAN_POINT('',(-60.0128633095364,0.,-1.00808600371947));
#16000=CARTESIAN_POINT('',(-67.4935337313433,0.,-0.934293559877691));
#16001=CARTESIAN_POINT('',(-70.012376811541,0.,-0.909446644285924));
#16002=CARTESIAN_POINT('',(-59.9812987145177,0.,2.19175831692198));
#16003=CARTESIAN_POINT('Origin',(-59.9970810120271,0.,0.591836156601255));
#16004=CARTESIAN_POINT('',(-67.4619691363245,0.,2.26555076076354));
#16005=CARTESIAN_POINT('',(-69.9808122165222,0.,2.29039767635552));
#16006=CARTESIAN_POINT('',(-67.5,1.45488469833161,3.06887199988238E-11));
#16007=CARTESIAN_POINT('Ctrl Pts',(-67.5,1.45488469833161,6.13690477421286E-11));
#16008=CARTESIAN_POINT('Ctrl Pts',(-67.5,1.46297989452924,0.0176898059717467));
#16009=CARTESIAN_POINT('Ctrl Pts',(-67.4999930413467,1.47075561447158,0.0355343594394471));
#16010=CARTESIAN_POINT('Ctrl Pts',(-67.4998225173711,1.55984702427043,0.250624533417429));
#16011=CARTESIAN_POINT('Ctrl Pts',(-67.4986978786168,1.6,0.464917810813261));
#16012=CARTESIAN_POINT('Ctrl Pts',(-67.4947343984441,1.6,0.866713541539562));
#16013=CARTESIAN_POINT('Ctrl Pts',(-67.4916314736967,1.55984702427043,1.0809873042997));
#16014=CARTESIAN_POINT('Ctrl Pts',(-67.4841671930178,1.39655882836371,1.47513755230537));
#16015=CARTESIAN_POINT('Ctrl Pts',(-67.4798570651534,1.27342402486505,1.65501517864597));
#16016=CARTESIAN_POINT('Ctrl Pts',(-67.4722923003136,0.989317673418912,
1.93906073049546));
#16017=CARTESIAN_POINT('Ctrl Pts',(-67.468541902237,0.809406284065396,2.06216452839695));
#16018=CARTESIAN_POINT('Ctrl Pts',(-67.4633546566129,0.415201586175996,
2.22540949799819));
#16019=CARTESIAN_POINT('Ctrl Pts',(-67.4619691363245,0.200907641619378,
2.26555076076363));
#16020=CARTESIAN_POINT('Ctrl Pts',(-67.4619691363245,-1.04083408558608E-16,
2.26555076076363));
#16021=CARTESIAN_POINT('Ctrl Pts',(-67.4935337313433,0.,-0.934293559877818));
#16022=CARTESIAN_POINT('Ctrl Pts',(-67.4935337313433,0.200907641619378,
-0.934293559877818));
#16023=CARTESIAN_POINT('Ctrl Pts',(-67.4941271188537,0.415201586175996,
-0.894132776342937));
#16024=CARTESIAN_POINT('Ctrl Pts',(-67.4960930358976,0.809406284065395,
-0.730817244970528));
#16025=CARTESIAN_POINT('Ctrl Pts',(-67.4974142463635,0.989317673418911,
-0.607663418613374));
#16026=CARTESIAN_POINT('Ctrl Pts',(-67.4992848072829,1.26046639143976,-0.336483056629183));
#16027=CARTESIAN_POINT('Ctrl Pts',(-67.5000000000002,1.3742331084374,-0.176241679171795));
#16028=CARTESIAN_POINT('Ctrl Pts',(-67.5,1.45488469833161,6.13690695483449E-11));
#16029=CARTESIAN_POINT('Origin',(-59.9970810120271,0.,0.591836156601255));
#16030=CARTESIAN_POINT('',(-59.9970810120271,0.,0.591836156601255));
#16031=CARTESIAN_POINT('Origin',(0.,0.,0.));
#16032=CARTESIAN_POINT('',(-67.5,2.5,8.26636589424464E-15));
#16033=CARTESIAN_POINT('Origin',(0.,2.5,0.));
#16034=CARTESIAN_POINT('',(-67.5,0.,8.26636589424464E-15));
#16035=CARTESIAN_POINT('',(67.4619691363245,0.,2.26555076076354));
#16036=CARTESIAN_POINT('Origin',(0.,0.,0.));
#16037=CARTESIAN_POINT('',(67.4935337313433,0.,-0.934293559877691));
#16038=CARTESIAN_POINT('Ctrl Pts',(67.4619691363245,3.46944695195361E-17,
2.26555076076363));
#16039=CARTESIAN_POINT('Ctrl Pts',(67.4619691363245,0.200907641619379,2.26555076076363));
#16040=CARTESIAN_POINT('Ctrl Pts',(67.4633546566129,0.415201586175996,2.22540949799819));
#16041=CARTESIAN_POINT('Ctrl Pts',(67.468541902237,0.809406284065396,2.06216452839695));
#16042=CARTESIAN_POINT('Ctrl Pts',(67.4722923003136,0.989317673418912,1.93906073049546));
#16043=CARTESIAN_POINT('Ctrl Pts',(67.4798570651534,1.27342402486505,1.65501517864597));
#16044=CARTESIAN_POINT('Ctrl Pts',(67.4841671930178,1.39655882836371,1.47513755230537));
#16045=CARTESIAN_POINT('Ctrl Pts',(67.4916314736967,1.55984702427043,1.0809873042997));
#16046=CARTESIAN_POINT('Ctrl Pts',(67.4947343984441,1.6,0.866713541539562));
#16047=CARTESIAN_POINT('Ctrl Pts',(67.4986978786168,1.6,0.464917810813262));
#16048=CARTESIAN_POINT('Ctrl Pts',(67.4998225173711,1.55984702427043,0.25062453341743));
#16049=CARTESIAN_POINT('Ctrl Pts',(67.5001350565081,1.39655882836371,-0.143596262340826));
#16050=CARTESIAN_POINT('Ctrl Pts',(67.4993741974997,1.27342402486505,-0.323523911004685));
#16051=CARTESIAN_POINT('Ctrl Pts',(67.4974142463635,0.989317673418912,-0.607663418613373));
#16052=CARTESIAN_POINT('Ctrl Pts',(67.4960930358976,0.809406284065396,-0.730817244970527));
#16053=CARTESIAN_POINT('Ctrl Pts',(67.4941271188537,0.415201586175996,-0.894132776342937));
#16054=CARTESIAN_POINT('Ctrl Pts',(67.4935337313433,0.200907641619379,-0.934293559877819));
#16055=CARTESIAN_POINT('Ctrl Pts',(67.4935337313433,6.93889390390723E-17,
-0.934293559877819));
#16056=CARTESIAN_POINT('Origin',(0.,0.,0.));
#16057=CARTESIAN_POINT('Origin',(59.9970810120271,0.,0.591836156601255));
#16058=CARTESIAN_POINT('',(60.0128633095364,0.,-1.00808600371947));
#16059=CARTESIAN_POINT('',(59.9812987145177,0.,2.19175831692198));
#16060=CARTESIAN_POINT('',(59.9970810120271,0.,0.591836156601255));
#16061=CARTESIAN_POINT('Origin',(59.9970810120271,0.,0.591836156601255));
#16062=CARTESIAN_POINT('Origin',(69.9965945140316,0.,0.690475516034798));
#16063=CARTESIAN_POINT('',(70.012376811541,0.,-0.909446644285924));
#16064=CARTESIAN_POINT('',(69.9808122165222,0.,2.29039767635552));
#16065=CARTESIAN_POINT('Origin',(0.,0.,0.));
#16066=CARTESIAN_POINT('',(-4.65365763146252E-15,0.,37.9999983236194));
#16067=CARTESIAN_POINT('Origin',(0.,0.,0.));
#16068=CARTESIAN_POINT('Origin',(0.,0.,0.));
#16069=CARTESIAN_POINT('',(-37.5,0.499999988821356,4.59242549680257E-15));
#16070=CARTESIAN_POINT('',(-4.59242549680257E-15,0.499999988821356,37.5));
#16071=CARTESIAN_POINT('Origin',(0.,0.499999988821356,0.));
#16072=CARTESIAN_POINT('Origin',(0.,0.499999988821356,0.));
#16073=CARTESIAN_POINT('Origin',(-4.59242529287381E-15,0.,37.4999983347952));
#16074=CARTESIAN_POINT('Origin',(0.,0.,0.));
#16075=CARTESIAN_POINT('',(-37.5,2.5,4.59242549680257E-15));
#16076=CARTESIAN_POINT('Origin',(0.,2.5,0.));
#16077=CARTESIAN_POINT('',(-37.5,0.,4.59242549680257E-15));
#16078=CARTESIAN_POINT('Origin',(0.,2.5,0.));
#16079=CARTESIAN_POINT('',(0.,0.,0.));
#16080=CARTESIAN_POINT('Origin',(80.,2.5,0.));
#16081=CARTESIAN_POINT('',(85.1,2.5,-6.2456986756515E-16));
#16082=CARTESIAN_POINT('Origin',(80.,2.5,0.));
#16083=CARTESIAN_POINT('',(85.1,-2.5,-6.2456986756515E-16));
#16084=CARTESIAN_POINT('',(85.1,2.5,6.2456986756515E-16));
#16085=CARTESIAN_POINT('Origin',(80.,-2.5,0.));
#16086=CARTESIAN_POINT('',(74.994032790231,1.58264132482115,0.974829366975582));
#16087=CARTESIAN_POINT('',(74.994032790231,-1.58264132482115,0.974829366975582));
#16088=CARTESIAN_POINT('',(74.994032790231,2.5,0.974829366975577));
#16089=CARTESIAN_POINT('',(74.9538804247955,-1.6,0.739376245722163));
#16090=CARTESIAN_POINT('Ctrl Pts',(74.9538804247955,-1.6,0.739376245722163));
#16091=CARTESIAN_POINT('Ctrl Pts',(74.924731637617,-1.6,0.540440634217501));
#16092=CARTESIAN_POINT('Ctrl Pts',(74.9066688631757,-1.56061814150833,0.326804378399908));
#16093=CARTESIAN_POINT('Ctrl Pts',(74.8966368528747,-1.3985168943441,-0.0671398261988521));
#16094=CARTESIAN_POINT('Ctrl Pts',(74.9040077962799,-1.27578352118077,-0.247424941157889));
#16095=CARTESIAN_POINT('Ctrl Pts',(74.9258518057037,-0.99191456736643,-0.532475421742388));
#16096=CARTESIAN_POINT('Ctrl Pts',(74.9416943543339,-0.811812895730755,
-0.656059299811798));
#16097=CARTESIAN_POINT('Ctrl Pts',(74.9656844793913,-0.416789875509149,
-0.820083645184765));
#16098=CARTESIAN_POINT('Ctrl Pts',(74.9731203088689,-0.20182051465424,-0.860511807526872));
#16099=CARTESIAN_POINT('Ctrl Pts',(74.9731203088689,0.20182051465424,-0.860511807526872));
#16100=CARTESIAN_POINT('Ctrl Pts',(74.9656844793913,0.416789875509148,-0.820083645184765));
#16101=CARTESIAN_POINT('Ctrl Pts',(74.9416943543339,0.811812895730755,-0.656059299811798));
#16102=CARTESIAN_POINT('Ctrl Pts',(74.9258518057037,0.99191456736643,-0.532475421742388));
#16103=CARTESIAN_POINT('Ctrl Pts',(74.9040077962799,1.27578352118077,-0.247424941157889));
#16104=CARTESIAN_POINT('Ctrl Pts',(74.8966368528747,1.3985168943441,-0.0671398261988524));
#16105=CARTESIAN_POINT('Ctrl Pts',(74.9066688631757,1.56061814150833,0.326804378399907));
#16106=CARTESIAN_POINT('Ctrl Pts',(74.924731637617,1.6,0.540440634217501));
#16107=CARTESIAN_POINT('Ctrl Pts',(74.9652338666516,1.6,0.816861593036448));
#16108=CARTESIAN_POINT('Ctrl Pts',(74.9786635109007,1.59433972179515,0.895904674129943));
#16109=CARTESIAN_POINT('Ctrl Pts',(74.994032790231,1.58264132482115,0.974829366975582));
#16110=CARTESIAN_POINT('Ctrl Pts',(74.994032790231,-1.58264132482115,0.974829366975582));
#16111=CARTESIAN_POINT('Ctrl Pts',(74.9786635109007,-1.59433972179515,0.895904674129943));
#16112=CARTESIAN_POINT('Ctrl Pts',(74.9652338666516,-1.6,0.816861593036448));
#16113=CARTESIAN_POINT('Ctrl Pts',(74.9538804247955,-1.6,0.739376245722163));
#16114=CARTESIAN_POINT('Origin',(-80.,2.5,0.));
#16115=CARTESIAN_POINT('',(-74.9,2.5,-6.2456986756515E-16));
#16116=CARTESIAN_POINT('Origin',(-80.,2.5,0.));
#16117=CARTESIAN_POINT('',(-74.9,1.41921159614781,2.6578120350397E-10));
#16118=CARTESIAN_POINT('',(-74.9,2.5,6.2456986756515E-16));
#16119=CARTESIAN_POINT('',(-74.994032790231,1.58264132482115,0.974829366975582));
#16120=CARTESIAN_POINT('Ctrl Pts',(-74.994032790231,1.58264132482115,0.974829366975581));
#16121=CARTESIAN_POINT('Ctrl Pts',(-74.9703696601129,1.60065262410333,0.853313892098416));
#16122=CARTESIAN_POINT('Ctrl Pts',(-74.9497595756198,1.60519425202986,0.722585766763662));
#16123=CARTESIAN_POINT('Ctrl Pts',(-74.9159167496271,1.57867263786792,0.433432522460277));
#16124=CARTESIAN_POINT('Ctrl Pts',(-74.905555968106,1.53869790783653,0.275438264311267));
#16125=CARTESIAN_POINT('Ctrl Pts',(-74.9006146187072,1.46395507818394,0.0913272928683333));
#16126=CARTESIAN_POINT('Ctrl Pts',(-74.9000000000048,1.44287747827043,0.0454630869793662));
#16127=CARTESIAN_POINT('Ctrl Pts',(-74.9,1.41921159614781,5.31561835163795E-10));
#16128=CARTESIAN_POINT('',(-74.994032790231,-1.58264132482115,0.974829366975582));
#16129=CARTESIAN_POINT('',(-74.994032790231,2.5,0.974829366975577));
#16130=CARTESIAN_POINT('',(-74.9538804247952,-1.6,0.739376245720926));
#16131=CARTESIAN_POINT('Ctrl Pts',(-74.9538804247952,-1.6,0.739376245719692));
#16132=CARTESIAN_POINT('Ctrl Pts',(-74.9656636350802,-1.60000000000012,
0.819794690892159));
#16133=CARTESIAN_POINT('Ctrl Pts',(-74.9792851264847,-1.59386657626172,
0.899096809426802));
#16134=CARTESIAN_POINT('Ctrl Pts',(-74.994032790231,-1.58264132482115,0.974829366975582));
#16135=CARTESIAN_POINT('',(-74.9,-1.41921159614781,2.6578123819844E-10));
#16136=CARTESIAN_POINT('Ctrl Pts',(-74.9,-1.41921159614781,5.31561834787049E-10));
#16137=CARTESIAN_POINT('Ctrl Pts',(-74.9000000000048,-1.44287747827043,
0.0454630869793663));
#16138=CARTESIAN_POINT('Ctrl Pts',(-74.9006146187072,-1.46395507818394,
0.0913272928683335));
#16139=CARTESIAN_POINT('Ctrl Pts',(-74.905555968106,-1.53869790783653,0.275438264311268));
#16140=CARTESIAN_POINT('Ctrl Pts',(-74.9159167496271,-1.57867263786792,
0.433432522460277));
#16141=CARTESIAN_POINT('Ctrl Pts',(-74.940297073053,-1.59777877076546,0.641738105962125));
#16142=CARTESIAN_POINT('Ctrl Pts',(-74.9467570717776,-1.59999999999993,
0.690760549298281));
#16143=CARTESIAN_POINT('Ctrl Pts',(-74.9538804247952,-1.6,0.739376245719692));
#16144=CARTESIAN_POINT('',(-74.9,-2.5,-6.2456986756515E-16));
#16145=CARTESIAN_POINT('',(-74.9,2.5,6.2456986756515E-16));
#16146=CARTESIAN_POINT('Origin',(-80.,-2.5,0.));
#16147=CARTESIAN_POINT('Ctrl Pts',(-74.9,1.41921159614781,5.31561669681047E-10));
#16148=CARTESIAN_POINT('Ctrl Pts',(-74.8999999999903,1.37058196460823,-0.0934194262682948));
#16149=CARTESIAN_POINT('Ctrl Pts',(-74.902657907142,1.31083168444308,-0.18504561799408));
#16150=CARTESIAN_POINT('Ctrl Pts',(-74.9137564551495,1.14047513390077,-0.394845880052235));
#16151=CARTESIAN_POINT('Ctrl Pts',(-74.9242572796399,1.0186036013399,-0.503911576095617));
#16152=CARTESIAN_POINT('Ctrl Pts',(-74.943680885381,0.76991300334196,-0.671385409562374));
#16153=CARTESIAN_POINT('Ctrl Pts',(-74.9542470232442,0.622703314054626,
-0.743416215315775));
#16154=CARTESIAN_POINT('Ctrl Pts',(-74.9690880506366,0.312947011055589,
-0.837983154457715));
#16155=CARTESIAN_POINT('Ctrl Pts',(-74.9731203088689,0.150386536418114,
-0.860511807526872));
#16156=CARTESIAN_POINT('Ctrl Pts',(-74.9731203088689,-0.150386536418114,
-0.860511807526872));
#16157=CARTESIAN_POINT('Ctrl Pts',(-74.9690880506366,-0.312947011055589,
-0.837983154457716));
#16158=CARTESIAN_POINT('Ctrl Pts',(-74.9542470232442,-0.622703314054626,
-0.743416215315775));
#16159=CARTESIAN_POINT('Ctrl Pts',(-74.943680885381,-0.769913003341961,
-0.671385409562374));
#16160=CARTESIAN_POINT('Ctrl Pts',(-74.9242572796399,-1.0186036013399,-0.503911576095617));
#16161=CARTESIAN_POINT('Ctrl Pts',(-74.9137564551495,-1.14047513390077,
-0.394845880052234));
#16162=CARTESIAN_POINT('Ctrl Pts',(-74.902657907142,-1.31083168444308,-0.18504561799408));
#16163=CARTESIAN_POINT('Ctrl Pts',(-74.8999999999903,-1.37058196460823,
-0.0934194262682946));
#16164=CARTESIAN_POINT('Ctrl Pts',(-74.9,-1.41921159614781,5.31561808458925E-10));
#16165=CARTESIAN_POINT('Origin',(69.9965945140316,0.,0.690475516034798));
#16166=CARTESIAN_POINT('',(69.9965945140316,-1.6,0.690475516034798));
#16167=CARTESIAN_POINT('Origin',(69.9965945140316,0.,0.690475516034798));
#16168=CARTESIAN_POINT('',(69.9965945140316,-1.6,0.690475516034798));
#16169=CARTESIAN_POINT('Origin',(74.9963512650338,0.,0.739795195751569));
#16170=CARTESIAN_POINT('Origin',(-69.9965945140316,0.,0.690475516034798));
#16171=CARTESIAN_POINT('',(-69.9965945140316,-1.6,0.690475516034798));
#16172=CARTESIAN_POINT('Origin',(-69.9965945140316,0.,0.690475516034798));
#16173=CARTESIAN_POINT('',(-69.9965945140316,-1.6,0.690475516034798));
#16174=CARTESIAN_POINT('Origin',(-74.9963512650338,0.,0.739795195751569));
#16175=CARTESIAN_POINT('Origin',(-2.52478267002918,0.,-2.49999999999957));
#16176=CARTESIAN_POINT('',(-70.0214988085596,-2.5,-1.83418432382317));
#16177=CARTESIAN_POINT('',(-2.52478267002918,-2.5,-69.9999999999996));
#16178=CARTESIAN_POINT('Origin',(-2.52478267002918,-2.5,-2.49999999999957));
#16179=CARTESIAN_POINT('',(-2.52478267002918,2.5,-69.9999999999996));
#16180=CARTESIAN_POINT('',(-2.52478267002918,0.,-69.9999999999996));
#16181=CARTESIAN_POINT('',(-70.0214988085596,2.5,-1.83418432382317));
#16182=CARTESIAN_POINT('Origin',(-2.52478267002918,2.5,-2.49999999999957));
#16183=CARTESIAN_POINT('',(-70.0214988085596,0.,-1.83418432382316));
#16184=CARTESIAN_POINT('Origin',(-70.6939147608172,0.,-69.9999999999996));
#16185=CARTESIAN_POINT('',(2.52478267002918,-2.5,-69.9999999999996));
#16186=CARTESIAN_POINT('',(-70.6939147608172,-2.5,-69.9999999999996));
#16187=CARTESIAN_POINT('',(2.52478267002918,2.5,-69.9999999999996));
#16188=CARTESIAN_POINT('',(2.52478267002918,0.,-69.9999999999996));
#16189=CARTESIAN_POINT('',(-70.6939147608172,2.5,-69.9999999999996));
#16190=CARTESIAN_POINT('Origin',(2.52478267002918,0.,-2.49999999999957));
#16191=CARTESIAN_POINT('',(70.0214988085596,2.5,-1.83418432382317));
#16192=CARTESIAN_POINT('Origin',(2.52478267002918,2.5,-2.49999999999957));
#16193=CARTESIAN_POINT('',(70.0214988085596,-2.5,-1.83418432382317));
#16194=CARTESIAN_POINT('Origin',(2.52478267002918,-2.5,-2.49999999999957));
#16195=CARTESIAN_POINT('',(70.0214988085596,0.,-1.83418432382316));
#16196=CARTESIAN_POINT('Origin',(2.47546059080314,0.,2.50000000000045));
#16197=CARTESIAN_POINT('',(69.9721767293336,-2.5,3.16581567617686));
#16198=CARTESIAN_POINT('',(2.47546059080314,-2.5,70.0000000000004));
#16199=CARTESIAN_POINT('Origin',(2.47546059080314,-2.5,2.50000000000045));
#16200=CARTESIAN_POINT('',(2.47546059080314,2.5,70.0000000000004));
#16201=CARTESIAN_POINT('',(2.47546059080314,0.,70.0000000000004));
#16202=CARTESIAN_POINT('',(69.9721767293336,2.5,3.16581567617686));
#16203=CARTESIAN_POINT('Origin',(2.47546059080314,2.5,2.50000000000045));
#16204=CARTESIAN_POINT('',(69.9721767293336,0.,3.16581567617686));
#16205=CARTESIAN_POINT('Origin',(69.3128965424881,0.,70.0000000000004));
#16206=CARTESIAN_POINT('',(-2.47546059080315,-2.5,70.0000000000004));
#16207=CARTESIAN_POINT('',(69.3128965424881,-2.5,70.0000000000004));
#16208=CARTESIAN_POINT('',(-2.47546059080315,2.5,70.0000000000004));
#16209=CARTESIAN_POINT('',(-2.47546059080315,0.,70.0000000000004));
#16210=CARTESIAN_POINT('',(69.3128965424881,2.5,70.0000000000004));
#16211=CARTESIAN_POINT('Origin',(-2.47546059080315,0.,2.50000000000044));
#16212=CARTESIAN_POINT('',(-69.9721767293336,-2.5,3.16581567617686));
#16213=CARTESIAN_POINT('Origin',(-2.47546059080315,-2.5,2.50000000000044));
#16214=CARTESIAN_POINT('',(-69.9721767293336,2.5,3.16581567617686));
#16215=CARTESIAN_POINT('',(-69.9721767293336,0.,3.16581567617686));
#16216=CARTESIAN_POINT('Origin',(-2.47546059080315,2.5,2.50000000000044));
#16217=CARTESIAN_POINT('Origin',(-69.3128965424881,0.,70.0000000000004));
#16218=CARTESIAN_POINT('',(-69.3128965424881,2.5,70.0000000000004));
#16219=CARTESIAN_POINT('',(-69.3128965424881,-2.5,70.0000000000004));
#16220=CARTESIAN_POINT('Origin',(7.28306304154103E-13,2.5,4.35207425653061E-13));
#16221=CARTESIAN_POINT('',(87.5000000000006,2.5,72.722230192899));
#16222=CARTESIAN_POINT('',(87.5000000000011,2.5,-72.7222301928977));
#16223=CARTESIAN_POINT('',(87.5000000000007,2.5,-74.9999999999996));
#16224=CARTESIAN_POINT('',(85.5476258796344,2.5,-74.9999999999984));
#16225=CARTESIAN_POINT('',(87.5000000000011,2.5,-72.7222301928977));
#16226=CARTESIAN_POINT('',(-85.5476258796306,2.5,-74.9999999999988));
#16227=CARTESIAN_POINT('',(-87.4999999999993,2.5,-74.9999999999996));
#16228=CARTESIAN_POINT('',(-87.4999999999996,2.5,-72.7222301929013));
#16229=CARTESIAN_POINT('',(-87.4999999999996,2.5,-72.7222301929013));
#16230=CARTESIAN_POINT('',(-87.4999999999992,2.5,72.7222301929055));
#16231=CARTESIAN_POINT('',(-87.4999999999993,2.5,75.0000000000004));
#16232=CARTESIAN_POINT('',(-85.5476258796303,2.5,75.0000000000004));
#16233=CARTESIAN_POINT('',(-87.4999999999992,2.5,72.7222301929055));
#16234=CARTESIAN_POINT('',(85.547625879632,2.5,74.9999999999994));
#16235=CARTESIAN_POINT('',(87.5000000000007,2.5,75.0000000000004));
#16236=CARTESIAN_POINT('',(87.5000000000006,2.5,72.722230192899));
#16237=CARTESIAN_POINT('',(69.3128965424881,2.5,70.0000000000004));
#16238=CARTESIAN_POINT('Origin',(-74.9963512650338,0.,0.739795195751569));
#16239=CARTESIAN_POINT('Origin',(74.9963512650338,0.,0.739795195751569));
#16240=CARTESIAN_POINT('Origin',(-85.5476258796306,0.,-74.9999999999988));
#16241=CARTESIAN_POINT('',(-85.5476258796306,-2.5,-74.9999999999988));
#16242=CARTESIAN_POINT('',(-85.5476258796306,0.,-74.9999999999988));
#16243=CARTESIAN_POINT('',(-87.4999999999996,-2.5,-72.7222301929013));
#16244=CARTESIAN_POINT('',(-87.4999999999996,-2.5,-72.7222301929013));
#16245=CARTESIAN_POINT('',(-87.4999999999996,0.,-72.7222301929013));
#16246=CARTESIAN_POINT('Origin',(-87.4999999999993,0.,-72.7222301929013));
#16247=CARTESIAN_POINT('',(-87.4999999999992,-2.5,72.7222301929055));
#16248=CARTESIAN_POINT('',(-87.4999999999993,-2.5,75.0000000000004));
#16249=CARTESIAN_POINT('',(-87.4999999999992,0.,72.7222301929055));
#16250=CARTESIAN_POINT('Origin',(-87.4999999999992,0.,72.7222301929055));
#16251=CARTESIAN_POINT('',(-85.5476258796303,-2.5,75.0000000000004));
#16252=CARTESIAN_POINT('',(-87.4999999999992,-2.5,72.7222301929055));
#16253=CARTESIAN_POINT('',(-85.5476258796303,0.,75.0000000000004));
#16254=CARTESIAN_POINT('Origin',(-85.5476258796303,0.,75.0000000000004));
#16255=CARTESIAN_POINT('',(85.547625879632,-2.5,74.9999999999994));
#16256=CARTESIAN_POINT('',(87.5000000000007,-2.5,75.0000000000004));
#16257=CARTESIAN_POINT('',(85.547625879632,0.,74.9999999999994));
#16258=CARTESIAN_POINT('Origin',(7.28306304154103E-13,-2.5,4.35207425653061E-13));
#16259=CARTESIAN_POINT('',(87.5000000000011,-2.5,-72.7222301928977));
#16260=CARTESIAN_POINT('',(87.5000000000006,-2.5,72.722230192899));
#16261=CARTESIAN_POINT('',(87.5000000000007,-2.5,-74.9999999999996));
#16262=CARTESIAN_POINT('',(87.5000000000006,-2.5,72.722230192899));
#16263=CARTESIAN_POINT('',(85.5476258796344,-2.5,-74.9999999999984));
#16264=CARTESIAN_POINT('',(-87.4999999999993,-2.5,-74.9999999999996));
#16265=CARTESIAN_POINT('',(87.5000000000011,-2.5,-72.7222301928977));
#16266=CARTESIAN_POINT('',(69.3128965424881,-2.5,70.0000000000004));
#16267=CARTESIAN_POINT('Origin',(85.547625879632,0.,74.9999999999994));
#16268=CARTESIAN_POINT('',(87.5000000000006,0.,72.722230192899));
#16269=CARTESIAN_POINT('Origin',(87.5000000000007,0.,72.722230192899));
#16270=CARTESIAN_POINT('',(87.5000000000011,0.,-72.7222301928977));
#16271=CARTESIAN_POINT('Origin',(87.5000000000011,0.,-72.7222301928977));
#16272=CARTESIAN_POINT('',(85.5476258796344,0.,-74.9999999999984));
#16273=CARTESIAN_POINT('Origin',(85.5476258796344,0.,-74.9999999999996));
#16274=CARTESIAN_POINT('Origin',(70.6939147608172,0.,-69.9999999999996));
#16275=CARTESIAN_POINT('',(-0.0109722271195789,0.,0.000108234611051472));
#16276=CARTESIAN_POINT('',(0.,0.,0.));
#16277=CARTESIAN_POINT('',(0.,0.,0.));
#16278=CARTESIAN_POINT('Origin',(-186.199846578373,86.,165.));
#16279=CARTESIAN_POINT('',(-186.199846578373,86.,165.));
#16280=CARTESIAN_POINT('',(-186.199846578373,85.,165.));
#16281=CARTESIAN_POINT('',(-186.199846578373,43.,165.));
#16282=CARTESIAN_POINT('',(-186.199846578373,86.,5.));
#16283=CARTESIAN_POINT('',(-186.199846578373,86.,165.));
#16284=CARTESIAN_POINT('',(-186.199846578373,85.,5.));
#16285=CARTESIAN_POINT('',(-186.199846578373,85.,5.));
#16286=CARTESIAN_POINT('',(-186.199846578373,85.,82.5));
#16287=CARTESIAN_POINT('Origin',(-236.199846578373,86.,165.));
#16288=CARTESIAN_POINT('',(-236.199846578373,86.,165.));
#16289=CARTESIAN_POINT('',(-143.787791054219,86.,165.));
#16290=CARTESIAN_POINT('',(-236.199846578373,86.,5.));
#16291=CARTESIAN_POINT('',(-236.199846578373,86.,165.));
#16292=CARTESIAN_POINT('',(-186.199846578373,86.,5.));
#16293=CARTESIAN_POINT('Origin',(-236.199846578373,85.,165.));
#16294=CARTESIAN_POINT('',(-236.199846578373,85.,165.));
#16295=CARTESIAN_POINT('',(-236.199846578373,42.5,165.));
#16296=CARTESIAN_POINT('',(-236.199846578373,85.,5.));
#16297=CARTESIAN_POINT('',(-236.199846578373,85.,82.5));
#16298=CARTESIAN_POINT('',(-236.199846578373,86.,5.));
#16299=CARTESIAN_POINT('Origin',(152.248528939873,85.,0.));
#16300=CARTESIAN_POINT('',(-84.253360086445,85.,5.));
#16301=CARTESIAN_POINT('',(50.4363967049046,85.,5.));
#16302=CARTESIAN_POINT('',(-84.253360086445,85.,165.));
#16303=CARTESIAN_POINT('',(-84.253360086445,85.,82.5));
#16304=CARTESIAN_POINT('',(50.4363967049046,85.,165.));
#16305=CARTESIAN_POINT('Origin',(152.248528939873,85.,0.));
#16306=CARTESIAN_POINT('',(-250.,85.,165.));
#16307=CARTESIAN_POINT('',(50.4363967049046,85.,165.));
#16308=CARTESIAN_POINT('',(-250.,85.,162.5));
#16309=CARTESIAN_POINT('',(-250.,85.,0.));
#16310=CARTESIAN_POINT('',(-250.,85.,12.5));
#16311=CARTESIAN_POINT('',(-250.,85.,0.));
#16312=CARTESIAN_POINT('',(-250.,85.,5.));
#16313=CARTESIAN_POINT('',(-250.,85.,0.));
#16314=CARTESIAN_POINT('',(50.4363967049046,85.,5.));
#16315=CARTESIAN_POINT('Origin',(-51.3757355300636,-8.88178419700125E-15,
165.));
#16316=CARTESIAN_POINT('',(-255.,90.,165.));
#16317=CARTESIAN_POINT('',(-255.,-90.,165.));
#16318=CARTESIAN_POINT('',(-255.,45.,165.));
#16319=CARTESIAN_POINT('',(152.248528939873,-90.,165.));
#16320=CARTESIAN_POINT('',(-153.187867765032,-90.,165.));
#16321=CARTESIAN_POINT('',(152.248528939873,90.,165.));
#16322=CARTESIAN_POINT('',(152.248528939873,-45.,165.));
#16323=CARTESIAN_POINT('',(50.4363967049046,90.,165.));
#16324=CARTESIAN_POINT('',(-84.253360086445,86.,165.));
#16325=CARTESIAN_POINT('',(-84.253360086445,42.5,165.));
#16326=CARTESIAN_POINT('',(-78.253360086445,86.,165.));
#16327=CARTESIAN_POINT('',(-67.8145478082543,86.,165.));
#16328=CARTESIAN_POINT('',(-78.253360086445,85.,165.));
#16329=CARTESIAN_POINT('',(-78.253360086445,43.,165.));
#16330=CARTESIAN_POINT('',(-60.5,85.,165.));
#16331=CARTESIAN_POINT('',(50.4363967049046,85.,165.));
#16332=CARTESIAN_POINT('',(-60.5,86.25,165.));
#16333=CARTESIAN_POINT('',(-60.5,42.5,165.));
#16334=CARTESIAN_POINT('',(-54.5,86.25,165.));
#16335=CARTESIAN_POINT('',(-55.9378677650318,86.25,165.));
#16336=CARTESIAN_POINT('',(-54.5,85.,165.));
#16337=CARTESIAN_POINT('',(-54.5,43.125,165.));
#16338=CARTESIAN_POINT('',(52.3608092818925,85.,165.));
#16339=CARTESIAN_POINT('',(50.4363967049046,85.,165.));
#16340=CARTESIAN_POINT('',(52.3608092818925,86.5,165.));
#16341=CARTESIAN_POINT('',(52.3608092818925,42.5,165.));
#16342=CARTESIAN_POINT('',(58.3608092818925,86.5,165.));
#16343=CARTESIAN_POINT('',(0.492536875914431,86.5,165.));
#16344=CARTESIAN_POINT('',(58.3608092818925,85.,165.));
#16345=CARTESIAN_POINT('',(58.3608092818925,43.25,165.));
#16346=CARTESIAN_POINT('',(147.248528939873,85.,165.));
#16347=CARTESIAN_POINT('',(50.4363967049046,85.,165.));
#16348=CARTESIAN_POINT('',(147.248528939873,-85.,165.));
#16349=CARTESIAN_POINT('',(147.248528939873,-45.,165.));
#16350=CARTESIAN_POINT('',(58.4823248291351,-85.,165.));
#16351=CARTESIAN_POINT('',(-153.187867765032,-85.,165.));
#16352=CARTESIAN_POINT('',(58.4837605615345,-86.0072040604398,165.));
#16353=CARTESIAN_POINT('',(58.421631150441,-42.4217872013132,165.));
#16354=CARTESIAN_POINT('',(52.4837666573618,-86.0157568314052,165.));
#16355=CARTESIAN_POINT('',(3.61542406062876,-86.085416859126,165.));
#16356=CARTESIAN_POINT('',(52.4823187333015,-85.,165.));
#16357=CARTESIAN_POINT('',(52.422355112468,-42.9339420024986,165.));
#16358=CARTESIAN_POINT('',(-54.3785991162088,-85.,165.));
#16359=CARTESIAN_POINT('',(-153.187867765032,-85.,165.));
#16360=CARTESIAN_POINT('',(-54.37729042248,-85.9180830898926,165.));
#16361=CARTESIAN_POINT('',(-54.4391781315098,-42.5022265890438,165.));
#16362=CARTESIAN_POINT('',(-60.3772843266527,-85.9266358608581,165.));
#16363=CARTESIAN_POINT('',(-52.8152796141067,-85.9158565008489,165.));
#16364=CARTESIAN_POINT('',(-60.3786052120424,-85.,165.));
#16365=CARTESIAN_POINT('',(-60.4385176888169,-42.9698209049554,165.));
#16366=CARTESIAN_POINT('',(-78.1319833354087,-85.,165.));
#16367=CARTESIAN_POINT('',(-153.187867765032,-85.,165.));
#16368=CARTESIAN_POINT('',(-78.1309827416515,-85.7019428519652,165.));
#16369=CARTESIAN_POINT('',(-78.192538217967,-42.5191563430838,165.));
#16370=CARTESIAN_POINT('',(-84.1309766458242,-85.7104956229306,165.));
#16371=CARTESIAN_POINT('',(-64.6923039564211,-85.6827865088816,165.));
#16372=CARTESIAN_POINT('',(-84.1319894312423,-85.,165.));
#16373=CARTESIAN_POINT('',(-84.1920318252611,-42.8786805400318,165.));
#16374=CARTESIAN_POINT('',(-186.078579497973,-85.,165.));
#16375=CARTESIAN_POINT('',(-153.187867765032,-85.,165.));
#16376=CARTESIAN_POINT('',(-186.077359563056,-85.8558164478797,165.));
#16377=CARTESIAN_POINT('',(-186.139024709951,-42.5960931410416,165.));
#16378=CARTESIAN_POINT('',(-236.077308764494,-85.9270895392582,165.));
#16379=CARTESIAN_POINT('',(-118.665492367123,-85.7597233068388,165.));
#16380=CARTESIAN_POINT('',(-236.078630296586,-85.,165.));
#16381=CARTESIAN_POINT('',(-236.13836394393,-43.0952744563569,165.));
#16382=CARTESIAN_POINT('',(-250.,-85.,165.));
#16383=CARTESIAN_POINT('',(-153.187867765032,-85.,165.));
#16384=CARTESIAN_POINT('',(-250.,45.,165.));
#16385=CARTESIAN_POINT('Origin',(52.3608092818925,86.5,165.));
#16386=CARTESIAN_POINT('',(52.3608092818925,86.5,5.));
#16387=CARTESIAN_POINT('',(52.3608092818925,86.5,165.));
#16388=CARTESIAN_POINT('',(58.3608092818925,86.5,5.));
#16389=CARTESIAN_POINT('',(52.3608092818925,86.5,5.));
#16390=CARTESIAN_POINT('',(58.3608092818925,86.5,165.));
#16391=CARTESIAN_POINT('Origin',(52.3608092818925,85.,165.));
#16392=CARTESIAN_POINT('',(52.3608092818925,85.,5.));
#16393=CARTESIAN_POINT('',(52.3608092818925,85.,82.5));
#16394=CARTESIAN_POINT('',(52.3608092818925,85.,5.));
#16395=CARTESIAN_POINT('Origin',(58.3608092818925,86.5,165.));
#16396=CARTESIAN_POINT('',(58.3608092818925,85.,5.));
#16397=CARTESIAN_POINT('',(58.3608092818925,86.5,5.));
#16398=CARTESIAN_POINT('',(58.3608092818925,85.,82.5));
#16399=CARTESIAN_POINT('Origin',(-78.253360086445,86.,165.));
#16400=CARTESIAN_POINT('',(-78.253360086445,86.,5.));
#16401=CARTESIAN_POINT('',(-78.253360086445,86.,165.));
#16402=CARTESIAN_POINT('',(-78.253360086445,85.,5.));
#16403=CARTESIAN_POINT('',(-78.253360086445,86.,5.));
#16404=CARTESIAN_POINT('',(-78.253360086445,85.,82.5));
#16405=CARTESIAN_POINT('Origin',(-84.253360086445,86.,165.));
#16406=CARTESIAN_POINT('',(-84.253360086445,86.,5.));
#16407=CARTESIAN_POINT('',(-84.253360086445,86.,165.));
#16408=CARTESIAN_POINT('',(-84.253360086445,86.,5.));
#16409=CARTESIAN_POINT('Origin',(-84.253360086445,85.,165.));
#16410=CARTESIAN_POINT('',(-84.253360086445,85.,5.));
#16411=CARTESIAN_POINT('Origin',(-54.5,86.25,165.));
#16412=CARTESIAN_POINT('',(-54.5,86.25,5.));
#16413=CARTESIAN_POINT('',(-54.5,86.25,165.));
#16414=CARTESIAN_POINT('',(-54.5,85.,5.));
#16415=CARTESIAN_POINT('',(-54.5,86.25,5.));
#16416=CARTESIAN_POINT('',(-54.5,85.,82.5));
#16417=CARTESIAN_POINT('Origin',(-60.5,86.25,165.));
#16418=CARTESIAN_POINT('',(-60.5,86.25,5.));
#16419=CARTESIAN_POINT('',(-60.5,86.25,165.));
#16420=CARTESIAN_POINT('',(-60.5,86.25,5.));
#16421=CARTESIAN_POINT('Origin',(-60.5,85.,165.));
#16422=CARTESIAN_POINT('',(-60.5,85.,5.));
#16423=CARTESIAN_POINT('',(-60.5,85.,82.5));
#16424=CARTESIAN_POINT('',(-60.5,85.,5.));
#16425=CARTESIAN_POINT('Origin',(52.4837666573618,-86.0157568314052,165.));
#16426=CARTESIAN_POINT('',(52.4837666573618,-86.0157568314052,5.));
#16427=CARTESIAN_POINT('',(52.4837666573618,-86.0157568314052,165.));
#16428=CARTESIAN_POINT('',(52.4823187333015,-85.,5.));
#16429=CARTESIAN_POINT('',(52.4816284646204,-84.5157583553621,5.));
#16430=CARTESIAN_POINT('',(52.4823187333015,-85.,82.5));
#16431=CARTESIAN_POINT('Origin',(58.4837605615345,-86.0072040604398,165.));
#16432=CARTESIAN_POINT('',(58.4837605615345,-86.0072040604398,5.));
#16433=CARTESIAN_POINT('',(58.4837605615345,-86.0072040604398,165.));
#16434=CARTESIAN_POINT('',(52.4837666573618,-86.0157568314052,5.));
#16435=CARTESIAN_POINT('Origin',(58.4823248291351,-85.,165.));
#16436=CARTESIAN_POINT('',(58.4823248291351,-85.,5.));
#16437=CARTESIAN_POINT('',(58.4823248291351,-85.,82.5));
#16438=CARTESIAN_POINT('',(58.4837605615345,-86.0072040604398,5.));
#16439=CARTESIAN_POINT('Origin',(-84.1309766458242,-85.7104956229306,165.));
#16440=CARTESIAN_POINT('',(-84.1309766458242,-85.7104956229306,5.));
#16441=CARTESIAN_POINT('',(-84.1309766458242,-85.7104956229306,165.));
#16442=CARTESIAN_POINT('',(-84.1319894312423,-85.,5.));
#16443=CARTESIAN_POINT('',(-84.1324021076517,-84.7104966389018,5.));
#16444=CARTESIAN_POINT('',(-84.1319894312423,-85.,82.5));
#16445=CARTESIAN_POINT('Origin',(-78.1309827416515,-85.7019428519652,165.));
#16446=CARTESIAN_POINT('',(-78.1309827416515,-85.7019428519652,5.));
#16447=CARTESIAN_POINT('',(-78.1309827416515,-85.7019428519652,165.));
#16448=CARTESIAN_POINT('',(-84.1309766458242,-85.7104956229306,5.));
#16449=CARTESIAN_POINT('Origin',(-78.1319833354087,-85.,165.));
#16450=CARTESIAN_POINT('',(-78.1319833354087,-85.,5.));
#16451=CARTESIAN_POINT('',(-78.1319833354087,-85.,82.5));
#16452=CARTESIAN_POINT('',(-78.1309827416515,-85.7019428519652,5.));
#16453=CARTESIAN_POINT('Origin',(-60.3772843266527,-85.9266358608581,165.));
#16454=CARTESIAN_POINT('',(-60.3772843266527,-85.9266358608581,5.));
#16455=CARTESIAN_POINT('',(-60.3772843266527,-85.9266358608581,165.));
#16456=CARTESIAN_POINT('',(-60.3786052120424,-85.,5.));
#16457=CARTESIAN_POINT('',(-60.3790661539371,-84.6766371308221,5.));
#16458=CARTESIAN_POINT('',(-60.3786052120423,-85.,82.5));
#16459=CARTESIAN_POINT('Origin',(-54.37729042248,-85.9180830898926,165.));
#16460=CARTESIAN_POINT('',(-54.37729042248,-85.9180830898926,5.));
#16461=CARTESIAN_POINT('',(-54.37729042248,-85.9180830898926,165.));
#16462=CARTESIAN_POINT('',(-60.3772843266527,-85.9266358608581,5.));
#16463=CARTESIAN_POINT('Origin',(-54.3785991162088,-85.,165.));
#16464=CARTESIAN_POINT('',(-54.3785991162088,-85.,5.));
#16465=CARTESIAN_POINT('',(-54.3785991162088,-85.,82.5));
#16466=CARTESIAN_POINT('',(-54.37729042248,-85.9180830898926,5.));
#16467=CARTESIAN_POINT('Origin',(-236.077308764494,-85.9270895392582,165.));
#16468=CARTESIAN_POINT('',(-236.077308764494,-85.9270895392582,5.));
#16469=CARTESIAN_POINT('',(-236.077308764494,-85.9270895392582,165.));
#16470=CARTESIAN_POINT('',(-236.078630296586,-85.,5.));
#16471=CARTESIAN_POINT('',(-236.077308764494,-85.9270895392582,5.));
#16472=CARTESIAN_POINT('',(-236.078630296586,-85.,82.5));
#16473=CARTESIAN_POINT('Origin',(-186.077359563056,-85.8558164478797,165.));
#16474=CARTESIAN_POINT('',(-186.077359563056,-85.8558164478797,5.));
#16475=CARTESIAN_POINT('',(-186.077359563056,-85.8558164478797,165.));
#16476=CARTESIAN_POINT('',(-186.077359563056,-85.8558164478797,5.));
#16477=CARTESIAN_POINT('Origin',(-186.078579497973,-85.,165.));
#16478=CARTESIAN_POINT('',(-186.078579497973,-85.,5.));
#16479=CARTESIAN_POINT('',(-186.078579497973,-85.,82.5));
#16480=CARTESIAN_POINT('',(-186.078785024883,-84.855817463851,5.));
#16481=CARTESIAN_POINT('Origin',(152.248528939873,85.,0.));
#16482=CARTESIAN_POINT('',(50.4363967049046,85.,5.));
#16483=CARTESIAN_POINT('Origin',(152.248528939873,85.,0.));
#16484=CARTESIAN_POINT('',(50.4363967049046,85.,5.));
#16485=CARTESIAN_POINT('Origin',(152.248528939873,85.,0.));
#16486=CARTESIAN_POINT('',(147.248528939873,85.,5.));
#16487=CARTESIAN_POINT('',(50.4363967049046,85.,5.));
#16488=CARTESIAN_POINT('',(147.248528939873,85.,0.));
#16489=CARTESIAN_POINT('Origin',(-255.,-85.,0.));
#16490=CARTESIAN_POINT('',(-250.,-85.,5.));
#16491=CARTESIAN_POINT('',(-153.187867765032,-85.,5.));
#16492=CARTESIAN_POINT('',(-250.,-85.,12.5));
#16493=CARTESIAN_POINT('',(-250.,-85.,0.));
#16494=CARTESIAN_POINT('',(-250.,-85.,162.5));
#16495=CARTESIAN_POINT('',(-250.,-85.,0.));
#16496=CARTESIAN_POINT('',(-250.,-85.,0.));
#16497=CARTESIAN_POINT('Origin',(-255.,-85.,0.));
#16498=CARTESIAN_POINT('',(-153.187867765032,-85.,5.));
#16499=CARTESIAN_POINT('Origin',(-255.,-85.,0.));
#16500=CARTESIAN_POINT('',(-153.187867765032,-85.,5.));
#16501=CARTESIAN_POINT('Origin',(-255.,-85.,0.));
#16502=CARTESIAN_POINT('',(147.248528939873,-85.,5.));
#16503=CARTESIAN_POINT('',(147.248528939873,-85.,0.));
#16504=CARTESIAN_POINT('',(-153.187867765032,-85.,5.));
#16505=CARTESIAN_POINT('Origin',(-255.,-85.,0.));
#16506=CARTESIAN_POINT('',(-153.187867765032,-85.,5.));
#16507=CARTESIAN_POINT('Origin',(-255.,-90.,0.));
#16508=CARTESIAN_POINT('',(152.248528939873,-90.,2.));
#16509=CARTESIAN_POINT('',(-255.,-90.,2.));
#16510=CARTESIAN_POINT('',(-153.187867765032,-90.,2.));
#16511=CARTESIAN_POINT('',(152.248528939873,-90.,0.));
#16512=CARTESIAN_POINT('',(-255.,-90.,0.));
#16513=CARTESIAN_POINT('Origin',(152.248528939873,90.,0.));
#16514=CARTESIAN_POINT('',(-255.,90.,2.));
#16515=CARTESIAN_POINT('',(152.248528939873,90.,2.));
#16516=CARTESIAN_POINT('',(50.4363967049046,90.,2.));
#16517=CARTESIAN_POINT('',(-255.,90.,0.));
#16518=CARTESIAN_POINT('',(152.248528939873,90.,0.));
#16519=CARTESIAN_POINT('Origin',(-51.3757355300636,-1.77635683940025E-14,
5.));
#16520=CARTESIAN_POINT('',(147.248528939873,-45.,5.));
#16521=CARTESIAN_POINT('',(-250.,45.,5.));
#16522=CARTESIAN_POINT('Origin',(147.248528939873,-90.,0.));
#16523=CARTESIAN_POINT('',(147.248528939873,-65.,25.));
#16524=CARTESIAN_POINT('',(147.248528939873,65.,25.));
#16525=CARTESIAN_POINT('',(147.248528939873,-12.5,25.));
#16526=CARTESIAN_POINT('',(147.248528939873,75.,35.));
#16527=CARTESIAN_POINT('Origin',(147.248528939873,65.,35.));
#16528=CARTESIAN_POINT('',(147.248528939873,75.,140.));
#16529=CARTESIAN_POINT('',(147.248528939873,75.,70.));
#16530=CARTESIAN_POINT('',(147.248528939873,65.,150.));
#16531=CARTESIAN_POINT('Origin',(147.248528939873,65.,140.));
#16532=CARTESIAN_POINT('',(147.248528939873,-65.,150.));
#16533=CARTESIAN_POINT('',(147.248528939873,-77.5,150.));
#16534=CARTESIAN_POINT('',(147.248528939873,-75.,140.));
#16535=CARTESIAN_POINT('Origin',(147.248528939873,-65.,140.));
#16536=CARTESIAN_POINT('',(147.248528939873,-75.,35.));
#16537=CARTESIAN_POINT('',(147.248528939873,-75.,17.5));
#16538=CARTESIAN_POINT('Origin',(147.248528939873,-65.,35.));
#16539=CARTESIAN_POINT('Origin',(-250.,90.,0.));
#16540=CARTESIAN_POINT('',(-250.,1.24999999999999,12.5));
#16541=CARTESIAN_POINT('Origin',(-250.,0.,87.5));
#16542=CARTESIAN_POINT('',(-250.,-87.5,12.5));
#16543=CARTESIAN_POINT('',(-250.,87.5,12.5));
#16544=CARTESIAN_POINT('',(-250.,-87.5,162.5));
#16545=CARTESIAN_POINT('',(-250.,-87.5,12.5));
#16546=CARTESIAN_POINT('',(-250.,-87.5,162.5));
#16547=CARTESIAN_POINT('Origin',(-255.,-87.5,162.5));
#16548=CARTESIAN_POINT('',(-255.,-87.5,162.5));
#16549=CARTESIAN_POINT('',(-255.,-87.5,12.5));
#16550=CARTESIAN_POINT('',(-255.,-87.5,81.25));
#16551=CARTESIAN_POINT('',(-255.,-87.5,162.5));
#16552=CARTESIAN_POINT('',(-255.,-87.5,12.5));
#16553=CARTESIAN_POINT('Origin',(-255.,-87.5,12.5));
#16554=CARTESIAN_POINT('',(-255.,87.5,12.5));
#16555=CARTESIAN_POINT('',(-255.,1.24999999999999,12.5));
#16556=CARTESIAN_POINT('',(-250.,87.5,12.5));
#16557=CARTESIAN_POINT('',(-250.,87.5,12.5));
#16558=CARTESIAN_POINT('',(-255.,87.5,12.5));
#16559=CARTESIAN_POINT('Origin',(-255.,87.5,12.5));
#16560=CARTESIAN_POINT('',(-255.,87.5,162.5));
#16561=CARTESIAN_POINT('',(-255.,87.5,6.24999999999999));
#16562=CARTESIAN_POINT('',(-250.,87.5,162.5));
#16563=CARTESIAN_POINT('',(-250.,87.5,162.5));
#16564=CARTESIAN_POINT('',(-255.,87.5,162.5));
#16565=CARTESIAN_POINT('Origin',(-255.,87.5,162.5));
#16566=CARTESIAN_POINT('',(-255.,88.75,162.5));
#16567=CARTESIAN_POINT('',(-250.,-87.5,162.5));
#16568=CARTESIAN_POINT('',(-250.,88.75,162.5));
#16569=CARTESIAN_POINT('Origin',(-250.,0.,87.5));
#16570=CARTESIAN_POINT('Origin',(152.248528939873,-90.,0.));
#16571=CARTESIAN_POINT('',(152.248528939873,-88.,0.));
#16572=CARTESIAN_POINT('Origin',(152.248528939873,-88.,2.));
#16573=CARTESIAN_POINT('',(152.248528939873,88.,0.));
#16574=CARTESIAN_POINT('',(152.248528939873,90.,0.));
#16575=CARTESIAN_POINT('Origin',(152.248528939873,88.,2.));
#16576=CARTESIAN_POINT('',(152.248528939873,65.,25.));
#16577=CARTESIAN_POINT('',(152.248528939873,-65.,25.));
#16578=CARTESIAN_POINT('',(152.248528939873,-12.5,25.));
#16579=CARTESIAN_POINT('',(152.248528939873,-75.,35.));
#16580=CARTESIAN_POINT('Origin',(152.248528939873,-65.,35.));
#16581=CARTESIAN_POINT('',(152.248528939873,-75.,140.));
#16582=CARTESIAN_POINT('',(152.248528939873,-75.,17.5));
#16583=CARTESIAN_POINT('',(152.248528939873,-65.,150.));
#16584=CARTESIAN_POINT('Origin',(152.248528939873,-65.,140.));
#16585=CARTESIAN_POINT('',(152.248528939873,65.,150.));
#16586=CARTESIAN_POINT('',(152.248528939873,-77.5,150.));
#16587=CARTESIAN_POINT('',(152.248528939873,75.,140.));
#16588=CARTESIAN_POINT('Origin',(152.248528939873,65.,140.));
#16589=CARTESIAN_POINT('',(152.248528939873,75.,35.));
#16590=CARTESIAN_POINT('',(152.248528939873,75.,70.));
#16591=CARTESIAN_POINT('Origin',(152.248528939873,65.,35.));
#16592=CARTESIAN_POINT('Origin',(-153.187867765032,-88.,2.));
#16593=CARTESIAN_POINT('',(-255.,-88.,0.));
#16594=CARTESIAN_POINT('Origin',(-255.,-88.,2.));
#16595=CARTESIAN_POINT('',(-153.187867765032,-88.,0.));
#16596=CARTESIAN_POINT('Origin',(-51.3757355300636,-1.77635683940025E-14,
0.));
#16597=CARTESIAN_POINT('',(-255.,88.,0.));
#16598=CARTESIAN_POINT('',(50.4363967049046,88.,0.));
#16599=CARTESIAN_POINT('',(-255.,-90.,0.));
#16600=CARTESIAN_POINT('Origin',(50.4363967049046,88.,2.));
#16601=CARTESIAN_POINT('Origin',(-255.,88.,2.));
#16602=CARTESIAN_POINT('Origin',(152.248528939873,65.,140.));
#16603=CARTESIAN_POINT('',(152.248528939873,75.,140.));
#16604=CARTESIAN_POINT('',(152.248528939873,65.,150.));
#16605=CARTESIAN_POINT('Origin',(152.248528939873,75.,140.));
#16606=CARTESIAN_POINT('',(152.248528939873,75.,35.));
#16607=CARTESIAN_POINT('Origin',(152.248528939873,65.,35.));
#16608=CARTESIAN_POINT('',(152.248528939873,65.,25.));
#16609=CARTESIAN_POINT('Origin',(152.248528939873,65.,25.));
#16610=CARTESIAN_POINT('',(152.248528939873,-65.,25.));
#16611=CARTESIAN_POINT('Origin',(152.248528939873,-65.,35.));
#16612=CARTESIAN_POINT('',(152.248528939873,-75.,35.));
#16613=CARTESIAN_POINT('Origin',(152.248528939873,-75.,35.));
#16614=CARTESIAN_POINT('',(152.248528939873,-75.,140.));
#16615=CARTESIAN_POINT('Origin',(152.248528939873,-65.,140.));
#16616=CARTESIAN_POINT('',(152.248528939873,-65.,150.));
#16617=CARTESIAN_POINT('Origin',(152.248528939873,-65.,150.));
#16618=CARTESIAN_POINT('Origin',(-250.,90.,0.));
#16619=CARTESIAN_POINT('Origin',(-255.,90.,0.));
#16620=CARTESIAN_POINT('Origin',(106.721371139152,-90.,117.486447801949));
#16621=CARTESIAN_POINT('',(105.121371139152,-102.,117.486447801949));
#16622=CARTESIAN_POINT('Origin',(106.721371139152,-102.,117.486447801949));
#16623=CARTESIAN_POINT('',(105.121371139152,-90.,117.486447801949));
#16624=CARTESIAN_POINT('',(105.121371139152,-90.,117.486447801949));
#16625=CARTESIAN_POINT('Origin',(106.721371139152,-90.,117.486447801949));
#16626=CARTESIAN_POINT('Origin',(106.721371139152,-102.,117.486447801949));
#16627=CARTESIAN_POINT('Origin',(106.721371139152,-90.,117.486447801949));
#16628=CARTESIAN_POINT('Origin',(-248.75,-90.,-11.));
#16629=CARTESIAN_POINT('',(-253.75,-80.,-11.));
#16630=CARTESIAN_POINT('Origin',(-248.75,-80.,-11.));
#16631=CARTESIAN_POINT('',(-253.75,-90.,-11.));
#16632=CARTESIAN_POINT('',(-253.75,-90.,-11.));
#16633=CARTESIAN_POINT('Origin',(-248.75,-90.,-11.));
#16634=CARTESIAN_POINT('Origin',(-249.,-90.,-12.));
#16635=CARTESIAN_POINT('',(-255.,-90.,-12.));
#16636=CARTESIAN_POINT('',(-249.,-90.,-18.));
#16637=CARTESIAN_POINT('Origin',(-249.,-90.,-12.));
#16638=CARTESIAN_POINT('',(-255.,-80.,-12.));
#16639=CARTESIAN_POINT('',(-255.,-90.,-12.));
#16640=CARTESIAN_POINT('',(-249.,-80.,-18.));
#16641=CARTESIAN_POINT('Origin',(-249.,-80.,-12.));
#16642=CARTESIAN_POINT('',(-249.,-90.,-18.));
#16643=CARTESIAN_POINT('Origin',(-248.5,-90.,-18.));
#16644=CARTESIAN_POINT('',(-248.5,-90.,-18.));
#16645=CARTESIAN_POINT('',(-249.,-90.,-18.));
#16646=CARTESIAN_POINT('',(-248.5,-80.,-18.));
#16647=CARTESIAN_POINT('',(-249.,-80.,-18.));
#16648=CARTESIAN_POINT('',(-248.5,-90.,-18.));
#16649=CARTESIAN_POINT('Origin',(-248.5,-90.,-12.));
#16650=CARTESIAN_POINT('',(-242.5,-90.,-12.));
#16651=CARTESIAN_POINT('Origin',(-248.5,-90.,-12.));
#16652=CARTESIAN_POINT('',(-242.5,-80.,-12.));
#16653=CARTESIAN_POINT('Origin',(-248.5,-80.,-12.));
#16654=CARTESIAN_POINT('',(-242.5,-90.,-12.));
#16655=CARTESIAN_POINT('Origin',(-242.5,-90.,0.));
#16656=CARTESIAN_POINT('',(-242.5,-90.,0.));
#16657=CARTESIAN_POINT('',(-242.5,-90.,0.));
#16658=CARTESIAN_POINT('',(-242.5,-80.,0.));
#16659=CARTESIAN_POINT('',(-242.5,-80.,0.));
#16660=CARTESIAN_POINT('',(-242.5,-90.,0.));
#16661=CARTESIAN_POINT('Origin',(-255.,-90.,0.));
#16662=CARTESIAN_POINT('',(-255.,-90.,0.));
#16663=CARTESIAN_POINT('',(-255.,-90.,0.));
#16664=CARTESIAN_POINT('',(-255.,-80.,0.));
#16665=CARTESIAN_POINT('',(-255.,-80.,0.));
#16666=CARTESIAN_POINT('',(-255.,-90.,0.));
#16667=CARTESIAN_POINT('Origin',(-255.,-90.,-12.));
#16668=CARTESIAN_POINT('',(-255.,-90.,0.));
#16669=CARTESIAN_POINT('',(-255.,-80.,0.));
#16670=CARTESIAN_POINT('Origin',(-248.75,-90.,-9.));
#16671=CARTESIAN_POINT('Origin',(-248.75,-80.,-9.));
#16672=CARTESIAN_POINT('Origin',(-249.,-90.,-18.));
#16673=CARTESIAN_POINT('',(-249.,-90.,-18.));
#16674=CARTESIAN_POINT('',(-248.5,-90.,-18.));
#16675=CARTESIAN_POINT('',(-248.5,-90.,-18.));
#16676=CARTESIAN_POINT('',(-248.5,-90.,-23.));
#16677=CARTESIAN_POINT('',(-248.5,-90.,-18.));
#16678=CARTESIAN_POINT('',(-249.,-90.,-23.));
#16679=CARTESIAN_POINT('',(-248.5,-90.,-23.));
#16680=CARTESIAN_POINT('',(-249.,-90.,-18.));
#16681=CARTESIAN_POINT('Origin',(-249.,-80.,-18.));
#16682=CARTESIAN_POINT('',(-249.,-80.,-18.));
#16683=CARTESIAN_POINT('',(-249.,-90.,-18.));
#16684=CARTESIAN_POINT('',(-249.,-80.,-23.));
#16685=CARTESIAN_POINT('',(-249.,-90.,-23.));
#16686=CARTESIAN_POINT('',(-249.,-80.,-18.));
#16687=CARTESIAN_POINT('Origin',(-248.5,-80.,-18.));
#16688=CARTESIAN_POINT('',(-248.5,-80.,-18.));
#16689=CARTESIAN_POINT('',(-249.,-80.,-18.));
#16690=CARTESIAN_POINT('',(-248.5,-80.,-23.));
#16691=CARTESIAN_POINT('',(-249.,-80.,-23.));
#16692=CARTESIAN_POINT('',(-248.5,-80.,-18.));
#16693=CARTESIAN_POINT('Origin',(-248.5,-90.,-18.));
#16694=CARTESIAN_POINT('',(-248.5,-80.,-18.));
#16695=CARTESIAN_POINT('',(-248.5,-80.,-23.));
#16696=CARTESIAN_POINT('Origin',(-275.,100.,-18.));
#16697=CARTESIAN_POINT('',(-275.,100.,-18.));
#16698=CARTESIAN_POINT('',(200.,100.,-18.));
#16699=CARTESIAN_POINT('',(-275.,100.,-18.));
#16700=CARTESIAN_POINT('',(200.,100.,-23.));
#16701=CARTESIAN_POINT('',(200.,100.,-18.));
#16702=CARTESIAN_POINT('',(-275.,100.,-23.));
#16703=CARTESIAN_POINT('',(-275.,100.,-23.));
#16704=CARTESIAN_POINT('',(-275.,100.,-18.));
#16705=CARTESIAN_POINT('Origin',(-275.,-100.,-18.));
#16706=CARTESIAN_POINT('',(-275.,-100.,-18.));
#16707=CARTESIAN_POINT('',(-275.,-100.,-18.));
#16708=CARTESIAN_POINT('',(-275.,-100.,-23.));
#16709=CARTESIAN_POINT('',(-275.,-100.,-23.));
#16710=CARTESIAN_POINT('',(-275.,-100.,-18.));
#16711=CARTESIAN_POINT('Origin',(200.,-100.,-18.));
#16712=CARTESIAN_POINT('',(200.,-100.,-18.));
#16713=CARTESIAN_POINT('',(200.,-100.,-18.));
#16714=CARTESIAN_POINT('',(200.,-100.,-23.));
#16715=CARTESIAN_POINT('',(200.,-100.,-23.));
#16716=CARTESIAN_POINT('',(200.,-100.,-18.));
#16717=CARTESIAN_POINT('Origin',(200.,100.,-18.));
#16718=CARTESIAN_POINT('',(200.,100.,-18.));
#16719=CARTESIAN_POINT('',(200.,100.,-23.));
#16720=CARTESIAN_POINT('Origin',(-37.5,0.,-23.));
#16721=CARTESIAN_POINT('Origin',(-37.5,0.,-18.));
#16722=CARTESIAN_POINT('Origin',(-247.5,-40.,-10.5));
#16723=CARTESIAN_POINT('',(-242.5,-70.,-10.5));
#16724=CARTESIAN_POINT('',(-247.5,-70.,-5.49999999999999));
#16725=CARTESIAN_POINT('Origin',(-247.5,-70.,-10.5));
#16726=CARTESIAN_POINT('',(-247.5,-80.,-5.49999999999999));
#16727=CARTESIAN_POINT('',(-247.5,-40.,-5.49999999999999));
#16728=CARTESIAN_POINT('',(-242.5,-80.,-10.5));
#16729=CARTESIAN_POINT('Origin',(-247.5,-80.,-10.5));
#16730=CARTESIAN_POINT('',(-242.5,-40.,-10.5));
#16731=CARTESIAN_POINT('Origin',(-255.,-80.,-18.));
#16732=CARTESIAN_POINT('',(-250.,-80.,-5.49999999999999));
#16733=CARTESIAN_POINT('',(-255.,-80.,-5.49999999999999));
#16734=CARTESIAN_POINT('',(-255.,-80.,-10.5));
#16735=CARTESIAN_POINT('Origin',(-250.,-80.,-10.5));
#16736=CARTESIAN_POINT('',(-255.,-80.,-18.));
#16737=CARTESIAN_POINT('',(-255.,-80.,-18.));
#16738=CARTESIAN_POINT('',(-242.5,-80.,-18.));
#16739=CARTESIAN_POINT('',(-255.,-80.,-18.));
#16740=CARTESIAN_POINT('',(-242.5,-80.,-18.));
#16741=CARTESIAN_POINT('',(-253.75,-80.,-11.));
#16742=CARTESIAN_POINT('Origin',(-248.75,-80.,-11.));
#16743=CARTESIAN_POINT('Origin',(-37.5,0.,-5.49999999999999));
#16744=CARTESIAN_POINT('',(-250.,-70.,-5.49999999999999));
#16745=CARTESIAN_POINT('',(-242.5,-70.,-5.49999999999999));
#16746=CARTESIAN_POINT('',(-250.,-35.,-5.49999999999999));
#16747=CARTESIAN_POINT('Origin',(-250.,-35.,-10.5));
#16748=CARTESIAN_POINT('',(-255.,-70.,-10.5));
#16749=CARTESIAN_POINT('Origin',(-250.,-70.,-10.5));
#16750=CARTESIAN_POINT('',(-255.,-35.,-10.5));
#16751=CARTESIAN_POINT('Origin',(-248.75,-80.,-11.));
#16752=CARTESIAN_POINT('',(-253.75,-70.,-11.));
#16753=CARTESIAN_POINT('',(-253.75,-80.,-11.));
#16754=CARTESIAN_POINT('Origin',(-248.75,-70.,-11.));
#16755=CARTESIAN_POINT('Origin',(-255.,-70.,-18.));
#16756=CARTESIAN_POINT('',(-255.,-70.,-18.));
#16757=CARTESIAN_POINT('',(-255.,-70.,-18.));
#16758=CARTESIAN_POINT('',(-255.,-80.,-18.));
#16759=CARTESIAN_POINT('Origin',(-242.5,-70.,-18.));
#16760=CARTESIAN_POINT('',(-242.5,-70.,-18.));
#16761=CARTESIAN_POINT('',(-242.5,-70.,-18.));
#16762=CARTESIAN_POINT('',(-242.5,-70.,-18.));
#16763=CARTESIAN_POINT('Origin',(-242.5,-80.,-18.));
#16764=CARTESIAN_POINT('',(-242.5,-80.,-18.));
#16765=CARTESIAN_POINT('Origin',(-37.5,0.,-18.));
#16766=CARTESIAN_POINT('Origin',(-248.75,89.95,-11.));
#16767=CARTESIAN_POINT('',(-248.75,89.9,-6.));
#16768=CARTESIAN_POINT('',(-248.75,89.9,-16.));
#16769=CARTESIAN_POINT('Origin',(-248.75,89.9,-11.));
#16770=CARTESIAN_POINT('',(-248.75,90.,-6.1));
#16771=CARTESIAN_POINT('',(-248.75,89.95,-6.05));
#16772=CARTESIAN_POINT('Origin',(-248.75,90.,-11.));
#16773=CARTESIAN_POINT('Origin',(-248.75,89.9,-11.));
#16774=CARTESIAN_POINT('Origin',(-248.75,90.,-6.));
#16775=CARTESIAN_POINT('Origin',(-248.75,80.0153869172849,-11.));
#16776=CARTESIAN_POINT('',(-248.75,70.0307738345698,-16.));
#16777=CARTESIAN_POINT('Origin',(-248.75,70.0307738345698,-11.));
#16778=CARTESIAN_POINT('',(-248.75,80.0153869172849,-16.));
#16779=CARTESIAN_POINT('Origin',(-248.75,70.0307738345697,-11.));
#16780=CARTESIAN_POINT('',(-248.75,69.9692864779488,-16.0018921376045));
#16781=CARTESIAN_POINT('Origin',(-248.75,70.0307738345697,-16.9999999999994));
#16782=CARTESIAN_POINT('Origin',(-248.75,69.9692864779488,-11.));
#16783=CARTESIAN_POINT('Origin',(-248.75,67.3319001854056,-11.));
#16784=CARTESIAN_POINT('',(-248.75,64.6945138928624,-16.3268388044459));
#16785=CARTESIAN_POINT('Origin',(-248.75,64.6945138928624,-11.));
#16786=CARTESIAN_POINT('',(-248.75,67.3319001854056,-16.1643654710252));
#16787=CARTESIAN_POINT('Origin',(-248.75,64.6330265362415,-11.));
#16788=CARTESIAN_POINT('',(-248.75,64.6330265362415,-16.3287309420504));
#16789=CARTESIAN_POINT('Origin',(-248.75,64.6330265362415,-11.));
#16790=CARTESIAN_POINT('Origin',(-248.75,64.6330265362415,-15.3287309420502));
#16791=CARTESIAN_POINT('Origin',(-248.75,-89.95,-11.));
#16792=CARTESIAN_POINT('',(-248.75,-89.9,-6.));
#16793=CARTESIAN_POINT('',(-248.75,-89.9,-16.));
#16794=CARTESIAN_POINT('Origin',(-248.75,-89.9,-11.));
#16795=CARTESIAN_POINT('Origin',(-248.75,-89.9,-11.));
#16796=CARTESIAN_POINT('',(-248.75,-90.,-6.1));
#16797=CARTESIAN_POINT('',(-248.75,-89.95,-6.05));
#16798=CARTESIAN_POINT('Origin',(-248.75,-90.,-11.));
#16799=CARTESIAN_POINT('Origin',(-248.75,-90.,-6.));
#16800=CARTESIAN_POINT('Origin',(-248.75,-80.0153869172849,-11.));
#16801=CARTESIAN_POINT('',(-248.75,-70.0307738345698,-16.));
#16802=CARTESIAN_POINT('Origin',(-248.75,-70.0307738345698,-11.));
#16803=CARTESIAN_POINT('',(-248.75,-80.0153869172849,-16.));
#16804=CARTESIAN_POINT('Origin',(-248.75,-70.0307738345697,-11.));
#16805=CARTESIAN_POINT('',(-248.75,-69.9692864779488,-16.0018921376045));
#16806=CARTESIAN_POINT('Origin',(-248.75,-70.0307738345697,-16.9999999999994));
#16807=CARTESIAN_POINT('Origin',(-248.75,-69.9692864779488,-11.));
#16808=CARTESIAN_POINT('Origin',(-248.75,-67.3319001854056,-11.));
#16809=CARTESIAN_POINT('',(-248.75,-64.6945138928624,-16.3268388044459));
#16810=CARTESIAN_POINT('Origin',(-248.75,-64.6945138928624,-11.));
#16811=CARTESIAN_POINT('',(-248.75,-67.3319001854056,-16.1643654710252));
#16812=CARTESIAN_POINT('Origin',(-248.75,-64.6330265362415,-11.));
#16813=CARTESIAN_POINT('',(-248.75,-64.6330265362415,-16.3287309420504));
#16814=CARTESIAN_POINT('Origin',(-248.75,-64.6330265362415,-11.));
#16815=CARTESIAN_POINT('Origin',(-248.75,-64.6330265362415,-15.3287309420502));
#16816=CARTESIAN_POINT('Origin',(-248.75,-32.3165132681207,-11.));
#16817=CARTESIAN_POINT('',(-248.75,-32.3165132681207,-16.3287309420504));
#16818=CARTESIAN_POINT('Origin',(192.061679750949,-65.25,-18.));
#16819=CARTESIAN_POINT('',(190.561679750949,-65.25,-13.));
#16820=CARTESIAN_POINT('Origin',(192.061679750949,-65.25,-13.));
#16821=CARTESIAN_POINT('',(190.561679750949,-65.25,-18.));
#16822=CARTESIAN_POINT('',(190.561679750949,-65.25,-18.));
#16823=CARTESIAN_POINT('Origin',(192.061679750949,-65.25,-18.));
#16824=CARTESIAN_POINT('Origin',(192.061679750949,-23.75,-18.));
#16825=CARTESIAN_POINT('',(190.561679750949,-23.75,-13.));
#16826=CARTESIAN_POINT('Origin',(192.061679750949,-23.75,-13.));
#16827=CARTESIAN_POINT('',(190.561679750949,-23.75,-18.));
#16828=CARTESIAN_POINT('',(190.561679750949,-23.75,-18.));
#16829=CARTESIAN_POINT('Origin',(192.061679750949,-23.75,-18.));
#16830=CARTESIAN_POINT('Origin',(192.061679750949,-86.,-18.));
#16831=CARTESIAN_POINT('',(190.561679750949,-86.,-13.));
#16832=CARTESIAN_POINT('Origin',(192.061679750949,-86.,-13.));
#16833=CARTESIAN_POINT('',(190.561679750949,-86.,-18.));
#16834=CARTESIAN_POINT('',(190.561679750949,-86.,-18.));
#16835=CARTESIAN_POINT('Origin',(192.061679750949,-86.,-18.));
#16836=CARTESIAN_POINT('Origin',(160.102417601881,-44.5,-18.));
#16837=CARTESIAN_POINT('',(158.602417601881,-44.5,-13.));
#16838=CARTESIAN_POINT('Origin',(160.102417601881,-44.5,-13.));
#16839=CARTESIAN_POINT('',(158.602417601881,-44.5,-18.));
#16840=CARTESIAN_POINT('',(158.602417601881,-44.5,-18.));
#16841=CARTESIAN_POINT('Origin',(160.102417601881,-44.5,-18.));
#16842=CARTESIAN_POINT('Origin',(192.061679750949,-3.00000000000001,-18.));
#16843=CARTESIAN_POINT('',(190.561679750949,-3.00000000000001,-13.));
#16844=CARTESIAN_POINT('Origin',(192.061679750949,-3.00000000000001,-13.));
#16845=CARTESIAN_POINT('',(190.561679750949,-3.00000000000001,-18.));
#16846=CARTESIAN_POINT('',(190.561679750949,-3.00000000000001,-18.));
#16847=CARTESIAN_POINT('Origin',(192.061679750949,-3.00000000000001,-18.));
#16848=CARTESIAN_POINT('Origin',(160.102417601881,-86.,-18.));
#16849=CARTESIAN_POINT('',(158.602417601881,-86.,-13.));
#16850=CARTESIAN_POINT('Origin',(160.102417601881,-86.,-13.));
#16851=CARTESIAN_POINT('',(158.602417601881,-86.,-18.));
#16852=CARTESIAN_POINT('',(158.602417601881,-86.,-18.));
#16853=CARTESIAN_POINT('Origin',(160.102417601881,-86.,-18.));
#16854=CARTESIAN_POINT('Origin',(192.061679750949,-44.5,-18.));
#16855=CARTESIAN_POINT('',(190.561679750949,-44.5,-13.));
#16856=CARTESIAN_POINT('Origin',(192.061679750949,-44.5,-13.));
#16857=CARTESIAN_POINT('',(190.561679750949,-44.5,-18.));
#16858=CARTESIAN_POINT('',(190.561679750949,-44.5,-18.));
#16859=CARTESIAN_POINT('Origin',(192.061679750949,-44.5,-18.));
#16860=CARTESIAN_POINT('Origin',(160.102417601881,-23.75,-18.));
#16861=CARTESIAN_POINT('',(158.602417601881,-23.75,-13.));
#16862=CARTESIAN_POINT('Origin',(160.102417601881,-23.75,-13.));
#16863=CARTESIAN_POINT('',(158.602417601881,-23.75,-18.));
#16864=CARTESIAN_POINT('',(158.602417601881,-23.75,-18.));
#16865=CARTESIAN_POINT('Origin',(160.102417601881,-23.75,-18.));
#16866=CARTESIAN_POINT('Origin',(160.102417601881,-3.00000000000001,-18.));
#16867=CARTESIAN_POINT('',(158.602417601881,-3.00000000000001,-13.));
#16868=CARTESIAN_POINT('Origin',(160.102417601881,-3.00000000000001,-13.));
#16869=CARTESIAN_POINT('',(158.602417601881,-3.00000000000001,-18.));
#16870=CARTESIAN_POINT('',(158.602417601881,-3.00000000000001,-18.));
#16871=CARTESIAN_POINT('Origin',(160.102417601881,-3.00000000000001,-18.));
#16872=CARTESIAN_POINT('Origin',(160.102417601881,-65.25,-18.));
#16873=CARTESIAN_POINT('',(158.602417601881,-65.25,-13.));
#16874=CARTESIAN_POINT('Origin',(160.102417601881,-65.25,-13.));
#16875=CARTESIAN_POINT('',(158.602417601881,-65.25,-18.));
#16876=CARTESIAN_POINT('',(158.602417601881,-65.25,-18.));
#16877=CARTESIAN_POINT('Origin',(160.102417601881,-65.25,-18.));
#16878=CARTESIAN_POINT('Origin',(197.061679750949,-4.44089209850063E-15,
-18.));
#16879=CARTESIAN_POINT('',(197.061679750949,-4.44089209850063E-15,-18.));
#16880=CARTESIAN_POINT('',(155.102417601881,-1.83186799063151E-14,-18.));
#16881=CARTESIAN_POINT('',(197.061679750949,-4.44089209850063E-15,-18.));
#16882=CARTESIAN_POINT('',(155.102417601881,-1.77635683940025E-14,-13.));
#16883=CARTESIAN_POINT('',(155.102417601881,-1.83186799063151E-14,-18.));
#16884=CARTESIAN_POINT('',(197.061679750949,-8.88178419700125E-15,-13.));
#16885=CARTESIAN_POINT('',(197.061679750949,-4.44089209850063E-15,-13.));
#16886=CARTESIAN_POINT('',(197.061679750949,-4.44089209850063E-15,-18.));
#16887=CARTESIAN_POINT('Origin',(197.061679750949,-90.,-18.));
#16888=CARTESIAN_POINT('',(197.061679750949,-90.,-18.));
#16889=CARTESIAN_POINT('',(197.061679750949,-90.,-18.));
#16890=CARTESIAN_POINT('',(197.061679750949,-90.,-13.));
#16891=CARTESIAN_POINT('',(197.061679750949,-90.,-13.));
#16892=CARTESIAN_POINT('',(197.061679750949,-90.,-18.));
#16893=CARTESIAN_POINT('Origin',(155.102417601881,-90.,-18.));
#16894=CARTESIAN_POINT('',(155.102417601881,-90.,-18.));
#16895=CARTESIAN_POINT('',(155.102417601881,-90.,-18.));
#16896=CARTESIAN_POINT('',(155.102417601881,-90.,-13.));
#16897=CARTESIAN_POINT('',(155.102417601881,-90.,-13.));
#16898=CARTESIAN_POINT('',(155.102417601881,-90.,-18.));
#16899=CARTESIAN_POINT('Origin',(155.102417601881,-1.77635683940025E-14,
-18.));
#16900=CARTESIAN_POINT('',(155.102417601881,-90.,-18.));
#16901=CARTESIAN_POINT('',(155.102417601881,-90.,-13.));
#16902=CARTESIAN_POINT('Origin',(176.082048676415,-45.,-18.));
#16903=CARTESIAN_POINT('Origin',(176.082048676415,-45.,-13.));
#16904=CARTESIAN_POINT('Origin',(-250.,-87.5,12.5));
#16905=CARTESIAN_POINT('',(-250.,-87.5,12.5));
#16906=CARTESIAN_POINT('',(-250.,87.5,12.5));
#16907=CARTESIAN_POINT('',(-250.,-87.5,12.5));
#16908=CARTESIAN_POINT('',(-250.,87.5,162.5));
#16909=CARTESIAN_POINT('',(-250.,87.5,12.5));
#16910=CARTESIAN_POINT('',(-250.,-87.5,162.5));
#16911=CARTESIAN_POINT('',(-250.,-87.5,162.5));
#16912=CARTESIAN_POINT('',(-250.,-87.5,12.5));
#16913=CARTESIAN_POINT('Origin',(-255.,-87.5,12.5));
#16914=CARTESIAN_POINT('',(-255.,-87.5,12.5));
#16915=CARTESIAN_POINT('',(-255.,-87.5,12.5));
#16916=CARTESIAN_POINT('',(-255.,-87.5,162.5));
#16917=CARTESIAN_POINT('',(-255.,-87.5,162.5));
#16918=CARTESIAN_POINT('',(-255.,-87.5,12.5));
#16919=CARTESIAN_POINT('Origin',(-255.,87.5,12.5));
#16920=CARTESIAN_POINT('',(-255.,87.5,12.5));
#16921=CARTESIAN_POINT('',(-255.,87.5,12.5));
#16922=CARTESIAN_POINT('',(-255.,87.5,162.5));
#16923=CARTESIAN_POINT('',(-255.,87.5,162.5));
#16924=CARTESIAN_POINT('',(-255.,87.5,12.5));
#16925=CARTESIAN_POINT('Origin',(-250.,87.5,12.5));
#16926=CARTESIAN_POINT('',(-250.,87.5,12.5));
#16927=CARTESIAN_POINT('',(-250.,87.5,162.5));
#16928=CARTESIAN_POINT('Origin',(-252.5,0.,162.5));
#16929=CARTESIAN_POINT('Origin',(-252.5,0.,12.5));
#16930=CARTESIAN_POINT('Origin',(-248.75,-90.,-11.));
#16931=CARTESIAN_POINT('',(152.248528939873,-90.,0.));
#16932=CARTESIAN_POINT('',(151.8027320857,-90.,10.8707345748896));
#16933=CARTESIAN_POINT('Origin',(-248.75,-90.,-11.));
#16934=CARTESIAN_POINT('',(152.248528939873,-100.,0.));
#16935=CARTESIAN_POINT('',(152.248528939873,-90.,0.));
#16936=CARTESIAN_POINT('',(151.8027320857,-100.,10.8707345748896));
#16937=CARTESIAN_POINT('Origin',(-248.75,-100.,-11.));
#16938=CARTESIAN_POINT('',(151.8027320857,-90.,10.8707345748896));
#16939=CARTESIAN_POINT('Origin',(161.693123921149,-90.,11.3907580035856));
#16940=CARTESIAN_POINT('',(161.693123921149,-90.,11.3907580035856));
#16941=CARTESIAN_POINT('',(151.8027320857,-90.,10.8707345748896));
#16942=CARTESIAN_POINT('',(161.693123921149,-100.,11.3907580035856));
#16943=CARTESIAN_POINT('',(151.8027320857,-100.,10.8707345748896));
#16944=CARTESIAN_POINT('',(161.693123921149,-90.,11.3907580035856));
#16945=CARTESIAN_POINT('Origin',(151.074544028459,-90.,21.5753619224238));
#16946=CARTESIAN_POINT('',(151.074544028459,-90.,21.5753619224238));
#16947=CARTESIAN_POINT('',(161.693123921149,-90.,11.3907580035856));
#16948=CARTESIAN_POINT('',(151.074544028459,-100.,21.5753619224238));
#16949=CARTESIAN_POINT('',(161.693123921149,-100.,11.3907580035856));
#16950=CARTESIAN_POINT('',(151.074544028459,-90.,21.5753619224238));
#16951=CARTESIAN_POINT('Origin',(-248.75,-90.,-11.));
#16952=CARTESIAN_POINT('',(150.983696312218,-90.,22.6718316213249));
#16953=CARTESIAN_POINT('Origin',(-248.75,-90.,-11.));
#16954=CARTESIAN_POINT('',(150.983696312218,-100.,22.6718316213249));
#16955=CARTESIAN_POINT('Origin',(-248.75,-100.,-11.));
#16956=CARTESIAN_POINT('',(150.983696312218,-90.,22.6718316213249));
#16957=CARTESIAN_POINT('Origin',(160.854454514214,-90.,23.4832547802498));
#16958=CARTESIAN_POINT('',(160.854454514214,-90.,23.4832547802498));
#16959=CARTESIAN_POINT('',(150.983696312218,-90.,22.6718316213249));
#16960=CARTESIAN_POINT('',(160.854454514214,-100.,23.4832547802498));
#16961=CARTESIAN_POINT('',(150.983696312218,-100.,22.6718316213249));
#16962=CARTESIAN_POINT('',(160.854454514214,-90.,23.4832547802498));
#16963=CARTESIAN_POINT('Origin',(149.940190672232,-90.,33.3503334111641));
#16964=CARTESIAN_POINT('',(149.940190672232,-90.,33.3503334111641));
#16965=CARTESIAN_POINT('',(160.854454514214,-90.,23.4832547802498));
#16966=CARTESIAN_POINT('',(149.940190672232,-100.,33.3503334111641));
#16967=CARTESIAN_POINT('',(160.854454514214,-100.,23.4832547802498));
#16968=CARTESIAN_POINT('',(149.940190672232,-90.,33.3503334111641));
#16969=CARTESIAN_POINT('Origin',(-248.75,-90.,-11.));
#16970=CARTESIAN_POINT('',(149.817052201276,-90.,34.4436476501298));
#16971=CARTESIAN_POINT('Origin',(-248.75,-90.,-11.));
#16972=CARTESIAN_POINT('',(149.817052201276,-100.,34.4436476501298));
#16973=CARTESIAN_POINT('Origin',(-248.75,-100.,-11.));
#16974=CARTESIAN_POINT('',(149.817052201276,-90.,34.4436476501298));
#16975=CARTESIAN_POINT('Origin',(159.659593160582,-90.,35.5457649258769));
#16976=CARTESIAN_POINT('',(159.659593160582,-90.,35.5457649258769));
#16977=CARTESIAN_POINT('',(149.817052201276,-90.,34.4436476501298));
#16978=CARTESIAN_POINT('',(159.659593160582,-100.,35.5457649258769));
#16979=CARTESIAN_POINT('',(149.817052201276,-100.,34.4436476501298));
#16980=CARTESIAN_POINT('',(159.659593160582,-90.,35.5457649258769));
#16981=CARTESIAN_POINT('Origin',(148.459136410827,-90.,45.0867378593844));
#16982=CARTESIAN_POINT('',(148.459136410827,-90.,45.0867378593844));
#16983=CARTESIAN_POINT('',(159.659593160582,-90.,35.5457649258769));
#16984=CARTESIAN_POINT('',(148.459136410827,-100.,45.0867378593844));
#16985=CARTESIAN_POINT('',(159.659593160582,-100.,35.5457649258769));
#16986=CARTESIAN_POINT('',(148.459136410827,-90.,45.0867378593844));
#16987=CARTESIAN_POINT('Origin',(-248.75,-90.,-11.));
#16988=CARTESIAN_POINT('',(148.303814266343,-90.,46.1759458925845));
#16989=CARTESIAN_POINT('Origin',(-248.75,-90.,-11.));
#16990=CARTESIAN_POINT('',(148.303814266343,-100.,46.1759458925845));
#16991=CARTESIAN_POINT('Origin',(-248.75,-100.,-11.));
#16992=CARTESIAN_POINT('',(148.303814266343,-90.,46.1759458925845));
#16993=CARTESIAN_POINT('Origin',(158.10957891143,-90.,47.5677988842048));
#16994=CARTESIAN_POINT('',(158.10957891143,-90.,47.5677988842048));
#16995=CARTESIAN_POINT('',(148.303814266343,-90.,46.1759458925845));
#16996=CARTESIAN_POINT('',(158.10957891143,-100.,47.5677988842048));
#16997=CARTESIAN_POINT('',(148.303814266343,-100.,46.1759458925845));
#16998=CARTESIAN_POINT('',(158.10957891143,-90.,47.5677988842048));
#16999=CARTESIAN_POINT('Origin',(146.632669168715,-90.,56.7743692922678));
#17000=CARTESIAN_POINT('',(146.632669168715,-90.,56.7743692922678));
#17001=CARTESIAN_POINT('',(158.10957891143,-90.,47.5677988842048));
#17002=CARTESIAN_POINT('',(146.632669168715,-100.,56.7743692922678));
#17003=CARTESIAN_POINT('',(158.10957891143,-100.,47.5677988842048));
#17004=CARTESIAN_POINT('',(146.632669168715,-90.,56.7743692922678));
#17005=CARTESIAN_POINT('Origin',(-248.75,-90.,-11.));
#17006=CARTESIAN_POINT('',(146.445298418808,-90.,57.8585239446278));
#17007=CARTESIAN_POINT('Origin',(-248.75,-90.,-11.));
#17008=CARTESIAN_POINT('',(146.445298418808,-100.,57.8585239446278));
#17009=CARTESIAN_POINT('Origin',(-248.75,-100.,-11.));
#17010=CARTESIAN_POINT('',(146.445298418808,-90.,57.8585239446278));
#17011=CARTESIAN_POINT('Origin',(156.205759658822,-90.,59.5389022970552));
#17012=CARTESIAN_POINT('',(156.205759658822,-90.,59.5389022970552));
#17013=CARTESIAN_POINT('',(146.445298418808,-90.,57.8585239446278));
#17014=CARTESIAN_POINT('',(156.205759658822,-100.,59.5389022970552));
#17015=CARTESIAN_POINT('',(146.445298418808,-100.,57.8585239446278));
#17016=CARTESIAN_POINT('',(156.205759658822,-90.,59.5389022970552));
#17017=CARTESIAN_POINT('Origin',(144.462377241422,-90.,68.4030641480012));
#17018=CARTESIAN_POINT('',(144.462377241422,-90.,68.4030641480012));
#17019=CARTESIAN_POINT('',(156.205759658822,-90.,59.5389022970552));
#17020=CARTESIAN_POINT('',(144.462377241422,-100.,68.4030641480012));
#17021=CARTESIAN_POINT('',(156.205759658822,-100.,59.5389022970552));
#17022=CARTESIAN_POINT('',(144.462377241422,-90.,68.4030641480012));
#17023=CARTESIAN_POINT('Origin',(-248.75,-90.,-11.));
#17024=CARTESIAN_POINT('',(144.243120823656,-90.,69.4812226388656));
#17025=CARTESIAN_POINT('Origin',(-248.75,-90.,-11.));
#17026=CARTESIAN_POINT('',(144.243120823656,-100.,69.4812226388656));
#17027=CARTESIAN_POINT('Origin',(-248.75,-100.,-11.));
#17028=CARTESIAN_POINT('',(144.243120823656,-90.,69.4812226388656));
#17029=CARTESIAN_POINT('Origin',(153.949790963574,-90.,71.4486650954416));
#17030=CARTESIAN_POINT('',(153.949790963574,-90.,71.4486650954416));
#17031=CARTESIAN_POINT('',(144.243120823656,-90.,69.4812226388656));
#17032=CARTESIAN_POINT('',(153.949790963574,-100.,71.4486650954416));
#17033=CARTESIAN_POINT('',(144.243120823656,-100.,69.4812226388656));
#17034=CARTESIAN_POINT('',(153.949790963574,-90.,71.4486650954416));
#17035=CARTESIAN_POINT('Origin',(141.950147914348,-90.,79.9627101160065));
#17036=CARTESIAN_POINT('',(141.950147914348,-90.,79.9627101160065));
#17037=CARTESIAN_POINT('',(153.949790963574,-90.,71.4486650954416));
#17038=CARTESIAN_POINT('',(141.950147914348,-100.,79.9627101160065));
#17039=CARTESIAN_POINT('',(153.949790963574,-100.,71.4486650954416));
#17040=CARTESIAN_POINT('',(141.950147914348,-90.,79.9627101160065));
#17041=CARTESIAN_POINT('Origin',(-248.75,-90.,-11.));
#17042=CARTESIAN_POINT('',(141.699196494057,-90.,81.0339348789805));
#17043=CARTESIAN_POINT('Origin',(-248.75,-90.,-11.));
#17044=CARTESIAN_POINT('',(141.699196494057,-100.,81.0339348789805));
#17045=CARTESIAN_POINT('Origin',(-248.75,-100.,-11.));
#17046=CARTESIAN_POINT('',(141.699196494057,-90.,81.0339348789805));
#17047=CARTESIAN_POINT('Origin',(151.343634615587,-90.,83.2867305521624));
#17048=CARTESIAN_POINT('',(151.343634615587,-90.,83.2867305521624));
#17049=CARTESIAN_POINT('',(141.699196494057,-90.,81.0339348789805));
#17050=CARTESIAN_POINT('',(151.343634615587,-100.,83.2867305521624));
#17051=CARTESIAN_POINT('',(141.699196494057,-100.,81.0339348789805));
#17052=CARTESIAN_POINT('',(151.343634615587,-90.,83.2867305521624));
#17053=CARTESIAN_POINT('Origin',(139.098165821582,-90.,91.4432549306037));
#17054=CARTESIAN_POINT('',(139.098165821582,-90.,91.4432549306037));
#17055=CARTESIAN_POINT('',(151.343634615587,-90.,83.2867305521624));
#17056=CARTESIAN_POINT('',(139.098165821582,-100.,91.4432549306037));
#17057=CARTESIAN_POINT('',(151.343634615587,-100.,83.2867305521624));
#17058=CARTESIAN_POINT('',(139.098165821582,-90.,91.4432549306037));
#17059=CARTESIAN_POINT('Origin',(-248.75,-90.,-11.));
#17060=CARTESIAN_POINT('',(138.815737626069,-90.,92.5066144288608));
#17061=CARTESIAN_POINT('Origin',(-248.75,-90.,-11.));
#17062=CARTESIAN_POINT('',(138.815737626069,-100.,92.5066144288608));
#17063=CARTESIAN_POINT('Origin',(-248.75,-100.,-11.));
#17064=CARTESIAN_POINT('',(138.815737626069,-90.,92.5066144288608));
#17065=CARTESIAN_POINT('Origin',(148.389556927866,-90.,95.0428042880094));
#17066=CARTESIAN_POINT('',(148.389556927866,-90.,95.0428042880094));
#17067=CARTESIAN_POINT('',(138.815737626069,-90.,92.5066144288608));
#17068=CARTESIAN_POINT('',(148.389556927866,-100.,95.0428042880094));
#17069=CARTESIAN_POINT('',(138.815737626069,-100.,92.5066144288608));
#17070=CARTESIAN_POINT('',(148.389556927866,-90.,95.0428042880094));
#17071=CARTESIAN_POINT('Origin',(135.908911046147,-90.,102.834715112459));
#17072=CARTESIAN_POINT('',(135.908911046147,-90.,102.834715112459));
#17073=CARTESIAN_POINT('',(148.389556927866,-90.,95.0428042880094));
#17074=CARTESIAN_POINT('',(135.908911046147,-100.,102.834715112459));
#17075=CARTESIAN_POINT('',(148.389556927866,-100.,95.0428042880094));
#17076=CARTESIAN_POINT('',(135.908911046147,-90.,102.834715112459));
#17077=CARTESIAN_POINT('Origin',(-248.75,-90.,-11.));
#17078=CARTESIAN_POINT('',(135.595251674909,-90.,103.889284648805));
#17079=CARTESIAN_POINT('Origin',(-248.75,-90.,-11.));
#17080=CARTESIAN_POINT('',(135.595251674909,-100.,103.889284648805));
#17081=CARTESIAN_POINT('Origin',(-248.75,-100.,-11.));
#17082=CARTESIAN_POINT('',(135.595251674909,-90.,103.889284648805));
#17083=CARTESIAN_POINT('Origin',(145.090126765742,-90.,106.706663223757));
#17084=CARTESIAN_POINT('',(145.090126765742,-90.,106.706663223757));
#17085=CARTESIAN_POINT('',(135.595251674909,-90.,103.889284648805));
#17086=CARTESIAN_POINT('',(145.090126765742,-100.,106.706663223757));
#17087=CARTESIAN_POINT('',(135.595251674909,-100.,103.889284648805));
#17088=CARTESIAN_POINT('',(145.090126765742,-90.,106.706663223757));
#17089=CARTESIAN_POINT('Origin',(132.385156963318,-90.,114.127184650216));
#17090=CARTESIAN_POINT('',(132.385156963318,-90.,114.127184650216));
#17091=CARTESIAN_POINT('',(145.090126765742,-90.,106.706663223757));
#17092=CARTESIAN_POINT('',(132.385156963318,-100.,114.127184650216));
#17093=CARTESIAN_POINT('',(145.090126765742,-100.,106.706663223757));
#17094=CARTESIAN_POINT('',(132.385156963318,-90.,114.127184650216));
#17095=CARTESIAN_POINT('Origin',(-248.75,-90.,-11.));
#17096=CARTESIAN_POINT('',(132.040539174479,-90.,115.172047171207));
#17097=CARTESIAN_POINT('Origin',(-248.75,-90.,-11.));
#17098=CARTESIAN_POINT('',(132.040539174479,-100.,115.172047171207));
#17099=CARTESIAN_POINT('Origin',(-248.75,-100.,-11.));
#17100=CARTESIAN_POINT('',(132.040539174479,-90.,115.172047171207));
#17101=CARTESIAN_POINT('Origin',(141.448213312983,-90.,118.268164470152));
#17102=CARTESIAN_POINT('',(141.448213312983,-90.,118.268164470152));
#17103=CARTESIAN_POINT('',(132.040539174479,-90.,115.172047171207));
#17104=CARTESIAN_POINT('',(141.448213312983,-100.,118.268164470152));
#17105=CARTESIAN_POINT('',(132.040539174479,-100.,115.172047171207));
#17106=CARTESIAN_POINT('',(141.448213312983,-90.,118.268164470152));
#17107=CARTESIAN_POINT('Origin',(128.529967828897,-90.,125.310843614763));
#17108=CARTESIAN_POINT('',(128.529967828897,-90.,125.310843614763));
#17109=CARTESIAN_POINT('',(141.448213312983,-90.,118.268164470152));
#17110=CARTESIAN_POINT('',(128.529967828897,-100.,125.310843614763));
#17111=CARTESIAN_POINT('',(141.448213312983,-100.,118.268164470152));
#17112=CARTESIAN_POINT('',(128.529967828897,-90.,125.310843614763));
#17113=CARTESIAN_POINT('Origin',(-248.75,-90.,-11.));
#17114=CARTESIAN_POINT('',(128.154691302013,-90.,126.345090508171));
#17115=CARTESIAN_POINT('Origin',(-248.75,-90.,-11.));
#17116=CARTESIAN_POINT('',(128.154691302013,-100.,126.345090508171));
#17117=CARTESIAN_POINT('Origin',(-248.75,-100.,-11.));
#17118=CARTESIAN_POINT('',(128.154691302013,-90.,126.345090508171));
#17119=CARTESIAN_POINT('Origin',(137.466983576756,-90.,129.717254148163));
#17120=CARTESIAN_POINT('',(137.466983576756,-90.,129.717254148163));
#17121=CARTESIAN_POINT('',(128.154691302013,-90.,126.345090508171));
#17122=CARTESIAN_POINT('',(137.466983576756,-100.,129.717254148163));
#17123=CARTESIAN_POINT('',(128.154691302013,-100.,126.345090508171));
#17124=CARTESIAN_POINT('',(137.466983576756,-90.,129.717254148163));
#17125=CARTESIAN_POINT('Origin',(124.346696114539,-90.,136.375966698637));
#17126=CARTESIAN_POINT('',(124.346696114539,-90.,136.375966698637));
#17127=CARTESIAN_POINT('',(137.466983576756,-90.,129.717254148163));
#17128=CARTESIAN_POINT('',(124.346696114539,-100.,136.375966698637));
#17129=CARTESIAN_POINT('',(137.466983576756,-100.,129.717254148163));
#17130=CARTESIAN_POINT('',(124.346696114539,-90.,136.375966698637));
#17131=CARTESIAN_POINT('Origin',(-248.75,-90.,-11.));
#17132=CARTESIAN_POINT('',(123.941087189997,-90.,137.398698583584));
#17133=CARTESIAN_POINT('Origin',(-248.75,-90.,-11.));
#17134=CARTESIAN_POINT('',(123.941087189997,-100.,137.398698583584));
#17135=CARTESIAN_POINT('Origin',(-248.75,-100.,-11.));
#17136=CARTESIAN_POINT('',(123.941087189997,-90.,137.398698583584));
#17137=CARTESIAN_POINT('Origin',(133.149899633593,-90.,141.043976131837));
#17138=CARTESIAN_POINT('',(133.149899633593,-90.,141.043976131837));
#17139=CARTESIAN_POINT('',(123.941087189997,-90.,137.398698583584));
#17140=CARTESIAN_POINT('',(133.149899633593,-100.,141.043976131837));
#17141=CARTESIAN_POINT('',(123.941087189997,-100.,137.398698583584));
#17142=CARTESIAN_POINT('',(133.149899633593,-90.,141.043976131837));
#17143=CARTESIAN_POINT('Origin',(119.838979592437,-90.,147.312931673153));
#17144=CARTESIAN_POINT('',(119.838979592437,-90.,147.312931673153));
#17145=CARTESIAN_POINT('',(133.149899633593,-90.,141.043976131837));
#17146=CARTESIAN_POINT('',(119.838979592437,-100.,147.312931673153));
#17147=CARTESIAN_POINT('',(133.149899633593,-100.,141.043976131837));
#17148=CARTESIAN_POINT('',(119.838979592437,-90.,147.312931673153));
#17149=CARTESIAN_POINT('Origin',(-248.75,-90.,-11.));
#17150=CARTESIAN_POINT('',(119.403390987673,-90.,148.323259182209));
#17151=CARTESIAN_POINT('Origin',(-248.75,-90.,-11.));
#17152=CARTESIAN_POINT('',(119.403390987673,-100.,148.323259182209));
#17153=CARTESIAN_POINT('Origin',(-248.75,-100.,-11.));
#17154=CARTESIAN_POINT('',(119.403390987673,-90.,148.323259182209));
#17155=CARTESIAN_POINT('Origin',(128.500715618775,-90.,152.238480706141));
#17156=CARTESIAN_POINT('',(128.500715618775,-90.,152.238480706141));
#17157=CARTESIAN_POINT('',(119.403390987673,-90.,148.323259182209));
#17158=CARTESIAN_POINT('',(128.500715618775,-100.,152.238480706141));
#17159=CARTESIAN_POINT('',(119.403390987673,-100.,148.323259182209));
#17160=CARTESIAN_POINT('',(128.500715618775,-90.,152.238480706141));
#17161=CARTESIAN_POINT('Origin',(115.010738171922,-90.,158.112227755892));
#17162=CARTESIAN_POINT('',(115.010738171922,-90.,158.112227755892));
#17163=CARTESIAN_POINT('',(128.500715618775,-90.,152.238480706141));
#17164=CARTESIAN_POINT('',(115.010738171922,-100.,158.112227755892));
#17165=CARTESIAN_POINT('',(128.500715618775,-100.,152.238480706141));
#17166=CARTESIAN_POINT('',(115.010738171922,-90.,158.112227755892));
#17167=CARTESIAN_POINT('Origin',(-248.75,-90.,-11.));
#17168=CARTESIAN_POINT('',(114.545548674694,-90.,159.109272308469));
#17169=CARTESIAN_POINT('Origin',(-248.75,-90.,-11.));
#17170=CARTESIAN_POINT('',(114.545548674694,-100.,159.109272308469));
#17171=CARTESIAN_POINT('Origin',(-248.75,-100.,-11.));
#17172=CARTESIAN_POINT('',(114.545548674694,-90.,159.109272308469));
#17173=CARTESIAN_POINT('Origin',(123.523474461734,-90.,163.291033132274));
#17174=CARTESIAN_POINT('',(123.523474461734,-90.,163.291033132274));
#17175=CARTESIAN_POINT('',(114.545548674694,-90.,159.109272308469));
#17176=CARTESIAN_POINT('',(123.523474461734,-100.,163.291033132274));
#17177=CARTESIAN_POINT('',(114.545548674694,-100.,159.109272308469));
#17178=CARTESIAN_POINT('',(123.523474461734,-90.,163.291033132274));
#17179=CARTESIAN_POINT('Origin',(109.866170490709,-90.,168.764463881272));
#17180=CARTESIAN_POINT('',(109.866170490709,-90.,168.764463881272));
#17181=CARTESIAN_POINT('',(123.523474461734,-90.,163.291033132274));
#17182=CARTESIAN_POINT('',(109.866170490709,-100.,168.764463881272));
#17183=CARTESIAN_POINT('',(123.523474461734,-100.,163.291033132274));
#17184=CARTESIAN_POINT('',(109.866170490709,-90.,168.764463881272));
#17185=CARTESIAN_POINT('Origin',(-248.75,-90.,-11.));
#17186=CARTESIAN_POINT('',(109.371784629704,-90.,169.747358447639));
#17187=CARTESIAN_POINT('Origin',(-248.75,-90.,-11.));
#17188=CARTESIAN_POINT('',(109.371784629704,-100.,169.747358447639));
#17189=CARTESIAN_POINT('Origin',(-248.75,-100.,-11.));
#17190=CARTESIAN_POINT('',(109.371784629704,-90.,169.747358447639));
#17191=CARTESIAN_POINT('Origin',(118.222504370324,-90.,174.192022112993));
#17192=CARTESIAN_POINT('',(118.222504370324,-90.,174.192022112993));
#17193=CARTESIAN_POINT('',(109.371784629704,-90.,169.747358447639));
#17194=CARTESIAN_POINT('',(118.222504370324,-100.,174.192022112993));
#17195=CARTESIAN_POINT('',(109.371784629704,-100.,169.747358447639));
#17196=CARTESIAN_POINT('',(118.222504370324,-90.,174.192022112993));
#17197=CARTESIAN_POINT('Origin',(104.409750263761,-90.,179.26037686702));
#17198=CARTESIAN_POINT('',(104.409750263761,-90.,179.26037686702));
#17199=CARTESIAN_POINT('',(118.222504370324,-90.,174.192022112993));
#17200=CARTESIAN_POINT('',(104.409750263761,-100.,179.26037686702));
#17201=CARTESIAN_POINT('',(118.222504370324,-100.,174.192022112993));
#17202=CARTESIAN_POINT('',(104.409750263761,-90.,179.26037686702));
#17203=CARTESIAN_POINT('Origin',(-248.75,-90.,-11.));
#17204=CARTESIAN_POINT('',(103.88659795682,-90.,180.22826672227));
#17205=CARTESIAN_POINT('Origin',(-248.75,-90.,-11.));
#17206=CARTESIAN_POINT('',(103.88659795682,-100.,180.22826672227));
#17207=CARTESIAN_POINT('Origin',(-248.75,-100.,-11.));
#17208=CARTESIAN_POINT('',(103.88659795682,-90.,180.22826672227));
#17209=CARTESIAN_POINT('Origin',(112.602415067012,-90.,184.931968150593));
#17210=CARTESIAN_POINT('',(112.602415067012,-90.,184.931968150593));
#17211=CARTESIAN_POINT('',(103.88659795682,-90.,180.22826672227));
#17212=CARTESIAN_POINT('',(112.602415067012,-100.,184.931968150593));
#17213=CARTESIAN_POINT('',(103.88659795682,-100.,180.22826672227));
#17214=CARTESIAN_POINT('',(112.602415067012,-90.,184.931968150593));
#17215=CARTESIAN_POINT('Origin',(98.646222392949,-90.,189.59083946943));
#17216=CARTESIAN_POINT('',(98.646222392949,-90.,189.59083946943));
#17217=CARTESIAN_POINT('',(112.602415067012,-90.,184.931968150593));
#17218=CARTESIAN_POINT('',(98.646222392949,-100.,189.59083946943));
#17219=CARTESIAN_POINT('',(112.602415067012,-100.,184.931968150593));
#17220=CARTESIAN_POINT('',(98.646222392949,-90.,189.59083946943));
#17221=CARTESIAN_POINT('Origin',(-248.75,-90.,-11.));
#17222=CARTESIAN_POINT('',(98.0947585732068,-90.,190.542882936752));
#17223=CARTESIAN_POINT('Origin',(-248.75,-90.,-11.));
#17224=CARTESIAN_POINT('',(98.0947585732068,-100.,190.542882936752));
#17225=CARTESIAN_POINT('Origin',(-248.75,-100.,-11.));
#17226=CARTESIAN_POINT('',(98.0947585732068,-90.,190.542882936752));
#17227=CARTESIAN_POINT('Origin',(106.668093780262,-90.,195.501531790279));
#17228=CARTESIAN_POINT('',(106.668093780262,-90.,195.501531790279));
#17229=CARTESIAN_POINT('',(98.0947585732068,-90.,190.542882936752));
#17230=CARTESIAN_POINT('',(106.668093780262,-100.,195.501531790279));
#17231=CARTESIAN_POINT('',(98.0947585732068,-100.,190.542882936752));
#17232=CARTESIAN_POINT('',(106.668093780262,-90.,195.501531790279));
#17233=CARTESIAN_POINT('Origin',(92.5805988408867,-90.,199.746868320418));
#17234=CARTESIAN_POINT('',(92.5805988408867,-90.,199.746868320418));
#17235=CARTESIAN_POINT('',(106.668093780262,-90.,195.501531790279));
#17236=CARTESIAN_POINT('',(92.5805988408867,-100.,199.746868320418));
#17237=CARTESIAN_POINT('',(106.668093780262,-100.,195.501531790279));
#17238=CARTESIAN_POINT('',(92.5805988408867,-90.,199.746868320418));
#17239=CARTESIAN_POINT('Origin',(-248.75,-90.,-11.));
#17240=CARTESIAN_POINT('',(92.0013030611637,-90.,200.682237503014));
#17241=CARTESIAN_POINT('Origin',(-248.75,-90.,-11.));
#17242=CARTESIAN_POINT('',(92.0013030611637,-100.,200.682237503014));
#17243=CARTESIAN_POINT('Origin',(-248.75,-100.,-11.));
#17244=CARTESIAN_POINT('',(92.0013030611637,-90.,200.682237503014));
#17245=CARTESIAN_POINT('Origin',(100.424700994606,-90.,205.891521741756));
#17246=CARTESIAN_POINT('',(100.424700994606,-90.,205.891521741756));
#17247=CARTESIAN_POINT('',(92.0013030611637,-90.,200.682237503014));
#17248=CARTESIAN_POINT('',(100.424700994606,-100.,205.891521741756));
#17249=CARTESIAN_POINT('',(92.0013030611637,-100.,200.682237503014));
#17250=CARTESIAN_POINT('',(100.424700994606,-90.,205.891521741756));
#17251=CARTESIAN_POINT('Origin',(86.2181542725271,-90.,209.71963173945));
#17252=CARTESIAN_POINT('',(86.2181542725271,-90.,209.71963173945));
#17253=CARTESIAN_POINT('',(100.424700994606,-90.,205.891521741756));
#17254=CARTESIAN_POINT('',(86.2181542725271,-100.,209.71963173945));
#17255=CARTESIAN_POINT('',(100.424700994606,-100.,205.891521741756));
#17256=CARTESIAN_POINT('',(86.2181542725271,-90.,209.71963173945));
#17257=CARTESIAN_POINT('Origin',(-248.75,-90.,-11.));
#17258=CARTESIAN_POINT('',(85.6115302883104,-90.,210.637513240477));
#17259=CARTESIAN_POINT('Origin',(-248.75,-90.,-11.));
#17260=CARTESIAN_POINT('',(85.6115302883104,-100.,210.637513240477));
#17261=CARTESIAN_POINT('Origin',(-248.75,-100.,-11.));
#17262=CARTESIAN_POINT('',(85.6115302883104,-90.,210.637513240477));
#17263=CARTESIAN_POINT('Origin',(93.8776659630844,-90.,216.092902871965));
#17264=CARTESIAN_POINT('',(93.8776659630844,-90.,216.092902871965));
#17265=CARTESIAN_POINT('',(85.6115302883104,-90.,210.637513240477));
#17266=CARTESIAN_POINT('',(93.8776659630844,-100.,216.092902871965));
#17267=CARTESIAN_POINT('',(85.6115302883104,-100.,210.637513240477));
#17268=CARTESIAN_POINT('',(93.8776659630844,-90.,216.092902871965));
#17269=CARTESIAN_POINT('Origin',(79.5644214683161,-90.,219.500457413574));
#17270=CARTESIAN_POINT('',(79.5644214683161,-90.,219.500457413574));
#17271=CARTESIAN_POINT('',(93.8776659630844,-90.,216.092902871965));
#17272=CARTESIAN_POINT('',(79.5644214683161,-100.,219.500457413574));
#17273=CARTESIAN_POINT('',(93.8776659630844,-100.,216.092902871965));
#17274=CARTESIAN_POINT('',(79.5644214683161,-90.,219.500457413574));
#17275=CARTESIAN_POINT('Origin',(-248.75,-90.,-11.));
#17276=CARTESIAN_POINT('',(78.9309967996936,-90.,220.400053043474));
#17277=CARTESIAN_POINT('Origin',(-248.75,-90.,-11.));
#17278=CARTESIAN_POINT('',(78.9309967996936,-100.,220.400053043474));
#17279=CARTESIAN_POINT('Origin',(-248.75,-100.,-11.));
#17280=CARTESIAN_POINT('',(78.9309967996936,-90.,220.400053043474));
#17281=CARTESIAN_POINT('Origin',(87.0326819859716,-90.,226.096804062043));
#17282=CARTESIAN_POINT('',(87.0326819859716,-90.,226.096804062043));
#17283=CARTESIAN_POINT('',(78.9309967996936,-90.,220.400053043474));
#17284=CARTESIAN_POINT('',(87.0326819859716,-100.,226.096804062043));
#17285=CARTESIAN_POINT('',(78.9309967996936,-100.,220.400053043474));
#17286=CARTESIAN_POINT('',(87.0326819859716,-90.,226.096804062043));
#17287=CARTESIAN_POINT('Origin',(72.6251865128881,-90.,229.08083993886));
#17288=CARTESIAN_POINT('',(72.6251865128881,-90.,229.08083993886));
#17289=CARTESIAN_POINT('',(87.0326819859716,-90.,226.096804062043));
#17290=CARTESIAN_POINT('',(72.6251865128881,-100.,229.08083993886));
#17291=CARTESIAN_POINT('',(87.0326819859716,-100.,226.096804062043));
#17292=CARTESIAN_POINT('',(72.6251865128881,-90.,229.08083993886));
#17293=CARTESIAN_POINT('Origin',(-248.75,-90.,-11.));
#17294=CARTESIAN_POINT('',(71.9655119858172,-90.,229.961367409464));
#17295=CARTESIAN_POINT('Origin',(-248.75,-90.,-11.));
#17296=CARTESIAN_POINT('',(71.9655119858172,-100.,229.961367409464));
#17297=CARTESIAN_POINT('Origin',(-248.75,-100.,-11.));
#17298=CARTESIAN_POINT('',(71.9655119858172,-90.,229.961367409464));
#17299=CARTESIAN_POINT('Origin',(79.8957014598809,-90.,235.894525921637));
#17300=CARTESIAN_POINT('',(79.8957014598809,-90.,235.894525921637));
#17301=CARTESIAN_POINT('',(71.9655119858172,-90.,229.961367409464));
#17302=CARTESIAN_POINT('',(79.8957014598809,-100.,235.894525921637));
#17303=CARTESIAN_POINT('',(71.9655119858172,-100.,229.961367409464));
#17304=CARTESIAN_POINT('',(79.8957014598809,-90.,235.894525921637));
#17305=CARTESIAN_POINT('Origin',(65.4064837634872,-90.,238.452448216697));
#17306=CARTESIAN_POINT('',(65.4064837634872,-90.,238.452448216697));
#17307=CARTESIAN_POINT('',(79.8957014598809,-90.,235.894525921637));
#17308=CARTESIAN_POINT('',(65.4064837634872,-100.,238.452448216697));
#17309=CARTESIAN_POINT('',(79.8957014598809,-100.,235.894525921637));
#17310=CARTESIAN_POINT('',(65.4064837634872,-90.,238.452448216697));
#17311=CARTESIAN_POINT('Origin',(-248.75,-90.,-11.));
#17312=CARTESIAN_POINT('',(64.7211330307966,-90.,239.313141821503));
#17313=CARTESIAN_POINT('Origin',(-248.75,-90.,-11.));
#17314=CARTESIAN_POINT('',(64.7211330307966,-100.,239.313141821503));
#17315=CARTESIAN_POINT('Origin',(-248.75,-100.,-11.));
#17316=CARTESIAN_POINT('',(64.7211330307966,-90.,239.313141821503));
#17317=CARTESIAN_POINT('Origin',(72.4729307015627,-90.,245.477548353898));
#17318=CARTESIAN_POINT('',(72.4729307015627,-90.,245.477548353898));
#17319=CARTESIAN_POINT('',(64.7211330307966,-90.,239.313141821503));
#17320=CARTESIAN_POINT('',(72.4729307015627,-100.,245.477548353898));
#17321=CARTESIAN_POINT('',(64.7211330307966,-100.,239.313141821503));
#17322=CARTESIAN_POINT('',(72.4729307015627,-90.,245.477548353898));
#17323=CARTESIAN_POINT('Origin',(57.914590602492,-90.,247.607132698516));
#17324=CARTESIAN_POINT('',(57.914590602492,-90.,247.607132698516));
#17325=CARTESIAN_POINT('',(72.4729307015627,-90.,245.477548353898));
#17326=CARTESIAN_POINT('',(57.914590602492,-100.,247.607132698516));
#17327=CARTESIAN_POINT('',(72.4729307015627,-100.,245.477548353898));
#17328=CARTESIAN_POINT('',(57.914590602492,-90.,247.607132698516));
#17329=CARTESIAN_POINT('Origin',(-248.75,-90.,-11.));
#17330=CARTESIAN_POINT('',(57.2041596450333,-90.,248.447243978549));
#17331=CARTESIAN_POINT('Origin',(-248.75,-90.,-11.));
#17332=CARTESIAN_POINT('',(57.2041596450333,-100.,248.447243978549));
#17333=CARTESIAN_POINT('Origin',(-248.75,-100.,-11.));
#17334=CARTESIAN_POINT('',(57.2041596450333,-90.,248.447243978549));
#17335=CARTESIAN_POINT('Origin',(64.7708245508928,-90.,254.837537964553));
#17336=CARTESIAN_POINT('',(64.7708245508928,-90.,254.837537964553));
#17337=CARTESIAN_POINT('',(57.2041596450333,-90.,248.447243978549));
#17338=CARTESIAN_POINT('',(64.7708245508928,-100.,254.837537964553));
#17339=CARTESIAN_POINT('',(57.2041596450333,-100.,248.447243978549));
#17340=CARTESIAN_POINT('',(64.7708245508928,-90.,254.837537964553));
#17341=CARTESIAN_POINT('Origin',(50.156021978605,-90.,256.536932472636));
#17342=CARTESIAN_POINT('',(50.156021978605,-90.,256.536932472636));
#17343=CARTESIAN_POINT('',(64.7708245508928,-90.,254.837537964553));
#17344=CARTESIAN_POINT('',(50.156021978605,-100.,256.536932472636));
#17345=CARTESIAN_POINT('',(64.7708245508928,-100.,254.837537964553));
#17346=CARTESIAN_POINT('',(50.156021978605,-90.,256.536932472636));
#17347=CARTESIAN_POINT('Origin',(-248.75,-90.,-11.));
#17348=CARTESIAN_POINT('',(49.421128586988,-90.,257.355730867305));
#17349=CARTESIAN_POINT('Origin',(-248.75,-90.,-11.));
#17350=CARTESIAN_POINT('',(49.421128586988,-100.,257.355730867305));
#17351=CARTESIAN_POINT('Origin',(-248.75,-100.,-11.));
#17352=CARTESIAN_POINT('',(49.421128586988,-90.,257.355730867305));
#17353=CARTESIAN_POINT('Origin',(56.7960807577449,-90.,263.966355308624));
#17354=CARTESIAN_POINT('',(56.7960807577449,-90.,263.966355308624));
#17355=CARTESIAN_POINT('',(49.421128586988,-90.,257.355730867305));
#17356=CARTESIAN_POINT('',(56.7960807577449,-100.,263.966355308624));
#17357=CARTESIAN_POINT('',(49.421128586988,-100.,257.355730867305));
#17358=CARTESIAN_POINT('',(56.7960807577449,-90.,263.966355308624));
#17359=CARTESIAN_POINT('Origin',(42.1375247414545,-90.,265.234082187068));
#17360=CARTESIAN_POINT('',(42.1375247414545,-90.,265.234082187068));
#17361=CARTESIAN_POINT('',(56.7960807577449,-90.,263.966355308624));
#17362=CARTESIAN_POINT('',(42.1375247414545,-100.,265.234082187068));
#17363=CARTESIAN_POINT('',(56.7960807577449,-100.,263.966355308624));
#17364=CARTESIAN_POINT('',(42.1375247414545,-90.,265.234082187068));
#17365=CARTESIAN_POINT('Origin',(-248.75,-90.,-11.));
#17366=CARTESIAN_POINT('',(41.3788079788167,-90.,266.030855669462));
#17367=CARTESIAN_POINT('Origin',(-248.75,-90.,-11.));
#17368=CARTESIAN_POINT('',(41.3788079788167,-100.,266.030855669462));
#17369=CARTESIAN_POINT('Origin',(-248.75,-100.,-11.));
#17370=CARTESIAN_POINT('',(41.3788079788167,-90.,266.030855669462));
#17371=CARTESIAN_POINT('Origin',(48.5556341576288,-90.,272.856061968486));
#17372=CARTESIAN_POINT('',(48.5556341576288,-90.,272.856061968486));
#17373=CARTESIAN_POINT('',(41.3788079788167,-90.,266.030855669462));
#17374=CARTESIAN_POINT('',(48.5556341576288,-100.,272.856061968486));
#17375=CARTESIAN_POINT('',(41.3788079788167,-100.,266.030855669462));
#17376=CARTESIAN_POINT('',(48.5556341576288,-90.,272.856061968486));
#17377=CARTESIAN_POINT('Origin',(33.8660717745359,-90.,273.691018802266));
#17378=CARTESIAN_POINT('',(33.8660717745359,-90.,273.691018802266));
#17379=CARTESIAN_POINT('',(48.5556341576288,-90.,272.856061968486));
#17380=CARTESIAN_POINT('',(33.8660717745359,-100.,273.691018802266));
#17381=CARTESIAN_POINT('',(48.5556341576288,-100.,272.856061968486));
#17382=CARTESIAN_POINT('',(33.8660717745359,-90.,273.691018802266));
#17383=CARTESIAN_POINT('Origin',(-248.75,-90.,-11.));
#17384=CARTESIAN_POINT('',(33.0841914208129,-90.,274.465074498335));
#17385=CARTESIAN_POINT('Origin',(-248.75,-90.,-11.));
#17386=CARTESIAN_POINT('',(33.0841914208129,-100.,274.465074498335));
#17387=CARTESIAN_POINT('Origin',(-248.75,-100.,-11.));
#17388=CARTESIAN_POINT('',(33.0841914208129,-90.,274.465074498335));
#17389=CARTESIAN_POINT('Origin',(40.0566506411586,-90.,281.498927457115));
#17390=CARTESIAN_POINT('',(40.0566506411586,-90.,281.498927457115));
#17391=CARTESIAN_POINT('',(33.0841914208129,-90.,274.465074498335));
#17392=CARTESIAN_POINT('',(40.0566506411586,-100.,281.498927457115));
#17393=CARTESIAN_POINT('',(33.0841914208129,-100.,274.465074498335));
#17394=CARTESIAN_POINT('',(40.0566506411586,-90.,281.498927457115));
#17395=CARTESIAN_POINT('Origin',(25.3488559315935,-90.,281.900388167946));
#17396=CARTESIAN_POINT('',(25.3488559315935,-90.,281.900388167946));
#17397=CARTESIAN_POINT('',(40.0566506411586,-90.,281.498927457115));
#17398=CARTESIAN_POINT('',(25.3488559315935,-100.,281.900388167946));
#17399=CARTESIAN_POINT('',(40.0566506411586,-100.,281.498927457115));
#17400=CARTESIAN_POINT('',(25.3488559315935,-90.,281.900388167946));
#17401=CARTESIAN_POINT('Origin',(-248.75,-90.,-11.));
#17402=CARTESIAN_POINT('',(24.544491909775,-90.,282.65105295902));
#17403=CARTESIAN_POINT('Origin',(-248.75,-90.,-11.));
#17404=CARTESIAN_POINT('',(24.544491909775,-100.,282.65105295902));
#17405=CARTESIAN_POINT('Origin',(-248.75,-100.,-11.));
#17406=CARTESIAN_POINT('',(24.544491909775,-90.,282.65105295902));
#17407=CARTESIAN_POINT('Origin',(31.3065209225963,-90.,289.887435940516));
#17408=CARTESIAN_POINT('',(31.3065209225963,-90.,289.887435940516));
#17409=CARTESIAN_POINT('',(24.544491909775,-90.,282.65105295902));
#17410=CARTESIAN_POINT('',(31.3065209225963,-100.,289.887435940516));
#17411=CARTESIAN_POINT('',(24.544491909775,-100.,282.65105295902));
#17412=CARTESIAN_POINT('',(31.3065209225963,-90.,289.887435940516));
#17413=CARTESIAN_POINT('Origin',(16.5932837817163,-90.,289.85505141825));
#17414=CARTESIAN_POINT('',(16.5932837817163,-90.,289.85505141825));
#17415=CARTESIAN_POINT('',(31.3065209225963,-90.,289.887435940516));
#17416=CARTESIAN_POINT('',(16.5932837817163,-100.,289.85505141825));
#17417=CARTESIAN_POINT('',(31.3065209225963,-100.,289.887435940516));
#17418=CARTESIAN_POINT('',(16.5932837817163,-90.,289.85505141825));
#17419=CARTESIAN_POINT('Origin',(-248.75,-90.,-11.));
#17420=CARTESIAN_POINT('',(15.7671355665848,-90.,290.581672526386));
#17421=CARTESIAN_POINT('Origin',(-248.75,-90.,-11.));
#17422=CARTESIAN_POINT('',(15.7671355665848,-100.,290.581672526386));
#17423=CARTESIAN_POINT('Origin',(-248.75,-100.,-11.));
#17424=CARTESIAN_POINT('',(15.7671355665848,-90.,290.581672526386));
#17425=CARTESIAN_POINT('Origin',(22.3128541128876,-90.,298.014292773493));
#17426=CARTESIAN_POINT('',(22.3128541128876,-90.,298.014292773493));
#17427=CARTESIAN_POINT('',(15.7671355665848,-90.,290.581672526386));
#17428=CARTESIAN_POINT('',(22.3128541128876,-100.,298.014292773493));
#17429=CARTESIAN_POINT('',(15.7671355665848,-100.,290.581672526386));
#17430=CARTESIAN_POINT('',(22.3128541128876,-90.,298.014292773493));
#17431=CARTESIAN_POINT('Origin',(7.60696916858725,-90.,297.548091179703));
#17432=CARTESIAN_POINT('',(7.60696916858725,-90.,297.548091179703));
#17433=CARTESIAN_POINT('',(22.3128541128876,-90.,298.014292773493));
#17434=CARTESIAN_POINT('',(7.60696916858725,-100.,297.548091179703));
#17435=CARTESIAN_POINT('',(22.3128541128876,-100.,298.014292773493));
#17436=CARTESIAN_POINT('',(7.60696916858725,-90.,297.548091179703));
#17437=CARTESIAN_POINT('Origin',(-248.75,-90.,-11.));
#17438=CARTESIAN_POINT('',(6.75975517845542,-90.,298.25003673534));
#17439=CARTESIAN_POINT('Origin',(-248.75,-90.,-11.));
#17440=CARTESIAN_POINT('',(6.75975517845542,-100.,298.25003673534));
#17441=CARTESIAN_POINT('Origin',(-248.75,-100.,-11.));
#17442=CARTESIAN_POINT('',(6.75975517845542,-90.,298.25003673534));
#17443=CARTESIAN_POINT('Origin',(13.0834711027813,-90.,305.872430843069));
#17444=CARTESIAN_POINT('',(13.0834711027813,-90.,305.872430843069));
#17445=CARTESIAN_POINT('',(6.75975517845542,-90.,298.25003673534));
#17446=CARTESIAN_POINT('',(13.0834711027813,-100.,305.872430843069));
#17447=CARTESIAN_POINT('',(6.75975517845542,-100.,298.25003673534));
#17448=CARTESIAN_POINT('',(13.0834711027813,-90.,305.872430843069));
#17449=CARTESIAN_POINT('Origin',(-1.60227341051353,-90.,304.972817586562));
#17450=CARTESIAN_POINT('',(-1.60227341051353,-90.,304.972817586562));
#17451=CARTESIAN_POINT('',(13.0834711027813,-90.,305.872430843069));
#17452=CARTESIAN_POINT('',(-1.60227341051353,-100.,304.972817586562));
#17453=CARTESIAN_POINT('',(13.0834711027813,-100.,305.872430843069));
#17454=CARTESIAN_POINT('',(-1.60227341051353,-90.,304.972817586562));
#17455=CARTESIAN_POINT('Origin',(-248.75,-90.,-11.));
#17456=CARTESIAN_POINT('',(-2.46981643853978,-90.,305.649477177994));
#17457=CARTESIAN_POINT('Origin',(-248.75,-90.,-11.));
#17458=CARTESIAN_POINT('',(-2.46981643853978,-100.,305.649477177994));
#17459=CARTESIAN_POINT('Origin',(-248.75,-100.,-11.));
#17460=CARTESIAN_POINT('',(-2.46981643853978,-90.,305.649477177994));
#17461=CARTESIAN_POINT('Origin',(3.62639776178371,-90.,313.455016714047));
#17462=CARTESIAN_POINT('',(3.62639776178371,-90.,313.455016714047));
#17463=CARTESIAN_POINT('',(-2.46981643853978,-90.,305.649477177994));
#17464=CARTESIAN_POINT('',(3.62639776178371,-100.,313.455016714047));
#17465=CARTESIAN_POINT('',(-2.46981643853978,-100.,305.649477177994));
#17466=CARTESIAN_POINT('',(3.62639776178371,-90.,313.455016714047));
#17467=CARTESIAN_POINT('Origin',(-11.0127440410606,-90.,312.124018941422));
#17468=CARTESIAN_POINT('',(-11.0127440410606,-90.,312.124018941422));
#17469=CARTESIAN_POINT('',(3.62639776178371,-90.,313.455016714047));
#17470=CARTESIAN_POINT('',(-11.0127440410606,-100.,312.124018941422));
#17471=CARTESIAN_POINT('',(3.62639776178371,-100.,313.455016714047));
#17472=CARTESIAN_POINT('',(-11.0127440410606,-90.,312.124018941422));
#17473=CARTESIAN_POINT('Origin',(1.6009100769434,-90.,328.212047406186));
#17474=CARTESIAN_POINT('',(13.74059251302,-90.,344.660665598694));
#17475=CARTESIAN_POINT('Origin',(1.6009100769434,-90.,328.212047406186));
#17476=CARTESIAN_POINT('',(13.74059251302,-100.,344.660665598694));
#17477=CARTESIAN_POINT('Origin',(1.6009100769434,-100.,328.212047406186));
#17478=CARTESIAN_POINT('',(13.74059251302,-90.,344.660665598694));
#17479=CARTESIAN_POINT('Origin',(-248.75,-90.,-11.));
#17480=CARTESIAN_POINT('',(192.853953123223,-90.,8.5389047258));
#17481=CARTESIAN_POINT('Origin',(-248.75,-90.,-11.));
#17482=CARTESIAN_POINT('',(192.853953123223,-100.,8.5389047258));
#17483=CARTESIAN_POINT('Origin',(-248.75,-100.,-11.));
#17484=CARTESIAN_POINT('',(192.853953123223,-90.,8.5389047258));
#17485=CARTESIAN_POINT('Origin',(194.508550023976,-90.,-18.0000000000001));
#17486=CARTESIAN_POINT('',(194.508550023976,-90.,-18.0000000000001));
#17487=CARTESIAN_POINT('',(192.853953123223,-90.,8.5389047258));
#17488=CARTESIAN_POINT('',(194.508550023976,-100.,-18.0000000000001));
#17489=CARTESIAN_POINT('',(192.853953123223,-100.,8.5389047258));
#17490=CARTESIAN_POINT('',(194.508550023976,-90.,-18.0000000000001));
#17491=CARTESIAN_POINT('Origin',(153.370758531533,-90.,-18.0000000000001));
#17492=CARTESIAN_POINT('',(153.370758531533,-90.,-18.0000000000001));
#17493=CARTESIAN_POINT('',(153.370758531533,-90.,-18.0000000000001));
#17494=CARTESIAN_POINT('',(153.370758531533,-100.,-18.0000000000001));
#17495=CARTESIAN_POINT('',(153.370758531533,-100.,-18.0000000000001));
#17496=CARTESIAN_POINT('',(153.370758531533,-90.,-18.0000000000001));
#17497=CARTESIAN_POINT('Origin',(152.248528939873,-90.,0.));
#17498=CARTESIAN_POINT('',(152.248528939873,-90.,0.));
#17499=CARTESIAN_POINT('',(152.248528939873,-100.,0.));
#17500=CARTESIAN_POINT('Origin',(87.833074972982,-100.,165.32767878057));
#17501=CARTESIAN_POINT('Origin',(87.833074972982,-90.,165.32767878057));
#17502=CARTESIAN_POINT('Origin',(123.000001832843,-90.,97.0000014454126));
#17503=CARTESIAN_POINT('',(121.500001832843,-100.,97.0000014454126));
#17504=CARTESIAN_POINT('Origin',(123.000001832843,-100.,97.0000014454126));
#17505=CARTESIAN_POINT('',(121.500001832843,-90.,97.0000014454126));
#17506=CARTESIAN_POINT('',(121.500001832843,-90.,97.0000014454126));
#17507=CARTESIAN_POINT('Origin',(123.000001832843,-90.,97.0000014454126));
#17508=CARTESIAN_POINT('Origin',(107.239474629027,-90.,96.0636818849445));
#17509=CARTESIAN_POINT('',(107.239474629027,-90.,96.0636818849445));
#17510=CARTESIAN_POINT('',(117.084744718663,-90.,97.8160108672191));
#17511=CARTESIAN_POINT('',(107.239474629027,-90.,96.0636818849445));
#17512=CARTESIAN_POINT('',(117.084744718663,-100.,97.8160108672191));
#17513=CARTESIAN_POINT('',(117.084744718663,-90.,97.8160108672191));
#17514=CARTESIAN_POINT('',(107.239474629027,-100.,96.0636818849445));
#17515=CARTESIAN_POINT('',(107.239474629027,-100.,96.0636818849445));
#17516=CARTESIAN_POINT('',(107.239474629027,-90.,96.0636818849445));
#17517=CARTESIAN_POINT('Origin',(107.519847266191,-90.,94.4884386706028));
#17518=CARTESIAN_POINT('',(107.800219903355,-90.,92.913195456261));
#17519=CARTESIAN_POINT('Origin',(107.519847266191,-90.,94.4884386706028));
#17520=CARTESIAN_POINT('',(107.800219903355,-100.,92.913195456261));
#17521=CARTESIAN_POINT('Origin',(107.519847266191,-100.,94.4884386706028));
#17522=CARTESIAN_POINT('',(107.800219903355,-90.,92.913195456261));
#17523=CARTESIAN_POINT('Origin',(117.645489992991,-90.,94.6655244385356));
#17524=CARTESIAN_POINT('',(117.645489992991,-90.,94.6655244385356));
#17525=CARTESIAN_POINT('',(117.645489992991,-90.,94.6655244385356));
#17526=CARTESIAN_POINT('',(117.645489992991,-100.,94.6655244385356));
#17527=CARTESIAN_POINT('',(117.645489992991,-100.,94.6655244385356));
#17528=CARTESIAN_POINT('',(117.645489992991,-90.,94.6655244385356));
#17529=CARTESIAN_POINT('Origin',(117.365117355827,-90.,96.2407676528774));
#17530=CARTESIAN_POINT('Origin',(117.365117355827,-90.,96.2407676528774));
#17531=CARTESIAN_POINT('Origin',(117.365117355827,-100.,96.2407676528774));
#17532=CARTESIAN_POINT('Origin',(-248.75,-90.,-11.));
#17533=CARTESIAN_POINT('',(138.815737626069,-90.,92.5066144288608));
#17534=CARTESIAN_POINT('',(138.815444555181,-90.,92.507711783647));
#17535=CARTESIAN_POINT('Origin',(-248.75,-90.,-11.));
#17536=CARTESIAN_POINT('',(138.815737626069,-100.,92.5066144288608));
#17537=CARTESIAN_POINT('',(138.815737626069,-90.,92.5066144288608));
#17538=CARTESIAN_POINT('',(138.815444555181,-100.,92.507711783647));
#17539=CARTESIAN_POINT('Origin',(-248.75,-100.,-11.));
#17540=CARTESIAN_POINT('',(138.815444555181,-90.,92.507711783647));
#17541=CARTESIAN_POINT('Origin',(108.433960749319,-90.,91.6639408722528));
#17542=CARTESIAN_POINT('',(108.433960749319,-90.,91.6639408722528));
#17543=CARTESIAN_POINT('',(108.433960749319,-90.,91.6639408722528));
#17544=CARTESIAN_POINT('',(108.433960749319,-100.,91.6639408722528));
#17545=CARTESIAN_POINT('',(108.433960749319,-100.,91.6639408722528));
#17546=CARTESIAN_POINT('',(108.433960749319,-90.,91.6639408722528));
#17547=CARTESIAN_POINT('Ctrl Pts',(108.242454972601,-90.,97.7547528281695));
#17548=CARTESIAN_POINT('Ctrl Pts',(108.242454972601,-100.,97.7547528281695));
#17549=CARTESIAN_POINT('Ctrl Pts',(104.926968595439,-90.,96.6649960203109));
#17550=CARTESIAN_POINT('Ctrl Pts',(104.926968595439,-100.,96.6649960203109));
#17551=CARTESIAN_POINT('Ctrl Pts',(101.510407958812,-90.,93.2691321658271));
#17552=CARTESIAN_POINT('Ctrl Pts',(101.510407958812,-100.,93.2691321658271));
#17553=CARTESIAN_POINT('Ctrl Pts',(105.970471351601,-90.,92.1416361594591));
#17554=CARTESIAN_POINT('Ctrl Pts',(105.970471351601,-100.,92.1416361594591));
#17555=CARTESIAN_POINT('Ctrl Pts',(108.433960749319,-90.,91.6639408722528));
#17556=CARTESIAN_POINT('Ctrl Pts',(108.433960749319,-100.,91.6639408722528));
#17557=CARTESIAN_POINT('',(108.242454972601,-90.,97.7547528281695));
#17558=CARTESIAN_POINT('Ctrl Pts',(108.242454972601,-90.,97.7547528281695));
#17559=CARTESIAN_POINT('Ctrl Pts',(104.926968595439,-90.,96.6649960203109));
#17560=CARTESIAN_POINT('Ctrl Pts',(101.510407958812,-90.,93.2691321658271));
#17561=CARTESIAN_POINT('Ctrl Pts',(105.970471351601,-90.,92.1416361594591));
#17562=CARTESIAN_POINT('Ctrl Pts',(108.433960749319,-90.,91.6639408722528));
#17563=CARTESIAN_POINT('',(108.242454972601,-100.,97.7547528281695));
#17564=CARTESIAN_POINT('Ctrl Pts',(108.242454972601,-100.,97.7547528281695));
#17565=CARTESIAN_POINT('Ctrl Pts',(104.926968595439,-100.,96.6649960203109));
#17566=CARTESIAN_POINT('Ctrl Pts',(101.510407958812,-100.,93.2691321658271));
#17567=CARTESIAN_POINT('Ctrl Pts',(105.970471351601,-100.,92.1416361594591));
#17568=CARTESIAN_POINT('Ctrl Pts',(108.433960749319,-100.,91.6639408722528));
#17569=CARTESIAN_POINT('',(108.242454972601,-90.,97.7547528281695));
#17570=CARTESIAN_POINT('Origin',(135.321037992898,-90.,102.430480361618));
#17571=CARTESIAN_POINT('',(135.321037992898,-90.,102.430480361618));
#17572=CARTESIAN_POINT('',(135.321037992898,-90.,102.430480361618));
#17573=CARTESIAN_POINT('',(135.321037992898,-100.,102.430480361618));
#17574=CARTESIAN_POINT('',(135.321037992898,-100.,102.430480361618));
#17575=CARTESIAN_POINT('',(135.321037992898,-90.,102.430480361618));
#17576=CARTESIAN_POINT('Origin',(135.491192510833,-90.,101.445062967806));
#17577=CARTESIAN_POINT('',(136.020776305041,-90.,102.293320596662));
#17578=CARTESIAN_POINT('Origin',(135.491192510833,-90.,101.445062967806));
#17579=CARTESIAN_POINT('',(136.020776305041,-100.,102.293320596662));
#17580=CARTESIAN_POINT('Origin',(135.491192510833,-100.,101.445062967806));
#17581=CARTESIAN_POINT('',(136.020776305041,-90.,102.293320596662));
#17582=CARTESIAN_POINT('Origin',(147.859260272866,-90.,94.9023239889402));
#17583=CARTESIAN_POINT('',(147.859260272866,-90.,94.9023239889402));
#17584=CARTESIAN_POINT('',(147.859260272866,-90.,94.9023239889402));
#17585=CARTESIAN_POINT('',(147.859260272866,-100.,94.9023239889402));
#17586=CARTESIAN_POINT('',(147.859260272866,-100.,94.9023239889402));
#17587=CARTESIAN_POINT('',(147.859260272866,-90.,94.9023239889402));
#17588=CARTESIAN_POINT('Origin',(138.815737626069,-90.,92.5066144288608));
#17589=CARTESIAN_POINT('',(138.815737626069,-90.,92.5066144288608));
#17590=CARTESIAN_POINT('',(138.815737626069,-100.,92.5066144288608));
#17591=CARTESIAN_POINT('Origin',(124.684834115839,-100.,97.0545019200296));
#17592=CARTESIAN_POINT('Origin',(124.684834115839,-90.,97.0545019200296));
#17593=CARTESIAN_POINT('Origin',(-248.75,90.,-11.));
#17594=CARTESIAN_POINT('',(-253.75,80.,-11.));
#17595=CARTESIAN_POINT('Origin',(-248.75,80.,-11.));
#17596=CARTESIAN_POINT('',(-253.75,90.,-11.));
#17597=CARTESIAN_POINT('',(-253.75,90.,-11.));
#17598=CARTESIAN_POINT('Origin',(-248.75,90.,-11.));
#17599=CARTESIAN_POINT('Origin',(-249.,90.,-12.));
#17600=CARTESIAN_POINT('',(-255.,90.,-12.));
#17601=CARTESIAN_POINT('',(-249.,90.,-18.));
#17602=CARTESIAN_POINT('Origin',(-249.,90.,-12.));
#17603=CARTESIAN_POINT('',(-249.,80.,-18.));
#17604=CARTESIAN_POINT('',(-249.,90.,-18.));
#17605=CARTESIAN_POINT('',(-255.,80.,-12.));
#17606=CARTESIAN_POINT('Origin',(-249.,80.,-12.));
#17607=CARTESIAN_POINT('',(-255.,90.,-12.));
#17608=CARTESIAN_POINT('Origin',(-248.5,90.,-18.));
#17609=CARTESIAN_POINT('',(-248.5,90.,-18.));
#17610=CARTESIAN_POINT('',(-249.,90.,-18.));
#17611=CARTESIAN_POINT('',(-248.5,80.,-18.));
#17612=CARTESIAN_POINT('',(-248.5,90.,-18.));
#17613=CARTESIAN_POINT('',(-249.,80.,-18.));
#17614=CARTESIAN_POINT('Origin',(-248.5,90.,-12.));
#17615=CARTESIAN_POINT('',(-242.5,90.,-12.));
#17616=CARTESIAN_POINT('Origin',(-248.5,90.,-12.));
#17617=CARTESIAN_POINT('',(-242.5,80.,-12.));
#17618=CARTESIAN_POINT('',(-242.5,90.,-12.));
#17619=CARTESIAN_POINT('Origin',(-248.5,80.,-12.));
#17620=CARTESIAN_POINT('Origin',(-242.5,90.,0.));
#17621=CARTESIAN_POINT('',(-242.5,90.,0.));
#17622=CARTESIAN_POINT('',(-242.5,90.,0.));
#17623=CARTESIAN_POINT('',(-242.5,80.,0.));
#17624=CARTESIAN_POINT('',(-242.5,90.,0.));
#17625=CARTESIAN_POINT('',(-242.5,80.,0.));
#17626=CARTESIAN_POINT('Origin',(-255.,90.,0.));
#17627=CARTESIAN_POINT('',(-255.,90.,0.));
#17628=CARTESIAN_POINT('',(-255.,90.,0.));
#17629=CARTESIAN_POINT('',(-255.,80.,0.));
#17630=CARTESIAN_POINT('',(-255.,90.,0.));
#17631=CARTESIAN_POINT('',(-255.,80.,0.));
#17632=CARTESIAN_POINT('Origin',(-255.,90.,-12.));
#17633=CARTESIAN_POINT('',(-255.,90.,0.));
#17634=CARTESIAN_POINT('',(-255.,80.,0.));
#17635=CARTESIAN_POINT('Origin',(-248.75,90.,-9.));
#17636=CARTESIAN_POINT('Origin',(-248.75,80.,-9.));
#17637=CARTESIAN_POINT('Origin',(-247.5,40.,-10.5));
#17638=CARTESIAN_POINT('',(-242.5,70.,-10.5));
#17639=CARTESIAN_POINT('',(-247.5,70.,-5.49999999999999));
#17640=CARTESIAN_POINT('Origin',(-247.5,70.,-10.5));
#17641=CARTESIAN_POINT('',(-242.5,80.,-10.5));
#17642=CARTESIAN_POINT('',(-242.5,40.,-10.5));
#17643=CARTESIAN_POINT('',(-247.5,80.,-5.49999999999999));
#17644=CARTESIAN_POINT('Origin',(-247.5,80.,-10.5));
#17645=CARTESIAN_POINT('',(-247.5,40.,-5.49999999999999));
#17646=CARTESIAN_POINT('Origin',(-255.,80.,-18.));
#17647=CARTESIAN_POINT('',(-242.5,80.,-18.));
#17648=CARTESIAN_POINT('',(-242.5,80.,-18.));
#17649=CARTESIAN_POINT('',(-255.,80.,-18.));
#17650=CARTESIAN_POINT('',(-255.,80.,-18.));
#17651=CARTESIAN_POINT('',(-255.,80.,-10.5));
#17652=CARTESIAN_POINT('',(-255.,80.,-18.));
#17653=CARTESIAN_POINT('',(-250.,80.,-5.49999999999999));
#17654=CARTESIAN_POINT('Origin',(-250.,80.,-10.5));
#17655=CARTESIAN_POINT('',(-255.,80.,-5.49999999999999));
#17656=CARTESIAN_POINT('',(-253.75,80.,-11.));
#17657=CARTESIAN_POINT('Origin',(-248.75,80.,-11.));
#17658=CARTESIAN_POINT('Origin',(-37.5,0.,-5.49999999999999));
#17659=CARTESIAN_POINT('',(-250.,70.,-5.49999999999999));
#17660=CARTESIAN_POINT('',(-250.,35.,-5.49999999999999));
#17661=CARTESIAN_POINT('',(-242.5,70.,-5.49999999999999));
#17662=CARTESIAN_POINT('Origin',(-250.,35.,-10.5));
#17663=CARTESIAN_POINT('',(-255.,70.,-10.5));
#17664=CARTESIAN_POINT('',(-255.,35.,-10.5));
#17665=CARTESIAN_POINT('Origin',(-250.,70.,-10.5));
#17666=CARTESIAN_POINT('Origin',(-248.75,80.,-11.));
#17667=CARTESIAN_POINT('',(-253.75,70.,-11.));
#17668=CARTESIAN_POINT('',(-253.75,80.,-11.));
#17669=CARTESIAN_POINT('Origin',(-248.75,70.,-11.));
#17670=CARTESIAN_POINT('Origin',(-255.,70.,-18.));
#17671=CARTESIAN_POINT('',(-255.,70.,-18.));
#17672=CARTESIAN_POINT('',(-255.,80.,-18.));
#17673=CARTESIAN_POINT('',(-255.,70.,-18.));
#17674=CARTESIAN_POINT('Origin',(-242.5,70.,-18.));
#17675=CARTESIAN_POINT('',(-242.5,70.,-18.));
#17676=CARTESIAN_POINT('',(-242.5,70.,-18.));
#17677=CARTESIAN_POINT('',(-242.5,70.,-18.));
#17678=CARTESIAN_POINT('Origin',(-242.5,80.,-18.));
#17679=CARTESIAN_POINT('',(-242.5,80.,-18.));
#17680=CARTESIAN_POINT('Origin',(-37.5,0.,-18.));
#17681=CARTESIAN_POINT('Origin',(106.721371139152,90.,117.486447801949));
#17682=CARTESIAN_POINT('',(105.121371139152,102.,117.486447801949));
#17683=CARTESIAN_POINT('Origin',(106.721371139152,102.,117.486447801949));
#17684=CARTESIAN_POINT('',(105.121371139152,90.,117.486447801949));
#17685=CARTESIAN_POINT('',(105.121371139152,90.,117.486447801949));
#17686=CARTESIAN_POINT('Origin',(106.721371139152,90.,117.486447801949));
#17687=CARTESIAN_POINT('Origin',(106.721371139152,102.,117.486447801949));
#17688=CARTESIAN_POINT('Origin',(106.721371139152,90.,117.486447801949));
#17689=CARTESIAN_POINT('Origin',(192.061679750949,65.25,-18.));
#17690=CARTESIAN_POINT('',(190.561679750949,65.25,-13.));
#17691=CARTESIAN_POINT('Origin',(192.061679750949,65.25,-13.));
#17692=CARTESIAN_POINT('',(190.561679750949,65.25,-18.));
#17693=CARTESIAN_POINT('',(190.561679750949,65.25,-18.));
#17694=CARTESIAN_POINT('Origin',(192.061679750949,65.25,-18.));
#17695=CARTESIAN_POINT('Origin',(192.061679750949,23.75,-18.));
#17696=CARTESIAN_POINT('',(190.561679750949,23.75,-13.));
#17697=CARTESIAN_POINT('Origin',(192.061679750949,23.75,-13.));
#17698=CARTESIAN_POINT('',(190.561679750949,23.75,-18.));
#17699=CARTESIAN_POINT('',(190.561679750949,23.75,-18.));
#17700=CARTESIAN_POINT('Origin',(192.061679750949,23.75,-18.));
#17701=CARTESIAN_POINT('Origin',(192.061679750949,86.,-18.));
#17702=CARTESIAN_POINT('',(190.561679750949,86.,-13.));
#17703=CARTESIAN_POINT('Origin',(192.061679750949,86.,-13.));
#17704=CARTESIAN_POINT('',(190.561679750949,86.,-18.));
#17705=CARTESIAN_POINT('',(190.561679750949,86.,-18.));
#17706=CARTESIAN_POINT('Origin',(192.061679750949,86.,-18.));
#17707=CARTESIAN_POINT('Origin',(160.102417601881,44.5,-18.));
#17708=CARTESIAN_POINT('',(158.602417601881,44.5,-13.));
#17709=CARTESIAN_POINT('Origin',(160.102417601881,44.5,-13.));
#17710=CARTESIAN_POINT('',(158.602417601881,44.5,-18.));
#17711=CARTESIAN_POINT('',(158.602417601881,44.5,-18.));
#17712=CARTESIAN_POINT('Origin',(160.102417601881,44.5,-18.));
#17713=CARTESIAN_POINT('Origin',(192.061679750949,3.00000000000001,-18.));
#17714=CARTESIAN_POINT('',(190.561679750949,3.00000000000001,-13.));
#17715=CARTESIAN_POINT('Origin',(192.061679750949,3.00000000000001,-13.));
#17716=CARTESIAN_POINT('',(190.561679750949,3.00000000000001,-18.));
#17717=CARTESIAN_POINT('',(190.561679750949,3.00000000000001,-18.));
#17718=CARTESIAN_POINT('Origin',(192.061679750949,3.00000000000001,-18.));
#17719=CARTESIAN_POINT('Origin',(160.102417601881,86.,-18.));
#17720=CARTESIAN_POINT('',(158.602417601881,86.,-13.));
#17721=CARTESIAN_POINT('Origin',(160.102417601881,86.,-13.));
#17722=CARTESIAN_POINT('',(158.602417601881,86.,-18.));
#17723=CARTESIAN_POINT('',(158.602417601881,86.,-18.));
#17724=CARTESIAN_POINT('Origin',(160.102417601881,86.,-18.));
#17725=CARTESIAN_POINT('Origin',(192.061679750949,44.5,-18.));
#17726=CARTESIAN_POINT('',(190.561679750949,44.5,-13.));
#17727=CARTESIAN_POINT('Origin',(192.061679750949,44.5,-13.));
#17728=CARTESIAN_POINT('',(190.561679750949,44.5,-18.));
#17729=CARTESIAN_POINT('',(190.561679750949,44.5,-18.));
#17730=CARTESIAN_POINT('Origin',(192.061679750949,44.5,-18.));
#17731=CARTESIAN_POINT('Origin',(160.102417601881,23.75,-18.));
#17732=CARTESIAN_POINT('',(158.602417601881,23.75,-13.));
#17733=CARTESIAN_POINT('Origin',(160.102417601881,23.75,-13.));
#17734=CARTESIAN_POINT('',(158.602417601881,23.75,-18.));
#17735=CARTESIAN_POINT('',(158.602417601881,23.75,-18.));
#17736=CARTESIAN_POINT('Origin',(160.102417601881,23.75,-18.));
#17737=CARTESIAN_POINT('Origin',(160.102417601881,3.00000000000001,-18.));
#17738=CARTESIAN_POINT('',(158.602417601881,3.00000000000001,-13.));
#17739=CARTESIAN_POINT('Origin',(160.102417601881,3.00000000000001,-13.));
#17740=CARTESIAN_POINT('',(158.602417601881,3.00000000000001,-18.));
#17741=CARTESIAN_POINT('',(158.602417601881,3.00000000000001,-18.));
#17742=CARTESIAN_POINT('Origin',(160.102417601881,3.00000000000001,-18.));
#17743=CARTESIAN_POINT('Origin',(160.102417601881,65.25,-18.));
#17744=CARTESIAN_POINT('',(158.602417601881,65.25,-13.));
#17745=CARTESIAN_POINT('Origin',(160.102417601881,65.25,-13.));
#17746=CARTESIAN_POINT('',(158.602417601881,65.25,-18.));
#17747=CARTESIAN_POINT('',(158.602417601881,65.25,-18.));
#17748=CARTESIAN_POINT('Origin',(160.102417601881,65.25,-18.));
#17749=CARTESIAN_POINT('Origin',(197.061679750949,4.44089209850063E-15,
-18.));
#17750=CARTESIAN_POINT('',(197.061679750949,4.44089209850063E-15,-18.));
#17751=CARTESIAN_POINT('',(155.102417601881,1.83186799063151E-14,-18.));
#17752=CARTESIAN_POINT('',(197.061679750949,4.44089209850063E-15,-18.));
#17753=CARTESIAN_POINT('',(197.061679750949,8.88178419700125E-15,-13.));
#17754=CARTESIAN_POINT('',(197.061679750949,4.44089209850063E-15,-18.));
#17755=CARTESIAN_POINT('',(155.102417601881,1.77635683940025E-14,-13.));
#17756=CARTESIAN_POINT('',(197.061679750949,4.44089209850063E-15,-13.));
#17757=CARTESIAN_POINT('',(155.102417601881,1.83186799063151E-14,-18.));
#17758=CARTESIAN_POINT('Origin',(197.061679750949,90.,-18.));
#17759=CARTESIAN_POINT('',(197.061679750949,90.,-18.));
#17760=CARTESIAN_POINT('',(197.061679750949,90.,-18.));
#17761=CARTESIAN_POINT('',(197.061679750949,90.,-13.));
#17762=CARTESIAN_POINT('',(197.061679750949,90.,-18.));
#17763=CARTESIAN_POINT('',(197.061679750949,90.,-13.));
#17764=CARTESIAN_POINT('Origin',(155.102417601881,90.,-18.));
#17765=CARTESIAN_POINT('',(155.102417601881,90.,-18.));
#17766=CARTESIAN_POINT('',(155.102417601881,90.,-18.));
#17767=CARTESIAN_POINT('',(155.102417601881,90.,-13.));
#17768=CARTESIAN_POINT('',(155.102417601881,90.,-18.));
#17769=CARTESIAN_POINT('',(155.102417601881,90.,-13.));
#17770=CARTESIAN_POINT('Origin',(155.102417601881,1.77635683940025E-14,
-18.));
#17771=CARTESIAN_POINT('',(155.102417601881,90.,-18.));
#17772=CARTESIAN_POINT('',(155.102417601881,90.,-13.));
#17773=CARTESIAN_POINT('Origin',(176.082048676415,45.,-18.));
#17774=CARTESIAN_POINT('Origin',(176.082048676415,45.,-13.));
#17775=CARTESIAN_POINT('Origin',(-248.75,90.,-11.));
#17776=CARTESIAN_POINT('',(152.248528939873,90.,0.));
#17777=CARTESIAN_POINT('',(151.8027320857,90.,10.8707345748896));
#17778=CARTESIAN_POINT('Origin',(-248.75,90.,-11.));
#17779=CARTESIAN_POINT('',(151.8027320857,100.,10.8707345748896));
#17780=CARTESIAN_POINT('',(151.8027320857,90.,10.8707345748896));
#17781=CARTESIAN_POINT('',(152.248528939873,100.,0.));
#17782=CARTESIAN_POINT('Origin',(-248.75,100.,-11.));
#17783=CARTESIAN_POINT('',(152.248528939873,90.,0.));
#17784=CARTESIAN_POINT('Origin',(161.693123921149,90.,11.3907580035856));
#17785=CARTESIAN_POINT('',(161.693123921149,90.,11.3907580035856));
#17786=CARTESIAN_POINT('',(151.8027320857,90.,10.8707345748896));
#17787=CARTESIAN_POINT('',(161.693123921149,100.,11.3907580035856));
#17788=CARTESIAN_POINT('',(161.693123921149,90.,11.3907580035856));
#17789=CARTESIAN_POINT('',(151.8027320857,100.,10.8707345748896));
#17790=CARTESIAN_POINT('Origin',(151.074544028459,90.,21.5753619224238));
#17791=CARTESIAN_POINT('',(151.074544028459,90.,21.5753619224238));
#17792=CARTESIAN_POINT('',(161.693123921149,90.,11.3907580035856));
#17793=CARTESIAN_POINT('',(151.074544028459,100.,21.5753619224238));
#17794=CARTESIAN_POINT('',(151.074544028459,90.,21.5753619224238));
#17795=CARTESIAN_POINT('',(161.693123921149,100.,11.3907580035856));
#17796=CARTESIAN_POINT('Origin',(-248.75,90.,-11.));
#17797=CARTESIAN_POINT('',(150.983696312218,90.,22.6718316213249));
#17798=CARTESIAN_POINT('Origin',(-248.75,90.,-11.));
#17799=CARTESIAN_POINT('',(150.983696312218,100.,22.6718316213249));
#17800=CARTESIAN_POINT('',(150.983696312218,90.,22.6718316213249));
#17801=CARTESIAN_POINT('Origin',(-248.75,100.,-11.));
#17802=CARTESIAN_POINT('Origin',(160.854454514214,90.,23.4832547802498));
#17803=CARTESIAN_POINT('',(160.854454514214,90.,23.4832547802498));
#17804=CARTESIAN_POINT('',(150.983696312218,90.,22.6718316213249));
#17805=CARTESIAN_POINT('',(160.854454514214,100.,23.4832547802498));
#17806=CARTESIAN_POINT('',(160.854454514214,90.,23.4832547802498));
#17807=CARTESIAN_POINT('',(150.983696312218,100.,22.6718316213249));
#17808=CARTESIAN_POINT('Origin',(149.940190672232,90.,33.3503334111641));
#17809=CARTESIAN_POINT('',(149.940190672232,90.,33.3503334111641));
#17810=CARTESIAN_POINT('',(160.854454514214,90.,23.4832547802498));
#17811=CARTESIAN_POINT('',(149.940190672232,100.,33.3503334111641));
#17812=CARTESIAN_POINT('',(149.940190672232,90.,33.3503334111641));
#17813=CARTESIAN_POINT('',(160.854454514214,100.,23.4832547802498));
#17814=CARTESIAN_POINT('Origin',(-248.75,90.,-11.));
#17815=CARTESIAN_POINT('',(149.817052201276,90.,34.4436476501298));
#17816=CARTESIAN_POINT('Origin',(-248.75,90.,-11.));
#17817=CARTESIAN_POINT('',(149.817052201276,100.,34.4436476501298));
#17818=CARTESIAN_POINT('',(149.817052201276,90.,34.4436476501298));
#17819=CARTESIAN_POINT('Origin',(-248.75,100.,-11.));
#17820=CARTESIAN_POINT('Origin',(159.659593160582,90.,35.5457649258769));
#17821=CARTESIAN_POINT('',(159.659593160582,90.,35.5457649258769));
#17822=CARTESIAN_POINT('',(149.817052201276,90.,34.4436476501298));
#17823=CARTESIAN_POINT('',(159.659593160582,100.,35.5457649258769));
#17824=CARTESIAN_POINT('',(159.659593160582,90.,35.5457649258769));
#17825=CARTESIAN_POINT('',(149.817052201276,100.,34.4436476501298));
#17826=CARTESIAN_POINT('Origin',(148.459136410827,90.,45.0867378593844));
#17827=CARTESIAN_POINT('',(148.459136410827,90.,45.0867378593844));
#17828=CARTESIAN_POINT('',(159.659593160582,90.,35.5457649258769));
#17829=CARTESIAN_POINT('',(148.459136410827,100.,45.0867378593844));
#17830=CARTESIAN_POINT('',(148.459136410827,90.,45.0867378593844));
#17831=CARTESIAN_POINT('',(159.659593160582,100.,35.5457649258769));
#17832=CARTESIAN_POINT('Origin',(-248.75,90.,-11.));
#17833=CARTESIAN_POINT('',(148.303814266343,90.,46.1759458925845));
#17834=CARTESIAN_POINT('Origin',(-248.75,90.,-11.));
#17835=CARTESIAN_POINT('',(148.303814266343,100.,46.1759458925845));
#17836=CARTESIAN_POINT('',(148.303814266343,90.,46.1759458925845));
#17837=CARTESIAN_POINT('Origin',(-248.75,100.,-11.));
#17838=CARTESIAN_POINT('Origin',(158.10957891143,90.,47.5677988842048));
#17839=CARTESIAN_POINT('',(158.10957891143,90.,47.5677988842048));
#17840=CARTESIAN_POINT('',(148.303814266343,90.,46.1759458925845));
#17841=CARTESIAN_POINT('',(158.10957891143,100.,47.5677988842048));
#17842=CARTESIAN_POINT('',(158.10957891143,90.,47.5677988842048));
#17843=CARTESIAN_POINT('',(148.303814266343,100.,46.1759458925845));
#17844=CARTESIAN_POINT('Origin',(146.632669168715,90.,56.7743692922678));
#17845=CARTESIAN_POINT('',(146.632669168715,90.,56.7743692922678));
#17846=CARTESIAN_POINT('',(158.10957891143,90.,47.5677988842048));
#17847=CARTESIAN_POINT('',(146.632669168715,100.,56.7743692922678));
#17848=CARTESIAN_POINT('',(146.632669168715,90.,56.7743692922678));
#17849=CARTESIAN_POINT('',(158.10957891143,100.,47.5677988842048));
#17850=CARTESIAN_POINT('Origin',(-248.75,90.,-11.));
#17851=CARTESIAN_POINT('',(146.445298418808,90.,57.8585239446278));
#17852=CARTESIAN_POINT('Origin',(-248.75,90.,-11.));
#17853=CARTESIAN_POINT('',(146.445298418808,100.,57.8585239446278));
#17854=CARTESIAN_POINT('',(146.445298418808,90.,57.8585239446278));
#17855=CARTESIAN_POINT('Origin',(-248.75,100.,-11.));
#17856=CARTESIAN_POINT('Origin',(156.205759658822,90.,59.5389022970552));
#17857=CARTESIAN_POINT('',(156.205759658822,90.,59.5389022970552));
#17858=CARTESIAN_POINT('',(146.445298418808,90.,57.8585239446278));
#17859=CARTESIAN_POINT('',(156.205759658822,100.,59.5389022970552));
#17860=CARTESIAN_POINT('',(156.205759658822,90.,59.5389022970552));
#17861=CARTESIAN_POINT('',(146.445298418808,100.,57.8585239446278));
#17862=CARTESIAN_POINT('Origin',(144.462377241422,90.,68.4030641480012));
#17863=CARTESIAN_POINT('',(144.462377241422,90.,68.4030641480012));
#17864=CARTESIAN_POINT('',(156.205759658822,90.,59.5389022970552));
#17865=CARTESIAN_POINT('',(144.462377241422,100.,68.4030641480012));
#17866=CARTESIAN_POINT('',(144.462377241422,90.,68.4030641480012));
#17867=CARTESIAN_POINT('',(156.205759658822,100.,59.5389022970552));
#17868=CARTESIAN_POINT('Origin',(-248.75,90.,-11.));
#17869=CARTESIAN_POINT('',(144.243120823656,90.,69.4812226388656));
#17870=CARTESIAN_POINT('Origin',(-248.75,90.,-11.));
#17871=CARTESIAN_POINT('',(144.243120823656,100.,69.4812226388656));
#17872=CARTESIAN_POINT('',(144.243120823656,90.,69.4812226388656));
#17873=CARTESIAN_POINT('Origin',(-248.75,100.,-11.));
#17874=CARTESIAN_POINT('Origin',(153.949790963574,90.,71.4486650954416));
#17875=CARTESIAN_POINT('',(153.949790963574,90.,71.4486650954416));
#17876=CARTESIAN_POINT('',(144.243120823656,90.,69.4812226388656));
#17877=CARTESIAN_POINT('',(153.949790963574,100.,71.4486650954416));
#17878=CARTESIAN_POINT('',(153.949790963574,90.,71.4486650954416));
#17879=CARTESIAN_POINT('',(144.243120823656,100.,69.4812226388656));
#17880=CARTESIAN_POINT('Origin',(141.950147914348,90.,79.9627101160065));
#17881=CARTESIAN_POINT('',(141.950147914348,90.,79.9627101160065));
#17882=CARTESIAN_POINT('',(153.949790963574,90.,71.4486650954416));
#17883=CARTESIAN_POINT('',(141.950147914348,100.,79.9627101160065));
#17884=CARTESIAN_POINT('',(141.950147914348,90.,79.9627101160065));
#17885=CARTESIAN_POINT('',(153.949790963574,100.,71.4486650954416));
#17886=CARTESIAN_POINT('Origin',(-248.75,90.,-11.));
#17887=CARTESIAN_POINT('',(141.699196494057,90.,81.0339348789805));
#17888=CARTESIAN_POINT('Origin',(-248.75,90.,-11.));
#17889=CARTESIAN_POINT('',(141.699196494057,100.,81.0339348789805));
#17890=CARTESIAN_POINT('',(141.699196494057,90.,81.0339348789805));
#17891=CARTESIAN_POINT('Origin',(-248.75,100.,-11.));
#17892=CARTESIAN_POINT('Origin',(151.343634615587,90.,83.2867305521624));
#17893=CARTESIAN_POINT('',(151.343634615587,90.,83.2867305521624));
#17894=CARTESIAN_POINT('',(141.699196494057,90.,81.0339348789805));
#17895=CARTESIAN_POINT('',(151.343634615587,100.,83.2867305521624));
#17896=CARTESIAN_POINT('',(151.343634615587,90.,83.2867305521624));
#17897=CARTESIAN_POINT('',(141.699196494057,100.,81.0339348789805));
#17898=CARTESIAN_POINT('Origin',(139.098165821582,90.,91.4432549306037));
#17899=CARTESIAN_POINT('',(139.098165821582,90.,91.4432549306037));
#17900=CARTESIAN_POINT('',(151.343634615587,90.,83.2867305521624));
#17901=CARTESIAN_POINT('',(139.098165821582,100.,91.4432549306037));
#17902=CARTESIAN_POINT('',(139.098165821582,90.,91.4432549306037));
#17903=CARTESIAN_POINT('',(151.343634615587,100.,83.2867305521624));
#17904=CARTESIAN_POINT('Origin',(-248.75,90.,-11.));
#17905=CARTESIAN_POINT('',(138.815737626069,90.,92.5066144288608));
#17906=CARTESIAN_POINT('Origin',(-248.75,90.,-11.));
#17907=CARTESIAN_POINT('',(138.815737626069,100.,92.5066144288608));
#17908=CARTESIAN_POINT('',(138.815737626069,90.,92.5066144288608));
#17909=CARTESIAN_POINT('Origin',(-248.75,100.,-11.));
#17910=CARTESIAN_POINT('Origin',(148.389556927866,90.,95.0428042880094));
#17911=CARTESIAN_POINT('',(148.389556927866,90.,95.0428042880094));
#17912=CARTESIAN_POINT('',(138.815737626069,90.,92.5066144288608));
#17913=CARTESIAN_POINT('',(148.389556927866,100.,95.0428042880094));
#17914=CARTESIAN_POINT('',(148.389556927866,90.,95.0428042880094));
#17915=CARTESIAN_POINT('',(138.815737626069,100.,92.5066144288608));
#17916=CARTESIAN_POINT('Origin',(135.908911046147,90.,102.834715112459));
#17917=CARTESIAN_POINT('',(135.908911046147,90.,102.834715112459));
#17918=CARTESIAN_POINT('',(148.389556927866,90.,95.0428042880094));
#17919=CARTESIAN_POINT('',(135.908911046147,100.,102.834715112459));
#17920=CARTESIAN_POINT('',(135.908911046147,90.,102.834715112459));
#17921=CARTESIAN_POINT('',(148.389556927866,100.,95.0428042880094));
#17922=CARTESIAN_POINT('Origin',(-248.75,90.,-11.));
#17923=CARTESIAN_POINT('',(135.595251674909,90.,103.889284648805));
#17924=CARTESIAN_POINT('Origin',(-248.75,90.,-11.));
#17925=CARTESIAN_POINT('',(135.595251674909,100.,103.889284648805));
#17926=CARTESIAN_POINT('',(135.595251674909,90.,103.889284648805));
#17927=CARTESIAN_POINT('Origin',(-248.75,100.,-11.));
#17928=CARTESIAN_POINT('Origin',(145.090126765742,90.,106.706663223757));
#17929=CARTESIAN_POINT('',(145.090126765742,90.,106.706663223757));
#17930=CARTESIAN_POINT('',(135.595251674909,90.,103.889284648805));
#17931=CARTESIAN_POINT('',(145.090126765742,100.,106.706663223757));
#17932=CARTESIAN_POINT('',(145.090126765742,90.,106.706663223757));
#17933=CARTESIAN_POINT('',(135.595251674909,100.,103.889284648805));
#17934=CARTESIAN_POINT('Origin',(132.385156963318,90.,114.127184650216));
#17935=CARTESIAN_POINT('',(132.385156963318,90.,114.127184650216));
#17936=CARTESIAN_POINT('',(145.090126765742,90.,106.706663223757));
#17937=CARTESIAN_POINT('',(132.385156963318,100.,114.127184650216));
#17938=CARTESIAN_POINT('',(132.385156963318,90.,114.127184650216));
#17939=CARTESIAN_POINT('',(145.090126765742,100.,106.706663223757));
#17940=CARTESIAN_POINT('Origin',(-248.75,90.,-11.));
#17941=CARTESIAN_POINT('',(132.040539174479,90.,115.172047171207));
#17942=CARTESIAN_POINT('Origin',(-248.75,90.,-11.));
#17943=CARTESIAN_POINT('',(132.040539174479,100.,115.172047171207));
#17944=CARTESIAN_POINT('',(132.040539174479,90.,115.172047171207));
#17945=CARTESIAN_POINT('Origin',(-248.75,100.,-11.));
#17946=CARTESIAN_POINT('Origin',(141.448213312983,90.,118.268164470152));
#17947=CARTESIAN_POINT('',(141.448213312983,90.,118.268164470152));
#17948=CARTESIAN_POINT('',(132.040539174479,90.,115.172047171207));
#17949=CARTESIAN_POINT('',(141.448213312983,100.,118.268164470152));
#17950=CARTESIAN_POINT('',(141.448213312983,90.,118.268164470152));
#17951=CARTESIAN_POINT('',(132.040539174479,100.,115.172047171207));
#17952=CARTESIAN_POINT('Origin',(128.529967828897,90.,125.310843614763));
#17953=CARTESIAN_POINT('',(128.529967828897,90.,125.310843614763));
#17954=CARTESIAN_POINT('',(141.448213312983,90.,118.268164470152));
#17955=CARTESIAN_POINT('',(128.529967828897,100.,125.310843614763));
#17956=CARTESIAN_POINT('',(128.529967828897,90.,125.310843614763));
#17957=CARTESIAN_POINT('',(141.448213312983,100.,118.268164470152));
#17958=CARTESIAN_POINT('Origin',(-248.75,90.,-11.));
#17959=CARTESIAN_POINT('',(128.154691302013,90.,126.345090508171));
#17960=CARTESIAN_POINT('Origin',(-248.75,90.,-11.));
#17961=CARTESIAN_POINT('',(128.154691302013,100.,126.345090508171));
#17962=CARTESIAN_POINT('',(128.154691302013,90.,126.345090508171));
#17963=CARTESIAN_POINT('Origin',(-248.75,100.,-11.));
#17964=CARTESIAN_POINT('Origin',(137.466983576756,90.,129.717254148163));
#17965=CARTESIAN_POINT('',(137.466983576756,90.,129.717254148163));
#17966=CARTESIAN_POINT('',(128.154691302013,90.,126.345090508171));
#17967=CARTESIAN_POINT('',(137.466983576756,100.,129.717254148163));
#17968=CARTESIAN_POINT('',(137.466983576756,90.,129.717254148163));
#17969=CARTESIAN_POINT('',(128.154691302013,100.,126.345090508171));
#17970=CARTESIAN_POINT('Origin',(124.346696114539,90.,136.375966698637));
#17971=CARTESIAN_POINT('',(124.346696114539,90.,136.375966698637));
#17972=CARTESIAN_POINT('',(137.466983576756,90.,129.717254148163));
#17973=CARTESIAN_POINT('',(124.346696114539,100.,136.375966698637));
#17974=CARTESIAN_POINT('',(124.346696114539,90.,136.375966698637));
#17975=CARTESIAN_POINT('',(137.466983576756,100.,129.717254148163));
#17976=CARTESIAN_POINT('Origin',(-248.75,90.,-11.));
#17977=CARTESIAN_POINT('',(123.941087189997,90.,137.398698583584));
#17978=CARTESIAN_POINT('Origin',(-248.75,90.,-11.));
#17979=CARTESIAN_POINT('',(123.941087189997,100.,137.398698583584));
#17980=CARTESIAN_POINT('',(123.941087189997,90.,137.398698583584));
#17981=CARTESIAN_POINT('Origin',(-248.75,100.,-11.));
#17982=CARTESIAN_POINT('Origin',(133.149899633593,90.,141.043976131837));
#17983=CARTESIAN_POINT('',(133.149899633593,90.,141.043976131837));
#17984=CARTESIAN_POINT('',(123.941087189997,90.,137.398698583584));
#17985=CARTESIAN_POINT('',(133.149899633593,100.,141.043976131837));
#17986=CARTESIAN_POINT('',(133.149899633593,90.,141.043976131837));
#17987=CARTESIAN_POINT('',(123.941087189997,100.,137.398698583584));
#17988=CARTESIAN_POINT('Origin',(119.838979592437,90.,147.312931673153));
#17989=CARTESIAN_POINT('',(119.838979592437,90.,147.312931673153));
#17990=CARTESIAN_POINT('',(133.149899633593,90.,141.043976131837));
#17991=CARTESIAN_POINT('',(119.838979592437,100.,147.312931673153));
#17992=CARTESIAN_POINT('',(119.838979592437,90.,147.312931673153));
#17993=CARTESIAN_POINT('',(133.149899633593,100.,141.043976131837));
#17994=CARTESIAN_POINT('Origin',(-248.75,90.,-11.));
#17995=CARTESIAN_POINT('',(119.403390987673,90.,148.323259182209));
#17996=CARTESIAN_POINT('Origin',(-248.75,90.,-11.));
#17997=CARTESIAN_POINT('',(119.403390987673,100.,148.323259182209));
#17998=CARTESIAN_POINT('',(119.403390987673,90.,148.323259182209));
#17999=CARTESIAN_POINT('Origin',(-248.75,100.,-11.));
#18000=CARTESIAN_POINT('Origin',(128.500715618775,90.,152.238480706141));
#18001=CARTESIAN_POINT('',(128.500715618775,90.,152.238480706141));
#18002=CARTESIAN_POINT('',(119.403390987673,90.,148.323259182209));
#18003=CARTESIAN_POINT('',(128.500715618775,100.,152.238480706141));
#18004=CARTESIAN_POINT('',(128.500715618775,90.,152.238480706141));
#18005=CARTESIAN_POINT('',(119.403390987673,100.,148.323259182209));
#18006=CARTESIAN_POINT('Origin',(115.010738171922,90.,158.112227755892));
#18007=CARTESIAN_POINT('',(115.010738171922,90.,158.112227755892));
#18008=CARTESIAN_POINT('',(128.500715618775,90.,152.238480706141));
#18009=CARTESIAN_POINT('',(115.010738171922,100.,158.112227755892));
#18010=CARTESIAN_POINT('',(115.010738171922,90.,158.112227755892));
#18011=CARTESIAN_POINT('',(128.500715618775,100.,152.238480706141));
#18012=CARTESIAN_POINT('Origin',(-248.75,90.,-11.));
#18013=CARTESIAN_POINT('',(114.545548674694,90.,159.109272308469));
#18014=CARTESIAN_POINT('Origin',(-248.75,90.,-11.));
#18015=CARTESIAN_POINT('',(114.545548674694,100.,159.109272308469));
#18016=CARTESIAN_POINT('',(114.545548674694,90.,159.109272308469));
#18017=CARTESIAN_POINT('Origin',(-248.75,100.,-11.));
#18018=CARTESIAN_POINT('Origin',(123.523474461734,90.,163.291033132274));
#18019=CARTESIAN_POINT('',(123.523474461734,90.,163.291033132274));
#18020=CARTESIAN_POINT('',(114.545548674694,90.,159.109272308469));
#18021=CARTESIAN_POINT('',(123.523474461734,100.,163.291033132274));
#18022=CARTESIAN_POINT('',(123.523474461734,90.,163.291033132274));
#18023=CARTESIAN_POINT('',(114.545548674694,100.,159.109272308469));
#18024=CARTESIAN_POINT('Origin',(109.866170490709,90.,168.764463881272));
#18025=CARTESIAN_POINT('',(109.866170490709,90.,168.764463881272));
#18026=CARTESIAN_POINT('',(123.523474461734,90.,163.291033132274));
#18027=CARTESIAN_POINT('',(109.866170490709,100.,168.764463881272));
#18028=CARTESIAN_POINT('',(109.866170490709,90.,168.764463881272));
#18029=CARTESIAN_POINT('',(123.523474461734,100.,163.291033132274));
#18030=CARTESIAN_POINT('Origin',(-248.75,90.,-11.));
#18031=CARTESIAN_POINT('',(109.371784629704,90.,169.747358447639));
#18032=CARTESIAN_POINT('Origin',(-248.75,90.,-11.));
#18033=CARTESIAN_POINT('',(109.371784629704,100.,169.747358447639));
#18034=CARTESIAN_POINT('',(109.371784629704,90.,169.747358447639));
#18035=CARTESIAN_POINT('Origin',(-248.75,100.,-11.));
#18036=CARTESIAN_POINT('Origin',(118.222504370324,90.,174.192022112993));
#18037=CARTESIAN_POINT('',(118.222504370324,90.,174.192022112993));
#18038=CARTESIAN_POINT('',(109.371784629704,90.,169.747358447639));
#18039=CARTESIAN_POINT('',(118.222504370324,100.,174.192022112993));
#18040=CARTESIAN_POINT('',(118.222504370324,90.,174.192022112993));
#18041=CARTESIAN_POINT('',(109.371784629704,100.,169.747358447639));
#18042=CARTESIAN_POINT('Origin',(104.409750263761,90.,179.26037686702));
#18043=CARTESIAN_POINT('',(104.409750263761,90.,179.26037686702));
#18044=CARTESIAN_POINT('',(118.222504370324,90.,174.192022112993));
#18045=CARTESIAN_POINT('',(104.409750263761,100.,179.26037686702));
#18046=CARTESIAN_POINT('',(104.409750263761,90.,179.26037686702));
#18047=CARTESIAN_POINT('',(118.222504370324,100.,174.192022112993));
#18048=CARTESIAN_POINT('Origin',(-248.75,90.,-11.));
#18049=CARTESIAN_POINT('',(103.88659795682,90.,180.22826672227));
#18050=CARTESIAN_POINT('Origin',(-248.75,90.,-11.));
#18051=CARTESIAN_POINT('',(103.88659795682,100.,180.22826672227));
#18052=CARTESIAN_POINT('',(103.88659795682,90.,180.22826672227));
#18053=CARTESIAN_POINT('Origin',(-248.75,100.,-11.));
#18054=CARTESIAN_POINT('Origin',(112.602415067012,90.,184.931968150593));
#18055=CARTESIAN_POINT('',(112.602415067012,90.,184.931968150593));
#18056=CARTESIAN_POINT('',(103.88659795682,90.,180.22826672227));
#18057=CARTESIAN_POINT('',(112.602415067012,100.,184.931968150593));
#18058=CARTESIAN_POINT('',(112.602415067012,90.,184.931968150593));
#18059=CARTESIAN_POINT('',(103.88659795682,100.,180.22826672227));
#18060=CARTESIAN_POINT('Origin',(98.646222392949,90.,189.59083946943));
#18061=CARTESIAN_POINT('',(98.646222392949,90.,189.59083946943));
#18062=CARTESIAN_POINT('',(112.602415067012,90.,184.931968150593));
#18063=CARTESIAN_POINT('',(98.646222392949,100.,189.59083946943));
#18064=CARTESIAN_POINT('',(98.646222392949,90.,189.59083946943));
#18065=CARTESIAN_POINT('',(112.602415067012,100.,184.931968150593));
#18066=CARTESIAN_POINT('Origin',(-248.75,90.,-11.));
#18067=CARTESIAN_POINT('',(98.0947585732068,90.,190.542882936752));
#18068=CARTESIAN_POINT('Origin',(-248.75,90.,-11.));
#18069=CARTESIAN_POINT('',(98.0947585732068,100.,190.542882936752));
#18070=CARTESIAN_POINT('',(98.0947585732068,90.,190.542882936752));
#18071=CARTESIAN_POINT('Origin',(-248.75,100.,-11.));
#18072=CARTESIAN_POINT('Origin',(106.668093780262,90.,195.501531790279));
#18073=CARTESIAN_POINT('',(106.668093780262,90.,195.501531790279));
#18074=CARTESIAN_POINT('',(98.0947585732068,90.,190.542882936752));
#18075=CARTESIAN_POINT('',(106.668093780262,100.,195.501531790279));
#18076=CARTESIAN_POINT('',(106.668093780262,90.,195.501531790279));
#18077=CARTESIAN_POINT('',(98.0947585732068,100.,190.542882936752));
#18078=CARTESIAN_POINT('Origin',(92.5805988408867,90.,199.746868320418));
#18079=CARTESIAN_POINT('',(92.5805988408867,90.,199.746868320418));
#18080=CARTESIAN_POINT('',(106.668093780262,90.,195.501531790279));
#18081=CARTESIAN_POINT('',(92.5805988408867,100.,199.746868320418));
#18082=CARTESIAN_POINT('',(92.5805988408867,90.,199.746868320418));
#18083=CARTESIAN_POINT('',(106.668093780262,100.,195.501531790279));
#18084=CARTESIAN_POINT('Origin',(-248.75,90.,-11.));
#18085=CARTESIAN_POINT('',(92.0013030611637,90.,200.682237503014));
#18086=CARTESIAN_POINT('Origin',(-248.75,90.,-11.));
#18087=CARTESIAN_POINT('',(92.0013030611637,100.,200.682237503014));
#18088=CARTESIAN_POINT('',(92.0013030611637,90.,200.682237503014));
#18089=CARTESIAN_POINT('Origin',(-248.75,100.,-11.));
#18090=CARTESIAN_POINT('Origin',(100.424700994606,90.,205.891521741756));
#18091=CARTESIAN_POINT('',(100.424700994606,90.,205.891521741756));
#18092=CARTESIAN_POINT('',(92.0013030611637,90.,200.682237503014));
#18093=CARTESIAN_POINT('',(100.424700994606,100.,205.891521741756));
#18094=CARTESIAN_POINT('',(100.424700994606,90.,205.891521741756));
#18095=CARTESIAN_POINT('',(92.0013030611637,100.,200.682237503014));
#18096=CARTESIAN_POINT('Origin',(86.2181542725271,90.,209.71963173945));
#18097=CARTESIAN_POINT('',(86.2181542725271,90.,209.71963173945));
#18098=CARTESIAN_POINT('',(100.424700994606,90.,205.891521741756));
#18099=CARTESIAN_POINT('',(86.2181542725271,100.,209.71963173945));
#18100=CARTESIAN_POINT('',(86.2181542725271,90.,209.71963173945));
#18101=CARTESIAN_POINT('',(100.424700994606,100.,205.891521741756));
#18102=CARTESIAN_POINT('Origin',(-248.75,90.,-11.));
#18103=CARTESIAN_POINT('',(85.6115302883104,90.,210.637513240477));
#18104=CARTESIAN_POINT('Origin',(-248.75,90.,-11.));
#18105=CARTESIAN_POINT('',(85.6115302883104,100.,210.637513240477));
#18106=CARTESIAN_POINT('',(85.6115302883104,90.,210.637513240477));
#18107=CARTESIAN_POINT('Origin',(-248.75,100.,-11.));
#18108=CARTESIAN_POINT('Origin',(93.8776659630844,90.,216.092902871965));
#18109=CARTESIAN_POINT('',(93.8776659630844,90.,216.092902871965));
#18110=CARTESIAN_POINT('',(85.6115302883104,90.,210.637513240477));
#18111=CARTESIAN_POINT('',(93.8776659630844,100.,216.092902871965));
#18112=CARTESIAN_POINT('',(93.8776659630844,90.,216.092902871965));
#18113=CARTESIAN_POINT('',(85.6115302883104,100.,210.637513240477));
#18114=CARTESIAN_POINT('Origin',(79.5644214683161,90.,219.500457413574));
#18115=CARTESIAN_POINT('',(79.5644214683161,90.,219.500457413574));
#18116=CARTESIAN_POINT('',(93.8776659630844,90.,216.092902871965));
#18117=CARTESIAN_POINT('',(79.5644214683161,100.,219.500457413574));
#18118=CARTESIAN_POINT('',(79.5644214683161,90.,219.500457413574));
#18119=CARTESIAN_POINT('',(93.8776659630844,100.,216.092902871965));
#18120=CARTESIAN_POINT('Origin',(-248.75,90.,-11.));
#18121=CARTESIAN_POINT('',(78.9309967996936,90.,220.400053043474));
#18122=CARTESIAN_POINT('Origin',(-248.75,90.,-11.));
#18123=CARTESIAN_POINT('',(78.9309967996936,100.,220.400053043474));
#18124=CARTESIAN_POINT('',(78.9309967996936,90.,220.400053043474));
#18125=CARTESIAN_POINT('Origin',(-248.75,100.,-11.));
#18126=CARTESIAN_POINT('Origin',(87.0326819859716,90.,226.096804062043));
#18127=CARTESIAN_POINT('',(87.0326819859716,90.,226.096804062043));
#18128=CARTESIAN_POINT('',(78.9309967996936,90.,220.400053043474));
#18129=CARTESIAN_POINT('',(87.0326819859716,100.,226.096804062043));
#18130=CARTESIAN_POINT('',(87.0326819859716,90.,226.096804062043));
#18131=CARTESIAN_POINT('',(78.9309967996936,100.,220.400053043474));
#18132=CARTESIAN_POINT('Origin',(72.6251865128881,90.,229.08083993886));
#18133=CARTESIAN_POINT('',(72.6251865128881,90.,229.08083993886));
#18134=CARTESIAN_POINT('',(87.0326819859716,90.,226.096804062043));
#18135=CARTESIAN_POINT('',(72.6251865128881,100.,229.08083993886));
#18136=CARTESIAN_POINT('',(72.6251865128881,90.,229.08083993886));
#18137=CARTESIAN_POINT('',(87.0326819859716,100.,226.096804062043));
#18138=CARTESIAN_POINT('Origin',(-248.75,90.,-11.));
#18139=CARTESIAN_POINT('',(71.9655119858172,90.,229.961367409464));
#18140=CARTESIAN_POINT('Origin',(-248.75,90.,-11.));
#18141=CARTESIAN_POINT('',(71.9655119858172,100.,229.961367409464));
#18142=CARTESIAN_POINT('',(71.9655119858172,90.,229.961367409464));
#18143=CARTESIAN_POINT('Origin',(-248.75,100.,-11.));
#18144=CARTESIAN_POINT('Origin',(79.8957014598809,90.,235.894525921637));
#18145=CARTESIAN_POINT('',(79.8957014598809,90.,235.894525921637));
#18146=CARTESIAN_POINT('',(71.9655119858172,90.,229.961367409464));
#18147=CARTESIAN_POINT('',(79.8957014598809,100.,235.894525921637));
#18148=CARTESIAN_POINT('',(79.8957014598809,90.,235.894525921637));
#18149=CARTESIAN_POINT('',(71.9655119858172,100.,229.961367409464));
#18150=CARTESIAN_POINT('Origin',(65.4064837634872,90.,238.452448216697));
#18151=CARTESIAN_POINT('',(65.4064837634872,90.,238.452448216697));
#18152=CARTESIAN_POINT('',(79.8957014598809,90.,235.894525921637));
#18153=CARTESIAN_POINT('',(65.4064837634872,100.,238.452448216697));
#18154=CARTESIAN_POINT('',(65.4064837634872,90.,238.452448216697));
#18155=CARTESIAN_POINT('',(79.8957014598809,100.,235.894525921637));
#18156=CARTESIAN_POINT('Origin',(-248.75,90.,-11.));
#18157=CARTESIAN_POINT('',(64.7211330307966,90.,239.313141821503));
#18158=CARTESIAN_POINT('Origin',(-248.75,90.,-11.));
#18159=CARTESIAN_POINT('',(64.7211330307966,100.,239.313141821503));
#18160=CARTESIAN_POINT('',(64.7211330307966,90.,239.313141821503));
#18161=CARTESIAN_POINT('Origin',(-248.75,100.,-11.));
#18162=CARTESIAN_POINT('Origin',(72.4729307015627,90.,245.477548353898));
#18163=CARTESIAN_POINT('',(72.4729307015627,90.,245.477548353898));
#18164=CARTESIAN_POINT('',(64.7211330307966,90.,239.313141821503));
#18165=CARTESIAN_POINT('',(72.4729307015627,100.,245.477548353898));
#18166=CARTESIAN_POINT('',(72.4729307015627,90.,245.477548353898));
#18167=CARTESIAN_POINT('',(64.7211330307966,100.,239.313141821503));
#18168=CARTESIAN_POINT('Origin',(57.914590602492,90.,247.607132698516));
#18169=CARTESIAN_POINT('',(57.914590602492,90.,247.607132698516));
#18170=CARTESIAN_POINT('',(72.4729307015627,90.,245.477548353898));
#18171=CARTESIAN_POINT('',(57.914590602492,100.,247.607132698516));
#18172=CARTESIAN_POINT('',(57.914590602492,90.,247.607132698516));
#18173=CARTESIAN_POINT('',(72.4729307015627,100.,245.477548353898));
#18174=CARTESIAN_POINT('Origin',(-248.75,90.,-11.));
#18175=CARTESIAN_POINT('',(57.2041596450333,90.,248.447243978549));
#18176=CARTESIAN_POINT('Origin',(-248.75,90.,-11.));
#18177=CARTESIAN_POINT('',(57.2041596450333,100.,248.447243978549));
#18178=CARTESIAN_POINT('',(57.2041596450333,90.,248.447243978549));
#18179=CARTESIAN_POINT('Origin',(-248.75,100.,-11.));
#18180=CARTESIAN_POINT('Origin',(64.7708245508928,90.,254.837537964553));
#18181=CARTESIAN_POINT('',(64.7708245508928,90.,254.837537964553));
#18182=CARTESIAN_POINT('',(57.2041596450333,90.,248.447243978549));
#18183=CARTESIAN_POINT('',(64.7708245508928,100.,254.837537964553));
#18184=CARTESIAN_POINT('',(64.7708245508928,90.,254.837537964553));
#18185=CARTESIAN_POINT('',(57.2041596450333,100.,248.447243978549));
#18186=CARTESIAN_POINT('Origin',(50.156021978605,90.,256.536932472636));
#18187=CARTESIAN_POINT('',(50.156021978605,90.,256.536932472636));
#18188=CARTESIAN_POINT('',(64.7708245508928,90.,254.837537964553));
#18189=CARTESIAN_POINT('',(50.156021978605,100.,256.536932472636));
#18190=CARTESIAN_POINT('',(50.156021978605,90.,256.536932472636));
#18191=CARTESIAN_POINT('',(64.7708245508928,100.,254.837537964553));
#18192=CARTESIAN_POINT('Origin',(-248.75,90.,-11.));
#18193=CARTESIAN_POINT('',(49.421128586988,90.,257.355730867305));
#18194=CARTESIAN_POINT('Origin',(-248.75,90.,-11.));
#18195=CARTESIAN_POINT('',(49.421128586988,100.,257.355730867305));
#18196=CARTESIAN_POINT('',(49.421128586988,90.,257.355730867305));
#18197=CARTESIAN_POINT('Origin',(-248.75,100.,-11.));
#18198=CARTESIAN_POINT('Origin',(56.7960807577449,90.,263.966355308624));
#18199=CARTESIAN_POINT('',(56.7960807577449,90.,263.966355308624));
#18200=CARTESIAN_POINT('',(49.421128586988,90.,257.355730867305));
#18201=CARTESIAN_POINT('',(56.7960807577449,100.,263.966355308624));
#18202=CARTESIAN_POINT('',(56.7960807577449,90.,263.966355308624));
#18203=CARTESIAN_POINT('',(49.421128586988,100.,257.355730867305));
#18204=CARTESIAN_POINT('Origin',(42.1375247414545,90.,265.234082187068));
#18205=CARTESIAN_POINT('',(42.1375247414545,90.,265.234082187068));
#18206=CARTESIAN_POINT('',(56.7960807577449,90.,263.966355308624));
#18207=CARTESIAN_POINT('',(42.1375247414545,100.,265.234082187068));
#18208=CARTESIAN_POINT('',(42.1375247414545,90.,265.234082187068));
#18209=CARTESIAN_POINT('',(56.7960807577449,100.,263.966355308624));
#18210=CARTESIAN_POINT('Origin',(-248.75,90.,-11.));
#18211=CARTESIAN_POINT('',(41.3788079788167,90.,266.030855669462));
#18212=CARTESIAN_POINT('Origin',(-248.75,90.,-11.));
#18213=CARTESIAN_POINT('',(41.3788079788167,100.,266.030855669462));
#18214=CARTESIAN_POINT('',(41.3788079788167,90.,266.030855669462));
#18215=CARTESIAN_POINT('Origin',(-248.75,100.,-11.));
#18216=CARTESIAN_POINT('Origin',(48.5556341576288,90.,272.856061968486));
#18217=CARTESIAN_POINT('',(48.5556341576288,90.,272.856061968486));
#18218=CARTESIAN_POINT('',(41.3788079788167,90.,266.030855669462));
#18219=CARTESIAN_POINT('',(48.5556341576288,100.,272.856061968486));
#18220=CARTESIAN_POINT('',(48.5556341576288,90.,272.856061968486));
#18221=CARTESIAN_POINT('',(41.3788079788167,100.,266.030855669462));
#18222=CARTESIAN_POINT('Origin',(33.8660717745359,90.,273.691018802266));
#18223=CARTESIAN_POINT('',(33.8660717745359,90.,273.691018802266));
#18224=CARTESIAN_POINT('',(48.5556341576288,90.,272.856061968486));
#18225=CARTESIAN_POINT('',(33.8660717745359,100.,273.691018802266));
#18226=CARTESIAN_POINT('',(33.8660717745359,90.,273.691018802266));
#18227=CARTESIAN_POINT('',(48.5556341576288,100.,272.856061968486));
#18228=CARTESIAN_POINT('Origin',(-248.75,90.,-11.));
#18229=CARTESIAN_POINT('',(33.0841914208129,90.,274.465074498335));
#18230=CARTESIAN_POINT('Origin',(-248.75,90.,-11.));
#18231=CARTESIAN_POINT('',(33.0841914208129,100.,274.465074498335));
#18232=CARTESIAN_POINT('',(33.0841914208129,90.,274.465074498335));
#18233=CARTESIAN_POINT('Origin',(-248.75,100.,-11.));
#18234=CARTESIAN_POINT('Origin',(40.0566506411586,90.,281.498927457115));
#18235=CARTESIAN_POINT('',(40.0566506411586,90.,281.498927457115));
#18236=CARTESIAN_POINT('',(33.0841914208129,90.,274.465074498335));
#18237=CARTESIAN_POINT('',(40.0566506411586,100.,281.498927457115));
#18238=CARTESIAN_POINT('',(40.0566506411586,90.,281.498927457115));
#18239=CARTESIAN_POINT('',(33.0841914208129,100.,274.465074498335));
#18240=CARTESIAN_POINT('Origin',(25.3488559315935,90.,281.900388167946));
#18241=CARTESIAN_POINT('',(25.3488559315935,90.,281.900388167946));
#18242=CARTESIAN_POINT('',(40.0566506411586,90.,281.498927457115));
#18243=CARTESIAN_POINT('',(25.3488559315935,100.,281.900388167946));
#18244=CARTESIAN_POINT('',(25.3488559315935,90.,281.900388167946));
#18245=CARTESIAN_POINT('',(40.0566506411586,100.,281.498927457115));
#18246=CARTESIAN_POINT('Origin',(-248.75,90.,-11.));
#18247=CARTESIAN_POINT('',(24.544491909775,90.,282.65105295902));
#18248=CARTESIAN_POINT('Origin',(-248.75,90.,-11.));
#18249=CARTESIAN_POINT('',(24.544491909775,100.,282.65105295902));
#18250=CARTESIAN_POINT('',(24.544491909775,90.,282.65105295902));
#18251=CARTESIAN_POINT('Origin',(-248.75,100.,-11.));
#18252=CARTESIAN_POINT('Origin',(31.3065209225963,90.,289.887435940516));
#18253=CARTESIAN_POINT('',(31.3065209225963,90.,289.887435940516));
#18254=CARTESIAN_POINT('',(24.544491909775,90.,282.65105295902));
#18255=CARTESIAN_POINT('',(31.3065209225963,100.,289.887435940516));
#18256=CARTESIAN_POINT('',(31.3065209225963,90.,289.887435940516));
#18257=CARTESIAN_POINT('',(24.544491909775,100.,282.65105295902));
#18258=CARTESIAN_POINT('Origin',(16.5932837817163,90.,289.85505141825));
#18259=CARTESIAN_POINT('',(16.5932837817163,90.,289.85505141825));
#18260=CARTESIAN_POINT('',(31.3065209225963,90.,289.887435940516));
#18261=CARTESIAN_POINT('',(16.5932837817163,100.,289.85505141825));
#18262=CARTESIAN_POINT('',(16.5932837817163,90.,289.85505141825));
#18263=CARTESIAN_POINT('',(31.3065209225963,100.,289.887435940516));
#18264=CARTESIAN_POINT('Origin',(-248.75,90.,-11.));
#18265=CARTESIAN_POINT('',(15.7671355665848,90.,290.581672526386));
#18266=CARTESIAN_POINT('Origin',(-248.75,90.,-11.));
#18267=CARTESIAN_POINT('',(15.7671355665848,100.,290.581672526386));
#18268=CARTESIAN_POINT('',(15.7671355665848,90.,290.581672526386));
#18269=CARTESIAN_POINT('Origin',(-248.75,100.,-11.));
#18270=CARTESIAN_POINT('Origin',(22.3128541128876,90.,298.014292773493));
#18271=CARTESIAN_POINT('',(22.3128541128876,90.,298.014292773493));
#18272=CARTESIAN_POINT('',(15.7671355665848,90.,290.581672526386));
#18273=CARTESIAN_POINT('',(22.3128541128876,100.,298.014292773493));
#18274=CARTESIAN_POINT('',(22.3128541128876,90.,298.014292773493));
#18275=CARTESIAN_POINT('',(15.7671355665848,100.,290.581672526386));
#18276=CARTESIAN_POINT('Origin',(7.60696916858725,90.,297.548091179703));
#18277=CARTESIAN_POINT('',(7.60696916858725,90.,297.548091179703));
#18278=CARTESIAN_POINT('',(22.3128541128876,90.,298.014292773493));
#18279=CARTESIAN_POINT('',(7.60696916858725,100.,297.548091179703));
#18280=CARTESIAN_POINT('',(7.60696916858725,90.,297.548091179703));
#18281=CARTESIAN_POINT('',(22.3128541128876,100.,298.014292773493));
#18282=CARTESIAN_POINT('Origin',(-248.75,90.,-11.));
#18283=CARTESIAN_POINT('',(6.75975517845542,90.,298.25003673534));
#18284=CARTESIAN_POINT('Origin',(-248.75,90.,-11.));
#18285=CARTESIAN_POINT('',(6.75975517845542,100.,298.25003673534));
#18286=CARTESIAN_POINT('',(6.75975517845542,90.,298.25003673534));
#18287=CARTESIAN_POINT('Origin',(-248.75,100.,-11.));
#18288=CARTESIAN_POINT('Origin',(13.0834711027813,90.,305.872430843069));
#18289=CARTESIAN_POINT('',(13.0834711027813,90.,305.872430843069));
#18290=CARTESIAN_POINT('',(6.75975517845542,90.,298.25003673534));
#18291=CARTESIAN_POINT('',(13.0834711027813,100.,305.872430843069));
#18292=CARTESIAN_POINT('',(13.0834711027813,90.,305.872430843069));
#18293=CARTESIAN_POINT('',(6.75975517845542,100.,298.25003673534));
#18294=CARTESIAN_POINT('Origin',(-1.60227341051353,90.,304.972817586562));
#18295=CARTESIAN_POINT('',(-1.60227341051353,90.,304.972817586562));
#18296=CARTESIAN_POINT('',(13.0834711027813,90.,305.872430843069));
#18297=CARTESIAN_POINT('',(-1.60227341051353,100.,304.972817586562));
#18298=CARTESIAN_POINT('',(-1.60227341051353,90.,304.972817586562));
#18299=CARTESIAN_POINT('',(13.0834711027813,100.,305.872430843069));
#18300=CARTESIAN_POINT('Origin',(-248.75,90.,-11.));
#18301=CARTESIAN_POINT('',(-2.46981643853978,90.,305.649477177994));
#18302=CARTESIAN_POINT('Origin',(-248.75,90.,-11.));
#18303=CARTESIAN_POINT('',(-2.46981643853978,100.,305.649477177994));
#18304=CARTESIAN_POINT('',(-2.46981643853978,90.,305.649477177994));
#18305=CARTESIAN_POINT('Origin',(-248.75,100.,-11.));
#18306=CARTESIAN_POINT('Origin',(3.62639776178371,90.,313.455016714047));
#18307=CARTESIAN_POINT('',(3.62639776178371,90.,313.455016714047));
#18308=CARTESIAN_POINT('',(-2.46981643853978,90.,305.649477177994));
#18309=CARTESIAN_POINT('',(3.62639776178371,100.,313.455016714047));
#18310=CARTESIAN_POINT('',(3.62639776178371,90.,313.455016714047));
#18311=CARTESIAN_POINT('',(-2.46981643853978,100.,305.649477177994));
#18312=CARTESIAN_POINT('Origin',(-11.0127440410606,90.,312.124018941422));
#18313=CARTESIAN_POINT('',(-11.0127440410606,90.,312.124018941422));
#18314=CARTESIAN_POINT('',(3.62639776178371,90.,313.455016714047));
#18315=CARTESIAN_POINT('',(-11.0127440410606,100.,312.124018941422));
#18316=CARTESIAN_POINT('',(-11.0127440410606,90.,312.124018941422));
#18317=CARTESIAN_POINT('',(3.62639776178371,100.,313.455016714047));
#18318=CARTESIAN_POINT('Origin',(1.6009100769434,90.,328.212047406186));
#18319=CARTESIAN_POINT('',(13.74059251302,90.,344.660665598694));
#18320=CARTESIAN_POINT('Origin',(1.6009100769434,90.,328.212047406186));
#18321=CARTESIAN_POINT('',(13.74059251302,100.,344.660665598694));
#18322=CARTESIAN_POINT('',(13.74059251302,90.,344.660665598694));
#18323=CARTESIAN_POINT('Origin',(1.6009100769434,100.,328.212047406186));
#18324=CARTESIAN_POINT('Origin',(-248.75,90.,-11.));
#18325=CARTESIAN_POINT('',(192.853953123223,90.,8.5389047258));
#18326=CARTESIAN_POINT('Origin',(-248.75,90.,-11.));
#18327=CARTESIAN_POINT('',(192.853953123223,100.,8.5389047258));
#18328=CARTESIAN_POINT('',(192.853953123223,90.,8.5389047258));
#18329=CARTESIAN_POINT('Origin',(-248.75,100.,-11.));
#18330=CARTESIAN_POINT('Origin',(194.508550023976,90.,-18.0000000000001));
#18331=CARTESIAN_POINT('',(194.508550023976,90.,-18.0000000000001));
#18332=CARTESIAN_POINT('',(192.853953123223,90.,8.5389047258));
#18333=CARTESIAN_POINT('',(194.508550023976,100.,-18.0000000000001));
#18334=CARTESIAN_POINT('',(194.508550023976,90.,-18.0000000000001));
#18335=CARTESIAN_POINT('',(192.853953123223,100.,8.5389047258));
#18336=CARTESIAN_POINT('Origin',(153.370758531533,90.,-18.0000000000001));
#18337=CARTESIAN_POINT('',(153.370758531533,90.,-18.0000000000001));
#18338=CARTESIAN_POINT('',(153.370758531533,90.,-18.0000000000001));
#18339=CARTESIAN_POINT('',(153.370758531533,100.,-18.0000000000001));
#18340=CARTESIAN_POINT('',(153.370758531533,90.,-18.0000000000001));
#18341=CARTESIAN_POINT('',(153.370758531533,100.,-18.0000000000001));
#18342=CARTESIAN_POINT('Origin',(152.248528939873,90.,0.));
#18343=CARTESIAN_POINT('',(152.248528939873,90.,0.));
#18344=CARTESIAN_POINT('',(152.248528939873,100.,0.));
#18345=CARTESIAN_POINT('Origin',(87.833074972982,100.,165.32767878057));
#18346=CARTESIAN_POINT('Origin',(87.833074972982,90.,165.32767878057));
#18347=CARTESIAN_POINT('Origin',(123.000001832843,90.,97.0000014454126));
#18348=CARTESIAN_POINT('',(121.500001832843,100.,97.0000014454126));
#18349=CARTESIAN_POINT('Origin',(123.000001832843,100.,97.0000014454126));
#18350=CARTESIAN_POINT('',(121.500001832843,90.,97.0000014454126));
#18351=CARTESIAN_POINT('',(121.500001832843,90.,97.0000014454126));
#18352=CARTESIAN_POINT('Origin',(123.000001832843,90.,97.0000014454126));
#18353=CARTESIAN_POINT('Origin',(107.239474629027,90.,96.0636818849445));
#18354=CARTESIAN_POINT('',(107.239474629027,90.,96.0636818849445));
#18355=CARTESIAN_POINT('',(117.084744718663,90.,97.8160108672191));
#18356=CARTESIAN_POINT('',(107.239474629027,90.,96.0636818849445));
#18357=CARTESIAN_POINT('',(107.239474629027,100.,96.0636818849445));
#18358=CARTESIAN_POINT('',(107.239474629027,90.,96.0636818849445));
#18359=CARTESIAN_POINT('',(117.084744718663,100.,97.8160108672191));
#18360=CARTESIAN_POINT('',(107.239474629027,100.,96.0636818849445));
#18361=CARTESIAN_POINT('',(117.084744718663,90.,97.8160108672191));
#18362=CARTESIAN_POINT('Origin',(107.519847266191,90.,94.4884386706028));
#18363=CARTESIAN_POINT('',(107.800219903355,90.,92.913195456261));
#18364=CARTESIAN_POINT('Origin',(107.519847266191,90.,94.4884386706028));
#18365=CARTESIAN_POINT('',(107.800219903355,100.,92.913195456261));
#18366=CARTESIAN_POINT('',(107.800219903355,90.,92.913195456261));
#18367=CARTESIAN_POINT('Origin',(107.519847266191,100.,94.4884386706028));
#18368=CARTESIAN_POINT('Origin',(117.645489992991,90.,94.6655244385356));
#18369=CARTESIAN_POINT('',(117.645489992991,90.,94.6655244385356));
#18370=CARTESIAN_POINT('',(117.645489992991,90.,94.6655244385356));
#18371=CARTESIAN_POINT('',(117.645489992991,100.,94.6655244385356));
#18372=CARTESIAN_POINT('',(117.645489992991,90.,94.6655244385356));
#18373=CARTESIAN_POINT('',(117.645489992991,100.,94.6655244385356));
#18374=CARTESIAN_POINT('Origin',(117.365117355827,90.,96.2407676528774));
#18375=CARTESIAN_POINT('Origin',(117.365117355827,90.,96.2407676528774));
#18376=CARTESIAN_POINT('Origin',(117.365117355827,100.,96.2407676528774));
#18377=CARTESIAN_POINT('Origin',(-248.75,90.,-11.));
#18378=CARTESIAN_POINT('',(138.815737626069,90.,92.5066144288608));
#18379=CARTESIAN_POINT('',(138.815444555181,90.,92.507711783647));
#18380=CARTESIAN_POINT('Origin',(-248.75,90.,-11.));
#18381=CARTESIAN_POINT('',(138.815444555181,100.,92.507711783647));
#18382=CARTESIAN_POINT('',(138.815444555181,90.,92.507711783647));
#18383=CARTESIAN_POINT('',(138.815737626069,100.,92.5066144288608));
#18384=CARTESIAN_POINT('Origin',(-248.75,100.,-11.));
#18385=CARTESIAN_POINT('',(138.815737626069,90.,92.5066144288608));
#18386=CARTESIAN_POINT('Origin',(108.433960749319,90.,91.6639408722528));
#18387=CARTESIAN_POINT('',(108.433960749319,90.,91.6639408722528));
#18388=CARTESIAN_POINT('',(108.433960749319,90.,91.6639408722528));
#18389=CARTESIAN_POINT('',(108.433960749319,100.,91.6639408722528));
#18390=CARTESIAN_POINT('',(108.433960749319,90.,91.6639408722528));
#18391=CARTESIAN_POINT('',(108.433960749319,100.,91.6639408722528));
#18392=CARTESIAN_POINT('Ctrl Pts',(108.242454972601,90.,97.7547528281695));
#18393=CARTESIAN_POINT('Ctrl Pts',(108.242454972601,100.,97.7547528281695));
#18394=CARTESIAN_POINT('Ctrl Pts',(104.926968595439,90.,96.6649960203109));
#18395=CARTESIAN_POINT('Ctrl Pts',(104.926968595439,100.,96.6649960203109));
#18396=CARTESIAN_POINT('Ctrl Pts',(101.510407958812,90.,93.2691321658271));
#18397=CARTESIAN_POINT('Ctrl Pts',(101.510407958812,100.,93.2691321658271));
#18398=CARTESIAN_POINT('Ctrl Pts',(105.970471351601,90.,92.1416361594591));
#18399=CARTESIAN_POINT('Ctrl Pts',(105.970471351601,100.,92.1416361594591));
#18400=CARTESIAN_POINT('Ctrl Pts',(108.433960749319,90.,91.6639408722528));
#18401=CARTESIAN_POINT('Ctrl Pts',(108.433960749319,100.,91.6639408722528));
#18402=CARTESIAN_POINT('',(108.242454972601,90.,97.7547528281695));
#18403=CARTESIAN_POINT('Ctrl Pts',(108.242454972601,90.,97.7547528281695));
#18404=CARTESIAN_POINT('Ctrl Pts',(104.926968595439,90.,96.6649960203109));
#18405=CARTESIAN_POINT('Ctrl Pts',(101.510407958812,90.,93.2691321658271));
#18406=CARTESIAN_POINT('Ctrl Pts',(105.970471351601,90.,92.1416361594591));
#18407=CARTESIAN_POINT('Ctrl Pts',(108.433960749319,90.,91.6639408722528));
#18408=CARTESIAN_POINT('',(108.242454972601,100.,97.7547528281695));
#18409=CARTESIAN_POINT('',(108.242454972601,90.,97.7547528281695));
#18410=CARTESIAN_POINT('Ctrl Pts',(108.242454972601,100.,97.7547528281695));
#18411=CARTESIAN_POINT('Ctrl Pts',(104.926968595439,100.,96.6649960203109));
#18412=CARTESIAN_POINT('Ctrl Pts',(101.510407958812,100.,93.2691321658271));
#18413=CARTESIAN_POINT('Ctrl Pts',(105.970471351601,100.,92.1416361594591));
#18414=CARTESIAN_POINT('Ctrl Pts',(108.433960749319,100.,91.6639408722528));
#18415=CARTESIAN_POINT('Origin',(135.321037992898,90.,102.430480361618));
#18416=CARTESIAN_POINT('',(135.321037992898,90.,102.430480361618));
#18417=CARTESIAN_POINT('',(135.321037992898,90.,102.430480361618));
#18418=CARTESIAN_POINT('',(135.321037992898,100.,102.430480361618));
#18419=CARTESIAN_POINT('',(135.321037992898,90.,102.430480361618));
#18420=CARTESIAN_POINT('',(135.321037992898,100.,102.430480361618));
#18421=CARTESIAN_POINT('Origin',(135.491192510833,90.,101.445062967806));
#18422=CARTESIAN_POINT('',(136.020776305041,90.,102.293320596662));
#18423=CARTESIAN_POINT('Origin',(135.491192510833,90.,101.445062967806));
#18424=CARTESIAN_POINT('',(136.020776305041,100.,102.293320596662));
#18425=CARTESIAN_POINT('',(136.020776305041,90.,102.293320596662));
#18426=CARTESIAN_POINT('Origin',(135.491192510833,100.,101.445062967806));
#18427=CARTESIAN_POINT('Origin',(147.859260272866,90.,94.9023239889402));
#18428=CARTESIAN_POINT('',(147.859260272866,90.,94.9023239889402));
#18429=CARTESIAN_POINT('',(147.859260272866,90.,94.9023239889402));
#18430=CARTESIAN_POINT('',(147.859260272866,100.,94.9023239889402));
#18431=CARTESIAN_POINT('',(147.859260272866,90.,94.9023239889402));
#18432=CARTESIAN_POINT('',(147.859260272866,100.,94.9023239889402));
#18433=CARTESIAN_POINT('Origin',(138.815737626069,90.,92.5066144288608));
#18434=CARTESIAN_POINT('',(138.815737626069,90.,92.5066144288608));
#18435=CARTESIAN_POINT('',(138.815737626069,100.,92.5066144288608));
#18436=CARTESIAN_POINT('Origin',(124.684834115839,100.,97.0545019200296));
#18437=CARTESIAN_POINT('Origin',(124.684834115839,90.,97.0545019200296));
#18438=CARTESIAN_POINT('Origin',(-186.199846578373,78.5,80.));
#18439=CARTESIAN_POINT('',(-184.199846578373,73.5,80.));
#18440=CARTESIAN_POINT('Origin',(-184.199846578373,78.5,80.));
#18441=CARTESIAN_POINT('',(-186.199846578373,73.5,80.));
#18442=CARTESIAN_POINT('',(-186.199846578373,73.5,80.));
#18443=CARTESIAN_POINT('Origin',(-186.199846578373,78.5,80.));
#18444=CARTESIAN_POINT('Origin',(-186.199846578373,73.0000012665987,83.5));
#18445=CARTESIAN_POINT('',(-186.199846578373,73.0000012665987,83.5));
#18446=CARTESIAN_POINT('',(-186.199846578373,73.0000012665987,76.4999997615814));
#18447=CARTESIAN_POINT('',(-186.199846578373,73.0000012665987,83.5));
#18448=CARTESIAN_POINT('',(-184.199846578373,73.0000012665987,76.4999997615814));
#18449=CARTESIAN_POINT('',(-186.199846578373,73.0000012665987,76.4999997615814));
#18450=CARTESIAN_POINT('',(-184.199846578373,73.0000012665987,83.5));
#18451=CARTESIAN_POINT('',(-184.199846578373,73.0000012665987,83.5));
#18452=CARTESIAN_POINT('',(-186.199846578373,73.0000012665987,83.5));
#18453=CARTESIAN_POINT('Origin',(-186.199846578373,77.5000012665987,83.5));
#18454=CARTESIAN_POINT('',(-186.199846578373,77.5000012665987,88.));
#18455=CARTESIAN_POINT('Origin',(-186.199846578373,77.5000012665987,83.5));
#18456=CARTESIAN_POINT('',(-184.199846578373,77.5000012665987,88.));
#18457=CARTESIAN_POINT('Origin',(-184.199846578373,77.5000012665987,83.5));
#18458=CARTESIAN_POINT('',(-186.199846578373,77.5000012665987,88.));
#18459=CARTESIAN_POINT('Origin',(-186.199846578373,85.0000012665987,88.));
#18460=CARTESIAN_POINT('',(-186.199846578373,85.0000012665987,88.));
#18461=CARTESIAN_POINT('',(-186.199846578373,85.0000012665987,88.));
#18462=CARTESIAN_POINT('',(-184.199846578373,85.0000012665987,88.));
#18463=CARTESIAN_POINT('',(-184.199846578373,85.0000012665987,88.));
#18464=CARTESIAN_POINT('',(-186.199846578373,85.0000012665987,88.));
#18465=CARTESIAN_POINT('Origin',(-186.199846578373,85.0000012665987,71.9999997615814));
#18466=CARTESIAN_POINT('',(-186.199846578373,85.0000012665987,71.9999997615814));
#18467=CARTESIAN_POINT('',(-186.199846578373,85.0000012665987,71.9999997615814));
#18468=CARTESIAN_POINT('',(-184.199846578373,85.0000012665987,71.9999997615814));
#18469=CARTESIAN_POINT('',(-184.199846578373,85.0000012665987,71.9999997615814));
#18470=CARTESIAN_POINT('',(-186.199846578373,85.0000012665987,71.9999997615814));
#18471=CARTESIAN_POINT('Origin',(-186.199846578373,77.5000012665987,71.9999997615814));
#18472=CARTESIAN_POINT('',(-186.199846578373,77.5000012665987,71.9999997615814));
#18473=CARTESIAN_POINT('',(-186.199846578373,77.5000012665987,71.9999997615814));
#18474=CARTESIAN_POINT('',(-184.199846578373,77.5000012665987,71.9999997615814));
#18475=CARTESIAN_POINT('',(-184.199846578373,77.5000012665987,71.9999997615814));
#18476=CARTESIAN_POINT('',(-186.199846578373,77.5000012665987,71.9999997615814));
#18477=CARTESIAN_POINT('Origin',(-186.199846578373,77.5000012665987,76.4999997615814));
#18478=CARTESIAN_POINT('Origin',(-186.199846578373,77.5000012665987,76.4999997615814));
#18479=CARTESIAN_POINT('Origin',(-184.199846578373,77.5000012665987,76.4999997615814));
#18480=CARTESIAN_POINT('Origin',(-184.199846578373,79.0000012665987,79.9999998807907));
#18481=CARTESIAN_POINT('Origin',(-186.199846578373,79.0000012665987,79.9999998807907));
#18482=CARTESIAN_POINT('Origin',(-186.199846578373,-78.5,80.));
#18483=CARTESIAN_POINT('',(-184.199846578373,-73.5,80.));
#18484=CARTESIAN_POINT('Origin',(-184.199846578373,-78.5,80.));
#18485=CARTESIAN_POINT('',(-186.199846578373,-73.5,80.));
#18486=CARTESIAN_POINT('',(-186.199846578373,-73.5,80.));
#18487=CARTESIAN_POINT('Origin',(-186.199846578373,-78.5,80.));
#18488=CARTESIAN_POINT('Origin',(-186.199846578373,-73.0000012665987,83.5));
#18489=CARTESIAN_POINT('',(-186.199846578373,-73.0000012665987,83.5));
#18490=CARTESIAN_POINT('',(-186.199846578373,-73.0000012665987,76.4999997615814));
#18491=CARTESIAN_POINT('',(-186.199846578373,-73.0000012665987,83.5));
#18492=CARTESIAN_POINT('',(-184.199846578373,-73.0000012665987,83.5));
#18493=CARTESIAN_POINT('',(-186.199846578373,-73.0000012665987,83.5));
#18494=CARTESIAN_POINT('',(-184.199846578373,-73.0000012665987,76.4999997615814));
#18495=CARTESIAN_POINT('',(-184.199846578373,-73.0000012665987,83.5));
#18496=CARTESIAN_POINT('',(-186.199846578373,-73.0000012665987,76.4999997615814));
#18497=CARTESIAN_POINT('Origin',(-186.199846578373,-77.5000012665987,83.5));
#18498=CARTESIAN_POINT('',(-186.199846578373,-77.5000012665987,88.));
#18499=CARTESIAN_POINT('Origin',(-186.199846578373,-77.5000012665987,83.5));
#18500=CARTESIAN_POINT('',(-184.199846578373,-77.5000012665987,88.));
#18501=CARTESIAN_POINT('',(-186.199846578373,-77.5000012665987,88.));
#18502=CARTESIAN_POINT('Origin',(-184.199846578373,-77.5000012665987,83.5));
#18503=CARTESIAN_POINT('Origin',(-186.199846578373,-85.0000012665987,88.));
#18504=CARTESIAN_POINT('',(-186.199846578373,-85.0000012665987,88.));
#18505=CARTESIAN_POINT('',(-186.199846578373,-85.0000012665987,88.));
#18506=CARTESIAN_POINT('',(-184.199846578373,-85.0000012665987,88.));
#18507=CARTESIAN_POINT('',(-186.199846578373,-85.0000012665987,88.));
#18508=CARTESIAN_POINT('',(-184.199846578373,-85.0000012665987,88.));
#18509=CARTESIAN_POINT('Origin',(-186.199846578373,-85.0000012665987,71.9999997615814));
#18510=CARTESIAN_POINT('',(-186.199846578373,-85.0000012665987,71.9999997615814));
#18511=CARTESIAN_POINT('',(-186.199846578373,-85.0000012665987,71.9999997615814));
#18512=CARTESIAN_POINT('',(-184.199846578373,-85.0000012665987,71.9999997615814));
#18513=CARTESIAN_POINT('',(-186.199846578373,-85.0000012665987,71.9999997615814));
#18514=CARTESIAN_POINT('',(-184.199846578373,-85.0000012665987,71.9999997615814));
#18515=CARTESIAN_POINT('Origin',(-186.199846578373,-77.5000012665987,71.9999997615814));
#18516=CARTESIAN_POINT('',(-186.199846578373,-77.5000012665987,71.9999997615814));
#18517=CARTESIAN_POINT('',(-186.199846578373,-77.5000012665987,71.9999997615814));
#18518=CARTESIAN_POINT('',(-184.199846578373,-77.5000012665987,71.9999997615814));
#18519=CARTESIAN_POINT('',(-186.199846578373,-77.5000012665987,71.9999997615814));
#18520=CARTESIAN_POINT('',(-184.199846578373,-77.5000012665987,71.9999997615814));
#18521=CARTESIAN_POINT('Origin',(-186.199846578373,-77.5000012665987,76.4999997615814));
#18522=CARTESIAN_POINT('Origin',(-186.199846578373,-77.5000012665987,76.4999997615814));
#18523=CARTESIAN_POINT('Origin',(-184.199846578373,-77.5000012665987,76.4999997615814));
#18524=CARTESIAN_POINT('Origin',(-184.199846578373,-79.0000012665987,79.9999998807907));
#18525=CARTESIAN_POINT('Origin',(-186.199846578373,-79.0000012665987,79.9999998807907));
#18526=CARTESIAN_POINT('Origin',(-236.199846578373,78.5,80.));
#18527=CARTESIAN_POINT('',(-238.199846578373,73.5,80.));
#18528=CARTESIAN_POINT('Origin',(-238.199846578373,78.5,80.));
#18529=CARTESIAN_POINT('',(-236.199846578373,73.5,80.));
#18530=CARTESIAN_POINT('',(-236.199846578373,73.5,80.));
#18531=CARTESIAN_POINT('Origin',(-236.199846578373,78.5,80.));
#18532=CARTESIAN_POINT('Origin',(-236.199846578373,73.0000012665987,83.5));
#18533=CARTESIAN_POINT('',(-236.199846578373,73.0000012665987,83.5));
#18534=CARTESIAN_POINT('',(-236.199846578373,73.0000012665987,76.4999997615814));
#18535=CARTESIAN_POINT('',(-236.199846578373,73.0000012665987,83.5));
#18536=CARTESIAN_POINT('',(-238.199846578373,73.0000012665987,83.5));
#18537=CARTESIAN_POINT('',(-236.199846578373,73.0000012665987,83.5));
#18538=CARTESIAN_POINT('',(-238.199846578373,73.0000012665987,76.4999997615814));
#18539=CARTESIAN_POINT('',(-238.199846578373,73.0000012665987,83.5));
#18540=CARTESIAN_POINT('',(-236.199846578373,73.0000012665987,76.4999997615814));
#18541=CARTESIAN_POINT('Origin',(-236.199846578373,77.5000012665987,83.5));
#18542=CARTESIAN_POINT('',(-236.199846578373,77.5000012665987,88.));
#18543=CARTESIAN_POINT('Origin',(-236.199846578373,77.5000012665987,83.5));
#18544=CARTESIAN_POINT('',(-238.199846578373,77.5000012665987,88.));
#18545=CARTESIAN_POINT('',(-236.199846578373,77.5000012665987,88.));
#18546=CARTESIAN_POINT('Origin',(-238.199846578373,77.5000012665987,83.5));
#18547=CARTESIAN_POINT('Origin',(-236.199846578373,85.0000012665987,88.));
#18548=CARTESIAN_POINT('',(-236.199846578373,85.0000012665987,88.));
#18549=CARTESIAN_POINT('',(-236.199846578373,85.0000012665987,88.));
#18550=CARTESIAN_POINT('',(-238.199846578373,85.0000012665987,88.));
#18551=CARTESIAN_POINT('',(-236.199846578373,85.0000012665987,88.));
#18552=CARTESIAN_POINT('',(-238.199846578373,85.0000012665987,88.));
#18553=CARTESIAN_POINT('Origin',(-236.199846578373,85.0000012665987,71.9999997615814));
#18554=CARTESIAN_POINT('',(-236.199846578373,85.0000012665987,71.9999997615814));
#18555=CARTESIAN_POINT('',(-236.199846578373,85.0000012665987,71.9999997615814));
#18556=CARTESIAN_POINT('',(-238.199846578373,85.0000012665987,71.9999997615814));
#18557=CARTESIAN_POINT('',(-236.199846578373,85.0000012665987,71.9999997615814));
#18558=CARTESIAN_POINT('',(-238.199846578373,85.0000012665987,71.9999997615814));
#18559=CARTESIAN_POINT('Origin',(-236.199846578373,77.5000012665987,71.9999997615814));
#18560=CARTESIAN_POINT('',(-236.199846578373,77.5000012665987,71.9999997615814));
#18561=CARTESIAN_POINT('',(-236.199846578373,77.5000012665987,71.9999997615814));
#18562=CARTESIAN_POINT('',(-238.199846578373,77.5000012665987,71.9999997615814));
#18563=CARTESIAN_POINT('',(-236.199846578373,77.5000012665987,71.9999997615814));
#18564=CARTESIAN_POINT('',(-238.199846578373,77.5000012665987,71.9999997615814));
#18565=CARTESIAN_POINT('Origin',(-236.199846578373,77.5000012665987,76.4999997615814));
#18566=CARTESIAN_POINT('Origin',(-236.199846578373,77.5000012665987,76.4999997615814));
#18567=CARTESIAN_POINT('Origin',(-238.199846578373,77.5000012665987,76.4999997615814));
#18568=CARTESIAN_POINT('Origin',(-238.199846578373,79.0000012665987,79.9999998807907));
#18569=CARTESIAN_POINT('Origin',(-236.199846578373,79.0000012665987,79.9999998807907));
#18570=CARTESIAN_POINT('Origin',(-236.199846578373,-78.5,80.));
#18571=CARTESIAN_POINT('',(-238.199846578373,-73.5,80.));
#18572=CARTESIAN_POINT('Origin',(-238.199846578373,-78.5,80.));
#18573=CARTESIAN_POINT('',(-236.199846578373,-73.5,80.));
#18574=CARTESIAN_POINT('',(-236.199846578373,-73.5,80.));
#18575=CARTESIAN_POINT('Origin',(-236.199846578373,-78.5,80.));
#18576=CARTESIAN_POINT('Origin',(-236.199846578373,-73.0000012665987,83.5));
#18577=CARTESIAN_POINT('',(-236.199846578373,-73.0000012665987,83.5));
#18578=CARTESIAN_POINT('',(-236.199846578373,-73.0000012665987,76.4999997615814));
#18579=CARTESIAN_POINT('',(-236.199846578373,-73.0000012665987,83.5));
#18580=CARTESIAN_POINT('',(-238.199846578373,-73.0000012665987,76.4999997615814));
#18581=CARTESIAN_POINT('',(-236.199846578373,-73.0000012665987,76.4999997615814));
#18582=CARTESIAN_POINT('',(-238.199846578373,-73.0000012665987,83.5));
#18583=CARTESIAN_POINT('',(-238.199846578373,-73.0000012665987,83.5));
#18584=CARTESIAN_POINT('',(-236.199846578373,-73.0000012665987,83.5));
#18585=CARTESIAN_POINT('Origin',(-236.199846578373,-77.5000012665987,83.5));
#18586=CARTESIAN_POINT('',(-236.199846578373,-77.5000012665987,88.));
#18587=CARTESIAN_POINT('Origin',(-236.199846578373,-77.5000012665987,83.5));
#18588=CARTESIAN_POINT('',(-238.199846578373,-77.5000012665987,88.));
#18589=CARTESIAN_POINT('Origin',(-238.199846578373,-77.5000012665987,83.5));
#18590=CARTESIAN_POINT('',(-236.199846578373,-77.5000012665987,88.));
#18591=CARTESIAN_POINT('Origin',(-236.199846578373,-85.0000012665987,88.));
#18592=CARTESIAN_POINT('',(-236.199846578373,-85.0000012665987,88.));
#18593=CARTESIAN_POINT('',(-236.199846578373,-85.0000012665987,88.));
#18594=CARTESIAN_POINT('',(-238.199846578373,-85.0000012665987,88.));
#18595=CARTESIAN_POINT('',(-238.199846578373,-85.0000012665987,88.));
#18596=CARTESIAN_POINT('',(-236.199846578373,-85.0000012665987,88.));
#18597=CARTESIAN_POINT('Origin',(-236.199846578373,-85.0000012665987,71.9999997615814));
#18598=CARTESIAN_POINT('',(-236.199846578373,-85.0000012665987,71.9999997615814));
#18599=CARTESIAN_POINT('',(-236.199846578373,-85.0000012665987,71.9999997615814));
#18600=CARTESIAN_POINT('',(-238.199846578373,-85.0000012665987,71.9999997615814));
#18601=CARTESIAN_POINT('',(-238.199846578373,-85.0000012665987,71.9999997615814));
#18602=CARTESIAN_POINT('',(-236.199846578373,-85.0000012665987,71.9999997615814));
#18603=CARTESIAN_POINT('Origin',(-236.199846578373,-77.5000012665987,71.9999997615814));
#18604=CARTESIAN_POINT('',(-236.199846578373,-77.5000012665987,71.9999997615814));
#18605=CARTESIAN_POINT('',(-236.199846578373,-77.5000012665987,71.9999997615814));
#18606=CARTESIAN_POINT('',(-238.199846578373,-77.5000012665987,71.9999997615814));
#18607=CARTESIAN_POINT('',(-238.199846578373,-77.5000012665987,71.9999997615814));
#18608=CARTESIAN_POINT('',(-236.199846578373,-77.5000012665987,71.9999997615814));
#18609=CARTESIAN_POINT('Origin',(-236.199846578373,-77.5000012665987,76.4999997615814));
#18610=CARTESIAN_POINT('Origin',(-236.199846578373,-77.5000012665987,76.4999997615814));
#18611=CARTESIAN_POINT('Origin',(-238.199846578373,-77.5000012665987,76.4999997615814));
#18612=CARTESIAN_POINT('Origin',(-238.199846578373,-79.0000012665987,79.9999998807907));
#18613=CARTESIAN_POINT('Origin',(-236.199846578373,-79.0000012665987,79.9999998807907));
#18614=CARTESIAN_POINT('',(-60.,-1.32671651442706E-13,90.));
#18615=CARTESIAN_POINT('',(-81.253360086445,-0.00336008651019098,90.));
#18616=CARTESIAN_POINT('',(57.8608092818926,0.360809281857911,90.));
#18617=CARTESIAN_POINT('',(-211.252148344952,-0.00214834503045214,90.));
#18618=CARTESIAN_POINT('',(0.,0.,0.));
#18619=CARTESIAN_POINT('',(0.,0.,0.));
#18620=CARTESIAN_POINT('Origin',(0.,0.,0.));
#18621=UNCERTAINTY_MEASURE_WITH_UNIT(LENGTH_MEASURE(0.01),#18639,
'DISTANCE_ACCURACY_VALUE',
'Maximum model space distance between geometric entities at asserted c
onnectivities');
#18622=UNCERTAINTY_MEASURE_WITH_UNIT(LENGTH_MEASURE(0.01),#18639,
'DISTANCE_ACCURACY_VALUE',
'Maximum model space distance between geometric entities at asserted c
onnectivities');
#18623=UNCERTAINTY_MEASURE_WITH_UNIT(LENGTH_MEASURE(0.01),#18639,
'DISTANCE_ACCURACY_VALUE',
'Maximum model space distance between geometric entities at asserted c
onnectivities');
#18624=UNCERTAINTY_MEASURE_WITH_UNIT(LENGTH_MEASURE(0.01),#18639,
'DISTANCE_ACCURACY_VALUE',
'Maximum model space distance between geometric entities at asserted c
onnectivities');
#18625=UNCERTAINTY_MEASURE_WITH_UNIT(LENGTH_MEASURE(0.01),#18639,
'DISTANCE_ACCURACY_VALUE',
'Maximum model space distance between geometric entities at asserted c
onnectivities');
#18626=UNCERTAINTY_MEASURE_WITH_UNIT(LENGTH_MEASURE(0.01),#18639,
'DISTANCE_ACCURACY_VALUE',
'Maximum model space distance between geometric entities at asserted c
onnectivities');
#18627=UNCERTAINTY_MEASURE_WITH_UNIT(LENGTH_MEASURE(0.01),#18639,
'DISTANCE_ACCURACY_VALUE',
'Maximum model space distance between geometric entities at asserted c
onnectivities');
#18628=UNCERTAINTY_MEASURE_WITH_UNIT(LENGTH_MEASURE(0.01),#18639,
'DISTANCE_ACCURACY_VALUE',
'Maximum model space distance between geometric entities at asserted c
onnectivities');
#18629=UNCERTAINTY_MEASURE_WITH_UNIT(LENGTH_MEASURE(0.01),#18639,
'DISTANCE_ACCURACY_VALUE',
'Maximum model space distance between geometric entities at asserted c
onnectivities');
#18630=(
GEOMETRIC_REPRESENTATION_CONTEXT(3)
GLOBAL_UNCERTAINTY_ASSIGNED_CONTEXT((#18621))
GLOBAL_UNIT_ASSIGNED_CONTEXT((#18639,#18641,#18642))
REPRESENTATION_CONTEXT('','3D')
);
#18631=(
GEOMETRIC_REPRESENTATION_CONTEXT(3)
GLOBAL_UNCERTAINTY_ASSIGNED_CONTEXT((#18622))
GLOBAL_UNIT_ASSIGNED_CONTEXT((#18639,#18641,#18642))
REPRESENTATION_CONTEXT('','3D')
);
#18632=(
GEOMETRIC_REPRESENTATION_CONTEXT(3)
GLOBAL_UNCERTAINTY_ASSIGNED_CONTEXT((#18623))
GLOBAL_UNIT_ASSIGNED_CONTEXT((#18639,#18641,#18642))
REPRESENTATION_CONTEXT('','3D')
);
#18633=(
GEOMETRIC_REPRESENTATION_CONTEXT(3)
GLOBAL_UNCERTAINTY_ASSIGNED_CONTEXT((#18624))
GLOBAL_UNIT_ASSIGNED_CONTEXT((#18639,#18641,#18642))
REPRESENTATION_CONTEXT('','3D')
);
#18634=(
GEOMETRIC_REPRESENTATION_CONTEXT(3)
GLOBAL_UNCERTAINTY_ASSIGNED_CONTEXT((#18625))
GLOBAL_UNIT_ASSIGNED_CONTEXT((#18639,#18641,#18642))
REPRESENTATION_CONTEXT('','3D')
);
#18635=(
GEOMETRIC_REPRESENTATION_CONTEXT(3)
GLOBAL_UNCERTAINTY_ASSIGNED_CONTEXT((#18626))
GLOBAL_UNIT_ASSIGNED_CONTEXT((#18639,#18641,#18642))
REPRESENTATION_CONTEXT('','3D')
);
#18636=(
GEOMETRIC_REPRESENTATION_CONTEXT(3)
GLOBAL_UNCERTAINTY_ASSIGNED_CONTEXT((#18627))
GLOBAL_UNIT_ASSIGNED_CONTEXT((#18639,#18641,#18642))
REPRESENTATION_CONTEXT('','3D')
);
#18637=(
GEOMETRIC_REPRESENTATION_CONTEXT(3)
GLOBAL_UNCERTAINTY_ASSIGNED_CONTEXT((#18628))
GLOBAL_UNIT_ASSIGNED_CONTEXT((#18639,#18641,#18642))
REPRESENTATION_CONTEXT('','3D')
);
#18638=(
GEOMETRIC_REPRESENTATION_CONTEXT(3)
GLOBAL_UNCERTAINTY_ASSIGNED_CONTEXT((#18629))
GLOBAL_UNIT_ASSIGNED_CONTEXT((#18639,#18641,#18642))
REPRESENTATION_CONTEXT('','3D')
);
#18639=(
LENGTH_UNIT()
NAMED_UNIT(*)
SI_UNIT(.MILLI.,.METRE.)
);
#18640=(
LENGTH_UNIT()
NAMED_UNIT(*)
SI_UNIT($,.METRE.)
);
#18641=(
NAMED_UNIT(*)
PLANE_ANGLE_UNIT()
SI_UNIT($,.RADIAN.)
);
#18642=(
NAMED_UNIT(*)
SI_UNIT($,.STERADIAN.)
SOLID_ANGLE_UNIT()
);
#18643=SHAPE_DEFINITION_REPRESENTATION(#18651,#18667);
#18644=SHAPE_DEFINITION_REPRESENTATION(#18652,#18668);
#18645=SHAPE_DEFINITION_REPRESENTATION(#18653,#18669);
#18646=SHAPE_DEFINITION_REPRESENTATION(#18654,#18670);
#18647=SHAPE_DEFINITION_REPRESENTATION(#18655,#18671);
#18648=SHAPE_DEFINITION_REPRESENTATION(#18656,#18672);
#18649=SHAPE_DEFINITION_REPRESENTATION(#18657,#18673);
#18650=SHAPE_DEFINITION_REPRESENTATION(#18660,#18674);
#18651=PRODUCT_DEFINITION_SHAPE('',$,#18676);
#18652=PRODUCT_DEFINITION_SHAPE('',$,#18677);
#18653=PRODUCT_DEFINITION_SHAPE('',$,#18678);
#18654=PRODUCT_DEFINITION_SHAPE('',$,#18679);
#18655=PRODUCT_DEFINITION_SHAPE('',$,#18680);
#18656=PRODUCT_DEFINITION_SHAPE('',$,#18681);
#18657=PRODUCT_DEFINITION_SHAPE('',$,#18682);
#18658=PRODUCT_DEFINITION_SHAPE($,$,#51);
#18659=PRODUCT_DEFINITION_SHAPE($,$,#52);
#18660=PRODUCT_DEFINITION_SHAPE('',$,#18683);
#18661=PRODUCT_DEFINITION_SHAPE($,$,#53);
#18662=PRODUCT_DEFINITION_SHAPE($,$,#54);
#18663=PRODUCT_DEFINITION_SHAPE($,$,#55);
#18664=PRODUCT_DEFINITION_SHAPE($,$,#56);
#18665=PRODUCT_DEFINITION_SHAPE($,$,#57);
#18666=PRODUCT_DEFINITION_SHAPE($,$,#58);
#18667=SHAPE_REPRESENTATION('',(#11176,#12129,#12130,#12131,#12132,#12133,
#12134),#18630);
#18668=SHAPE_REPRESENTATION('',(#11177),#18631);
#18669=SHAPE_REPRESENTATION('',(#11256),#18632);
#18670=SHAPE_REPRESENTATION('',(#11298),#18633);
#18671=SHAPE_REPRESENTATION('',(#11327,#11437,#11438),#18634);
#18672=SHAPE_REPRESENTATION('',(#11328),#18635);
#18673=SHAPE_REPRESENTATION('',(#11396),#18636);
#18674=SHAPE_REPRESENTATION('',(#11439),#18637);
#18675=PRODUCT_DEFINITION_CONTEXT('part definition',#18701,'design');
#18676=PRODUCT_DEFINITION('2026-07-31-18-48-22-042','assembly',#18684,#18675);
#18677=PRODUCT_DEFINITION('2026-06-29-18-25-40-189','LCD mount',#18685,
#18675);
#18678=PRODUCT_DEFINITION('2026-06-29-18-31-42-518',
'Condensor lens mount',#18686,#18675);
#18679=PRODUCT_DEFINITION('2026-06-29-17-39-57-834','LED mount',#18687,
#18675);
#18680=PRODUCT_DEFINITION('2026-06-30-17-54-35-923',
'Projector Lens mount',#18688,#18675);
#18681=PRODUCT_DEFINITION('2026-08-02-16-02-17-877','gYRO',#18689,#18675);
#18682=PRODUCT_DEFINITION('2026-08-02-16-06-35-428','Frame',#18690,#18675);
#18683=PRODUCT_DEFINITION('2026-07-15-18-16-33-200','housing',#18691,#18675);
#18684=PRODUCT_DEFINITION_FORMATION('',$,#18703);
#18685=PRODUCT_DEFINITION_FORMATION('',$,#18704);
#18686=PRODUCT_DEFINITION_FORMATION('',$,#18705);
#18687=PRODUCT_DEFINITION_FORMATION('',$,#18706);
#18688=PRODUCT_DEFINITION_FORMATION('',$,#18707);
#18689=PRODUCT_DEFINITION_FORMATION('',$,#18708);
#18690=PRODUCT_DEFINITION_FORMATION('',$,#18709);
#18691=PRODUCT_DEFINITION_FORMATION('',$,#18710);
#18692=PRODUCT_RELATED_PRODUCT_CATEGORY('assembly','assembly',(#18703));
#18693=PRODUCT_RELATED_PRODUCT_CATEGORY('LCD mount','LCD mount',(#18704));
#18694=PRODUCT_RELATED_PRODUCT_CATEGORY('Condensor lens mount',
'Condensor lens mount',(#18705));
#18695=PRODUCT_RELATED_PRODUCT_CATEGORY('LED mount','LED mount',(#18706));
#18696=PRODUCT_RELATED_PRODUCT_CATEGORY('Projector Lens mount',
'Projector Lens mount',(#18707));
#18697=PRODUCT_RELATED_PRODUCT_CATEGORY('gYRO','gYRO',(#18708));
#18698=PRODUCT_RELATED_PRODUCT_CATEGORY('Frame','Frame',(#18709));
#18699=PRODUCT_RELATED_PRODUCT_CATEGORY('housing','housing',(#18710));
#18700=APPLICATION_PROTOCOL_DEFINITION('international standard',
'automotive_design',2009,#18701);
#18701=APPLICATION_CONTEXT(
'Core Data for Automotive Mechanical Design Process');
#18702=PRODUCT_CONTEXT('part definition',#18701,'mechanical');
#18703=PRODUCT('2026-07-31-18-48-22-042','assembly',$,(#18702));
#18704=PRODUCT('2026-06-29-18-25-40-189','LCD mount',$,(#18702));
#18705=PRODUCT('2026-06-29-18-31-42-518','Condensor lens mount',$,(#18702));
#18706=PRODUCT('2026-06-29-17-39-57-834','LED mount',$,(#18702));
#18707=PRODUCT('2026-06-30-17-54-35-923','Projector Lens mount',$,(#18702));
#18708=PRODUCT('2026-08-02-16-02-17-877','gYRO',$,(#18702));
#18709=PRODUCT('2026-08-02-16-06-35-428','Frame',$,(#18702));
#18710=PRODUCT('2026-07-15-18-16-33-200','housing',$,(#18702));
#18711=PRESENTATION_STYLE_ASSIGNMENT((#18720));
#18712=PRESENTATION_STYLE_ASSIGNMENT((#18721));
#18713=PRESENTATION_STYLE_ASSIGNMENT((#18722));
#18714=PRESENTATION_STYLE_ASSIGNMENT((#18723));
#18715=PRESENTATION_STYLE_ASSIGNMENT((#18724));
#18716=PRESENTATION_STYLE_ASSIGNMENT((#18725));
#18717=PRESENTATION_STYLE_ASSIGNMENT((#18726));
#18718=PRESENTATION_STYLE_ASSIGNMENT((#18727));
#18719=PRESENTATION_STYLE_ASSIGNMENT((NULL_STYLE(.NULL.)));
#18720=SURFACE_STYLE_USAGE(.BOTH.,#18728);
#18721=SURFACE_STYLE_USAGE(.BOTH.,#18729);
#18722=SURFACE_STYLE_USAGE(.BOTH.,#18730);
#18723=SURFACE_STYLE_USAGE(.BOTH.,#18731);
#18724=SURFACE_STYLE_USAGE(.BOTH.,#18732);
#18725=SURFACE_STYLE_USAGE(.BOTH.,#18733);
#18726=SURFACE_STYLE_USAGE(.BOTH.,#18734);
#18727=SURFACE_STYLE_USAGE(.BOTH.,#18735);
#18728=SURFACE_SIDE_STYLE('',(#18736));
#18729=SURFACE_SIDE_STYLE('',(#18737));
#18730=SURFACE_SIDE_STYLE('',(#18738));
#18731=SURFACE_SIDE_STYLE('',(#18739));
#18732=SURFACE_SIDE_STYLE('',(#18740));
#18733=SURFACE_SIDE_STYLE('',(#18741));
#18734=SURFACE_SIDE_STYLE('',(#18742));
#18735=SURFACE_SIDE_STYLE('',(#18743));
#18736=SURFACE_STYLE_FILL_AREA(#18744);
#18737=SURFACE_STYLE_FILL_AREA(#18745);
#18738=SURFACE_STYLE_FILL_AREA(#18746);
#18739=SURFACE_STYLE_FILL_AREA(#18747);
#18740=SURFACE_STYLE_FILL_AREA(#18748);
#18741=SURFACE_STYLE_FILL_AREA(#18749);
#18742=SURFACE_STYLE_FILL_AREA(#18750);
#18743=SURFACE_STYLE_FILL_AREA(#18751);
#18744=FILL_AREA_STYLE('Steel - Satin',(#18752));
#18745=FILL_AREA_STYLE('Plastic - Matte (White)',(#18753));
#18746=FILL_AREA_STYLE('Aluminum - Brushed Linear',(#18754));
#18747=FILL_AREA_STYLE('Plastic - Translucent Matte (White)',(#18755));
#18748=FILL_AREA_STYLE('ABS (White)',(#18756));
#18749=FILL_AREA_STYLE('Polymide (Kapton)',(#18757));
#18750=FILL_AREA_STYLE('Plastic - Textured - Regular',(#18758));
#18751=FILL_AREA_STYLE('Acrylic (Clear)',(#18759));
#18752=FILL_AREA_STYLE_COLOUR('Steel - Satin',#18760);
#18753=FILL_AREA_STYLE_COLOUR('Plastic - Matte (White)',#18761);
#18754=FILL_AREA_STYLE_COLOUR('Aluminum - Brushed Linear',#18762);
#18755=FILL_AREA_STYLE_COLOUR('Plastic - Translucent Matte (White)',#18763);
#18756=FILL_AREA_STYLE_COLOUR('ABS (White)',#18764);
#18757=FILL_AREA_STYLE_COLOUR('Polymide (Kapton)',#18765);
#18758=FILL_AREA_STYLE_COLOUR('Plastic - Textured - Regular',#18766);
#18759=FILL_AREA_STYLE_COLOUR('Acrylic (Clear)',#18767);
#18760=COLOUR_RGB('Steel - Satin',0.627450980392157,0.627450980392157,0.627450980392157);
#18761=COLOUR_RGB('Plastic - Matte (White)',0.964705882352941,0.964705882352941,
0.952941176470588);
#18762=COLOUR_RGB('Aluminum - Brushed Linear',0.96078431372549,0.96078431372549,
0.964705882352941);
#18763=COLOUR_RGB('Plastic - Translucent Matte (White)',0.964705882352941,
0.964705882352941,0.952941176470588);
#18764=COLOUR_RGB('ABS (White)',0.964705882352941,0.964705882352941,0.952941176470588);
#18765=COLOUR_RGB('Polymide (Kapton)',0.784313725490196,0.556862745098039,
0.0274509803921569);
#18766=COLOUR_RGB('Plastic - Textured - Regular',0.0980392156862745,0.0980392156862745,
0.0980392156862745);
#18767=COLOUR_RGB('Acrylic (Clear)',0.964705882352941,0.964705882352941,
0.952941176470588);
ENDSEC;
END-ISO-10303-21;
