ISO-10303-21;
HEADER;
/* Generated by software containing ST-Developer
 * from STEP Tools, Inc. (www.steptools.com) 
 */

FILE_DESCRIPTION(
/* description */ (''),
/* implementation_level */ '2;1');

FILE_NAME(
/* name */ 'housing.step',
/* time_stamp */ '2026-09-03T18:12:13+02:00',
/* author */ (''),
/* organization */ (''),
/* preprocessor_version */ 'ST-DEVELOPER v20.1',
/* originating_system */ 'Autodesk Translation Framework v15.8.0.0',
/* authorisation */ '');

FILE_SCHEMA (('AUTOMOTIVE_DESIGN { 1 0 10303 214 3 1 1 }'));
ENDSEC;

DATA;
#10=MECHANICAL_DESIGN_GEOMETRIC_PRESENTATION_REPRESENTATION('',(#27,#28,
#29,#30,#31,#32,#33,#34,#35,#36,#37,#38,#39,#40,#41,#42,#43,#44,#45,#46,
#47),#13604);
#11=SHAPE_REPRESENTATION_RELATIONSHIP('SRR','None',#13611,#12);
#12=ADVANCED_BREP_SHAPE_REPRESENTATION('',(#48,#49,#50,#51,#52,#53,#54,
#55,#56,#57,#58,#59,#60,#61,#62,#63,#64,#65,#66,#67,#68),#13603);
#13=(
BOUNDED_CURVE()
B_SPLINE_CURVE(4,(#12494,#12495,#12496,#12497,#12498),.UNSPECIFIED.,.F.,
 .F.)
B_SPLINE_CURVE_WITH_KNOTS((5,5),(0.,1.),.UNSPECIFIED.)
CURVE()
GEOMETRIC_REPRESENTATION_ITEM()
RATIONAL_B_SPLINE_CURVE((1.,1.,1.,1.,1.))
REPRESENTATION_ITEM('')
);
#14=(
BOUNDED_CURVE()
B_SPLINE_CURVE(4,(#12500,#12501,#12502,#12503,#12504),.UNSPECIFIED.,.F.,
 .F.)
B_SPLINE_CURVE_WITH_KNOTS((5,5),(0.,1.),.UNSPECIFIED.)
CURVE()
GEOMETRIC_REPRESENTATION_ITEM()
RATIONAL_B_SPLINE_CURVE((1.,1.,1.,1.,1.))
REPRESENTATION_ITEM('')
);
#15=(
BOUNDED_CURVE()
B_SPLINE_CURVE(4,(#13339,#13340,#13341,#13342,#13343),.UNSPECIFIED.,.F.,
 .F.)
B_SPLINE_CURVE_WITH_KNOTS((5,5),(0.,1.),.UNSPECIFIED.)
CURVE()
GEOMETRIC_REPRESENTATION_ITEM()
RATIONAL_B_SPLINE_CURVE((1.,1.,1.,1.,1.))
REPRESENTATION_ITEM('')
);
#16=(
BOUNDED_CURVE()
B_SPLINE_CURVE(4,(#13346,#13347,#13348,#13349,#13350),.UNSPECIFIED.,.F.,
 .F.)
B_SPLINE_CURVE_WITH_KNOTS((5,5),(0.,1.),.UNSPECIFIED.)
CURVE()
GEOMETRIC_REPRESENTATION_ITEM()
RATIONAL_B_SPLINE_CURVE((1.,1.,1.,1.,1.))
REPRESENTATION_ITEM('')
);
#17=(
BOUNDED_SURFACE()
B_SPLINE_SURFACE(4,1,((#12483,#12484),(#12485,#12486),(#12487,#12488),(#12489,
#12490),(#12491,#12492)),.UNSPECIFIED.,.F.,.F.,.F.)
B_SPLINE_SURFACE_WITH_KNOTS((5,5),(2,2),(0.,1.),(0.,1.),.UNSPECIFIED.)
GEOMETRIC_REPRESENTATION_ITEM()
RATIONAL_B_SPLINE_SURFACE(((1.,1.),(1.,1.),(1.,1.),(1.,1.),(1.,1.)))
REPRESENTATION_ITEM('')
SURFACE()
);
#18=(
BOUNDED_SURFACE()
B_SPLINE_SURFACE(4,1,((#13328,#13329),(#13330,#13331),(#13332,#13333),(#13334,
#13335),(#13336,#13337)),.UNSPECIFIED.,.F.,.F.,.F.)
B_SPLINE_SURFACE_WITH_KNOTS((5,5),(2,2),(0.,1.),(0.,1.),.UNSPECIFIED.)
GEOMETRIC_REPRESENTATION_ITEM()
RATIONAL_B_SPLINE_SURFACE(((1.,1.),(1.,1.),(1.,1.),(1.,1.),(1.,1.)))
REPRESENTATION_ITEM('')
SURFACE()
);
#19=TOROIDAL_SURFACE('',#8346,5.99999999999939,0.999999999999395);
#20=TOROIDAL_SURFACE('',#8351,4.32873094205023,1.00000000000017);
#21=TOROIDAL_SURFACE('',#8361,5.99999999999939,0.999999999999395);
#22=TOROIDAL_SURFACE('',#8366,4.32873094205023,1.00000000000017);
#23=CONICAL_SURFACE('',#8339,4.95,0.785398163397459);
#24=CONICAL_SURFACE('',#8349,5.1643654710252,0.0615261668428168);
#25=CONICAL_SURFACE('',#8354,4.95,0.785398163397459);
#26=CONICAL_SURFACE('',#8364,5.1643654710252,0.0615261668428168);
#27=STYLED_ITEM('',(#13621),#48);
#28=STYLED_ITEM('',(#13622),#49);
#29=STYLED_ITEM('',(#13623),#50);
#30=STYLED_ITEM('',(#13621),#51);
#31=STYLED_ITEM('',(#13621),#52);
#32=STYLED_ITEM('',(#13622),#53);
#33=STYLED_ITEM('',(#13623),#54);
#34=STYLED_ITEM('',(#13624),#55);
#35=STYLED_ITEM('',(#13623),#56);
#36=STYLED_ITEM('',(#13622),#57);
#37=STYLED_ITEM('',(#13623),#58);
#38=STYLED_ITEM('',(#13621),#59);
#39=STYLED_ITEM('',(#13622),#60);
#40=STYLED_ITEM('',(#13623),#61);
#41=STYLED_ITEM('',(#13623),#62);
#42=STYLED_ITEM('',(#13622),#63);
#43=STYLED_ITEM('',(#13621),#64);
#44=STYLED_ITEM('',(#13620),#65);
#45=STYLED_ITEM('',(#13620),#66);
#46=STYLED_ITEM('',(#13620),#67);
#47=STYLED_ITEM('',(#13620),#68);
#48=MANIFOLD_SOLID_BREP('Main',#8188);
#49=MANIFOLD_SOLID_BREP('Spring Point ',#8189);
#50=MANIFOLD_SOLID_BREP('Mount',#8190);
#51=MANIFOLD_SOLID_BREP('Bottom',#8191);
#52=MANIFOLD_SOLID_BREP('Mount2',#8192);
#53=MANIFOLD_SOLID_BREP('Shaft',#8193);
#54=MANIFOLD_SOLID_BREP('Join',#8194);
#55=MANIFOLD_SOLID_BREP('Screen',#8195);
#56=MANIFOLD_SOLID_BREP('Arc',#8196);
#57=MANIFOLD_SOLID_BREP('Pawl',#8197);
#58=MANIFOLD_SOLID_BREP('Mount (1)',#8198);
#59=MANIFOLD_SOLID_BREP('Mount2 (1)',#8199);
#60=MANIFOLD_SOLID_BREP('Spring Point  (1)',#8200);
#61=MANIFOLD_SOLID_BREP('Join (1)',#8201);
#62=MANIFOLD_SOLID_BREP('Arc (1)',#8202);
#63=MANIFOLD_SOLID_BREP('Pawl (1)',#8203);
#64=MANIFOLD_SOLID_BREP('Main roof',#8204);
#65=MANIFOLD_SOLID_BREP('Body32',#8205);
#66=MANIFOLD_SOLID_BREP('Body33',#8206);
#67=MANIFOLD_SOLID_BREP('Body34',#8207);
#68=MANIFOLD_SOLID_BREP('Body35',#8208);
#69=CYLINDRICAL_SURFACE('',#8279,2.);
#70=CYLINDRICAL_SURFACE('',#8282,2.);
#71=CYLINDRICAL_SURFACE('',#8284,10.);
#72=CYLINDRICAL_SURFACE('',#8286,9.99999999999999);
#73=CYLINDRICAL_SURFACE('',#8288,9.99999999999999);
#74=CYLINDRICAL_SURFACE('',#8290,10.);
#75=CYLINDRICAL_SURFACE('',#8294,1.6);
#76=CYLINDRICAL_SURFACE('',#8299,5.);
#77=CYLINDRICAL_SURFACE('',#8302,5.99999999999998);
#78=CYLINDRICAL_SURFACE('',#8306,6.);
#79=CYLINDRICAL_SURFACE('',#8324,5.);
#80=CYLINDRICAL_SURFACE('',#8331,5.);
#81=CYLINDRICAL_SURFACE('',#8333,5.);
#82=CYLINDRICAL_SURFACE('',#8344,5.);
#83=CYLINDRICAL_SURFACE('',#8359,5.);
#84=CYLINDRICAL_SURFACE('',#8369,5.3287309420504);
#85=CYLINDRICAL_SURFACE('',#8370,1.49999999999999);
#86=CYLINDRICAL_SURFACE('',#8373,1.49999999999999);
#87=CYLINDRICAL_SURFACE('',#8376,1.49999999999999);
#88=CYLINDRICAL_SURFACE('',#8379,1.49999999999999);
#89=CYLINDRICAL_SURFACE('',#8382,1.49999999999999);
#90=CYLINDRICAL_SURFACE('',#8385,1.49999999999999);
#91=CYLINDRICAL_SURFACE('',#8388,1.49999999999999);
#92=CYLINDRICAL_SURFACE('',#8391,1.49999999999999);
#93=CYLINDRICAL_SURFACE('',#8394,1.49999999999999);
#94=CYLINDRICAL_SURFACE('',#8397,1.49999999999999);
#95=CYLINDRICAL_SURFACE('',#8412,401.149373939362);
#96=CYLINDRICAL_SURFACE('',#8417,401.149373939362);
#97=CYLINDRICAL_SURFACE('',#8422,401.149373939362);
#98=CYLINDRICAL_SURFACE('',#8427,401.149373939362);
#99=CYLINDRICAL_SURFACE('',#8432,401.149373939362);
#100=CYLINDRICAL_SURFACE('',#8437,401.149373939362);
#101=CYLINDRICAL_SURFACE('',#8442,401.149373939362);
#102=CYLINDRICAL_SURFACE('',#8447,401.149373939362);
#103=CYLINDRICAL_SURFACE('',#8452,401.149373939362);
#104=CYLINDRICAL_SURFACE('',#8457,401.149373939362);
#105=CYLINDRICAL_SURFACE('',#8462,401.149373939362);
#106=CYLINDRICAL_SURFACE('',#8467,401.149373939362);
#107=CYLINDRICAL_SURFACE('',#8472,401.149373939362);
#108=CYLINDRICAL_SURFACE('',#8477,401.149373939362);
#109=CYLINDRICAL_SURFACE('',#8482,401.149373939362);
#110=CYLINDRICAL_SURFACE('',#8487,401.149373939362);
#111=CYLINDRICAL_SURFACE('',#8492,401.149373939362);
#112=CYLINDRICAL_SURFACE('',#8497,401.149373939362);
#113=CYLINDRICAL_SURFACE('',#8502,401.149373939362);
#114=CYLINDRICAL_SURFACE('',#8507,401.149373939362);
#115=CYLINDRICAL_SURFACE('',#8512,401.149373939362);
#116=CYLINDRICAL_SURFACE('',#8517,401.149373939362);
#117=CYLINDRICAL_SURFACE('',#8522,401.149373939362);
#118=CYLINDRICAL_SURFACE('',#8527,401.149373939362);
#119=CYLINDRICAL_SURFACE('',#8532,401.149373939362);
#120=CYLINDRICAL_SURFACE('',#8537,401.149373939362);
#121=CYLINDRICAL_SURFACE('',#8542,401.149373939362);
#122=CYLINDRICAL_SURFACE('',#8547,401.149373939362);
#123=CYLINDRICAL_SURFACE('',#8552,401.149373939362);
#124=CYLINDRICAL_SURFACE('',#8557,401.149373939362);
#125=CYLINDRICAL_SURFACE('',#8562,20.4433101549548);
#126=CYLINDRICAL_SURFACE('',#8565,442.035994249271);
#127=CYLINDRICAL_SURFACE('',#8573,1.5);
#128=CYLINDRICAL_SURFACE('',#8577,1.6);
#129=CYLINDRICAL_SURFACE('',#8581,1.59999999999998);
#130=CYLINDRICAL_SURFACE('',#8584,401.149373939362);
#131=CYLINDRICAL_SURFACE('',#8589,0.999999999999896);
#132=CYLINDRICAL_SURFACE('',#8596,5.);
#133=CYLINDRICAL_SURFACE('',#8599,5.99999999999998);
#134=CYLINDRICAL_SURFACE('',#8603,6.);
#135=CYLINDRICAL_SURFACE('',#8611,5.);
#136=CYLINDRICAL_SURFACE('',#8618,5.);
#137=CYLINDRICAL_SURFACE('',#8620,5.);
#138=CYLINDRICAL_SURFACE('',#8626,1.6);
#139=CYLINDRICAL_SURFACE('',#8631,1.49999999999999);
#140=CYLINDRICAL_SURFACE('',#8634,1.49999999999999);
#141=CYLINDRICAL_SURFACE('',#8637,1.49999999999999);
#142=CYLINDRICAL_SURFACE('',#8640,1.49999999999999);
#143=CYLINDRICAL_SURFACE('',#8643,1.49999999999999);
#144=CYLINDRICAL_SURFACE('',#8646,1.49999999999999);
#145=CYLINDRICAL_SURFACE('',#8649,1.49999999999999);
#146=CYLINDRICAL_SURFACE('',#8652,1.49999999999999);
#147=CYLINDRICAL_SURFACE('',#8655,1.49999999999999);
#148=CYLINDRICAL_SURFACE('',#8658,1.49999999999999);
#149=CYLINDRICAL_SURFACE('',#8667,401.149373939362);
#150=CYLINDRICAL_SURFACE('',#8672,401.149373939362);
#151=CYLINDRICAL_SURFACE('',#8677,401.149373939362);
#152=CYLINDRICAL_SURFACE('',#8682,401.149373939362);
#153=CYLINDRICAL_SURFACE('',#8687,401.149373939362);
#154=CYLINDRICAL_SURFACE('',#8692,401.149373939362);
#155=CYLINDRICAL_SURFACE('',#8697,401.149373939362);
#156=CYLINDRICAL_SURFACE('',#8702,401.149373939362);
#157=CYLINDRICAL_SURFACE('',#8707,401.149373939362);
#158=CYLINDRICAL_SURFACE('',#8712,401.149373939362);
#159=CYLINDRICAL_SURFACE('',#8717,401.149373939362);
#160=CYLINDRICAL_SURFACE('',#8722,401.149373939362);
#161=CYLINDRICAL_SURFACE('',#8727,401.149373939362);
#162=CYLINDRICAL_SURFACE('',#8732,401.149373939362);
#163=CYLINDRICAL_SURFACE('',#8737,401.149373939362);
#164=CYLINDRICAL_SURFACE('',#8742,401.149373939362);
#165=CYLINDRICAL_SURFACE('',#8747,401.149373939362);
#166=CYLINDRICAL_SURFACE('',#8752,401.149373939362);
#167=CYLINDRICAL_SURFACE('',#8757,401.149373939362);
#168=CYLINDRICAL_SURFACE('',#8762,401.149373939362);
#169=CYLINDRICAL_SURFACE('',#8767,401.149373939362);
#170=CYLINDRICAL_SURFACE('',#8772,401.149373939362);
#171=CYLINDRICAL_SURFACE('',#8777,401.149373939362);
#172=CYLINDRICAL_SURFACE('',#8782,401.149373939362);
#173=CYLINDRICAL_SURFACE('',#8787,401.149373939362);
#174=CYLINDRICAL_SURFACE('',#8792,401.149373939362);
#175=CYLINDRICAL_SURFACE('',#8797,401.149373939362);
#176=CYLINDRICAL_SURFACE('',#8802,401.149373939362);
#177=CYLINDRICAL_SURFACE('',#8807,401.149373939362);
#178=CYLINDRICAL_SURFACE('',#8812,401.149373939362);
#179=CYLINDRICAL_SURFACE('',#8817,20.4433101549548);
#180=CYLINDRICAL_SURFACE('',#8820,442.035994249271);
#181=CYLINDRICAL_SURFACE('',#8828,1.5);
#182=CYLINDRICAL_SURFACE('',#8832,1.6);
#183=CYLINDRICAL_SURFACE('',#8836,1.59999999999998);
#184=CYLINDRICAL_SURFACE('',#8839,401.149373939362);
#185=CYLINDRICAL_SURFACE('',#8844,0.999999999999896);
#186=CYLINDRICAL_SURFACE('',#8860,10.);
#187=CYLINDRICAL_SURFACE('',#8862,10.);
#188=CYLINDRICAL_SURFACE('',#8866,5.);
#189=CYLINDRICAL_SURFACE('',#8870,4.50000000000001);
#190=CYLINDRICAL_SURFACE('',#8876,4.49999999999998);
#191=CYLINDRICAL_SURFACE('',#8881,5.);
#192=CYLINDRICAL_SURFACE('',#8885,4.50000000000001);
#193=CYLINDRICAL_SURFACE('',#8891,4.49999999999998);
#194=CYLINDRICAL_SURFACE('',#8896,5.);
#195=CYLINDRICAL_SURFACE('',#8900,4.50000000000001);
#196=CYLINDRICAL_SURFACE('',#8906,4.49999999999998);
#197=CYLINDRICAL_SURFACE('',#8911,5.);
#198=CYLINDRICAL_SURFACE('',#8915,4.50000000000001);
#199=CYLINDRICAL_SURFACE('',#8921,4.49999999999998);
#200=CIRCLE('',#8261,9.99999999999999);
#201=CIRCLE('',#8262,10.);
#202=CIRCLE('',#8263,10.);
#203=CIRCLE('',#8264,9.99999999999999);
#204=CIRCLE('',#8273,2.);
#205=CIRCLE('',#8274,2.);
#206=CIRCLE('',#8275,9.99999999999999);
#207=CIRCLE('',#8276,10.);
#208=CIRCLE('',#8277,10.);
#209=CIRCLE('',#8278,9.99999999999999);
#210=CIRCLE('',#8280,2.);
#211=CIRCLE('',#8283,2.);
#212=CIRCLE('',#8295,1.6);
#213=CIRCLE('',#8296,1.6);
#214=CIRCLE('',#8300,5.);
#215=CIRCLE('',#8301,5.);
#216=CIRCLE('',#8303,5.99999999999998);
#217=CIRCLE('',#8304,5.99999999999998);
#218=CIRCLE('',#8307,6.);
#219=CIRCLE('',#8308,6.);
#220=CIRCLE('',#8325,5.);
#221=CIRCLE('',#8326,5.);
#222=CIRCLE('',#8328,5.);
#223=CIRCLE('',#8329,5.);
#224=CIRCLE('',#8332,5.);
#225=CIRCLE('',#8334,5.);
#226=CIRCLE('',#8340,5.);
#227=CIRCLE('',#8341,4.9);
#228=CIRCLE('',#8342,5.);
#229=CIRCLE('',#8345,5.);
#230=CIRCLE('',#8347,0.999999999999395);
#231=CIRCLE('',#8348,5.00189213760447);
#232=CIRCLE('',#8350,5.32683880444593);
#233=CIRCLE('',#8352,5.3287309420504);
#234=CIRCLE('',#8353,1.00000000000017);
#235=CIRCLE('',#8355,5.);
#236=CIRCLE('',#8356,5.);
#237=CIRCLE('',#8357,4.9);
#238=CIRCLE('',#8360,5.);
#239=CIRCLE('',#8362,0.999999999999395);
#240=CIRCLE('',#8363,5.00189213760447);
#241=CIRCLE('',#8365,5.32683880444593);
#242=CIRCLE('',#8367,5.3287309420504);
#243=CIRCLE('',#8368,1.00000000000017);
#244=CIRCLE('',#8371,1.49999999999999);
#245=CIRCLE('',#8372,1.49999999999999);
#246=CIRCLE('',#8374,1.49999999999999);
#247=CIRCLE('',#8375,1.49999999999999);
#248=CIRCLE('',#8377,1.49999999999999);
#249=CIRCLE('',#8378,1.49999999999999);
#250=CIRCLE('',#8380,1.49999999999999);
#251=CIRCLE('',#8381,1.49999999999999);
#252=CIRCLE('',#8383,1.49999999999999);
#253=CIRCLE('',#8384,1.49999999999999);
#254=CIRCLE('',#8386,1.49999999999999);
#255=CIRCLE('',#8387,1.49999999999999);
#256=CIRCLE('',#8389,1.49999999999999);
#257=CIRCLE('',#8390,1.49999999999999);
#258=CIRCLE('',#8392,1.49999999999999);
#259=CIRCLE('',#8393,1.49999999999999);
#260=CIRCLE('',#8395,1.49999999999999);
#261=CIRCLE('',#8396,1.49999999999999);
#262=CIRCLE('',#8398,1.49999999999999);
#263=CIRCLE('',#8399,1.49999999999999);
#264=CIRCLE('',#8413,401.149373939362);
#265=CIRCLE('',#8414,401.149373939362);
#266=CIRCLE('',#8418,401.149373939362);
#267=CIRCLE('',#8419,401.149373939362);
#268=CIRCLE('',#8423,401.149373939362);
#269=CIRCLE('',#8424,401.149373939362);
#270=CIRCLE('',#8428,401.149373939362);
#271=CIRCLE('',#8429,401.149373939362);
#272=CIRCLE('',#8433,401.149373939362);
#273=CIRCLE('',#8434,401.149373939362);
#274=CIRCLE('',#8438,401.149373939362);
#275=CIRCLE('',#8439,401.149373939362);
#276=CIRCLE('',#8443,401.149373939362);
#277=CIRCLE('',#8444,401.149373939362);
#278=CIRCLE('',#8448,401.149373939362);
#279=CIRCLE('',#8449,401.149373939362);
#280=CIRCLE('',#8453,401.149373939362);
#281=CIRCLE('',#8454,401.149373939362);
#282=CIRCLE('',#8458,401.149373939362);
#283=CIRCLE('',#8459,401.149373939362);
#284=CIRCLE('',#8463,401.149373939362);
#285=CIRCLE('',#8464,401.149373939362);
#286=CIRCLE('',#8468,401.149373939362);
#287=CIRCLE('',#8469,401.149373939362);
#288=CIRCLE('',#8473,401.149373939362);
#289=CIRCLE('',#8474,401.149373939362);
#290=CIRCLE('',#8478,401.149373939362);
#291=CIRCLE('',#8479,401.149373939362);
#292=CIRCLE('',#8483,401.149373939362);
#293=CIRCLE('',#8484,401.149373939362);
#294=CIRCLE('',#8488,401.149373939362);
#295=CIRCLE('',#8489,401.149373939362);
#296=CIRCLE('',#8493,401.149373939362);
#297=CIRCLE('',#8494,401.149373939362);
#298=CIRCLE('',#8498,401.149373939362);
#299=CIRCLE('',#8499,401.149373939362);
#300=CIRCLE('',#8503,401.149373939362);
#301=CIRCLE('',#8504,401.149373939362);
#302=CIRCLE('',#8508,401.149373939362);
#303=CIRCLE('',#8509,401.149373939362);
#304=CIRCLE('',#8513,401.149373939362);
#305=CIRCLE('',#8514,401.149373939362);
#306=CIRCLE('',#8518,401.149373939362);
#307=CIRCLE('',#8519,401.149373939362);
#308=CIRCLE('',#8523,401.149373939362);
#309=CIRCLE('',#8524,401.149373939362);
#310=CIRCLE('',#8528,401.149373939362);
#311=CIRCLE('',#8529,401.149373939362);
#312=CIRCLE('',#8533,401.149373939362);
#313=CIRCLE('',#8534,401.149373939362);
#314=CIRCLE('',#8538,401.149373939362);
#315=CIRCLE('',#8539,401.149373939362);
#316=CIRCLE('',#8543,401.149373939362);
#317=CIRCLE('',#8544,401.149373939362);
#318=CIRCLE('',#8548,401.149373939362);
#319=CIRCLE('',#8549,401.149373939362);
#320=CIRCLE('',#8553,401.149373939362);
#321=CIRCLE('',#8554,401.149373939362);
#322=CIRCLE('',#8558,401.149373939362);
#323=CIRCLE('',#8559,401.149373939362);
#324=CIRCLE('',#8563,20.4433101549548);
#325=CIRCLE('',#8564,20.4433101549548);
#326=CIRCLE('',#8566,442.035994249271);
#327=CIRCLE('',#8567,442.035994249271);
#328=CIRCLE('',#8574,1.5);
#329=CIRCLE('',#8575,1.5);
#330=CIRCLE('',#8578,1.6);
#331=CIRCLE('',#8579,1.6);
#332=CIRCLE('',#8582,1.59999999999998);
#333=CIRCLE('',#8583,1.59999999999998);
#334=CIRCLE('',#8585,401.149373939362);
#335=CIRCLE('',#8586,401.149373939362);
#336=CIRCLE('',#8590,0.999999999999896);
#337=CIRCLE('',#8591,0.999999999999896);
#338=CIRCLE('',#8597,5.);
#339=CIRCLE('',#8598,5.);
#340=CIRCLE('',#8600,5.99999999999998);
#341=CIRCLE('',#8601,5.99999999999998);
#342=CIRCLE('',#8604,6.);
#343=CIRCLE('',#8605,6.);
#344=CIRCLE('',#8612,5.);
#345=CIRCLE('',#8613,5.);
#346=CIRCLE('',#8615,5.);
#347=CIRCLE('',#8616,5.);
#348=CIRCLE('',#8619,5.);
#349=CIRCLE('',#8621,5.);
#350=CIRCLE('',#8627,1.6);
#351=CIRCLE('',#8628,1.6);
#352=CIRCLE('',#8632,1.49999999999999);
#353=CIRCLE('',#8633,1.49999999999999);
#354=CIRCLE('',#8635,1.49999999999999);
#355=CIRCLE('',#8636,1.49999999999999);
#356=CIRCLE('',#8638,1.49999999999999);
#357=CIRCLE('',#8639,1.49999999999999);
#358=CIRCLE('',#8641,1.49999999999999);
#359=CIRCLE('',#8642,1.49999999999999);
#360=CIRCLE('',#8644,1.49999999999999);
#361=CIRCLE('',#8645,1.49999999999999);
#362=CIRCLE('',#8647,1.49999999999999);
#363=CIRCLE('',#8648,1.49999999999999);
#364=CIRCLE('',#8650,1.49999999999999);
#365=CIRCLE('',#8651,1.49999999999999);
#366=CIRCLE('',#8653,1.49999999999999);
#367=CIRCLE('',#8654,1.49999999999999);
#368=CIRCLE('',#8656,1.49999999999999);
#369=CIRCLE('',#8657,1.49999999999999);
#370=CIRCLE('',#8659,1.49999999999999);
#371=CIRCLE('',#8660,1.49999999999999);
#372=CIRCLE('',#8668,401.149373939362);
#373=CIRCLE('',#8669,401.149373939362);
#374=CIRCLE('',#8673,401.149373939362);
#375=CIRCLE('',#8674,401.149373939362);
#376=CIRCLE('',#8678,401.149373939362);
#377=CIRCLE('',#8679,401.149373939362);
#378=CIRCLE('',#8683,401.149373939362);
#379=CIRCLE('',#8684,401.149373939362);
#380=CIRCLE('',#8688,401.149373939362);
#381=CIRCLE('',#8689,401.149373939362);
#382=CIRCLE('',#8693,401.149373939362);
#383=CIRCLE('',#8694,401.149373939362);
#384=CIRCLE('',#8698,401.149373939362);
#385=CIRCLE('',#8699,401.149373939362);
#386=CIRCLE('',#8703,401.149373939362);
#387=CIRCLE('',#8704,401.149373939362);
#388=CIRCLE('',#8708,401.149373939362);
#389=CIRCLE('',#8709,401.149373939362);
#390=CIRCLE('',#8713,401.149373939362);
#391=CIRCLE('',#8714,401.149373939362);
#392=CIRCLE('',#8718,401.149373939362);
#393=CIRCLE('',#8719,401.149373939362);
#394=CIRCLE('',#8723,401.149373939362);
#395=CIRCLE('',#8724,401.149373939362);
#396=CIRCLE('',#8728,401.149373939362);
#397=CIRCLE('',#8729,401.149373939362);
#398=CIRCLE('',#8733,401.149373939362);
#399=CIRCLE('',#8734,401.149373939362);
#400=CIRCLE('',#8738,401.149373939362);
#401=CIRCLE('',#8739,401.149373939362);
#402=CIRCLE('',#8743,401.149373939362);
#403=CIRCLE('',#8744,401.149373939362);
#404=CIRCLE('',#8748,401.149373939362);
#405=CIRCLE('',#8749,401.149373939362);
#406=CIRCLE('',#8753,401.149373939362);
#407=CIRCLE('',#8754,401.149373939362);
#408=CIRCLE('',#8758,401.149373939362);
#409=CIRCLE('',#8759,401.149373939362);
#410=CIRCLE('',#8763,401.149373939362);
#411=CIRCLE('',#8764,401.149373939362);
#412=CIRCLE('',#8768,401.149373939362);
#413=CIRCLE('',#8769,401.149373939362);
#414=CIRCLE('',#8773,401.149373939362);
#415=CIRCLE('',#8774,401.149373939362);
#416=CIRCLE('',#8778,401.149373939362);
#417=CIRCLE('',#8779,401.149373939362);
#418=CIRCLE('',#8783,401.149373939362);
#419=CIRCLE('',#8784,401.149373939362);
#420=CIRCLE('',#8788,401.149373939362);
#421=CIRCLE('',#8789,401.149373939362);
#422=CIRCLE('',#8793,401.149373939362);
#423=CIRCLE('',#8794,401.149373939362);
#424=CIRCLE('',#8798,401.149373939362);
#425=CIRCLE('',#8799,401.149373939362);
#426=CIRCLE('',#8803,401.149373939362);
#427=CIRCLE('',#8804,401.149373939362);
#428=CIRCLE('',#8808,401.149373939362);
#429=CIRCLE('',#8809,401.149373939362);
#430=CIRCLE('',#8813,401.149373939362);
#431=CIRCLE('',#8814,401.149373939362);
#432=CIRCLE('',#8818,20.4433101549548);
#433=CIRCLE('',#8819,20.4433101549548);
#434=CIRCLE('',#8821,442.035994249271);
#435=CIRCLE('',#8822,442.035994249271);
#436=CIRCLE('',#8829,1.5);
#437=CIRCLE('',#8830,1.5);
#438=CIRCLE('',#8833,1.6);
#439=CIRCLE('',#8834,1.6);
#440=CIRCLE('',#8837,1.59999999999998);
#441=CIRCLE('',#8838,1.59999999999998);
#442=CIRCLE('',#8840,401.149373939362);
#443=CIRCLE('',#8841,401.149373939362);
#444=CIRCLE('',#8845,0.999999999999896);
#445=CIRCLE('',#8846,0.999999999999896);
#446=CIRCLE('',#8853,10.);
#447=CIRCLE('',#8854,10.);
#448=CIRCLE('',#8858,10.);
#449=CIRCLE('',#8859,10.);
#450=CIRCLE('',#8867,5.);
#451=CIRCLE('',#8868,5.);
#452=CIRCLE('',#8871,4.50000000000001);
#453=CIRCLE('',#8872,4.50000000000001);
#454=CIRCLE('',#8877,4.49999999999998);
#455=CIRCLE('',#8878,4.49999999999998);
#456=CIRCLE('',#8882,5.);
#457=CIRCLE('',#8883,5.);
#458=CIRCLE('',#8886,4.50000000000001);
#459=CIRCLE('',#8887,4.50000000000001);
#460=CIRCLE('',#8892,4.49999999999998);
#461=CIRCLE('',#8893,4.49999999999998);
#462=CIRCLE('',#8897,5.);
#463=CIRCLE('',#8898,5.);
#464=CIRCLE('',#8901,4.50000000000001);
#465=CIRCLE('',#8902,4.50000000000001);
#466=CIRCLE('',#8907,4.49999999999998);
#467=CIRCLE('',#8908,4.49999999999998);
#468=CIRCLE('',#8912,5.);
#469=CIRCLE('',#8913,5.);
#470=CIRCLE('',#8916,4.50000000000001);
#471=CIRCLE('',#8917,4.50000000000001);
#472=CIRCLE('',#8922,4.49999999999998);
#473=CIRCLE('',#8923,4.49999999999998);
#474=FACE_BOUND('',#983,.T.);
#475=FACE_BOUND('',#1017,.T.);
#476=FACE_BOUND('',#1026,.T.);
#477=FACE_BOUND('',#1040,.T.);
#478=FACE_BOUND('',#1052,.T.);
#479=FACE_BOUND('',#1054,.T.);
#480=FACE_BOUND('',#1064,.T.);
#481=FACE_BOUND('',#1066,.T.);
#482=FACE_BOUND('',#1069,.T.);
#483=FACE_BOUND('',#1075,.T.);
#484=FACE_BOUND('',#1106,.T.);
#485=FACE_BOUND('',#1107,.T.);
#486=FACE_BOUND('',#1108,.T.);
#487=FACE_BOUND('',#1109,.T.);
#488=FACE_BOUND('',#1110,.T.);
#489=FACE_BOUND('',#1111,.T.);
#490=FACE_BOUND('',#1112,.T.);
#491=FACE_BOUND('',#1113,.T.);
#492=FACE_BOUND('',#1114,.T.);
#493=FACE_BOUND('',#1115,.T.);
#494=FACE_BOUND('',#1117,.T.);
#495=FACE_BOUND('',#1118,.T.);
#496=FACE_BOUND('',#1119,.T.);
#497=FACE_BOUND('',#1120,.T.);
#498=FACE_BOUND('',#1121,.T.);
#499=FACE_BOUND('',#1122,.T.);
#500=FACE_BOUND('',#1123,.T.);
#501=FACE_BOUND('',#1124,.T.);
#502=FACE_BOUND('',#1125,.T.);
#503=FACE_BOUND('',#1126,.T.);
#504=FACE_BOUND('',#1243,.T.);
#505=FACE_BOUND('',#1244,.T.);
#506=FACE_BOUND('',#1246,.T.);
#507=FACE_BOUND('',#1247,.T.);
#508=FACE_BOUND('',#1256,.T.);
#509=FACE_BOUND('',#1258,.T.);
#510=FACE_BOUND('',#1261,.T.);
#511=FACE_BOUND('',#1267,.T.);
#512=FACE_BOUND('',#1288,.T.);
#513=FACE_BOUND('',#1289,.T.);
#514=FACE_BOUND('',#1290,.T.);
#515=FACE_BOUND('',#1291,.T.);
#516=FACE_BOUND('',#1292,.T.);
#517=FACE_BOUND('',#1293,.T.);
#518=FACE_BOUND('',#1294,.T.);
#519=FACE_BOUND('',#1295,.T.);
#520=FACE_BOUND('',#1296,.T.);
#521=FACE_BOUND('',#1297,.T.);
#522=FACE_BOUND('',#1299,.T.);
#523=FACE_BOUND('',#1300,.T.);
#524=FACE_BOUND('',#1301,.T.);
#525=FACE_BOUND('',#1302,.T.);
#526=FACE_BOUND('',#1303,.T.);
#527=FACE_BOUND('',#1304,.T.);
#528=FACE_BOUND('',#1305,.T.);
#529=FACE_BOUND('',#1306,.T.);
#530=FACE_BOUND('',#1307,.T.);
#531=FACE_BOUND('',#1308,.T.);
#532=FACE_BOUND('',#1419,.T.);
#533=FACE_BOUND('',#1420,.T.);
#534=FACE_BOUND('',#1422,.T.);
#535=FACE_BOUND('',#1423,.T.);
#536=FACE_BOUND('',#1425,.T.);
#537=FACE_BOUND('',#1444,.T.);
#538=FACE_BOUND('',#1446,.T.);
#539=FACE_BOUND('',#1455,.T.);
#540=FACE_BOUND('',#1457,.T.);
#541=FACE_BOUND('',#1466,.T.);
#542=FACE_BOUND('',#1468,.T.);
#543=FACE_BOUND('',#1477,.T.);
#544=FACE_BOUND('',#1479,.T.);
#545=FACE_OUTER_BOUND('',#977,.T.);
#546=FACE_OUTER_BOUND('',#978,.T.);
#547=FACE_OUTER_BOUND('',#979,.T.);
#548=FACE_OUTER_BOUND('',#980,.T.);
#549=FACE_OUTER_BOUND('',#981,.T.);
#550=FACE_OUTER_BOUND('',#982,.T.);
#551=FACE_OUTER_BOUND('',#984,.T.);
#552=FACE_OUTER_BOUND('',#985,.T.);
#553=FACE_OUTER_BOUND('',#986,.T.);
#554=FACE_OUTER_BOUND('',#987,.T.);
#555=FACE_OUTER_BOUND('',#988,.T.);
#556=FACE_OUTER_BOUND('',#989,.T.);
#557=FACE_OUTER_BOUND('',#990,.T.);
#558=FACE_OUTER_BOUND('',#991,.T.);
#559=FACE_OUTER_BOUND('',#992,.T.);
#560=FACE_OUTER_BOUND('',#993,.T.);
#561=FACE_OUTER_BOUND('',#994,.T.);
#562=FACE_OUTER_BOUND('',#995,.T.);
#563=FACE_OUTER_BOUND('',#996,.T.);
#564=FACE_OUTER_BOUND('',#997,.T.);
#565=FACE_OUTER_BOUND('',#998,.T.);
#566=FACE_OUTER_BOUND('',#999,.T.);
#567=FACE_OUTER_BOUND('',#1000,.T.);
#568=FACE_OUTER_BOUND('',#1001,.T.);
#569=FACE_OUTER_BOUND('',#1002,.T.);
#570=FACE_OUTER_BOUND('',#1003,.T.);
#571=FACE_OUTER_BOUND('',#1004,.T.);
#572=FACE_OUTER_BOUND('',#1005,.T.);
#573=FACE_OUTER_BOUND('',#1006,.T.);
#574=FACE_OUTER_BOUND('',#1007,.T.);
#575=FACE_OUTER_BOUND('',#1008,.T.);
#576=FACE_OUTER_BOUND('',#1009,.T.);
#577=FACE_OUTER_BOUND('',#1010,.T.);
#578=FACE_OUTER_BOUND('',#1011,.T.);
#579=FACE_OUTER_BOUND('',#1012,.T.);
#580=FACE_OUTER_BOUND('',#1013,.T.);
#581=FACE_OUTER_BOUND('',#1014,.T.);
#582=FACE_OUTER_BOUND('',#1015,.T.);
#583=FACE_OUTER_BOUND('',#1016,.T.);
#584=FACE_OUTER_BOUND('',#1018,.T.);
#585=FACE_OUTER_BOUND('',#1019,.T.);
#586=FACE_OUTER_BOUND('',#1020,.T.);
#587=FACE_OUTER_BOUND('',#1021,.T.);
#588=FACE_OUTER_BOUND('',#1022,.T.);
#589=FACE_OUTER_BOUND('',#1023,.T.);
#590=FACE_OUTER_BOUND('',#1024,.T.);
#591=FACE_OUTER_BOUND('',#1025,.T.);
#592=FACE_OUTER_BOUND('',#1027,.T.);
#593=FACE_OUTER_BOUND('',#1028,.T.);
#594=FACE_OUTER_BOUND('',#1029,.T.);
#595=FACE_OUTER_BOUND('',#1030,.T.);
#596=FACE_OUTER_BOUND('',#1031,.T.);
#597=FACE_OUTER_BOUND('',#1032,.T.);
#598=FACE_OUTER_BOUND('',#1033,.T.);
#599=FACE_OUTER_BOUND('',#1034,.T.);
#600=FACE_OUTER_BOUND('',#1035,.T.);
#601=FACE_OUTER_BOUND('',#1036,.T.);
#602=FACE_OUTER_BOUND('',#1037,.T.);
#603=FACE_OUTER_BOUND('',#1038,.T.);
#604=FACE_OUTER_BOUND('',#1039,.T.);
#605=FACE_OUTER_BOUND('',#1041,.T.);
#606=FACE_OUTER_BOUND('',#1042,.T.);
#607=FACE_OUTER_BOUND('',#1043,.T.);
#608=FACE_OUTER_BOUND('',#1044,.T.);
#609=FACE_OUTER_BOUND('',#1045,.T.);
#610=FACE_OUTER_BOUND('',#1046,.T.);
#611=FACE_OUTER_BOUND('',#1047,.T.);
#612=FACE_OUTER_BOUND('',#1048,.T.);
#613=FACE_OUTER_BOUND('',#1049,.T.);
#614=FACE_OUTER_BOUND('',#1050,.T.);
#615=FACE_OUTER_BOUND('',#1051,.T.);
#616=FACE_OUTER_BOUND('',#1053,.T.);
#617=FACE_OUTER_BOUND('',#1055,.T.);
#618=FACE_OUTER_BOUND('',#1056,.T.);
#619=FACE_OUTER_BOUND('',#1057,.T.);
#620=FACE_OUTER_BOUND('',#1058,.T.);
#621=FACE_OUTER_BOUND('',#1059,.T.);
#622=FACE_OUTER_BOUND('',#1060,.T.);
#623=FACE_OUTER_BOUND('',#1061,.T.);
#624=FACE_OUTER_BOUND('',#1062,.T.);
#625=FACE_OUTER_BOUND('',#1063,.T.);
#626=FACE_OUTER_BOUND('',#1065,.T.);
#627=FACE_OUTER_BOUND('',#1067,.T.);
#628=FACE_OUTER_BOUND('',#1068,.T.);
#629=FACE_OUTER_BOUND('',#1070,.T.);
#630=FACE_OUTER_BOUND('',#1071,.T.);
#631=FACE_OUTER_BOUND('',#1072,.T.);
#632=FACE_OUTER_BOUND('',#1073,.T.);
#633=FACE_OUTER_BOUND('',#1074,.T.);
#634=FACE_OUTER_BOUND('',#1076,.T.);
#635=FACE_OUTER_BOUND('',#1077,.T.);
#636=FACE_OUTER_BOUND('',#1078,.T.);
#637=FACE_OUTER_BOUND('',#1079,.T.);
#638=FACE_OUTER_BOUND('',#1080,.T.);
#639=FACE_OUTER_BOUND('',#1081,.T.);
#640=FACE_OUTER_BOUND('',#1082,.T.);
#641=FACE_OUTER_BOUND('',#1083,.T.);
#642=FACE_OUTER_BOUND('',#1084,.T.);
#643=FACE_OUTER_BOUND('',#1085,.T.);
#644=FACE_OUTER_BOUND('',#1086,.T.);
#645=FACE_OUTER_BOUND('',#1087,.T.);
#646=FACE_OUTER_BOUND('',#1088,.T.);
#647=FACE_OUTER_BOUND('',#1089,.T.);
#648=FACE_OUTER_BOUND('',#1090,.T.);
#649=FACE_OUTER_BOUND('',#1091,.T.);
#650=FACE_OUTER_BOUND('',#1092,.T.);
#651=FACE_OUTER_BOUND('',#1093,.T.);
#652=FACE_OUTER_BOUND('',#1094,.T.);
#653=FACE_OUTER_BOUND('',#1095,.T.);
#654=FACE_OUTER_BOUND('',#1096,.T.);
#655=FACE_OUTER_BOUND('',#1097,.T.);
#656=FACE_OUTER_BOUND('',#1098,.T.);
#657=FACE_OUTER_BOUND('',#1099,.T.);
#658=FACE_OUTER_BOUND('',#1100,.T.);
#659=FACE_OUTER_BOUND('',#1101,.T.);
#660=FACE_OUTER_BOUND('',#1102,.T.);
#661=FACE_OUTER_BOUND('',#1103,.T.);
#662=FACE_OUTER_BOUND('',#1104,.T.);
#663=FACE_OUTER_BOUND('',#1105,.T.);
#664=FACE_OUTER_BOUND('',#1116,.T.);
#665=FACE_OUTER_BOUND('',#1127,.T.);
#666=FACE_OUTER_BOUND('',#1128,.T.);
#667=FACE_OUTER_BOUND('',#1129,.T.);
#668=FACE_OUTER_BOUND('',#1130,.T.);
#669=FACE_OUTER_BOUND('',#1131,.T.);
#670=FACE_OUTER_BOUND('',#1132,.T.);
#671=FACE_OUTER_BOUND('',#1133,.T.);
#672=FACE_OUTER_BOUND('',#1134,.T.);
#673=FACE_OUTER_BOUND('',#1135,.T.);
#674=FACE_OUTER_BOUND('',#1136,.T.);
#675=FACE_OUTER_BOUND('',#1137,.T.);
#676=FACE_OUTER_BOUND('',#1138,.T.);
#677=FACE_OUTER_BOUND('',#1139,.T.);
#678=FACE_OUTER_BOUND('',#1140,.T.);
#679=FACE_OUTER_BOUND('',#1141,.T.);
#680=FACE_OUTER_BOUND('',#1142,.T.);
#681=FACE_OUTER_BOUND('',#1143,.T.);
#682=FACE_OUTER_BOUND('',#1144,.T.);
#683=FACE_OUTER_BOUND('',#1145,.T.);
#684=FACE_OUTER_BOUND('',#1146,.T.);
#685=FACE_OUTER_BOUND('',#1147,.T.);
#686=FACE_OUTER_BOUND('',#1148,.T.);
#687=FACE_OUTER_BOUND('',#1149,.T.);
#688=FACE_OUTER_BOUND('',#1150,.T.);
#689=FACE_OUTER_BOUND('',#1151,.T.);
#690=FACE_OUTER_BOUND('',#1152,.T.);
#691=FACE_OUTER_BOUND('',#1153,.T.);
#692=FACE_OUTER_BOUND('',#1154,.T.);
#693=FACE_OUTER_BOUND('',#1155,.T.);
#694=FACE_OUTER_BOUND('',#1156,.T.);
#695=FACE_OUTER_BOUND('',#1157,.T.);
#696=FACE_OUTER_BOUND('',#1158,.T.);
#697=FACE_OUTER_BOUND('',#1159,.T.);
#698=FACE_OUTER_BOUND('',#1160,.T.);
#699=FACE_OUTER_BOUND('',#1161,.T.);
#700=FACE_OUTER_BOUND('',#1162,.T.);
#701=FACE_OUTER_BOUND('',#1163,.T.);
#702=FACE_OUTER_BOUND('',#1164,.T.);
#703=FACE_OUTER_BOUND('',#1165,.T.);
#704=FACE_OUTER_BOUND('',#1166,.T.);
#705=FACE_OUTER_BOUND('',#1167,.T.);
#706=FACE_OUTER_BOUND('',#1168,.T.);
#707=FACE_OUTER_BOUND('',#1169,.T.);
#708=FACE_OUTER_BOUND('',#1170,.T.);
#709=FACE_OUTER_BOUND('',#1171,.T.);
#710=FACE_OUTER_BOUND('',#1172,.T.);
#711=FACE_OUTER_BOUND('',#1173,.T.);
#712=FACE_OUTER_BOUND('',#1174,.T.);
#713=FACE_OUTER_BOUND('',#1175,.T.);
#714=FACE_OUTER_BOUND('',#1176,.T.);
#715=FACE_OUTER_BOUND('',#1177,.T.);
#716=FACE_OUTER_BOUND('',#1178,.T.);
#717=FACE_OUTER_BOUND('',#1179,.T.);
#718=FACE_OUTER_BOUND('',#1180,.T.);
#719=FACE_OUTER_BOUND('',#1181,.T.);
#720=FACE_OUTER_BOUND('',#1182,.T.);
#721=FACE_OUTER_BOUND('',#1183,.T.);
#722=FACE_OUTER_BOUND('',#1184,.T.);
#723=FACE_OUTER_BOUND('',#1185,.T.);
#724=FACE_OUTER_BOUND('',#1186,.T.);
#725=FACE_OUTER_BOUND('',#1187,.T.);
#726=FACE_OUTER_BOUND('',#1188,.T.);
#727=FACE_OUTER_BOUND('',#1189,.T.);
#728=FACE_OUTER_BOUND('',#1190,.T.);
#729=FACE_OUTER_BOUND('',#1191,.T.);
#730=FACE_OUTER_BOUND('',#1192,.T.);
#731=FACE_OUTER_BOUND('',#1193,.T.);
#732=FACE_OUTER_BOUND('',#1194,.T.);
#733=FACE_OUTER_BOUND('',#1195,.T.);
#734=FACE_OUTER_BOUND('',#1196,.T.);
#735=FACE_OUTER_BOUND('',#1197,.T.);
#736=FACE_OUTER_BOUND('',#1198,.T.);
#737=FACE_OUTER_BOUND('',#1199,.T.);
#738=FACE_OUTER_BOUND('',#1200,.T.);
#739=FACE_OUTER_BOUND('',#1201,.T.);
#740=FACE_OUTER_BOUND('',#1202,.T.);
#741=FACE_OUTER_BOUND('',#1203,.T.);
#742=FACE_OUTER_BOUND('',#1204,.T.);
#743=FACE_OUTER_BOUND('',#1205,.T.);
#744=FACE_OUTER_BOUND('',#1206,.T.);
#745=FACE_OUTER_BOUND('',#1207,.T.);
#746=FACE_OUTER_BOUND('',#1208,.T.);
#747=FACE_OUTER_BOUND('',#1209,.T.);
#748=FACE_OUTER_BOUND('',#1210,.T.);
#749=FACE_OUTER_BOUND('',#1211,.T.);
#750=FACE_OUTER_BOUND('',#1212,.T.);
#751=FACE_OUTER_BOUND('',#1213,.T.);
#752=FACE_OUTER_BOUND('',#1214,.T.);
#753=FACE_OUTER_BOUND('',#1215,.T.);
#754=FACE_OUTER_BOUND('',#1216,.T.);
#755=FACE_OUTER_BOUND('',#1217,.T.);
#756=FACE_OUTER_BOUND('',#1218,.T.);
#757=FACE_OUTER_BOUND('',#1219,.T.);
#758=FACE_OUTER_BOUND('',#1220,.T.);
#759=FACE_OUTER_BOUND('',#1221,.T.);
#760=FACE_OUTER_BOUND('',#1222,.T.);
#761=FACE_OUTER_BOUND('',#1223,.T.);
#762=FACE_OUTER_BOUND('',#1224,.T.);
#763=FACE_OUTER_BOUND('',#1225,.T.);
#764=FACE_OUTER_BOUND('',#1226,.T.);
#765=FACE_OUTER_BOUND('',#1227,.T.);
#766=FACE_OUTER_BOUND('',#1228,.T.);
#767=FACE_OUTER_BOUND('',#1229,.T.);
#768=FACE_OUTER_BOUND('',#1230,.T.);
#769=FACE_OUTER_BOUND('',#1231,.T.);
#770=FACE_OUTER_BOUND('',#1232,.T.);
#771=FACE_OUTER_BOUND('',#1233,.T.);
#772=FACE_OUTER_BOUND('',#1234,.T.);
#773=FACE_OUTER_BOUND('',#1235,.T.);
#774=FACE_OUTER_BOUND('',#1236,.T.);
#775=FACE_OUTER_BOUND('',#1237,.T.);
#776=FACE_OUTER_BOUND('',#1238,.T.);
#777=FACE_OUTER_BOUND('',#1239,.T.);
#778=FACE_OUTER_BOUND('',#1240,.T.);
#779=FACE_OUTER_BOUND('',#1241,.T.);
#780=FACE_OUTER_BOUND('',#1242,.T.);
#781=FACE_OUTER_BOUND('',#1245,.T.);
#782=FACE_OUTER_BOUND('',#1248,.T.);
#783=FACE_OUTER_BOUND('',#1249,.T.);
#784=FACE_OUTER_BOUND('',#1250,.T.);
#785=FACE_OUTER_BOUND('',#1251,.T.);
#786=FACE_OUTER_BOUND('',#1252,.T.);
#787=FACE_OUTER_BOUND('',#1253,.T.);
#788=FACE_OUTER_BOUND('',#1254,.T.);
#789=FACE_OUTER_BOUND('',#1255,.T.);
#790=FACE_OUTER_BOUND('',#1257,.T.);
#791=FACE_OUTER_BOUND('',#1259,.T.);
#792=FACE_OUTER_BOUND('',#1260,.T.);
#793=FACE_OUTER_BOUND('',#1262,.T.);
#794=FACE_OUTER_BOUND('',#1263,.T.);
#795=FACE_OUTER_BOUND('',#1264,.T.);
#796=FACE_OUTER_BOUND('',#1265,.T.);
#797=FACE_OUTER_BOUND('',#1266,.T.);
#798=FACE_OUTER_BOUND('',#1268,.T.);
#799=FACE_OUTER_BOUND('',#1269,.T.);
#800=FACE_OUTER_BOUND('',#1270,.T.);
#801=FACE_OUTER_BOUND('',#1271,.T.);
#802=FACE_OUTER_BOUND('',#1272,.T.);
#803=FACE_OUTER_BOUND('',#1273,.T.);
#804=FACE_OUTER_BOUND('',#1274,.T.);
#805=FACE_OUTER_BOUND('',#1275,.T.);
#806=FACE_OUTER_BOUND('',#1276,.T.);
#807=FACE_OUTER_BOUND('',#1277,.T.);
#808=FACE_OUTER_BOUND('',#1278,.T.);
#809=FACE_OUTER_BOUND('',#1279,.T.);
#810=FACE_OUTER_BOUND('',#1280,.T.);
#811=FACE_OUTER_BOUND('',#1281,.T.);
#812=FACE_OUTER_BOUND('',#1282,.T.);
#813=FACE_OUTER_BOUND('',#1283,.T.);
#814=FACE_OUTER_BOUND('',#1284,.T.);
#815=FACE_OUTER_BOUND('',#1285,.T.);
#816=FACE_OUTER_BOUND('',#1286,.T.);
#817=FACE_OUTER_BOUND('',#1287,.T.);
#818=FACE_OUTER_BOUND('',#1298,.T.);
#819=FACE_OUTER_BOUND('',#1309,.T.);
#820=FACE_OUTER_BOUND('',#1310,.T.);
#821=FACE_OUTER_BOUND('',#1311,.T.);
#822=FACE_OUTER_BOUND('',#1312,.T.);
#823=FACE_OUTER_BOUND('',#1313,.T.);
#824=FACE_OUTER_BOUND('',#1314,.T.);
#825=FACE_OUTER_BOUND('',#1315,.T.);
#826=FACE_OUTER_BOUND('',#1316,.T.);
#827=FACE_OUTER_BOUND('',#1317,.T.);
#828=FACE_OUTER_BOUND('',#1318,.T.);
#829=FACE_OUTER_BOUND('',#1319,.T.);
#830=FACE_OUTER_BOUND('',#1320,.T.);
#831=FACE_OUTER_BOUND('',#1321,.T.);
#832=FACE_OUTER_BOUND('',#1322,.T.);
#833=FACE_OUTER_BOUND('',#1323,.T.);
#834=FACE_OUTER_BOUND('',#1324,.T.);
#835=FACE_OUTER_BOUND('',#1325,.T.);
#836=FACE_OUTER_BOUND('',#1326,.T.);
#837=FACE_OUTER_BOUND('',#1327,.T.);
#838=FACE_OUTER_BOUND('',#1328,.T.);
#839=FACE_OUTER_BOUND('',#1329,.T.);
#840=FACE_OUTER_BOUND('',#1330,.T.);
#841=FACE_OUTER_BOUND('',#1331,.T.);
#842=FACE_OUTER_BOUND('',#1332,.T.);
#843=FACE_OUTER_BOUND('',#1333,.T.);
#844=FACE_OUTER_BOUND('',#1334,.T.);
#845=FACE_OUTER_BOUND('',#1335,.T.);
#846=FACE_OUTER_BOUND('',#1336,.T.);
#847=FACE_OUTER_BOUND('',#1337,.T.);
#848=FACE_OUTER_BOUND('',#1338,.T.);
#849=FACE_OUTER_BOUND('',#1339,.T.);
#850=FACE_OUTER_BOUND('',#1340,.T.);
#851=FACE_OUTER_BOUND('',#1341,.T.);
#852=FACE_OUTER_BOUND('',#1342,.T.);
#853=FACE_OUTER_BOUND('',#1343,.T.);
#854=FACE_OUTER_BOUND('',#1344,.T.);
#855=FACE_OUTER_BOUND('',#1345,.T.);
#856=FACE_OUTER_BOUND('',#1346,.T.);
#857=FACE_OUTER_BOUND('',#1347,.T.);
#858=FACE_OUTER_BOUND('',#1348,.T.);
#859=FACE_OUTER_BOUND('',#1349,.T.);
#860=FACE_OUTER_BOUND('',#1350,.T.);
#861=FACE_OUTER_BOUND('',#1351,.T.);
#862=FACE_OUTER_BOUND('',#1352,.T.);
#863=FACE_OUTER_BOUND('',#1353,.T.);
#864=FACE_OUTER_BOUND('',#1354,.T.);
#865=FACE_OUTER_BOUND('',#1355,.T.);
#866=FACE_OUTER_BOUND('',#1356,.T.);
#867=FACE_OUTER_BOUND('',#1357,.T.);
#868=FACE_OUTER_BOUND('',#1358,.T.);
#869=FACE_OUTER_BOUND('',#1359,.T.);
#870=FACE_OUTER_BOUND('',#1360,.T.);
#871=FACE_OUTER_BOUND('',#1361,.T.);
#872=FACE_OUTER_BOUND('',#1362,.T.);
#873=FACE_OUTER_BOUND('',#1363,.T.);
#874=FACE_OUTER_BOUND('',#1364,.T.);
#875=FACE_OUTER_BOUND('',#1365,.T.);
#876=FACE_OUTER_BOUND('',#1366,.T.);
#877=FACE_OUTER_BOUND('',#1367,.T.);
#878=FACE_OUTER_BOUND('',#1368,.T.);
#879=FACE_OUTER_BOUND('',#1369,.T.);
#880=FACE_OUTER_BOUND('',#1370,.T.);
#881=FACE_OUTER_BOUND('',#1371,.T.);
#882=FACE_OUTER_BOUND('',#1372,.T.);
#883=FACE_OUTER_BOUND('',#1373,.T.);
#884=FACE_OUTER_BOUND('',#1374,.T.);
#885=FACE_OUTER_BOUND('',#1375,.T.);
#886=FACE_OUTER_BOUND('',#1376,.T.);
#887=FACE_OUTER_BOUND('',#1377,.T.);
#888=FACE_OUTER_BOUND('',#1378,.T.);
#889=FACE_OUTER_BOUND('',#1379,.T.);
#890=FACE_OUTER_BOUND('',#1380,.T.);
#891=FACE_OUTER_BOUND('',#1381,.T.);
#892=FACE_OUTER_BOUND('',#1382,.T.);
#893=FACE_OUTER_BOUND('',#1383,.T.);
#894=FACE_OUTER_BOUND('',#1384,.T.);
#895=FACE_OUTER_BOUND('',#1385,.T.);
#896=FACE_OUTER_BOUND('',#1386,.T.);
#897=FACE_OUTER_BOUND('',#1387,.T.);
#898=FACE_OUTER_BOUND('',#1388,.T.);
#899=FACE_OUTER_BOUND('',#1389,.T.);
#900=FACE_OUTER_BOUND('',#1390,.T.);
#901=FACE_OUTER_BOUND('',#1391,.T.);
#902=FACE_OUTER_BOUND('',#1392,.T.);
#903=FACE_OUTER_BOUND('',#1393,.T.);
#904=FACE_OUTER_BOUND('',#1394,.T.);
#905=FACE_OUTER_BOUND('',#1395,.T.);
#906=FACE_OUTER_BOUND('',#1396,.T.);
#907=FACE_OUTER_BOUND('',#1397,.T.);
#908=FACE_OUTER_BOUND('',#1398,.T.);
#909=FACE_OUTER_BOUND('',#1399,.T.);
#910=FACE_OUTER_BOUND('',#1400,.T.);
#911=FACE_OUTER_BOUND('',#1401,.T.);
#912=FACE_OUTER_BOUND('',#1402,.T.);
#913=FACE_OUTER_BOUND('',#1403,.T.);
#914=FACE_OUTER_BOUND('',#1404,.T.);
#915=FACE_OUTER_BOUND('',#1405,.T.);
#916=FACE_OUTER_BOUND('',#1406,.T.);
#917=FACE_OUTER_BOUND('',#1407,.T.);
#918=FACE_OUTER_BOUND('',#1408,.T.);
#919=FACE_OUTER_BOUND('',#1409,.T.);
#920=FACE_OUTER_BOUND('',#1410,.T.);
#921=FACE_OUTER_BOUND('',#1411,.T.);
#922=FACE_OUTER_BOUND('',#1412,.T.);
#923=FACE_OUTER_BOUND('',#1413,.T.);
#924=FACE_OUTER_BOUND('',#1414,.T.);
#925=FACE_OUTER_BOUND('',#1415,.T.);
#926=FACE_OUTER_BOUND('',#1416,.T.);
#927=FACE_OUTER_BOUND('',#1417,.T.);
#928=FACE_OUTER_BOUND('',#1418,.T.);
#929=FACE_OUTER_BOUND('',#1421,.T.);
#930=FACE_OUTER_BOUND('',#1424,.T.);
#931=FACE_OUTER_BOUND('',#1426,.T.);
#932=FACE_OUTER_BOUND('',#1427,.T.);
#933=FACE_OUTER_BOUND('',#1428,.T.);
#934=FACE_OUTER_BOUND('',#1429,.T.);
#935=FACE_OUTER_BOUND('',#1430,.T.);
#936=FACE_OUTER_BOUND('',#1431,.T.);
#937=FACE_OUTER_BOUND('',#1432,.T.);
#938=FACE_OUTER_BOUND('',#1433,.T.);
#939=FACE_OUTER_BOUND('',#1434,.T.);
#940=FACE_OUTER_BOUND('',#1435,.T.);
#941=FACE_OUTER_BOUND('',#1436,.T.);
#942=FACE_OUTER_BOUND('',#1437,.T.);
#943=FACE_OUTER_BOUND('',#1438,.T.);
#944=FACE_OUTER_BOUND('',#1439,.T.);
#945=FACE_OUTER_BOUND('',#1440,.T.);
#946=FACE_OUTER_BOUND('',#1441,.T.);
#947=FACE_OUTER_BOUND('',#1442,.T.);
#948=FACE_OUTER_BOUND('',#1443,.T.);
#949=FACE_OUTER_BOUND('',#1445,.T.);
#950=FACE_OUTER_BOUND('',#1447,.T.);
#951=FACE_OUTER_BOUND('',#1448,.T.);
#952=FACE_OUTER_BOUND('',#1449,.T.);
#953=FACE_OUTER_BOUND('',#1450,.T.);
#954=FACE_OUTER_BOUND('',#1451,.T.);
#955=FACE_OUTER_BOUND('',#1452,.T.);
#956=FACE_OUTER_BOUND('',#1453,.T.);
#957=FACE_OUTER_BOUND('',#1454,.T.);
#958=FACE_OUTER_BOUND('',#1456,.T.);
#959=FACE_OUTER_BOUND('',#1458,.T.);
#960=FACE_OUTER_BOUND('',#1459,.T.);
#961=FACE_OUTER_BOUND('',#1460,.T.);
#962=FACE_OUTER_BOUND('',#1461,.T.);
#963=FACE_OUTER_BOUND('',#1462,.T.);
#964=FACE_OUTER_BOUND('',#1463,.T.);
#965=FACE_OUTER_BOUND('',#1464,.T.);
#966=FACE_OUTER_BOUND('',#1465,.T.);
#967=FACE_OUTER_BOUND('',#1467,.T.);
#968=FACE_OUTER_BOUND('',#1469,.T.);
#969=FACE_OUTER_BOUND('',#1470,.T.);
#970=FACE_OUTER_BOUND('',#1471,.T.);
#971=FACE_OUTER_BOUND('',#1472,.T.);
#972=FACE_OUTER_BOUND('',#1473,.T.);
#973=FACE_OUTER_BOUND('',#1474,.T.);
#974=FACE_OUTER_BOUND('',#1475,.T.);
#975=FACE_OUTER_BOUND('',#1476,.T.);
#976=FACE_OUTER_BOUND('',#1478,.T.);
#977=EDGE_LOOP('',(#5155,#5156,#5157,#5158));
#978=EDGE_LOOP('',(#5159,#5160,#5161,#5162));
#979=EDGE_LOOP('',(#5163,#5164,#5165,#5166));
#980=EDGE_LOOP('',(#5167,#5168,#5169,#5170));
#981=EDGE_LOOP('',(#5171,#5172,#5173,#5174,#5175,#5176));
#982=EDGE_LOOP('',(#5177,#5178,#5179,#5180));
#983=EDGE_LOOP('',(#5181,#5182,#5183,#5184,#5185,#5186,#5187,#5188,#5189,
#5190,#5191,#5192,#5193,#5194,#5195,#5196,#5197,#5198,#5199,#5200,#5201,
#5202,#5203,#5204,#5205,#5206,#5207,#5208,#5209,#5210,#5211,#5212,#5213,
#5214,#5215,#5216));
#984=EDGE_LOOP('',(#5217,#5218,#5219,#5220));
#985=EDGE_LOOP('',(#5221,#5222,#5223,#5224));
#986=EDGE_LOOP('',(#5225,#5226,#5227,#5228));
#987=EDGE_LOOP('',(#5229,#5230,#5231,#5232));
#988=EDGE_LOOP('',(#5233,#5234,#5235,#5236));
#989=EDGE_LOOP('',(#5237,#5238,#5239,#5240));
#990=EDGE_LOOP('',(#5241,#5242,#5243,#5244));
#991=EDGE_LOOP('',(#5245,#5246,#5247,#5248));
#992=EDGE_LOOP('',(#5249,#5250,#5251,#5252));
#993=EDGE_LOOP('',(#5253,#5254,#5255,#5256));
#994=EDGE_LOOP('',(#5257,#5258,#5259,#5260));
#995=EDGE_LOOP('',(#5261,#5262,#5263,#5264));
#996=EDGE_LOOP('',(#5265,#5266,#5267,#5268));
#997=EDGE_LOOP('',(#5269,#5270,#5271,#5272));
#998=EDGE_LOOP('',(#5273,#5274,#5275,#5276));
#999=EDGE_LOOP('',(#5277,#5278,#5279,#5280));
#1000=EDGE_LOOP('',(#5281,#5282,#5283,#5284));
#1001=EDGE_LOOP('',(#5285,#5286,#5287,#5288));
#1002=EDGE_LOOP('',(#5289,#5290,#5291,#5292));
#1003=EDGE_LOOP('',(#5293,#5294,#5295,#5296));
#1004=EDGE_LOOP('',(#5297,#5298,#5299,#5300));
#1005=EDGE_LOOP('',(#5301,#5302,#5303,#5304));
#1006=EDGE_LOOP('',(#5305,#5306,#5307,#5308));
#1007=EDGE_LOOP('',(#5309,#5310,#5311,#5312));
#1008=EDGE_LOOP('',(#5313,#5314,#5315,#5316,#5317,#5318));
#1009=EDGE_LOOP('',(#5319,#5320,#5321,#5322));
#1010=EDGE_LOOP('',(#5323,#5324,#5325,#5326));
#1011=EDGE_LOOP('',(#5327,#5328,#5329,#5330));
#1012=EDGE_LOOP('',(#5331,#5332,#5333,#5334));
#1013=EDGE_LOOP('',(#5335,#5336,#5337,#5338));
#1014=EDGE_LOOP('',(#5339,#5340,#5341,#5342));
#1015=EDGE_LOOP('',(#5343,#5344,#5345,#5346,#5347,#5348,#5349,#5350,#5351,
#5352,#5353,#5354,#5355,#5356,#5357,#5358,#5359,#5360,#5361,#5362,#5363,
#5364,#5365,#5366,#5367,#5368,#5369,#5370,#5371,#5372,#5373,#5374,#5375,
#5376,#5377,#5378));
#1016=EDGE_LOOP('',(#5379,#5380,#5381,#5382));
#1017=EDGE_LOOP('',(#5383,#5384,#5385,#5386,#5387,#5388,#5389,#5390));
#1018=EDGE_LOOP('',(#5391,#5392,#5393,#5394));
#1019=EDGE_LOOP('',(#5395,#5396,#5397,#5398));
#1020=EDGE_LOOP('',(#5399,#5400,#5401,#5402));
#1021=EDGE_LOOP('',(#5403,#5404,#5405,#5406,#5407,#5408));
#1022=EDGE_LOOP('',(#5409,#5410,#5411,#5412));
#1023=EDGE_LOOP('',(#5413,#5414,#5415,#5416,#5417,#5418));
#1024=EDGE_LOOP('',(#5419,#5420,#5421,#5422));
#1025=EDGE_LOOP('',(#5423,#5424,#5425,#5426,#5427,#5428));
#1026=EDGE_LOOP('',(#5429,#5430,#5431,#5432,#5433,#5434,#5435,#5436));
#1027=EDGE_LOOP('',(#5437,#5438,#5439,#5440));
#1028=EDGE_LOOP('',(#5441,#5442,#5443,#5444));
#1029=EDGE_LOOP('',(#5445,#5446,#5447,#5448));
#1030=EDGE_LOOP('',(#5449,#5450,#5451,#5452));
#1031=EDGE_LOOP('',(#5453,#5454,#5455,#5456));
#1032=EDGE_LOOP('',(#5457,#5458,#5459,#5460));
#1033=EDGE_LOOP('',(#5461,#5462,#5463,#5464));
#1034=EDGE_LOOP('',(#5465,#5466,#5467,#5468));
#1035=EDGE_LOOP('',(#5469,#5470,#5471,#5472));
#1036=EDGE_LOOP('',(#5473,#5474,#5475,#5476));
#1037=EDGE_LOOP('',(#5477,#5478,#5479,#5480));
#1038=EDGE_LOOP('',(#5481,#5482,#5483,#5484));
#1039=EDGE_LOOP('',(#5485,#5486,#5487,#5488,#5489,#5490));
#1040=EDGE_LOOP('',(#5491,#5492,#5493,#5494));
#1041=EDGE_LOOP('',(#5495,#5496,#5497,#5498));
#1042=EDGE_LOOP('',(#5499));
#1043=EDGE_LOOP('',(#5500));
#1044=EDGE_LOOP('',(#5501,#5502,#5503,#5504));
#1045=EDGE_LOOP('',(#5505,#5506,#5507,#5508));
#1046=EDGE_LOOP('',(#5509,#5510,#5511,#5512));
#1047=EDGE_LOOP('',(#5513,#5514,#5515,#5516));
#1048=EDGE_LOOP('',(#5517,#5518,#5519,#5520));
#1049=EDGE_LOOP('',(#5521,#5522,#5523,#5524));
#1050=EDGE_LOOP('',(#5525,#5526,#5527,#5528));
#1051=EDGE_LOOP('',(#5529,#5530,#5531,#5532,#5533,#5534));
#1052=EDGE_LOOP('',(#5535));
#1053=EDGE_LOOP('',(#5536,#5537,#5538,#5539,#5540,#5541));
#1054=EDGE_LOOP('',(#5542));
#1055=EDGE_LOOP('',(#5543,#5544,#5545,#5546));
#1056=EDGE_LOOP('',(#5547,#5548,#5549,#5550));
#1057=EDGE_LOOP('',(#5551,#5552,#5553,#5554));
#1058=EDGE_LOOP('',(#5555,#5556,#5557,#5558));
#1059=EDGE_LOOP('',(#5559,#5560,#5561,#5562));
#1060=EDGE_LOOP('',(#5563,#5564,#5565,#5566));
#1061=EDGE_LOOP('',(#5567,#5568,#5569,#5570));
#1062=EDGE_LOOP('',(#5571,#5572,#5573,#5574));
#1063=EDGE_LOOP('',(#5575,#5576,#5577,#5578));
#1064=EDGE_LOOP('',(#5579,#5580,#5581,#5582));
#1065=EDGE_LOOP('',(#5583,#5584,#5585,#5586));
#1066=EDGE_LOOP('',(#5587,#5588,#5589,#5590));
#1067=EDGE_LOOP('',(#5591,#5592,#5593,#5594));
#1068=EDGE_LOOP('',(#5595,#5596,#5597,#5598,#5599,#5600));
#1069=EDGE_LOOP('',(#5601));
#1070=EDGE_LOOP('',(#5602,#5603,#5604,#5605));
#1071=EDGE_LOOP('',(#5606,#5607,#5608,#5609));
#1072=EDGE_LOOP('',(#5610,#5611,#5612,#5613));
#1073=EDGE_LOOP('',(#5614,#5615,#5616,#5617));
#1074=EDGE_LOOP('',(#5618,#5619,#5620,#5621,#5622,#5623));
#1075=EDGE_LOOP('',(#5624));
#1076=EDGE_LOOP('',(#5625,#5626,#5627,#5628));
#1077=EDGE_LOOP('',(#5629,#5630,#5631,#5632));
#1078=EDGE_LOOP('',(#5633,#5634,#5635,#5636,#5637));
#1079=EDGE_LOOP('',(#5638));
#1080=EDGE_LOOP('',(#5639,#5640,#5641,#5642,#5643));
#1081=EDGE_LOOP('',(#5644,#5645,#5646,#5647));
#1082=EDGE_LOOP('',(#5648,#5649,#5650,#5651));
#1083=EDGE_LOOP('',(#5652,#5653,#5654,#5655));
#1084=EDGE_LOOP('',(#5656,#5657,#5658,#5659,#5660));
#1085=EDGE_LOOP('',(#5661));
#1086=EDGE_LOOP('',(#5662,#5663,#5664,#5665,#5666));
#1087=EDGE_LOOP('',(#5667,#5668,#5669,#5670));
#1088=EDGE_LOOP('',(#5671,#5672,#5673,#5674));
#1089=EDGE_LOOP('',(#5675,#5676,#5677,#5678));
#1090=EDGE_LOOP('',(#5679,#5680,#5681,#5682));
#1091=EDGE_LOOP('',(#5683,#5684,#5685,#5686));
#1092=EDGE_LOOP('',(#5687,#5688,#5689,#5690));
#1093=EDGE_LOOP('',(#5691,#5692,#5693,#5694));
#1094=EDGE_LOOP('',(#5695,#5696,#5697,#5698));
#1095=EDGE_LOOP('',(#5699,#5700,#5701,#5702));
#1096=EDGE_LOOP('',(#5703,#5704,#5705,#5706));
#1097=EDGE_LOOP('',(#5707,#5708,#5709,#5710));
#1098=EDGE_LOOP('',(#5711,#5712,#5713,#5714));
#1099=EDGE_LOOP('',(#5715,#5716,#5717,#5718));
#1100=EDGE_LOOP('',(#5719,#5720,#5721,#5722));
#1101=EDGE_LOOP('',(#5723,#5724,#5725,#5726));
#1102=EDGE_LOOP('',(#5727,#5728,#5729,#5730));
#1103=EDGE_LOOP('',(#5731,#5732,#5733,#5734));
#1104=EDGE_LOOP('',(#5735,#5736,#5737,#5738));
#1105=EDGE_LOOP('',(#5739,#5740,#5741,#5742));
#1106=EDGE_LOOP('',(#5743));
#1107=EDGE_LOOP('',(#5744));
#1108=EDGE_LOOP('',(#5745));
#1109=EDGE_LOOP('',(#5746));
#1110=EDGE_LOOP('',(#5747));
#1111=EDGE_LOOP('',(#5748));
#1112=EDGE_LOOP('',(#5749));
#1113=EDGE_LOOP('',(#5750));
#1114=EDGE_LOOP('',(#5751));
#1115=EDGE_LOOP('',(#5752));
#1116=EDGE_LOOP('',(#5753,#5754,#5755,#5756));
#1117=EDGE_LOOP('',(#5757));
#1118=EDGE_LOOP('',(#5758));
#1119=EDGE_LOOP('',(#5759));
#1120=EDGE_LOOP('',(#5760));
#1121=EDGE_LOOP('',(#5761));
#1122=EDGE_LOOP('',(#5762));
#1123=EDGE_LOOP('',(#5763));
#1124=EDGE_LOOP('',(#5764));
#1125=EDGE_LOOP('',(#5765));
#1126=EDGE_LOOP('',(#5766));
#1127=EDGE_LOOP('',(#5767,#5768,#5769,#5770));
#1128=EDGE_LOOP('',(#5771,#5772,#5773,#5774));
#1129=EDGE_LOOP('',(#5775,#5776,#5777,#5778));
#1130=EDGE_LOOP('',(#5779,#5780,#5781,#5782));
#1131=EDGE_LOOP('',(#5783,#5784,#5785,#5786));
#1132=EDGE_LOOP('',(#5787,#5788,#5789,#5790));
#1133=EDGE_LOOP('',(#5791,#5792,#5793,#5794));
#1134=EDGE_LOOP('',(#5795,#5796,#5797,#5798));
#1135=EDGE_LOOP('',(#5799,#5800,#5801,#5802));
#1136=EDGE_LOOP('',(#5803,#5804,#5805,#5806));
#1137=EDGE_LOOP('',(#5807,#5808,#5809,#5810));
#1138=EDGE_LOOP('',(#5811,#5812,#5813,#5814));
#1139=EDGE_LOOP('',(#5815,#5816,#5817,#5818));
#1140=EDGE_LOOP('',(#5819,#5820,#5821,#5822));
#1141=EDGE_LOOP('',(#5823,#5824,#5825,#5826));
#1142=EDGE_LOOP('',(#5827,#5828,#5829,#5830));
#1143=EDGE_LOOP('',(#5831,#5832,#5833,#5834));
#1144=EDGE_LOOP('',(#5835,#5836,#5837,#5838));
#1145=EDGE_LOOP('',(#5839,#5840,#5841,#5842));
#1146=EDGE_LOOP('',(#5843,#5844,#5845,#5846));
#1147=EDGE_LOOP('',(#5847,#5848,#5849,#5850));
#1148=EDGE_LOOP('',(#5851,#5852,#5853,#5854));
#1149=EDGE_LOOP('',(#5855,#5856,#5857,#5858));
#1150=EDGE_LOOP('',(#5859,#5860,#5861,#5862));
#1151=EDGE_LOOP('',(#5863,#5864,#5865,#5866));
#1152=EDGE_LOOP('',(#5867,#5868,#5869,#5870));
#1153=EDGE_LOOP('',(#5871,#5872,#5873,#5874));
#1154=EDGE_LOOP('',(#5875,#5876,#5877,#5878));
#1155=EDGE_LOOP('',(#5879,#5880,#5881,#5882));
#1156=EDGE_LOOP('',(#5883,#5884,#5885,#5886));
#1157=EDGE_LOOP('',(#5887,#5888,#5889,#5890));
#1158=EDGE_LOOP('',(#5891,#5892,#5893,#5894));
#1159=EDGE_LOOP('',(#5895,#5896,#5897,#5898));
#1160=EDGE_LOOP('',(#5899,#5900,#5901,#5902));
#1161=EDGE_LOOP('',(#5903,#5904,#5905,#5906));
#1162=EDGE_LOOP('',(#5907,#5908,#5909,#5910));
#1163=EDGE_LOOP('',(#5911,#5912,#5913,#5914));
#1164=EDGE_LOOP('',(#5915,#5916,#5917,#5918));
#1165=EDGE_LOOP('',(#5919,#5920,#5921,#5922));
#1166=EDGE_LOOP('',(#5923,#5924,#5925,#5926));
#1167=EDGE_LOOP('',(#5927,#5928,#5929,#5930));
#1168=EDGE_LOOP('',(#5931,#5932,#5933,#5934));
#1169=EDGE_LOOP('',(#5935,#5936,#5937,#5938));
#1170=EDGE_LOOP('',(#5939,#5940,#5941,#5942));
#1171=EDGE_LOOP('',(#5943,#5944,#5945,#5946));
#1172=EDGE_LOOP('',(#5947,#5948,#5949,#5950));
#1173=EDGE_LOOP('',(#5951,#5952,#5953,#5954));
#1174=EDGE_LOOP('',(#5955,#5956,#5957,#5958));
#1175=EDGE_LOOP('',(#5959,#5960,#5961,#5962));
#1176=EDGE_LOOP('',(#5963,#5964,#5965,#5966));
#1177=EDGE_LOOP('',(#5967,#5968,#5969,#5970));
#1178=EDGE_LOOP('',(#5971,#5972,#5973,#5974));
#1179=EDGE_LOOP('',(#5975,#5976,#5977,#5978));
#1180=EDGE_LOOP('',(#5979,#5980,#5981,#5982));
#1181=EDGE_LOOP('',(#5983,#5984,#5985,#5986));
#1182=EDGE_LOOP('',(#5987,#5988,#5989,#5990));
#1183=EDGE_LOOP('',(#5991,#5992,#5993,#5994));
#1184=EDGE_LOOP('',(#5995,#5996,#5997,#5998));
#1185=EDGE_LOOP('',(#5999,#6000,#6001,#6002));
#1186=EDGE_LOOP('',(#6003,#6004,#6005,#6006));
#1187=EDGE_LOOP('',(#6007,#6008,#6009,#6010));
#1188=EDGE_LOOP('',(#6011,#6012,#6013,#6014));
#1189=EDGE_LOOP('',(#6015,#6016,#6017,#6018));
#1190=EDGE_LOOP('',(#6019,#6020,#6021,#6022));
#1191=EDGE_LOOP('',(#6023,#6024,#6025,#6026));
#1192=EDGE_LOOP('',(#6027,#6028,#6029,#6030));
#1193=EDGE_LOOP('',(#6031,#6032,#6033,#6034));
#1194=EDGE_LOOP('',(#6035,#6036,#6037,#6038));
#1195=EDGE_LOOP('',(#6039,#6040,#6041,#6042));
#1196=EDGE_LOOP('',(#6043,#6044,#6045,#6046));
#1197=EDGE_LOOP('',(#6047,#6048,#6049,#6050));
#1198=EDGE_LOOP('',(#6051,#6052,#6053,#6054));
#1199=EDGE_LOOP('',(#6055,#6056,#6057,#6058));
#1200=EDGE_LOOP('',(#6059,#6060,#6061,#6062));
#1201=EDGE_LOOP('',(#6063,#6064,#6065,#6066));
#1202=EDGE_LOOP('',(#6067,#6068,#6069,#6070));
#1203=EDGE_LOOP('',(#6071,#6072,#6073,#6074));
#1204=EDGE_LOOP('',(#6075,#6076,#6077,#6078));
#1205=EDGE_LOOP('',(#6079,#6080,#6081,#6082));
#1206=EDGE_LOOP('',(#6083,#6084,#6085,#6086));
#1207=EDGE_LOOP('',(#6087,#6088,#6089,#6090));
#1208=EDGE_LOOP('',(#6091,#6092,#6093,#6094));
#1209=EDGE_LOOP('',(#6095,#6096,#6097,#6098));
#1210=EDGE_LOOP('',(#6099,#6100,#6101,#6102));
#1211=EDGE_LOOP('',(#6103,#6104,#6105,#6106));
#1212=EDGE_LOOP('',(#6107,#6108,#6109,#6110));
#1213=EDGE_LOOP('',(#6111,#6112,#6113,#6114));
#1214=EDGE_LOOP('',(#6115,#6116,#6117,#6118));
#1215=EDGE_LOOP('',(#6119,#6120,#6121,#6122));
#1216=EDGE_LOOP('',(#6123,#6124,#6125,#6126));
#1217=EDGE_LOOP('',(#6127,#6128,#6129,#6130));
#1218=EDGE_LOOP('',(#6131,#6132,#6133,#6134));
#1219=EDGE_LOOP('',(#6135,#6136,#6137,#6138));
#1220=EDGE_LOOP('',(#6139,#6140,#6141,#6142));
#1221=EDGE_LOOP('',(#6143,#6144,#6145,#6146));
#1222=EDGE_LOOP('',(#6147,#6148,#6149,#6150));
#1223=EDGE_LOOP('',(#6151,#6152,#6153,#6154));
#1224=EDGE_LOOP('',(#6155,#6156,#6157,#6158));
#1225=EDGE_LOOP('',(#6159,#6160,#6161,#6162));
#1226=EDGE_LOOP('',(#6163,#6164,#6165,#6166));
#1227=EDGE_LOOP('',(#6167,#6168,#6169,#6170));
#1228=EDGE_LOOP('',(#6171,#6172,#6173,#6174,#6175,#6176,#6177,#6178,#6179,
#6180,#6181,#6182,#6183,#6184,#6185,#6186,#6187,#6188,#6189,#6190,#6191,
#6192,#6193,#6194,#6195,#6196,#6197,#6198,#6199,#6200,#6201,#6202,#6203,
#6204,#6205,#6206,#6207,#6208,#6209,#6210,#6211,#6212,#6213,#6214,#6215,
#6216,#6217,#6218,#6219,#6220,#6221,#6222,#6223,#6224,#6225,#6226,#6227,
#6228,#6229,#6230,#6231,#6232,#6233,#6234,#6235,#6236,#6237,#6238,#6239,
#6240,#6241,#6242,#6243,#6244,#6245,#6246,#6247,#6248,#6249,#6250,#6251,
#6252,#6253,#6254,#6255,#6256,#6257,#6258,#6259,#6260,#6261,#6262,#6263,
#6264,#6265));
#1229=EDGE_LOOP('',(#6266,#6267,#6268,#6269,#6270,#6271,#6272,#6273,#6274,
#6275,#6276,#6277,#6278,#6279,#6280,#6281,#6282,#6283,#6284,#6285,#6286,
#6287,#6288,#6289,#6290,#6291,#6292,#6293,#6294,#6295,#6296,#6297,#6298,
#6299,#6300,#6301,#6302,#6303,#6304,#6305,#6306,#6307,#6308,#6309,#6310,
#6311,#6312,#6313,#6314,#6315,#6316,#6317,#6318,#6319,#6320,#6321,#6322,
#6323,#6324,#6325,#6326,#6327,#6328,#6329,#6330,#6331,#6332,#6333,#6334,
#6335,#6336,#6337,#6338,#6339,#6340,#6341,#6342,#6343,#6344,#6345,#6346,
#6347,#6348,#6349,#6350,#6351,#6352,#6353,#6354,#6355,#6356,#6357,#6358,
#6359,#6360));
#1230=EDGE_LOOP('',(#6361,#6362,#6363,#6364));
#1231=EDGE_LOOP('',(#6365,#6366,#6367,#6368));
#1232=EDGE_LOOP('',(#6369,#6370,#6371,#6372));
#1233=EDGE_LOOP('',(#6373,#6374,#6375,#6376));
#1234=EDGE_LOOP('',(#6377,#6378,#6379,#6380));
#1235=EDGE_LOOP('',(#6381,#6382,#6383,#6384));
#1236=EDGE_LOOP('',(#6385,#6386,#6387,#6388));
#1237=EDGE_LOOP('',(#6389,#6390,#6391,#6392));
#1238=EDGE_LOOP('',(#6393,#6394,#6395,#6396));
#1239=EDGE_LOOP('',(#6397,#6398,#6399,#6400));
#1240=EDGE_LOOP('',(#6401,#6402,#6403,#6404));
#1241=EDGE_LOOP('',(#6405,#6406,#6407,#6408));
#1242=EDGE_LOOP('',(#6409,#6410,#6411,#6412,#6413,#6414,#6415));
#1243=EDGE_LOOP('',(#6416,#6417,#6418,#6419));
#1244=EDGE_LOOP('',(#6420));
#1245=EDGE_LOOP('',(#6421,#6422,#6423,#6424,#6425,#6426,#6427));
#1246=EDGE_LOOP('',(#6428,#6429,#6430,#6431));
#1247=EDGE_LOOP('',(#6432));
#1248=EDGE_LOOP('',(#6433,#6434,#6435,#6436));
#1249=EDGE_LOOP('',(#6437,#6438,#6439,#6440));
#1250=EDGE_LOOP('',(#6441,#6442,#6443,#6444));
#1251=EDGE_LOOP('',(#6445,#6446,#6447,#6448));
#1252=EDGE_LOOP('',(#6449,#6450,#6451,#6452));
#1253=EDGE_LOOP('',(#6453,#6454,#6455,#6456));
#1254=EDGE_LOOP('',(#6457,#6458,#6459,#6460));
#1255=EDGE_LOOP('',(#6461,#6462,#6463,#6464,#6465,#6466));
#1256=EDGE_LOOP('',(#6467));
#1257=EDGE_LOOP('',(#6468,#6469,#6470,#6471,#6472,#6473));
#1258=EDGE_LOOP('',(#6474));
#1259=EDGE_LOOP('',(#6475,#6476,#6477,#6478));
#1260=EDGE_LOOP('',(#6479,#6480,#6481,#6482,#6483,#6484));
#1261=EDGE_LOOP('',(#6485));
#1262=EDGE_LOOP('',(#6486,#6487,#6488,#6489));
#1263=EDGE_LOOP('',(#6490,#6491,#6492,#6493));
#1264=EDGE_LOOP('',(#6494,#6495,#6496,#6497));
#1265=EDGE_LOOP('',(#6498,#6499,#6500,#6501));
#1266=EDGE_LOOP('',(#6502,#6503,#6504,#6505,#6506,#6507));
#1267=EDGE_LOOP('',(#6508));
#1268=EDGE_LOOP('',(#6509,#6510,#6511,#6512));
#1269=EDGE_LOOP('',(#6513,#6514,#6515,#6516));
#1270=EDGE_LOOP('',(#6517,#6518,#6519,#6520));
#1271=EDGE_LOOP('',(#6521));
#1272=EDGE_LOOP('',(#6522));
#1273=EDGE_LOOP('',(#6523,#6524,#6525,#6526));
#1274=EDGE_LOOP('',(#6527,#6528,#6529,#6530));
#1275=EDGE_LOOP('',(#6531,#6532,#6533,#6534));
#1276=EDGE_LOOP('',(#6535,#6536,#6537,#6538));
#1277=EDGE_LOOP('',(#6539,#6540,#6541,#6542));
#1278=EDGE_LOOP('',(#6543,#6544,#6545,#6546));
#1279=EDGE_LOOP('',(#6547,#6548,#6549,#6550));
#1280=EDGE_LOOP('',(#6551,#6552,#6553,#6554));
#1281=EDGE_LOOP('',(#6555,#6556,#6557,#6558));
#1282=EDGE_LOOP('',(#6559,#6560,#6561,#6562));
#1283=EDGE_LOOP('',(#6563,#6564,#6565,#6566));
#1284=EDGE_LOOP('',(#6567,#6568,#6569,#6570));
#1285=EDGE_LOOP('',(#6571,#6572,#6573,#6574));
#1286=EDGE_LOOP('',(#6575,#6576,#6577,#6578));
#1287=EDGE_LOOP('',(#6579,#6580,#6581,#6582));
#1288=EDGE_LOOP('',(#6583));
#1289=EDGE_LOOP('',(#6584));
#1290=EDGE_LOOP('',(#6585));
#1291=EDGE_LOOP('',(#6586));
#1292=EDGE_LOOP('',(#6587));
#1293=EDGE_LOOP('',(#6588));
#1294=EDGE_LOOP('',(#6589));
#1295=EDGE_LOOP('',(#6590));
#1296=EDGE_LOOP('',(#6591));
#1297=EDGE_LOOP('',(#6592));
#1298=EDGE_LOOP('',(#6593,#6594,#6595,#6596));
#1299=EDGE_LOOP('',(#6597));
#1300=EDGE_LOOP('',(#6598));
#1301=EDGE_LOOP('',(#6599));
#1302=EDGE_LOOP('',(#6600));
#1303=EDGE_LOOP('',(#6601));
#1304=EDGE_LOOP('',(#6602));
#1305=EDGE_LOOP('',(#6603));
#1306=EDGE_LOOP('',(#6604));
#1307=EDGE_LOOP('',(#6605));
#1308=EDGE_LOOP('',(#6606));
#1309=EDGE_LOOP('',(#6607,#6608,#6609,#6610));
#1310=EDGE_LOOP('',(#6611,#6612,#6613,#6614));
#1311=EDGE_LOOP('',(#6615,#6616,#6617,#6618));
#1312=EDGE_LOOP('',(#6619,#6620,#6621,#6622));
#1313=EDGE_LOOP('',(#6623,#6624,#6625,#6626));
#1314=EDGE_LOOP('',(#6627,#6628,#6629,#6630));
#1315=EDGE_LOOP('',(#6631,#6632,#6633,#6634));
#1316=EDGE_LOOP('',(#6635,#6636,#6637,#6638));
#1317=EDGE_LOOP('',(#6639,#6640,#6641,#6642));
#1318=EDGE_LOOP('',(#6643,#6644,#6645,#6646));
#1319=EDGE_LOOP('',(#6647,#6648,#6649,#6650));
#1320=EDGE_LOOP('',(#6651,#6652,#6653,#6654));
#1321=EDGE_LOOP('',(#6655,#6656,#6657,#6658));
#1322=EDGE_LOOP('',(#6659,#6660,#6661,#6662));
#1323=EDGE_LOOP('',(#6663,#6664,#6665,#6666));
#1324=EDGE_LOOP('',(#6667,#6668,#6669,#6670));
#1325=EDGE_LOOP('',(#6671,#6672,#6673,#6674));
#1326=EDGE_LOOP('',(#6675,#6676,#6677,#6678));
#1327=EDGE_LOOP('',(#6679,#6680,#6681,#6682));
#1328=EDGE_LOOP('',(#6683,#6684,#6685,#6686));
#1329=EDGE_LOOP('',(#6687,#6688,#6689,#6690));
#1330=EDGE_LOOP('',(#6691,#6692,#6693,#6694));
#1331=EDGE_LOOP('',(#6695,#6696,#6697,#6698));
#1332=EDGE_LOOP('',(#6699,#6700,#6701,#6702));
#1333=EDGE_LOOP('',(#6703,#6704,#6705,#6706));
#1334=EDGE_LOOP('',(#6707,#6708,#6709,#6710));
#1335=EDGE_LOOP('',(#6711,#6712,#6713,#6714));
#1336=EDGE_LOOP('',(#6715,#6716,#6717,#6718));
#1337=EDGE_LOOP('',(#6719,#6720,#6721,#6722));
#1338=EDGE_LOOP('',(#6723,#6724,#6725,#6726));
#1339=EDGE_LOOP('',(#6727,#6728,#6729,#6730));
#1340=EDGE_LOOP('',(#6731,#6732,#6733,#6734));
#1341=EDGE_LOOP('',(#6735,#6736,#6737,#6738));
#1342=EDGE_LOOP('',(#6739,#6740,#6741,#6742));
#1343=EDGE_LOOP('',(#6743,#6744,#6745,#6746));
#1344=EDGE_LOOP('',(#6747,#6748,#6749,#6750));
#1345=EDGE_LOOP('',(#6751,#6752,#6753,#6754));
#1346=EDGE_LOOP('',(#6755,#6756,#6757,#6758));
#1347=EDGE_LOOP('',(#6759,#6760,#6761,#6762));
#1348=EDGE_LOOP('',(#6763,#6764,#6765,#6766));
#1349=EDGE_LOOP('',(#6767,#6768,#6769,#6770));
#1350=EDGE_LOOP('',(#6771,#6772,#6773,#6774));
#1351=EDGE_LOOP('',(#6775,#6776,#6777,#6778));
#1352=EDGE_LOOP('',(#6779,#6780,#6781,#6782));
#1353=EDGE_LOOP('',(#6783,#6784,#6785,#6786));
#1354=EDGE_LOOP('',(#6787,#6788,#6789,#6790));
#1355=EDGE_LOOP('',(#6791,#6792,#6793,#6794));
#1356=EDGE_LOOP('',(#6795,#6796,#6797,#6798));
#1357=EDGE_LOOP('',(#6799,#6800,#6801,#6802));
#1358=EDGE_LOOP('',(#6803,#6804,#6805,#6806));
#1359=EDGE_LOOP('',(#6807,#6808,#6809,#6810));
#1360=EDGE_LOOP('',(#6811,#6812,#6813,#6814));
#1361=EDGE_LOOP('',(#6815,#6816,#6817,#6818));
#1362=EDGE_LOOP('',(#6819,#6820,#6821,#6822));
#1363=EDGE_LOOP('',(#6823,#6824,#6825,#6826));
#1364=EDGE_LOOP('',(#6827,#6828,#6829,#6830));
#1365=EDGE_LOOP('',(#6831,#6832,#6833,#6834));
#1366=EDGE_LOOP('',(#6835,#6836,#6837,#6838));
#1367=EDGE_LOOP('',(#6839,#6840,#6841,#6842));
#1368=EDGE_LOOP('',(#6843,#6844,#6845,#6846));
#1369=EDGE_LOOP('',(#6847,#6848,#6849,#6850));
#1370=EDGE_LOOP('',(#6851,#6852,#6853,#6854));
#1371=EDGE_LOOP('',(#6855,#6856,#6857,#6858));
#1372=EDGE_LOOP('',(#6859,#6860,#6861,#6862));
#1373=EDGE_LOOP('',(#6863,#6864,#6865,#6866));
#1374=EDGE_LOOP('',(#6867,#6868,#6869,#6870));
#1375=EDGE_LOOP('',(#6871,#6872,#6873,#6874));
#1376=EDGE_LOOP('',(#6875,#6876,#6877,#6878));
#1377=EDGE_LOOP('',(#6879,#6880,#6881,#6882));
#1378=EDGE_LOOP('',(#6883,#6884,#6885,#6886));
#1379=EDGE_LOOP('',(#6887,#6888,#6889,#6890));
#1380=EDGE_LOOP('',(#6891,#6892,#6893,#6894));
#1381=EDGE_LOOP('',(#6895,#6896,#6897,#6898));
#1382=EDGE_LOOP('',(#6899,#6900,#6901,#6902));
#1383=EDGE_LOOP('',(#6903,#6904,#6905,#6906));
#1384=EDGE_LOOP('',(#6907,#6908,#6909,#6910));
#1385=EDGE_LOOP('',(#6911,#6912,#6913,#6914));
#1386=EDGE_LOOP('',(#6915,#6916,#6917,#6918));
#1387=EDGE_LOOP('',(#6919,#6920,#6921,#6922));
#1388=EDGE_LOOP('',(#6923,#6924,#6925,#6926));
#1389=EDGE_LOOP('',(#6927,#6928,#6929,#6930));
#1390=EDGE_LOOP('',(#6931,#6932,#6933,#6934));
#1391=EDGE_LOOP('',(#6935,#6936,#6937,#6938));
#1392=EDGE_LOOP('',(#6939,#6940,#6941,#6942));
#1393=EDGE_LOOP('',(#6943,#6944,#6945,#6946));
#1394=EDGE_LOOP('',(#6947,#6948,#6949,#6950));
#1395=EDGE_LOOP('',(#6951,#6952,#6953,#6954));
#1396=EDGE_LOOP('',(#6955,#6956,#6957,#6958));
#1397=EDGE_LOOP('',(#6959,#6960,#6961,#6962));
#1398=EDGE_LOOP('',(#6963,#6964,#6965,#6966));
#1399=EDGE_LOOP('',(#6967,#6968,#6969,#6970));
#1400=EDGE_LOOP('',(#6971,#6972,#6973,#6974));
#1401=EDGE_LOOP('',(#6975,#6976,#6977,#6978));
#1402=EDGE_LOOP('',(#6979,#6980,#6981,#6982));
#1403=EDGE_LOOP('',(#6983,#6984,#6985,#6986));
#1404=EDGE_LOOP('',(#6987,#6988,#6989,#6990,#6991,#6992,#6993,#6994,#6995,
#6996,#6997,#6998,#6999,#7000,#7001,#7002,#7003,#7004,#7005,#7006,#7007,
#7008,#7009,#7010,#7011,#7012,#7013,#7014,#7015,#7016,#7017,#7018,#7019,
#7020,#7021,#7022,#7023,#7024,#7025,#7026,#7027,#7028,#7029,#7030,#7031,
#7032,#7033,#7034,#7035,#7036,#7037,#7038,#7039,#7040,#7041,#7042,#7043,
#7044,#7045,#7046,#7047,#7048,#7049,#7050,#7051,#7052,#7053,#7054,#7055,
#7056,#7057,#7058,#7059,#7060,#7061,#7062,#7063,#7064,#7065,#7066,#7067,
#7068,#7069,#7070,#7071,#7072,#7073,#7074,#7075,#7076,#7077,#7078,#7079,
#7080,#7081));
#1405=EDGE_LOOP('',(#7082,#7083,#7084,#7085,#7086,#7087,#7088,#7089,#7090,
#7091,#7092,#7093,#7094,#7095,#7096,#7097,#7098,#7099,#7100,#7101,#7102,
#7103,#7104,#7105,#7106,#7107,#7108,#7109,#7110,#7111,#7112,#7113,#7114,
#7115,#7116,#7117,#7118,#7119,#7120,#7121,#7122,#7123,#7124,#7125,#7126,
#7127,#7128,#7129,#7130,#7131,#7132,#7133,#7134,#7135,#7136,#7137,#7138,
#7139,#7140,#7141,#7142,#7143,#7144,#7145,#7146,#7147,#7148,#7149,#7150,
#7151,#7152,#7153,#7154,#7155,#7156,#7157,#7158,#7159,#7160,#7161,#7162,
#7163,#7164,#7165,#7166,#7167,#7168,#7169,#7170,#7171,#7172,#7173,#7174,
#7175,#7176));
#1406=EDGE_LOOP('',(#7177,#7178,#7179,#7180));
#1407=EDGE_LOOP('',(#7181,#7182,#7183,#7184));
#1408=EDGE_LOOP('',(#7185,#7186,#7187,#7188));
#1409=EDGE_LOOP('',(#7189,#7190,#7191,#7192));
#1410=EDGE_LOOP('',(#7193,#7194,#7195,#7196));
#1411=EDGE_LOOP('',(#7197,#7198,#7199,#7200));
#1412=EDGE_LOOP('',(#7201,#7202,#7203,#7204));
#1413=EDGE_LOOP('',(#7205,#7206,#7207,#7208));
#1414=EDGE_LOOP('',(#7209,#7210,#7211,#7212));
#1415=EDGE_LOOP('',(#7213,#7214,#7215,#7216));
#1416=EDGE_LOOP('',(#7217,#7218,#7219,#7220));
#1417=EDGE_LOOP('',(#7221,#7222,#7223,#7224));
#1418=EDGE_LOOP('',(#7225,#7226,#7227,#7228,#7229,#7230,#7231));
#1419=EDGE_LOOP('',(#7232,#7233,#7234,#7235));
#1420=EDGE_LOOP('',(#7236));
#1421=EDGE_LOOP('',(#7237,#7238,#7239,#7240,#7241,#7242,#7243));
#1422=EDGE_LOOP('',(#7244,#7245,#7246,#7247));
#1423=EDGE_LOOP('',(#7248));
#1424=EDGE_LOOP('',(#7249,#7250,#7251,#7252));
#1425=EDGE_LOOP('',(#7253,#7254,#7255,#7256));
#1426=EDGE_LOOP('',(#7257,#7258,#7259,#7260));
#1427=EDGE_LOOP('',(#7261,#7262,#7263,#7264));
#1428=EDGE_LOOP('',(#7265,#7266,#7267,#7268));
#1429=EDGE_LOOP('',(#7269,#7270,#7271,#7272));
#1430=EDGE_LOOP('',(#7273,#7274,#7275,#7276));
#1431=EDGE_LOOP('',(#7277,#7278,#7279,#7280));
#1432=EDGE_LOOP('',(#7281,#7282,#7283,#7284));
#1433=EDGE_LOOP('',(#7285,#7286,#7287,#7288));
#1434=EDGE_LOOP('',(#7289,#7290,#7291,#7292));
#1435=EDGE_LOOP('',(#7293,#7294,#7295,#7296));
#1436=EDGE_LOOP('',(#7297,#7298,#7299,#7300));
#1437=EDGE_LOOP('',(#7301,#7302,#7303,#7304));
#1438=EDGE_LOOP('',(#7305,#7306,#7307,#7308));
#1439=EDGE_LOOP('',(#7309,#7310,#7311,#7312));
#1440=EDGE_LOOP('',(#7313,#7314,#7315,#7316));
#1441=EDGE_LOOP('',(#7317,#7318,#7319,#7320));
#1442=EDGE_LOOP('',(#7321,#7322,#7323,#7324));
#1443=EDGE_LOOP('',(#7325,#7326,#7327,#7328,#7329,#7330));
#1444=EDGE_LOOP('',(#7331));
#1445=EDGE_LOOP('',(#7332,#7333,#7334,#7335,#7336,#7337));
#1446=EDGE_LOOP('',(#7338));
#1447=EDGE_LOOP('',(#7339,#7340,#7341,#7342));
#1448=EDGE_LOOP('',(#7343,#7344,#7345,#7346));
#1449=EDGE_LOOP('',(#7347,#7348,#7349,#7350));
#1450=EDGE_LOOP('',(#7351,#7352,#7353,#7354));
#1451=EDGE_LOOP('',(#7355,#7356,#7357,#7358));
#1452=EDGE_LOOP('',(#7359,#7360,#7361,#7362));
#1453=EDGE_LOOP('',(#7363,#7364,#7365,#7366));
#1454=EDGE_LOOP('',(#7367,#7368,#7369,#7370,#7371,#7372));
#1455=EDGE_LOOP('',(#7373));
#1456=EDGE_LOOP('',(#7374,#7375,#7376,#7377,#7378,#7379));
#1457=EDGE_LOOP('',(#7380));
#1458=EDGE_LOOP('',(#7381,#7382,#7383,#7384));
#1459=EDGE_LOOP('',(#7385,#7386,#7387,#7388));
#1460=EDGE_LOOP('',(#7389,#7390,#7391,#7392));
#1461=EDGE_LOOP('',(#7393,#7394,#7395,#7396));
#1462=EDGE_LOOP('',(#7397,#7398,#7399,#7400));
#1463=EDGE_LOOP('',(#7401,#7402,#7403,#7404));
#1464=EDGE_LOOP('',(#7405,#7406,#7407,#7408));
#1465=EDGE_LOOP('',(#7409,#7410,#7411,#7412,#7413,#7414));
#1466=EDGE_LOOP('',(#7415));
#1467=EDGE_LOOP('',(#7416,#7417,#7418,#7419,#7420,#7421));
#1468=EDGE_LOOP('',(#7422));
#1469=EDGE_LOOP('',(#7423,#7424,#7425,#7426));
#1470=EDGE_LOOP('',(#7427,#7428,#7429,#7430));
#1471=EDGE_LOOP('',(#7431,#7432,#7433,#7434));
#1472=EDGE_LOOP('',(#7435,#7436,#7437,#7438));
#1473=EDGE_LOOP('',(#7439,#7440,#7441,#7442));
#1474=EDGE_LOOP('',(#7443,#7444,#7445,#7446));
#1475=EDGE_LOOP('',(#7447,#7448,#7449,#7450));
#1476=EDGE_LOOP('',(#7451,#7452,#7453,#7454,#7455,#7456));
#1477=EDGE_LOOP('',(#7457));
#1478=EDGE_LOOP('',(#7458,#7459,#7460,#7461,#7462,#7463));
#1479=EDGE_LOOP('',(#7464));
#1480=LINE('',#11217,#2357);
#1481=LINE('',#11219,#2358);
#1482=LINE('',#11221,#2359);
#1483=LINE('',#11222,#2360);
#1484=LINE('',#11225,#2361);
#1485=LINE('',#11227,#2362);
#1486=LINE('',#11228,#2363);
#1487=LINE('',#11231,#2364);
#1488=LINE('',#11233,#2365);
#1489=LINE('',#11234,#2366);
#1490=LINE('',#11237,#2367);
#1491=LINE('',#11239,#2368);
#1492=LINE('',#11240,#2369);
#1493=LINE('',#11243,#2370);
#1494=LINE('',#11245,#2371);
#1495=LINE('',#11247,#2372);
#1496=LINE('',#11249,#2373);
#1497=LINE('',#11250,#2374);
#1498=LINE('',#11254,#2375);
#1499=LINE('',#11256,#2376);
#1500=LINE('',#11258,#2377);
#1501=LINE('',#11259,#2378);
#1502=LINE('',#11261,#2379);
#1503=LINE('',#11263,#2380);
#1504=LINE('',#11265,#2381);
#1505=LINE('',#11267,#2382);
#1506=LINE('',#11269,#2383);
#1507=LINE('',#11271,#2384);
#1508=LINE('',#11273,#2385);
#1509=LINE('',#11275,#2386);
#1510=LINE('',#11277,#2387);
#1511=LINE('',#11279,#2388);
#1512=LINE('',#11281,#2389);
#1513=LINE('',#11283,#2390);
#1514=LINE('',#11285,#2391);
#1515=LINE('',#11287,#2392);
#1516=LINE('',#11289,#2393);
#1517=LINE('',#11291,#2394);
#1518=LINE('',#11293,#2395);
#1519=LINE('',#11295,#2396);
#1520=LINE('',#11297,#2397);
#1521=LINE('',#11299,#2398);
#1522=LINE('',#11301,#2399);
#1523=LINE('',#11303,#2400);
#1524=LINE('',#11305,#2401);
#1525=LINE('',#11307,#2402);
#1526=LINE('',#11309,#2403);
#1527=LINE('',#11311,#2404);
#1528=LINE('',#11313,#2405);
#1529=LINE('',#11315,#2406);
#1530=LINE('',#11317,#2407);
#1531=LINE('',#11319,#2408);
#1532=LINE('',#11320,#2409);
#1533=LINE('',#11323,#2410);
#1534=LINE('',#11325,#2411);
#1535=LINE('',#11326,#2412);
#1536=LINE('',#11329,#2413);
#1537=LINE('',#11330,#2414);
#1538=LINE('',#11333,#2415);
#1539=LINE('',#11334,#2416);
#1540=LINE('',#11337,#2417);
#1541=LINE('',#11339,#2418);
#1542=LINE('',#11340,#2419);
#1543=LINE('',#11343,#2420);
#1544=LINE('',#11344,#2421);
#1545=LINE('',#11346,#2422);
#1546=LINE('',#11349,#2423);
#1547=LINE('',#11351,#2424);
#1548=LINE('',#11352,#2425);
#1549=LINE('',#11355,#2426);
#1550=LINE('',#11356,#2427);
#1551=LINE('',#11359,#2428);
#1552=LINE('',#11360,#2429);
#1553=LINE('',#11363,#2430);
#1554=LINE('',#11365,#2431);
#1555=LINE('',#11366,#2432);
#1556=LINE('',#11369,#2433);
#1557=LINE('',#11370,#2434);
#1558=LINE('',#11373,#2435);
#1559=LINE('',#11374,#2436);
#1560=LINE('',#11377,#2437);
#1561=LINE('',#11379,#2438);
#1562=LINE('',#11380,#2439);
#1563=LINE('',#11383,#2440);
#1564=LINE('',#11384,#2441);
#1565=LINE('',#11387,#2442);
#1566=LINE('',#11388,#2443);
#1567=LINE('',#11391,#2444);
#1568=LINE('',#11393,#2445);
#1569=LINE('',#11394,#2446);
#1570=LINE('',#11397,#2447);
#1571=LINE('',#11398,#2448);
#1572=LINE('',#11401,#2449);
#1573=LINE('',#11402,#2450);
#1574=LINE('',#11405,#2451);
#1575=LINE('',#11407,#2452);
#1576=LINE('',#11408,#2453);
#1577=LINE('',#11411,#2454);
#1578=LINE('',#11412,#2455);
#1579=LINE('',#11415,#2456);
#1580=LINE('',#11416,#2457);
#1581=LINE('',#11418,#2458);
#1582=LINE('',#11420,#2459);
#1583=LINE('',#11423,#2460);
#1584=LINE('',#11424,#2461);
#1585=LINE('',#11427,#2462);
#1586=LINE('',#11429,#2463);
#1587=LINE('',#11431,#2464);
#1588=LINE('',#11432,#2465);
#1589=LINE('',#11434,#2466);
#1590=LINE('',#11436,#2467);
#1591=LINE('',#11439,#2468);
#1592=LINE('',#11440,#2469);
#1593=LINE('',#11442,#2470);
#1594=LINE('',#11446,#2471);
#1595=LINE('',#11447,#2472);
#1596=LINE('',#11448,#2473);
#1597=LINE('',#11452,#2474);
#1598=LINE('',#11453,#2475);
#1599=LINE('',#11454,#2476);
#1600=LINE('',#11456,#2477);
#1601=LINE('',#11457,#2478);
#1602=LINE('',#11461,#2479);
#1603=LINE('',#11465,#2480);
#1604=LINE('',#11469,#2481);
#1605=LINE('',#11473,#2482);
#1606=LINE('',#11476,#2483);
#1607=LINE('',#11479,#2484);
#1608=LINE('',#11481,#2485);
#1609=LINE('',#11482,#2486);
#1610=LINE('',#11486,#2487);
#1611=LINE('',#11487,#2488);
#1612=LINE('',#11488,#2489);
#1613=LINE('',#11491,#2490);
#1614=LINE('',#11493,#2491);
#1615=LINE('',#11494,#2492);
#1616=LINE('',#11497,#2493);
#1617=LINE('',#11499,#2494);
#1618=LINE('',#11500,#2495);
#1619=LINE('',#11502,#2496);
#1620=LINE('',#11503,#2497);
#1621=LINE('',#11504,#2498);
#1622=LINE('',#11510,#2499);
#1623=LINE('',#11514,#2500);
#1624=LINE('',#11518,#2501);
#1625=LINE('',#11522,#2502);
#1626=LINE('',#11526,#2503);
#1627=LINE('',#11531,#2504);
#1628=LINE('',#11534,#2505);
#1629=LINE('',#11535,#2506);
#1630=LINE('',#11539,#2507);
#1631=LINE('',#11540,#2508);
#1632=LINE('',#11542,#2509);
#1633=LINE('',#11544,#2510);
#1634=LINE('',#11546,#2511);
#1635=LINE('',#11548,#2512);
#1636=LINE('',#11550,#2513);
#1637=LINE('',#11552,#2514);
#1638=LINE('',#11560,#2515);
#1639=LINE('',#11568,#2516);
#1640=LINE('',#11575,#2517);
#1641=LINE('',#11578,#2518);
#1642=LINE('',#11581,#2519);
#1643=LINE('',#11583,#2520);
#1644=LINE('',#11584,#2521);
#1645=LINE('',#11590,#2522);
#1646=LINE('',#11593,#2523);
#1647=LINE('',#11595,#2524);
#1648=LINE('',#11596,#2525);
#1649=LINE('',#11599,#2526);
#1650=LINE('',#11601,#2527);
#1651=LINE('',#11602,#2528);
#1652=LINE('',#11604,#2529);
#1653=LINE('',#11605,#2530);
#1654=LINE('',#11611,#2531);
#1655=LINE('',#11613,#2532);
#1656=LINE('',#11615,#2533);
#1657=LINE('',#11616,#2534);
#1658=LINE('',#11619,#2535);
#1659=LINE('',#11621,#2536);
#1660=LINE('',#11622,#2537);
#1661=LINE('',#11625,#2538);
#1662=LINE('',#11627,#2539);
#1663=LINE('',#11628,#2540);
#1664=LINE('',#11630,#2541);
#1665=LINE('',#11631,#2542);
#1666=LINE('',#11635,#2543);
#1667=LINE('',#11637,#2544);
#1668=LINE('',#11639,#2545);
#1669=LINE('',#11640,#2546);
#1670=LINE('',#11643,#2547);
#1671=LINE('',#11645,#2548);
#1672=LINE('',#11646,#2549);
#1673=LINE('',#11649,#2550);
#1674=LINE('',#11651,#2551);
#1675=LINE('',#11652,#2552);
#1676=LINE('',#11654,#2553);
#1677=LINE('',#11655,#2554);
#1678=LINE('',#11663,#2555);
#1679=LINE('',#11666,#2556);
#1680=LINE('',#11669,#2557);
#1681=LINE('',#11673,#2558);
#1682=LINE('',#11675,#2559);
#1683=LINE('',#11676,#2560);
#1684=LINE('',#11681,#2561);
#1685=LINE('',#11682,#2562);
#1686=LINE('',#11686,#2563);
#1687=LINE('',#11689,#2564);
#1688=LINE('',#11693,#2565);
#1689=LINE('',#11694,#2566);
#1690=LINE('',#11697,#2567);
#1691=LINE('',#11698,#2568);
#1692=LINE('',#11700,#2569);
#1693=LINE('',#11707,#2570);
#1694=LINE('',#11714,#2571);
#1695=LINE('',#11722,#2572);
#1696=LINE('',#11733,#2573);
#1697=LINE('',#11739,#2574);
#1698=LINE('',#11747,#2575);
#1699=LINE('',#11753,#2576);
#1700=LINE('',#11758,#2577);
#1701=LINE('',#11764,#2578);
#1702=LINE('',#11770,#2579);
#1703=LINE('',#11776,#2580);
#1704=LINE('',#11782,#2581);
#1705=LINE('',#11788,#2582);
#1706=LINE('',#11794,#2583);
#1707=LINE('',#11800,#2584);
#1708=LINE('',#11806,#2585);
#1709=LINE('',#11812,#2586);
#1710=LINE('',#11817,#2587);
#1711=LINE('',#11819,#2588);
#1712=LINE('',#11821,#2589);
#1713=LINE('',#11822,#2590);
#1714=LINE('',#11825,#2591);
#1715=LINE('',#11827,#2592);
#1716=LINE('',#11828,#2593);
#1717=LINE('',#11831,#2594);
#1718=LINE('',#11833,#2595);
#1719=LINE('',#11834,#2596);
#1720=LINE('',#11836,#2597);
#1721=LINE('',#11837,#2598);
#1722=LINE('',#11843,#2599);
#1723=LINE('',#11845,#2600);
#1724=LINE('',#11847,#2601);
#1725=LINE('',#11848,#2602);
#1726=LINE('',#11851,#2603);
#1727=LINE('',#11853,#2604);
#1728=LINE('',#11854,#2605);
#1729=LINE('',#11857,#2606);
#1730=LINE('',#11859,#2607);
#1731=LINE('',#11860,#2608);
#1732=LINE('',#11862,#2609);
#1733=LINE('',#11863,#2610);
#1734=LINE('',#11871,#2611);
#1735=LINE('',#11874,#2612);
#1736=LINE('',#11877,#2613);
#1737=LINE('',#11879,#2614);
#1738=LINE('',#11880,#2615);
#1739=LINE('',#11883,#2616);
#1740=LINE('',#11885,#2617);
#1741=LINE('',#11886,#2618);
#1742=LINE('',#11892,#2619);
#1743=LINE('',#11895,#2620);
#1744=LINE('',#11897,#2621);
#1745=LINE('',#11898,#2622);
#1746=LINE('',#11901,#2623);
#1747=LINE('',#11903,#2624);
#1748=LINE('',#11904,#2625);
#1749=LINE('',#11910,#2626);
#1750=LINE('',#11913,#2627);
#1751=LINE('',#11915,#2628);
#1752=LINE('',#11916,#2629);
#1753=LINE('',#11919,#2630);
#1754=LINE('',#11921,#2631);
#1755=LINE('',#11922,#2632);
#1756=LINE('',#11928,#2633);
#1757=LINE('',#11931,#2634);
#1758=LINE('',#11933,#2635);
#1759=LINE('',#11934,#2636);
#1760=LINE('',#11937,#2637);
#1761=LINE('',#11939,#2638);
#1762=LINE('',#11940,#2639);
#1763=LINE('',#11946,#2640);
#1764=LINE('',#11949,#2641);
#1765=LINE('',#11951,#2642);
#1766=LINE('',#11952,#2643);
#1767=LINE('',#11955,#2644);
#1768=LINE('',#11957,#2645);
#1769=LINE('',#11958,#2646);
#1770=LINE('',#11964,#2647);
#1771=LINE('',#11967,#2648);
#1772=LINE('',#11969,#2649);
#1773=LINE('',#11970,#2650);
#1774=LINE('',#11973,#2651);
#1775=LINE('',#11975,#2652);
#1776=LINE('',#11976,#2653);
#1777=LINE('',#11982,#2654);
#1778=LINE('',#11985,#2655);
#1779=LINE('',#11987,#2656);
#1780=LINE('',#11988,#2657);
#1781=LINE('',#11991,#2658);
#1782=LINE('',#11993,#2659);
#1783=LINE('',#11994,#2660);
#1784=LINE('',#12000,#2661);
#1785=LINE('',#12003,#2662);
#1786=LINE('',#12005,#2663);
#1787=LINE('',#12006,#2664);
#1788=LINE('',#12009,#2665);
#1789=LINE('',#12011,#2666);
#1790=LINE('',#12012,#2667);
#1791=LINE('',#12018,#2668);
#1792=LINE('',#12021,#2669);
#1793=LINE('',#12023,#2670);
#1794=LINE('',#12024,#2671);
#1795=LINE('',#12027,#2672);
#1796=LINE('',#12029,#2673);
#1797=LINE('',#12030,#2674);
#1798=LINE('',#12036,#2675);
#1799=LINE('',#12039,#2676);
#1800=LINE('',#12041,#2677);
#1801=LINE('',#12042,#2678);
#1802=LINE('',#12045,#2679);
#1803=LINE('',#12047,#2680);
#1804=LINE('',#12048,#2681);
#1805=LINE('',#12054,#2682);
#1806=LINE('',#12057,#2683);
#1807=LINE('',#12059,#2684);
#1808=LINE('',#12060,#2685);
#1809=LINE('',#12063,#2686);
#1810=LINE('',#12065,#2687);
#1811=LINE('',#12066,#2688);
#1812=LINE('',#12072,#2689);
#1813=LINE('',#12075,#2690);
#1814=LINE('',#12077,#2691);
#1815=LINE('',#12078,#2692);
#1816=LINE('',#12081,#2693);
#1817=LINE('',#12083,#2694);
#1818=LINE('',#12084,#2695);
#1819=LINE('',#12090,#2696);
#1820=LINE('',#12093,#2697);
#1821=LINE('',#12095,#2698);
#1822=LINE('',#12096,#2699);
#1823=LINE('',#12099,#2700);
#1824=LINE('',#12101,#2701);
#1825=LINE('',#12102,#2702);
#1826=LINE('',#12108,#2703);
#1827=LINE('',#12111,#2704);
#1828=LINE('',#12113,#2705);
#1829=LINE('',#12114,#2706);
#1830=LINE('',#12117,#2707);
#1831=LINE('',#12119,#2708);
#1832=LINE('',#12120,#2709);
#1833=LINE('',#12126,#2710);
#1834=LINE('',#12129,#2711);
#1835=LINE('',#12131,#2712);
#1836=LINE('',#12132,#2713);
#1837=LINE('',#12135,#2714);
#1838=LINE('',#12137,#2715);
#1839=LINE('',#12138,#2716);
#1840=LINE('',#12144,#2717);
#1841=LINE('',#12147,#2718);
#1842=LINE('',#12149,#2719);
#1843=LINE('',#12150,#2720);
#1844=LINE('',#12153,#2721);
#1845=LINE('',#12155,#2722);
#1846=LINE('',#12156,#2723);
#1847=LINE('',#12162,#2724);
#1848=LINE('',#12165,#2725);
#1849=LINE('',#12167,#2726);
#1850=LINE('',#12168,#2727);
#1851=LINE('',#12171,#2728);
#1852=LINE('',#12173,#2729);
#1853=LINE('',#12174,#2730);
#1854=LINE('',#12180,#2731);
#1855=LINE('',#12183,#2732);
#1856=LINE('',#12185,#2733);
#1857=LINE('',#12186,#2734);
#1858=LINE('',#12189,#2735);
#1859=LINE('',#12191,#2736);
#1860=LINE('',#12192,#2737);
#1861=LINE('',#12198,#2738);
#1862=LINE('',#12201,#2739);
#1863=LINE('',#12203,#2740);
#1864=LINE('',#12204,#2741);
#1865=LINE('',#12207,#2742);
#1866=LINE('',#12209,#2743);
#1867=LINE('',#12210,#2744);
#1868=LINE('',#12216,#2745);
#1869=LINE('',#12219,#2746);
#1870=LINE('',#12221,#2747);
#1871=LINE('',#12222,#2748);
#1872=LINE('',#12225,#2749);
#1873=LINE('',#12227,#2750);
#1874=LINE('',#12228,#2751);
#1875=LINE('',#12234,#2752);
#1876=LINE('',#12237,#2753);
#1877=LINE('',#12239,#2754);
#1878=LINE('',#12240,#2755);
#1879=LINE('',#12243,#2756);
#1880=LINE('',#12245,#2757);
#1881=LINE('',#12246,#2758);
#1882=LINE('',#12252,#2759);
#1883=LINE('',#12255,#2760);
#1884=LINE('',#12257,#2761);
#1885=LINE('',#12258,#2762);
#1886=LINE('',#12261,#2763);
#1887=LINE('',#12263,#2764);
#1888=LINE('',#12264,#2765);
#1889=LINE('',#12270,#2766);
#1890=LINE('',#12273,#2767);
#1891=LINE('',#12275,#2768);
#1892=LINE('',#12276,#2769);
#1893=LINE('',#12279,#2770);
#1894=LINE('',#12281,#2771);
#1895=LINE('',#12282,#2772);
#1896=LINE('',#12288,#2773);
#1897=LINE('',#12291,#2774);
#1898=LINE('',#12293,#2775);
#1899=LINE('',#12294,#2776);
#1900=LINE('',#12297,#2777);
#1901=LINE('',#12299,#2778);
#1902=LINE('',#12300,#2779);
#1903=LINE('',#12306,#2780);
#1904=LINE('',#12309,#2781);
#1905=LINE('',#12311,#2782);
#1906=LINE('',#12312,#2783);
#1907=LINE('',#12315,#2784);
#1908=LINE('',#12317,#2785);
#1909=LINE('',#12318,#2786);
#1910=LINE('',#12324,#2787);
#1911=LINE('',#12327,#2788);
#1912=LINE('',#12329,#2789);
#1913=LINE('',#12330,#2790);
#1914=LINE('',#12333,#2791);
#1915=LINE('',#12335,#2792);
#1916=LINE('',#12336,#2793);
#1917=LINE('',#12342,#2794);
#1918=LINE('',#12345,#2795);
#1919=LINE('',#12347,#2796);
#1920=LINE('',#12348,#2797);
#1921=LINE('',#12351,#2798);
#1922=LINE('',#12353,#2799);
#1923=LINE('',#12354,#2800);
#1924=LINE('',#12360,#2801);
#1925=LINE('',#12363,#2802);
#1926=LINE('',#12365,#2803);
#1927=LINE('',#12366,#2804);
#1928=LINE('',#12369,#2805);
#1929=LINE('',#12371,#2806);
#1930=LINE('',#12372,#2807);
#1931=LINE('',#12378,#2808);
#1932=LINE('',#12381,#2809);
#1933=LINE('',#12383,#2810);
#1934=LINE('',#12384,#2811);
#1935=LINE('',#12387,#2812);
#1936=LINE('',#12389,#2813);
#1937=LINE('',#12390,#2814);
#1938=LINE('',#12396,#2815);
#1939=LINE('',#12399,#2816);
#1940=LINE('',#12401,#2817);
#1941=LINE('',#12402,#2818);
#1942=LINE('',#12405,#2819);
#1943=LINE('',#12407,#2820);
#1944=LINE('',#12408,#2821);
#1945=LINE('',#12414,#2822);
#1946=LINE('',#12420,#2823);
#1947=LINE('',#12423,#2824);
#1948=LINE('',#12425,#2825);
#1949=LINE('',#12426,#2826);
#1950=LINE('',#12429,#2827);
#1951=LINE('',#12431,#2828);
#1952=LINE('',#12432,#2829);
#1953=LINE('',#12434,#2830);
#1954=LINE('',#12435,#2831);
#1955=LINE('',#12442,#2832);
#1956=LINE('',#12447,#2833);
#1957=LINE('',#12449,#2834);
#1958=LINE('',#12451,#2835);
#1959=LINE('',#12452,#2836);
#1960=LINE('',#12458,#2837);
#1961=LINE('',#12461,#2838);
#1962=LINE('',#12463,#2839);
#1963=LINE('',#12464,#2840);
#1964=LINE('',#12473,#2841);
#1965=LINE('',#12476,#2842);
#1966=LINE('',#12479,#2843);
#1967=LINE('',#12481,#2844);
#1968=LINE('',#12482,#2845);
#1969=LINE('',#12505,#2846);
#1970=LINE('',#12508,#2847);
#1971=LINE('',#12510,#2848);
#1972=LINE('',#12511,#2849);
#1973=LINE('',#12517,#2850);
#1974=LINE('',#12520,#2851);
#1975=LINE('',#12522,#2852);
#1976=LINE('',#12523,#2853);
#1977=LINE('',#12525,#2854);
#1978=LINE('',#12526,#2855);
#1979=LINE('',#12533,#2856);
#1980=LINE('',#12540,#2857);
#1981=LINE('',#12543,#2858);
#1982=LINE('',#12546,#2859);
#1983=LINE('',#12548,#2860);
#1984=LINE('',#12549,#2861);
#1985=LINE('',#12554,#2862);
#1986=LINE('',#12558,#2863);
#1987=LINE('',#12560,#2864);
#1988=LINE('',#12561,#2865);
#1989=LINE('',#12564,#2866);
#1990=LINE('',#12566,#2867);
#1991=LINE('',#12567,#2868);
#1992=LINE('',#12569,#2869);
#1993=LINE('',#12570,#2870);
#1994=LINE('',#12578,#2871);
#1995=LINE('',#12581,#2872);
#1996=LINE('',#12584,#2873);
#1997=LINE('',#12586,#2874);
#1998=LINE('',#12588,#2875);
#1999=LINE('',#12591,#2876);
#2000=LINE('',#12596,#2877);
#2001=LINE('',#12597,#2878);
#2002=LINE('',#12600,#2879);
#2003=LINE('',#12604,#2880);
#2004=LINE('',#12608,#2881);
#2005=LINE('',#12609,#2882);
#2006=LINE('',#12612,#2883);
#2007=LINE('',#12613,#2884);
#2008=LINE('',#12615,#2885);
#2009=LINE('',#12621,#2886);
#2010=LINE('',#12629,#2887);
#2011=LINE('',#12635,#2888);
#2012=LINE('',#12641,#2889);
#2013=LINE('',#12647,#2890);
#2014=LINE('',#12653,#2891);
#2015=LINE('',#12659,#2892);
#2016=LINE('',#12665,#2893);
#2017=LINE('',#12671,#2894);
#2018=LINE('',#12677,#2895);
#2019=LINE('',#12683,#2896);
#2020=LINE('',#12688,#2897);
#2021=LINE('',#12690,#2898);
#2022=LINE('',#12692,#2899);
#2023=LINE('',#12693,#2900);
#2024=LINE('',#12696,#2901);
#2025=LINE('',#12698,#2902);
#2026=LINE('',#12699,#2903);
#2027=LINE('',#12702,#2904);
#2028=LINE('',#12704,#2905);
#2029=LINE('',#12705,#2906);
#2030=LINE('',#12707,#2907);
#2031=LINE('',#12708,#2908);
#2032=LINE('',#12716,#2909);
#2033=LINE('',#12719,#2910);
#2034=LINE('',#12722,#2911);
#2035=LINE('',#12724,#2912);
#2036=LINE('',#12725,#2913);
#2037=LINE('',#12728,#2914);
#2038=LINE('',#12730,#2915);
#2039=LINE('',#12731,#2916);
#2040=LINE('',#12736,#2917);
#2041=LINE('',#12740,#2918);
#2042=LINE('',#12742,#2919);
#2043=LINE('',#12743,#2920);
#2044=LINE('',#12746,#2921);
#2045=LINE('',#12748,#2922);
#2046=LINE('',#12749,#2923);
#2047=LINE('',#12754,#2924);
#2048=LINE('',#12758,#2925);
#2049=LINE('',#12760,#2926);
#2050=LINE('',#12761,#2927);
#2051=LINE('',#12764,#2928);
#2052=LINE('',#12766,#2929);
#2053=LINE('',#12767,#2930);
#2054=LINE('',#12772,#2931);
#2055=LINE('',#12776,#2932);
#2056=LINE('',#12778,#2933);
#2057=LINE('',#12779,#2934);
#2058=LINE('',#12782,#2935);
#2059=LINE('',#12784,#2936);
#2060=LINE('',#12785,#2937);
#2061=LINE('',#12790,#2938);
#2062=LINE('',#12794,#2939);
#2063=LINE('',#12796,#2940);
#2064=LINE('',#12797,#2941);
#2065=LINE('',#12800,#2942);
#2066=LINE('',#12802,#2943);
#2067=LINE('',#12803,#2944);
#2068=LINE('',#12808,#2945);
#2069=LINE('',#12812,#2946);
#2070=LINE('',#12814,#2947);
#2071=LINE('',#12815,#2948);
#2072=LINE('',#12818,#2949);
#2073=LINE('',#12820,#2950);
#2074=LINE('',#12821,#2951);
#2075=LINE('',#12826,#2952);
#2076=LINE('',#12830,#2953);
#2077=LINE('',#12832,#2954);
#2078=LINE('',#12833,#2955);
#2079=LINE('',#12836,#2956);
#2080=LINE('',#12838,#2957);
#2081=LINE('',#12839,#2958);
#2082=LINE('',#12844,#2959);
#2083=LINE('',#12848,#2960);
#2084=LINE('',#12850,#2961);
#2085=LINE('',#12851,#2962);
#2086=LINE('',#12854,#2963);
#2087=LINE('',#12856,#2964);
#2088=LINE('',#12857,#2965);
#2089=LINE('',#12862,#2966);
#2090=LINE('',#12866,#2967);
#2091=LINE('',#12868,#2968);
#2092=LINE('',#12869,#2969);
#2093=LINE('',#12872,#2970);
#2094=LINE('',#12874,#2971);
#2095=LINE('',#12875,#2972);
#2096=LINE('',#12880,#2973);
#2097=LINE('',#12884,#2974);
#2098=LINE('',#12886,#2975);
#2099=LINE('',#12887,#2976);
#2100=LINE('',#12890,#2977);
#2101=LINE('',#12892,#2978);
#2102=LINE('',#12893,#2979);
#2103=LINE('',#12898,#2980);
#2104=LINE('',#12902,#2981);
#2105=LINE('',#12904,#2982);
#2106=LINE('',#12905,#2983);
#2107=LINE('',#12908,#2984);
#2108=LINE('',#12910,#2985);
#2109=LINE('',#12911,#2986);
#2110=LINE('',#12916,#2987);
#2111=LINE('',#12920,#2988);
#2112=LINE('',#12922,#2989);
#2113=LINE('',#12923,#2990);
#2114=LINE('',#12926,#2991);
#2115=LINE('',#12928,#2992);
#2116=LINE('',#12929,#2993);
#2117=LINE('',#12934,#2994);
#2118=LINE('',#12938,#2995);
#2119=LINE('',#12940,#2996);
#2120=LINE('',#12941,#2997);
#2121=LINE('',#12944,#2998);
#2122=LINE('',#12946,#2999);
#2123=LINE('',#12947,#3000);
#2124=LINE('',#12952,#3001);
#2125=LINE('',#12956,#3002);
#2126=LINE('',#12958,#3003);
#2127=LINE('',#12959,#3004);
#2128=LINE('',#12962,#3005);
#2129=LINE('',#12964,#3006);
#2130=LINE('',#12965,#3007);
#2131=LINE('',#12970,#3008);
#2132=LINE('',#12974,#3009);
#2133=LINE('',#12976,#3010);
#2134=LINE('',#12977,#3011);
#2135=LINE('',#12980,#3012);
#2136=LINE('',#12982,#3013);
#2137=LINE('',#12983,#3014);
#2138=LINE('',#12988,#3015);
#2139=LINE('',#12992,#3016);
#2140=LINE('',#12994,#3017);
#2141=LINE('',#12995,#3018);
#2142=LINE('',#12998,#3019);
#2143=LINE('',#13000,#3020);
#2144=LINE('',#13001,#3021);
#2145=LINE('',#13006,#3022);
#2146=LINE('',#13010,#3023);
#2147=LINE('',#13012,#3024);
#2148=LINE('',#13013,#3025);
#2149=LINE('',#13016,#3026);
#2150=LINE('',#13018,#3027);
#2151=LINE('',#13019,#3028);
#2152=LINE('',#13024,#3029);
#2153=LINE('',#13028,#3030);
#2154=LINE('',#13030,#3031);
#2155=LINE('',#13031,#3032);
#2156=LINE('',#13034,#3033);
#2157=LINE('',#13036,#3034);
#2158=LINE('',#13037,#3035);
#2159=LINE('',#13042,#3036);
#2160=LINE('',#13046,#3037);
#2161=LINE('',#13048,#3038);
#2162=LINE('',#13049,#3039);
#2163=LINE('',#13052,#3040);
#2164=LINE('',#13054,#3041);
#2165=LINE('',#13055,#3042);
#2166=LINE('',#13060,#3043);
#2167=LINE('',#13064,#3044);
#2168=LINE('',#13066,#3045);
#2169=LINE('',#13067,#3046);
#2170=LINE('',#13070,#3047);
#2171=LINE('',#13072,#3048);
#2172=LINE('',#13073,#3049);
#2173=LINE('',#13078,#3050);
#2174=LINE('',#13082,#3051);
#2175=LINE('',#13084,#3052);
#2176=LINE('',#13085,#3053);
#2177=LINE('',#13088,#3054);
#2178=LINE('',#13090,#3055);
#2179=LINE('',#13091,#3056);
#2180=LINE('',#13096,#3057);
#2181=LINE('',#13100,#3058);
#2182=LINE('',#13102,#3059);
#2183=LINE('',#13103,#3060);
#2184=LINE('',#13106,#3061);
#2185=LINE('',#13108,#3062);
#2186=LINE('',#13109,#3063);
#2187=LINE('',#13114,#3064);
#2188=LINE('',#13118,#3065);
#2189=LINE('',#13120,#3066);
#2190=LINE('',#13121,#3067);
#2191=LINE('',#13124,#3068);
#2192=LINE('',#13126,#3069);
#2193=LINE('',#13127,#3070);
#2194=LINE('',#13132,#3071);
#2195=LINE('',#13136,#3072);
#2196=LINE('',#13138,#3073);
#2197=LINE('',#13139,#3074);
#2198=LINE('',#13142,#3075);
#2199=LINE('',#13144,#3076);
#2200=LINE('',#13145,#3077);
#2201=LINE('',#13150,#3078);
#2202=LINE('',#13154,#3079);
#2203=LINE('',#13156,#3080);
#2204=LINE('',#13157,#3081);
#2205=LINE('',#13160,#3082);
#2206=LINE('',#13162,#3083);
#2207=LINE('',#13163,#3084);
#2208=LINE('',#13168,#3085);
#2209=LINE('',#13172,#3086);
#2210=LINE('',#13174,#3087);
#2211=LINE('',#13175,#3088);
#2212=LINE('',#13178,#3089);
#2213=LINE('',#13180,#3090);
#2214=LINE('',#13181,#3091);
#2215=LINE('',#13186,#3092);
#2216=LINE('',#13190,#3093);
#2217=LINE('',#13192,#3094);
#2218=LINE('',#13193,#3095);
#2219=LINE('',#13196,#3096);
#2220=LINE('',#13198,#3097);
#2221=LINE('',#13199,#3098);
#2222=LINE('',#13204,#3099);
#2223=LINE('',#13208,#3100);
#2224=LINE('',#13210,#3101);
#2225=LINE('',#13211,#3102);
#2226=LINE('',#13214,#3103);
#2227=LINE('',#13216,#3104);
#2228=LINE('',#13217,#3105);
#2229=LINE('',#13222,#3106);
#2230=LINE('',#13226,#3107);
#2231=LINE('',#13228,#3108);
#2232=LINE('',#13229,#3109);
#2233=LINE('',#13232,#3110);
#2234=LINE('',#13234,#3111);
#2235=LINE('',#13235,#3112);
#2236=LINE('',#13240,#3113);
#2237=LINE('',#13244,#3114);
#2238=LINE('',#13246,#3115);
#2239=LINE('',#13247,#3116);
#2240=LINE('',#13250,#3117);
#2241=LINE('',#13252,#3118);
#2242=LINE('',#13253,#3119);
#2243=LINE('',#13258,#3120);
#2244=LINE('',#13264,#3121);
#2245=LINE('',#13268,#3122);
#2246=LINE('',#13270,#3123);
#2247=LINE('',#13271,#3124);
#2248=LINE('',#13274,#3125);
#2249=LINE('',#13276,#3126);
#2250=LINE('',#13277,#3127);
#2251=LINE('',#13279,#3128);
#2252=LINE('',#13280,#3129);
#2253=LINE('',#13287,#3130);
#2254=LINE('',#13292,#3131);
#2255=LINE('',#13294,#3132);
#2256=LINE('',#13296,#3133);
#2257=LINE('',#13297,#3134);
#2258=LINE('',#13302,#3135);
#2259=LINE('',#13306,#3136);
#2260=LINE('',#13308,#3137);
#2261=LINE('',#13309,#3138);
#2262=LINE('',#13318,#3139);
#2263=LINE('',#13321,#3140);
#2264=LINE('',#13324,#3141);
#2265=LINE('',#13326,#3142);
#2266=LINE('',#13327,#3143);
#2267=LINE('',#13345,#3144);
#2268=LINE('',#13353,#3145);
#2269=LINE('',#13355,#3146);
#2270=LINE('',#13356,#3147);
#2271=LINE('',#13361,#3148);
#2272=LINE('',#13365,#3149);
#2273=LINE('',#13367,#3150);
#2274=LINE('',#13368,#3151);
#2275=LINE('',#13370,#3152);
#2276=LINE('',#13371,#3153);
#2277=LINE('',#13377,#3154);
#2278=LINE('',#13379,#3155);
#2279=LINE('',#13381,#3156);
#2280=LINE('',#13382,#3157);
#2281=LINE('',#13385,#3158);
#2282=LINE('',#13387,#3159);
#2283=LINE('',#13389,#3160);
#2284=LINE('',#13390,#3161);
#2285=LINE('',#13395,#3162);
#2286=LINE('',#13399,#3163);
#2287=LINE('',#13401,#3164);
#2288=LINE('',#13402,#3165);
#2289=LINE('',#13405,#3166);
#2290=LINE('',#13406,#3167);
#2291=LINE('',#13411,#3168);
#2292=LINE('',#13414,#3169);
#2293=LINE('',#13416,#3170);
#2294=LINE('',#13420,#3171);
#2295=LINE('',#13421,#3172);
#2296=LINE('',#13423,#3173);
#2297=LINE('',#13429,#3174);
#2298=LINE('',#13434,#3175);
#2299=LINE('',#13436,#3176);
#2300=LINE('',#13438,#3177);
#2301=LINE('',#13439,#3178);
#2302=LINE('',#13445,#3179);
#2303=LINE('',#13448,#3180);
#2304=LINE('',#13450,#3181);
#2305=LINE('',#13451,#3182);
#2306=LINE('',#13454,#3183);
#2307=LINE('',#13456,#3184);
#2308=LINE('',#13457,#3185);
#2309=LINE('',#13460,#3186);
#2310=LINE('',#13462,#3187);
#2311=LINE('',#13463,#3188);
#2312=LINE('',#13473,#3189);
#2313=LINE('',#13478,#3190);
#2314=LINE('',#13480,#3191);
#2315=LINE('',#13482,#3192);
#2316=LINE('',#13483,#3193);
#2317=LINE('',#13488,#3194);
#2318=LINE('',#13492,#3195);
#2319=LINE('',#13494,#3196);
#2320=LINE('',#13495,#3197);
#2321=LINE('',#13498,#3198);
#2322=LINE('',#13500,#3199);
#2323=LINE('',#13501,#3200);
#2324=LINE('',#13504,#3201);
#2325=LINE('',#13506,#3202);
#2326=LINE('',#13507,#3203);
#2327=LINE('',#13517,#3204);
#2328=LINE('',#13522,#3205);
#2329=LINE('',#13524,#3206);
#2330=LINE('',#13526,#3207);
#2331=LINE('',#13527,#3208);
#2332=LINE('',#13532,#3209);
#2333=LINE('',#13536,#3210);
#2334=LINE('',#13538,#3211);
#2335=LINE('',#13539,#3212);
#2336=LINE('',#13542,#3213);
#2337=LINE('',#13544,#3214);
#2338=LINE('',#13545,#3215);
#2339=LINE('',#13548,#3216);
#2340=LINE('',#13550,#3217);
#2341=LINE('',#13551,#3218);
#2342=LINE('',#13561,#3219);
#2343=LINE('',#13566,#3220);
#2344=LINE('',#13568,#3221);
#2345=LINE('',#13570,#3222);
#2346=LINE('',#13571,#3223);
#2347=LINE('',#13577,#3224);
#2348=LINE('',#13580,#3225);
#2349=LINE('',#13582,#3226);
#2350=LINE('',#13583,#3227);
#2351=LINE('',#13586,#3228);
#2352=LINE('',#13588,#3229);
#2353=LINE('',#13589,#3230);
#2354=LINE('',#13592,#3231);
#2355=LINE('',#13594,#3232);
#2356=LINE('',#13595,#3233);
#2357=VECTOR('',#8930,10.);
#2358=VECTOR('',#8931,10.);
#2359=VECTOR('',#8932,10.);
#2360=VECTOR('',#8933,10.);
#2361=VECTOR('',#8936,10.);
#2362=VECTOR('',#8937,10.);
#2363=VECTOR('',#8938,10.);
#2364=VECTOR('',#8941,10.);
#2365=VECTOR('',#8942,10.);
#2366=VECTOR('',#8943,10.);
#2367=VECTOR('',#8946,10.);
#2368=VECTOR('',#8947,10.);
#2369=VECTOR('',#8948,10.);
#2370=VECTOR('',#8951,10.);
#2371=VECTOR('',#8952,10.);
#2372=VECTOR('',#8953,10.);
#2373=VECTOR('',#8954,10.);
#2374=VECTOR('',#8955,10.);
#2375=VECTOR('',#8958,10.);
#2376=VECTOR('',#8959,10.);
#2377=VECTOR('',#8960,10.);
#2378=VECTOR('',#8961,10.);
#2379=VECTOR('',#8962,10.);
#2380=VECTOR('',#8963,10.);
#2381=VECTOR('',#8964,10.);
#2382=VECTOR('',#8965,10.);
#2383=VECTOR('',#8966,10.);
#2384=VECTOR('',#8967,10.);
#2385=VECTOR('',#8968,10.);
#2386=VECTOR('',#8969,10.);
#2387=VECTOR('',#8970,10.);
#2388=VECTOR('',#8971,10.);
#2389=VECTOR('',#8972,10.);
#2390=VECTOR('',#8973,10.);
#2391=VECTOR('',#8974,10.);
#2392=VECTOR('',#8975,10.);
#2393=VECTOR('',#8976,10.);
#2394=VECTOR('',#8977,10.);
#2395=VECTOR('',#8978,10.);
#2396=VECTOR('',#8979,10.);
#2397=VECTOR('',#8980,10.);
#2398=VECTOR('',#8981,10.);
#2399=VECTOR('',#8982,10.);
#2400=VECTOR('',#8983,10.);
#2401=VECTOR('',#8984,10.);
#2402=VECTOR('',#8985,10.);
#2403=VECTOR('',#8986,10.);
#2404=VECTOR('',#8987,10.);
#2405=VECTOR('',#8988,10.);
#2406=VECTOR('',#8989,10.);
#2407=VECTOR('',#8990,10.);
#2408=VECTOR('',#8991,10.);
#2409=VECTOR('',#8992,10.);
#2410=VECTOR('',#8995,10.);
#2411=VECTOR('',#8996,10.);
#2412=VECTOR('',#8997,10.);
#2413=VECTOR('',#9000,10.);
#2414=VECTOR('',#9001,10.);
#2415=VECTOR('',#9004,10.);
#2416=VECTOR('',#9005,10.);
#2417=VECTOR('',#9008,10.);
#2418=VECTOR('',#9009,10.);
#2419=VECTOR('',#9010,10.);
#2420=VECTOR('',#9013,10.);
#2421=VECTOR('',#9014,10.);
#2422=VECTOR('',#9017,10.);
#2423=VECTOR('',#9020,10.);
#2424=VECTOR('',#9021,10.);
#2425=VECTOR('',#9022,10.);
#2426=VECTOR('',#9025,10.);
#2427=VECTOR('',#9026,10.);
#2428=VECTOR('',#9029,10.);
#2429=VECTOR('',#9030,10.);
#2430=VECTOR('',#9033,10.);
#2431=VECTOR('',#9034,10.);
#2432=VECTOR('',#9035,10.);
#2433=VECTOR('',#9038,10.);
#2434=VECTOR('',#9039,10.);
#2435=VECTOR('',#9042,10.);
#2436=VECTOR('',#9043,10.);
#2437=VECTOR('',#9046,10.);
#2438=VECTOR('',#9047,10.);
#2439=VECTOR('',#9048,10.);
#2440=VECTOR('',#9051,10.);
#2441=VECTOR('',#9052,10.);
#2442=VECTOR('',#9055,10.);
#2443=VECTOR('',#9056,10.);
#2444=VECTOR('',#9059,10.);
#2445=VECTOR('',#9060,10.);
#2446=VECTOR('',#9061,10.);
#2447=VECTOR('',#9064,10.);
#2448=VECTOR('',#9065,10.);
#2449=VECTOR('',#9068,10.);
#2450=VECTOR('',#9069,10.);
#2451=VECTOR('',#9072,10.);
#2452=VECTOR('',#9073,10.);
#2453=VECTOR('',#9074,10.);
#2454=VECTOR('',#9077,10.);
#2455=VECTOR('',#9078,10.);
#2456=VECTOR('',#9081,10.);
#2457=VECTOR('',#9082,10.);
#2458=VECTOR('',#9085,10.);
#2459=VECTOR('',#9088,10.);
#2460=VECTOR('',#9091,10.);
#2461=VECTOR('',#9092,10.);
#2462=VECTOR('',#9095,10.);
#2463=VECTOR('',#9096,10.);
#2464=VECTOR('',#9097,10.);
#2465=VECTOR('',#9098,10.);
#2466=VECTOR('',#9101,10.);
#2467=VECTOR('',#9104,10.);
#2468=VECTOR('',#9107,10.);
#2469=VECTOR('',#9108,10.);
#2470=VECTOR('',#9111,10.);
#2471=VECTOR('',#9114,10.);
#2472=VECTOR('',#9115,10.);
#2473=VECTOR('',#9116,10.);
#2474=VECTOR('',#9119,10.);
#2475=VECTOR('',#9120,10.);
#2476=VECTOR('',#9121,10.);
#2477=VECTOR('',#9124,10.);
#2478=VECTOR('',#9125,10.);
#2479=VECTOR('',#9128,10.);
#2480=VECTOR('',#9131,10.);
#2481=VECTOR('',#9134,10.);
#2482=VECTOR('',#9137,10.);
#2483=VECTOR('',#9142,10.);
#2484=VECTOR('',#9145,10.);
#2485=VECTOR('',#9146,10.);
#2486=VECTOR('',#9147,10.);
#2487=VECTOR('',#9150,10.);
#2488=VECTOR('',#9151,10.);
#2489=VECTOR('',#9152,10.);
#2490=VECTOR('',#9155,10.);
#2491=VECTOR('',#9156,10.);
#2492=VECTOR('',#9157,10.);
#2493=VECTOR('',#9160,10.);
#2494=VECTOR('',#9161,10.);
#2495=VECTOR('',#9162,10.);
#2496=VECTOR('',#9165,10.);
#2497=VECTOR('',#9166,10.);
#2498=VECTOR('',#9167,10.);
#2499=VECTOR('',#9174,10.);
#2500=VECTOR('',#9177,10.);
#2501=VECTOR('',#9180,10.);
#2502=VECTOR('',#9183,10.);
#2503=VECTOR('',#9186,10.);
#2504=VECTOR('',#9193,10.);
#2505=VECTOR('',#9196,10.);
#2506=VECTOR('',#9197,10.);
#2507=VECTOR('',#9204,10.);
#2508=VECTOR('',#9205,10.);
#2509=VECTOR('',#9208,10.);
#2510=VECTOR('',#9211,10.);
#2511=VECTOR('',#9214,10.);
#2512=VECTOR('',#9217,10.);
#2513=VECTOR('',#9220,10.);
#2514=VECTOR('',#9223,10.);
#2515=VECTOR('',#9234,1.6);
#2516=VECTOR('',#9245,5.);
#2517=VECTOR('',#9252,10.);
#2518=VECTOR('',#9255,10.);
#2519=VECTOR('',#9258,10.);
#2520=VECTOR('',#9259,10.);
#2521=VECTOR('',#9260,10.);
#2522=VECTOR('',#9267,10.);
#2523=VECTOR('',#9270,10.);
#2524=VECTOR('',#9271,10.);
#2525=VECTOR('',#9272,10.);
#2526=VECTOR('',#9275,10.);
#2527=VECTOR('',#9276,10.);
#2528=VECTOR('',#9277,10.);
#2529=VECTOR('',#9280,10.);
#2530=VECTOR('',#9281,10.);
#2531=VECTOR('',#9288,10.);
#2532=VECTOR('',#9289,10.);
#2533=VECTOR('',#9290,10.);
#2534=VECTOR('',#9291,10.);
#2535=VECTOR('',#9294,10.);
#2536=VECTOR('',#9295,10.);
#2537=VECTOR('',#9296,10.);
#2538=VECTOR('',#9299,10.);
#2539=VECTOR('',#9300,10.);
#2540=VECTOR('',#9301,10.);
#2541=VECTOR('',#9304,10.);
#2542=VECTOR('',#9305,10.);
#2543=VECTOR('',#9308,10.);
#2544=VECTOR('',#9309,10.);
#2545=VECTOR('',#9310,10.);
#2546=VECTOR('',#9311,10.);
#2547=VECTOR('',#9314,10.);
#2548=VECTOR('',#9315,10.);
#2549=VECTOR('',#9316,10.);
#2550=VECTOR('',#9319,10.);
#2551=VECTOR('',#9320,10.);
#2552=VECTOR('',#9321,10.);
#2553=VECTOR('',#9324,10.);
#2554=VECTOR('',#9325,10.);
#2555=VECTOR('',#9334,10.);
#2556=VECTOR('',#9337,10.);
#2557=VECTOR('',#9340,10.);
#2558=VECTOR('',#9343,10.);
#2559=VECTOR('',#9344,10.);
#2560=VECTOR('',#9345,10.);
#2561=VECTOR('',#9350,10.);
#2562=VECTOR('',#9351,10.);
#2563=VECTOR('',#9356,10.);
#2564=VECTOR('',#9359,5.);
#2565=VECTOR('',#9364,10.);
#2566=VECTOR('',#9365,10.);
#2567=VECTOR('',#9368,10.);
#2568=VECTOR('',#9369,10.);
#2569=VECTOR('',#9372,10.);
#2570=VECTOR('',#9379,4.95);
#2571=VECTOR('',#9390,5.);
#2572=VECTOR('',#9401,5.1643654710252);
#2573=VECTOR('',#9414,4.95);
#2574=VECTOR('',#9423,5.);
#2575=VECTOR('',#9434,5.1643654710252);
#2576=VECTOR('',#9443,5.3287309420504);
#2577=VECTOR('',#9448,1.49999999999999);
#2578=VECTOR('',#9455,1.49999999999999);
#2579=VECTOR('',#9462,1.49999999999999);
#2580=VECTOR('',#9469,1.49999999999999);
#2581=VECTOR('',#9476,1.49999999999999);
#2582=VECTOR('',#9483,1.49999999999999);
#2583=VECTOR('',#9490,1.49999999999999);
#2584=VECTOR('',#9497,1.49999999999999);
#2585=VECTOR('',#9504,1.49999999999999);
#2586=VECTOR('',#9511,1.49999999999999);
#2587=VECTOR('',#9516,10.);
#2588=VECTOR('',#9517,10.);
#2589=VECTOR('',#9518,10.);
#2590=VECTOR('',#9519,10.);
#2591=VECTOR('',#9522,10.);
#2592=VECTOR('',#9523,10.);
#2593=VECTOR('',#9524,10.);
#2594=VECTOR('',#9527,10.);
#2595=VECTOR('',#9528,10.);
#2596=VECTOR('',#9529,10.);
#2597=VECTOR('',#9532,10.);
#2598=VECTOR('',#9533,10.);
#2599=VECTOR('',#9540,10.);
#2600=VECTOR('',#9541,10.);
#2601=VECTOR('',#9542,10.);
#2602=VECTOR('',#9543,10.);
#2603=VECTOR('',#9546,10.);
#2604=VECTOR('',#9547,10.);
#2605=VECTOR('',#9548,10.);
#2606=VECTOR('',#9551,10.);
#2607=VECTOR('',#9552,10.);
#2608=VECTOR('',#9553,10.);
#2609=VECTOR('',#9556,10.);
#2610=VECTOR('',#9557,10.);
#2611=VECTOR('',#9566,10.);
#2612=VECTOR('',#9569,10.);
#2613=VECTOR('',#9572,10.);
#2614=VECTOR('',#9573,10.);
#2615=VECTOR('',#9574,10.);
#2616=VECTOR('',#9577,10.);
#2617=VECTOR('',#9578,10.);
#2618=VECTOR('',#9579,10.);
#2619=VECTOR('',#9586,10.);
#2620=VECTOR('',#9589,10.);
#2621=VECTOR('',#9590,10.);
#2622=VECTOR('',#9591,10.);
#2623=VECTOR('',#9594,10.);
#2624=VECTOR('',#9595,10.);
#2625=VECTOR('',#9596,10.);
#2626=VECTOR('',#9603,10.);
#2627=VECTOR('',#9606,10.);
#2628=VECTOR('',#9607,10.);
#2629=VECTOR('',#9608,10.);
#2630=VECTOR('',#9611,10.);
#2631=VECTOR('',#9612,10.);
#2632=VECTOR('',#9613,10.);
#2633=VECTOR('',#9620,10.);
#2634=VECTOR('',#9623,10.);
#2635=VECTOR('',#9624,10.);
#2636=VECTOR('',#9625,10.);
#2637=VECTOR('',#9628,10.);
#2638=VECTOR('',#9629,10.);
#2639=VECTOR('',#9630,10.);
#2640=VECTOR('',#9637,10.);
#2641=VECTOR('',#9640,10.);
#2642=VECTOR('',#9641,10.);
#2643=VECTOR('',#9642,10.);
#2644=VECTOR('',#9645,10.);
#2645=VECTOR('',#9646,10.);
#2646=VECTOR('',#9647,10.);
#2647=VECTOR('',#9654,10.);
#2648=VECTOR('',#9657,10.);
#2649=VECTOR('',#9658,10.);
#2650=VECTOR('',#9659,10.);
#2651=VECTOR('',#9662,10.);
#2652=VECTOR('',#9663,10.);
#2653=VECTOR('',#9664,10.);
#2654=VECTOR('',#9671,10.);
#2655=VECTOR('',#9674,10.);
#2656=VECTOR('',#9675,10.);
#2657=VECTOR('',#9676,10.);
#2658=VECTOR('',#9679,10.);
#2659=VECTOR('',#9680,10.);
#2660=VECTOR('',#9681,10.);
#2661=VECTOR('',#9688,10.);
#2662=VECTOR('',#9691,10.);
#2663=VECTOR('',#9692,10.);
#2664=VECTOR('',#9693,10.);
#2665=VECTOR('',#9696,10.);
#2666=VECTOR('',#9697,10.);
#2667=VECTOR('',#9698,10.);
#2668=VECTOR('',#9705,10.);
#2669=VECTOR('',#9708,10.);
#2670=VECTOR('',#9709,10.);
#2671=VECTOR('',#9710,10.);
#2672=VECTOR('',#9713,10.);
#2673=VECTOR('',#9714,10.);
#2674=VECTOR('',#9715,10.);
#2675=VECTOR('',#9722,10.);
#2676=VECTOR('',#9725,10.);
#2677=VECTOR('',#9726,10.);
#2678=VECTOR('',#9727,10.);
#2679=VECTOR('',#9730,10.);
#2680=VECTOR('',#9731,10.);
#2681=VECTOR('',#9732,10.);
#2682=VECTOR('',#9739,10.);
#2683=VECTOR('',#9742,10.);
#2684=VECTOR('',#9743,10.);
#2685=VECTOR('',#9744,10.);
#2686=VECTOR('',#9747,10.);
#2687=VECTOR('',#9748,10.);
#2688=VECTOR('',#9749,10.);
#2689=VECTOR('',#9756,10.);
#2690=VECTOR('',#9759,10.);
#2691=VECTOR('',#9760,10.);
#2692=VECTOR('',#9761,10.);
#2693=VECTOR('',#9764,10.);
#2694=VECTOR('',#9765,10.);
#2695=VECTOR('',#9766,10.);
#2696=VECTOR('',#9773,10.);
#2697=VECTOR('',#9776,10.);
#2698=VECTOR('',#9777,10.);
#2699=VECTOR('',#9778,10.);
#2700=VECTOR('',#9781,10.);
#2701=VECTOR('',#9782,10.);
#2702=VECTOR('',#9783,10.);
#2703=VECTOR('',#9790,10.);
#2704=VECTOR('',#9793,10.);
#2705=VECTOR('',#9794,10.);
#2706=VECTOR('',#9795,10.);
#2707=VECTOR('',#9798,10.);
#2708=VECTOR('',#9799,10.);
#2709=VECTOR('',#9800,10.);
#2710=VECTOR('',#9807,10.);
#2711=VECTOR('',#9810,10.);
#2712=VECTOR('',#9811,10.);
#2713=VECTOR('',#9812,10.);
#2714=VECTOR('',#9815,10.);
#2715=VECTOR('',#9816,10.);
#2716=VECTOR('',#9817,10.);
#2717=VECTOR('',#9824,10.);
#2718=VECTOR('',#9827,10.);
#2719=VECTOR('',#9828,10.);
#2720=VECTOR('',#9829,10.);
#2721=VECTOR('',#9832,10.);
#2722=VECTOR('',#9833,10.);
#2723=VECTOR('',#9834,10.);
#2724=VECTOR('',#9841,10.);
#2725=VECTOR('',#9844,10.);
#2726=VECTOR('',#9845,10.);
#2727=VECTOR('',#9846,10.);
#2728=VECTOR('',#9849,10.);
#2729=VECTOR('',#9850,10.);
#2730=VECTOR('',#9851,10.);
#2731=VECTOR('',#9858,10.);
#2732=VECTOR('',#9861,10.);
#2733=VECTOR('',#9862,10.);
#2734=VECTOR('',#9863,10.);
#2735=VECTOR('',#9866,10.);
#2736=VECTOR('',#9867,10.);
#2737=VECTOR('',#9868,10.);
#2738=VECTOR('',#9875,10.);
#2739=VECTOR('',#9878,10.);
#2740=VECTOR('',#9879,10.);
#2741=VECTOR('',#9880,10.);
#2742=VECTOR('',#9883,10.);
#2743=VECTOR('',#9884,10.);
#2744=VECTOR('',#9885,10.);
#2745=VECTOR('',#9892,10.);
#2746=VECTOR('',#9895,10.);
#2747=VECTOR('',#9896,10.);
#2748=VECTOR('',#9897,10.);
#2749=VECTOR('',#9900,10.);
#2750=VECTOR('',#9901,10.);
#2751=VECTOR('',#9902,10.);
#2752=VECTOR('',#9909,10.);
#2753=VECTOR('',#9912,10.);
#2754=VECTOR('',#9913,10.);
#2755=VECTOR('',#9914,10.);
#2756=VECTOR('',#9917,10.);
#2757=VECTOR('',#9918,10.);
#2758=VECTOR('',#9919,10.);
#2759=VECTOR('',#9926,10.);
#2760=VECTOR('',#9929,10.);
#2761=VECTOR('',#9930,10.);
#2762=VECTOR('',#9931,10.);
#2763=VECTOR('',#9934,10.);
#2764=VECTOR('',#9935,10.);
#2765=VECTOR('',#9936,10.);
#2766=VECTOR('',#9943,10.);
#2767=VECTOR('',#9946,10.);
#2768=VECTOR('',#9947,10.);
#2769=VECTOR('',#9948,10.);
#2770=VECTOR('',#9951,10.);
#2771=VECTOR('',#9952,10.);
#2772=VECTOR('',#9953,10.);
#2773=VECTOR('',#9960,10.);
#2774=VECTOR('',#9963,10.);
#2775=VECTOR('',#9964,10.);
#2776=VECTOR('',#9965,10.);
#2777=VECTOR('',#9968,10.);
#2778=VECTOR('',#9969,10.);
#2779=VECTOR('',#9970,10.);
#2780=VECTOR('',#9977,10.);
#2781=VECTOR('',#9980,10.);
#2782=VECTOR('',#9981,10.);
#2783=VECTOR('',#9982,10.);
#2784=VECTOR('',#9985,10.);
#2785=VECTOR('',#9986,10.);
#2786=VECTOR('',#9987,10.);
#2787=VECTOR('',#9994,10.);
#2788=VECTOR('',#9997,10.);
#2789=VECTOR('',#9998,10.);
#2790=VECTOR('',#9999,10.);
#2791=VECTOR('',#10002,10.);
#2792=VECTOR('',#10003,10.);
#2793=VECTOR('',#10004,10.);
#2794=VECTOR('',#10011,10.);
#2795=VECTOR('',#10014,10.);
#2796=VECTOR('',#10015,10.);
#2797=VECTOR('',#10016,10.);
#2798=VECTOR('',#10019,10.);
#2799=VECTOR('',#10020,10.);
#2800=VECTOR('',#10021,10.);
#2801=VECTOR('',#10028,10.);
#2802=VECTOR('',#10031,10.);
#2803=VECTOR('',#10032,10.);
#2804=VECTOR('',#10033,10.);
#2805=VECTOR('',#10036,10.);
#2806=VECTOR('',#10037,10.);
#2807=VECTOR('',#10038,10.);
#2808=VECTOR('',#10045,10.);
#2809=VECTOR('',#10048,10.);
#2810=VECTOR('',#10049,10.);
#2811=VECTOR('',#10050,10.);
#2812=VECTOR('',#10053,10.);
#2813=VECTOR('',#10054,10.);
#2814=VECTOR('',#10055,10.);
#2815=VECTOR('',#10062,10.);
#2816=VECTOR('',#10065,10.);
#2817=VECTOR('',#10066,10.);
#2818=VECTOR('',#10067,10.);
#2819=VECTOR('',#10070,10.);
#2820=VECTOR('',#10071,10.);
#2821=VECTOR('',#10072,10.);
#2822=VECTOR('',#10079,10.);
#2823=VECTOR('',#10086,10.);
#2824=VECTOR('',#10089,10.);
#2825=VECTOR('',#10090,10.);
#2826=VECTOR('',#10091,10.);
#2827=VECTOR('',#10094,10.);
#2828=VECTOR('',#10095,10.);
#2829=VECTOR('',#10096,10.);
#2830=VECTOR('',#10099,10.);
#2831=VECTOR('',#10100,10.);
#2832=VECTOR('',#10109,1.5);
#2833=VECTOR('',#10114,10.);
#2834=VECTOR('',#10115,10.);
#2835=VECTOR('',#10116,10.);
#2836=VECTOR('',#10117,10.);
#2837=VECTOR('',#10124,10.);
#2838=VECTOR('',#10127,10.);
#2839=VECTOR('',#10128,10.);
#2840=VECTOR('',#10129,10.);
#2841=VECTOR('',#10140,10.);
#2842=VECTOR('',#10143,10.);
#2843=VECTOR('',#10146,10.);
#2844=VECTOR('',#10147,10.);
#2845=VECTOR('',#10148,10.);
#2846=VECTOR('',#10149,10.);
#2847=VECTOR('',#10152,10.);
#2848=VECTOR('',#10153,10.);
#2849=VECTOR('',#10154,10.);
#2850=VECTOR('',#10161,10.);
#2851=VECTOR('',#10164,10.);
#2852=VECTOR('',#10165,10.);
#2853=VECTOR('',#10166,10.);
#2854=VECTOR('',#10169,10.);
#2855=VECTOR('',#10170,10.);
#2856=VECTOR('',#10179,5.);
#2857=VECTOR('',#10186,10.);
#2858=VECTOR('',#10189,10.);
#2859=VECTOR('',#10192,10.);
#2860=VECTOR('',#10193,10.);
#2861=VECTOR('',#10194,10.);
#2862=VECTOR('',#10199,10.);
#2863=VECTOR('',#10204,10.);
#2864=VECTOR('',#10205,10.);
#2865=VECTOR('',#10206,10.);
#2866=VECTOR('',#10209,10.);
#2867=VECTOR('',#10210,10.);
#2868=VECTOR('',#10211,10.);
#2869=VECTOR('',#10214,10.);
#2870=VECTOR('',#10215,10.);
#2871=VECTOR('',#10224,10.);
#2872=VECTOR('',#10227,10.);
#2873=VECTOR('',#10230,10.);
#2874=VECTOR('',#10231,10.);
#2875=VECTOR('',#10232,10.);
#2876=VECTOR('',#10235,10.);
#2877=VECTOR('',#10240,10.);
#2878=VECTOR('',#10241,10.);
#2879=VECTOR('',#10244,10.);
#2880=VECTOR('',#10249,5.);
#2881=VECTOR('',#10254,10.);
#2882=VECTOR('',#10255,10.);
#2883=VECTOR('',#10258,10.);
#2884=VECTOR('',#10259,10.);
#2885=VECTOR('',#10262,10.);
#2886=VECTOR('',#10269,1.6);
#2887=VECTOR('',#10280,1.49999999999999);
#2888=VECTOR('',#10287,1.49999999999999);
#2889=VECTOR('',#10294,1.49999999999999);
#2890=VECTOR('',#10301,1.49999999999999);
#2891=VECTOR('',#10308,1.49999999999999);
#2892=VECTOR('',#10315,1.49999999999999);
#2893=VECTOR('',#10322,1.49999999999999);
#2894=VECTOR('',#10329,1.49999999999999);
#2895=VECTOR('',#10336,1.49999999999999);
#2896=VECTOR('',#10343,1.49999999999999);
#2897=VECTOR('',#10348,10.);
#2898=VECTOR('',#10349,10.);
#2899=VECTOR('',#10350,10.);
#2900=VECTOR('',#10351,10.);
#2901=VECTOR('',#10354,10.);
#2902=VECTOR('',#10355,10.);
#2903=VECTOR('',#10356,10.);
#2904=VECTOR('',#10359,10.);
#2905=VECTOR('',#10360,10.);
#2906=VECTOR('',#10361,10.);
#2907=VECTOR('',#10364,10.);
#2908=VECTOR('',#10365,10.);
#2909=VECTOR('',#10374,10.);
#2910=VECTOR('',#10377,10.);
#2911=VECTOR('',#10380,10.);
#2912=VECTOR('',#10381,10.);
#2913=VECTOR('',#10382,10.);
#2914=VECTOR('',#10385,10.);
#2915=VECTOR('',#10386,10.);
#2916=VECTOR('',#10387,10.);
#2917=VECTOR('',#10392,10.);
#2918=VECTOR('',#10397,10.);
#2919=VECTOR('',#10398,10.);
#2920=VECTOR('',#10399,10.);
#2921=VECTOR('',#10402,10.);
#2922=VECTOR('',#10403,10.);
#2923=VECTOR('',#10404,10.);
#2924=VECTOR('',#10409,10.);
#2925=VECTOR('',#10414,10.);
#2926=VECTOR('',#10415,10.);
#2927=VECTOR('',#10416,10.);
#2928=VECTOR('',#10419,10.);
#2929=VECTOR('',#10420,10.);
#2930=VECTOR('',#10421,10.);
#2931=VECTOR('',#10426,10.);
#2932=VECTOR('',#10431,10.);
#2933=VECTOR('',#10432,10.);
#2934=VECTOR('',#10433,10.);
#2935=VECTOR('',#10436,10.);
#2936=VECTOR('',#10437,10.);
#2937=VECTOR('',#10438,10.);
#2938=VECTOR('',#10443,10.);
#2939=VECTOR('',#10448,10.);
#2940=VECTOR('',#10449,10.);
#2941=VECTOR('',#10450,10.);
#2942=VECTOR('',#10453,10.);
#2943=VECTOR('',#10454,10.);
#2944=VECTOR('',#10455,10.);
#2945=VECTOR('',#10460,10.);
#2946=VECTOR('',#10465,10.);
#2947=VECTOR('',#10466,10.);
#2948=VECTOR('',#10467,10.);
#2949=VECTOR('',#10470,10.);
#2950=VECTOR('',#10471,10.);
#2951=VECTOR('',#10472,10.);
#2952=VECTOR('',#10477,10.);
#2953=VECTOR('',#10482,10.);
#2954=VECTOR('',#10483,10.);
#2955=VECTOR('',#10484,10.);
#2956=VECTOR('',#10487,10.);
#2957=VECTOR('',#10488,10.);
#2958=VECTOR('',#10489,10.);
#2959=VECTOR('',#10494,10.);
#2960=VECTOR('',#10499,10.);
#2961=VECTOR('',#10500,10.);
#2962=VECTOR('',#10501,10.);
#2963=VECTOR('',#10504,10.);
#2964=VECTOR('',#10505,10.);
#2965=VECTOR('',#10506,10.);
#2966=VECTOR('',#10511,10.);
#2967=VECTOR('',#10516,10.);
#2968=VECTOR('',#10517,10.);
#2969=VECTOR('',#10518,10.);
#2970=VECTOR('',#10521,10.);
#2971=VECTOR('',#10522,10.);
#2972=VECTOR('',#10523,10.);
#2973=VECTOR('',#10528,10.);
#2974=VECTOR('',#10533,10.);
#2975=VECTOR('',#10534,10.);
#2976=VECTOR('',#10535,10.);
#2977=VECTOR('',#10538,10.);
#2978=VECTOR('',#10539,10.);
#2979=VECTOR('',#10540,10.);
#2980=VECTOR('',#10545,10.);
#2981=VECTOR('',#10550,10.);
#2982=VECTOR('',#10551,10.);
#2983=VECTOR('',#10552,10.);
#2984=VECTOR('',#10555,10.);
#2985=VECTOR('',#10556,10.);
#2986=VECTOR('',#10557,10.);
#2987=VECTOR('',#10562,10.);
#2988=VECTOR('',#10567,10.);
#2989=VECTOR('',#10568,10.);
#2990=VECTOR('',#10569,10.);
#2991=VECTOR('',#10572,10.);
#2992=VECTOR('',#10573,10.);
#2993=VECTOR('',#10574,10.);
#2994=VECTOR('',#10579,10.);
#2995=VECTOR('',#10584,10.);
#2996=VECTOR('',#10585,10.);
#2997=VECTOR('',#10586,10.);
#2998=VECTOR('',#10589,10.);
#2999=VECTOR('',#10590,10.);
#3000=VECTOR('',#10591,10.);
#3001=VECTOR('',#10596,10.);
#3002=VECTOR('',#10601,10.);
#3003=VECTOR('',#10602,10.);
#3004=VECTOR('',#10603,10.);
#3005=VECTOR('',#10606,10.);
#3006=VECTOR('',#10607,10.);
#3007=VECTOR('',#10608,10.);
#3008=VECTOR('',#10613,10.);
#3009=VECTOR('',#10618,10.);
#3010=VECTOR('',#10619,10.);
#3011=VECTOR('',#10620,10.);
#3012=VECTOR('',#10623,10.);
#3013=VECTOR('',#10624,10.);
#3014=VECTOR('',#10625,10.);
#3015=VECTOR('',#10630,10.);
#3016=VECTOR('',#10635,10.);
#3017=VECTOR('',#10636,10.);
#3018=VECTOR('',#10637,10.);
#3019=VECTOR('',#10640,10.);
#3020=VECTOR('',#10641,10.);
#3021=VECTOR('',#10642,10.);
#3022=VECTOR('',#10647,10.);
#3023=VECTOR('',#10652,10.);
#3024=VECTOR('',#10653,10.);
#3025=VECTOR('',#10654,10.);
#3026=VECTOR('',#10657,10.);
#3027=VECTOR('',#10658,10.);
#3028=VECTOR('',#10659,10.);
#3029=VECTOR('',#10664,10.);
#3030=VECTOR('',#10669,10.);
#3031=VECTOR('',#10670,10.);
#3032=VECTOR('',#10671,10.);
#3033=VECTOR('',#10674,10.);
#3034=VECTOR('',#10675,10.);
#3035=VECTOR('',#10676,10.);
#3036=VECTOR('',#10681,10.);
#3037=VECTOR('',#10686,10.);
#3038=VECTOR('',#10687,10.);
#3039=VECTOR('',#10688,10.);
#3040=VECTOR('',#10691,10.);
#3041=VECTOR('',#10692,10.);
#3042=VECTOR('',#10693,10.);
#3043=VECTOR('',#10698,10.);
#3044=VECTOR('',#10703,10.);
#3045=VECTOR('',#10704,10.);
#3046=VECTOR('',#10705,10.);
#3047=VECTOR('',#10708,10.);
#3048=VECTOR('',#10709,10.);
#3049=VECTOR('',#10710,10.);
#3050=VECTOR('',#10715,10.);
#3051=VECTOR('',#10720,10.);
#3052=VECTOR('',#10721,10.);
#3053=VECTOR('',#10722,10.);
#3054=VECTOR('',#10725,10.);
#3055=VECTOR('',#10726,10.);
#3056=VECTOR('',#10727,10.);
#3057=VECTOR('',#10732,10.);
#3058=VECTOR('',#10737,10.);
#3059=VECTOR('',#10738,10.);
#3060=VECTOR('',#10739,10.);
#3061=VECTOR('',#10742,10.);
#3062=VECTOR('',#10743,10.);
#3063=VECTOR('',#10744,10.);
#3064=VECTOR('',#10749,10.);
#3065=VECTOR('',#10754,10.);
#3066=VECTOR('',#10755,10.);
#3067=VECTOR('',#10756,10.);
#3068=VECTOR('',#10759,10.);
#3069=VECTOR('',#10760,10.);
#3070=VECTOR('',#10761,10.);
#3071=VECTOR('',#10766,10.);
#3072=VECTOR('',#10771,10.);
#3073=VECTOR('',#10772,10.);
#3074=VECTOR('',#10773,10.);
#3075=VECTOR('',#10776,10.);
#3076=VECTOR('',#10777,10.);
#3077=VECTOR('',#10778,10.);
#3078=VECTOR('',#10783,10.);
#3079=VECTOR('',#10788,10.);
#3080=VECTOR('',#10789,10.);
#3081=VECTOR('',#10790,10.);
#3082=VECTOR('',#10793,10.);
#3083=VECTOR('',#10794,10.);
#3084=VECTOR('',#10795,10.);
#3085=VECTOR('',#10800,10.);
#3086=VECTOR('',#10805,10.);
#3087=VECTOR('',#10806,10.);
#3088=VECTOR('',#10807,10.);
#3089=VECTOR('',#10810,10.);
#3090=VECTOR('',#10811,10.);
#3091=VECTOR('',#10812,10.);
#3092=VECTOR('',#10817,10.);
#3093=VECTOR('',#10822,10.);
#3094=VECTOR('',#10823,10.);
#3095=VECTOR('',#10824,10.);
#3096=VECTOR('',#10827,10.);
#3097=VECTOR('',#10828,10.);
#3098=VECTOR('',#10829,10.);
#3099=VECTOR('',#10834,10.);
#3100=VECTOR('',#10839,10.);
#3101=VECTOR('',#10840,10.);
#3102=VECTOR('',#10841,10.);
#3103=VECTOR('',#10844,10.);
#3104=VECTOR('',#10845,10.);
#3105=VECTOR('',#10846,10.);
#3106=VECTOR('',#10851,10.);
#3107=VECTOR('',#10856,10.);
#3108=VECTOR('',#10857,10.);
#3109=VECTOR('',#10858,10.);
#3110=VECTOR('',#10861,10.);
#3111=VECTOR('',#10862,10.);
#3112=VECTOR('',#10863,10.);
#3113=VECTOR('',#10868,10.);
#3114=VECTOR('',#10873,10.);
#3115=VECTOR('',#10874,10.);
#3116=VECTOR('',#10875,10.);
#3117=VECTOR('',#10878,10.);
#3118=VECTOR('',#10879,10.);
#3119=VECTOR('',#10880,10.);
#3120=VECTOR('',#10885,10.);
#3121=VECTOR('',#10892,10.);
#3122=VECTOR('',#10897,10.);
#3123=VECTOR('',#10898,10.);
#3124=VECTOR('',#10899,10.);
#3125=VECTOR('',#10902,10.);
#3126=VECTOR('',#10903,10.);
#3127=VECTOR('',#10904,10.);
#3128=VECTOR('',#10907,10.);
#3129=VECTOR('',#10908,10.);
#3130=VECTOR('',#10917,1.5);
#3131=VECTOR('',#10922,10.);
#3132=VECTOR('',#10923,10.);
#3133=VECTOR('',#10924,10.);
#3134=VECTOR('',#10925,10.);
#3135=VECTOR('',#10930,10.);
#3136=VECTOR('',#10935,10.);
#3137=VECTOR('',#10936,10.);
#3138=VECTOR('',#10937,10.);
#3139=VECTOR('',#10948,10.);
#3140=VECTOR('',#10951,10.);
#3141=VECTOR('',#10954,10.);
#3142=VECTOR('',#10955,10.);
#3143=VECTOR('',#10956,10.);
#3144=VECTOR('',#10957,10.);
#3145=VECTOR('',#10960,10.);
#3146=VECTOR('',#10961,10.);
#3147=VECTOR('',#10962,10.);
#3148=VECTOR('',#10967,10.);
#3149=VECTOR('',#10972,10.);
#3150=VECTOR('',#10973,10.);
#3151=VECTOR('',#10974,10.);
#3152=VECTOR('',#10977,10.);
#3153=VECTOR('',#10978,10.);
#3154=VECTOR('',#10985,10.);
#3155=VECTOR('',#10986,10.);
#3156=VECTOR('',#10987,10.);
#3157=VECTOR('',#10988,10.);
#3158=VECTOR('',#10989,10.);
#3159=VECTOR('',#10990,10.);
#3160=VECTOR('',#10991,10.);
#3161=VECTOR('',#10992,10.);
#3162=VECTOR('',#10997,10.);
#3163=VECTOR('',#11002,10.);
#3164=VECTOR('',#11003,10.);
#3165=VECTOR('',#11004,10.);
#3166=VECTOR('',#11007,10.);
#3167=VECTOR('',#11008,10.);
#3168=VECTOR('',#11013,10.);
#3169=VECTOR('',#11018,10.);
#3170=VECTOR('',#11021,10.);
#3171=VECTOR('',#11026,10.);
#3172=VECTOR('',#11027,10.);
#3173=VECTOR('',#11030,10.);
#3174=VECTOR('',#11037,5.);
#3175=VECTOR('',#11042,10.);
#3176=VECTOR('',#11043,10.);
#3177=VECTOR('',#11044,10.);
#3178=VECTOR('',#11045,10.);
#3179=VECTOR('',#11052,10.);
#3180=VECTOR('',#11055,10.);
#3181=VECTOR('',#11056,10.);
#3182=VECTOR('',#11057,10.);
#3183=VECTOR('',#11060,10.);
#3184=VECTOR('',#11061,10.);
#3185=VECTOR('',#11062,10.);
#3186=VECTOR('',#11065,10.);
#3187=VECTOR('',#11066,10.);
#3188=VECTOR('',#11067,10.);
#3189=VECTOR('',#11082,5.);
#3190=VECTOR('',#11087,10.);
#3191=VECTOR('',#11088,10.);
#3192=VECTOR('',#11089,10.);
#3193=VECTOR('',#11090,10.);
#3194=VECTOR('',#11095,10.);
#3195=VECTOR('',#11100,10.);
#3196=VECTOR('',#11101,10.);
#3197=VECTOR('',#11102,10.);
#3198=VECTOR('',#11105,10.);
#3199=VECTOR('',#11106,10.);
#3200=VECTOR('',#11107,10.);
#3201=VECTOR('',#11110,10.);
#3202=VECTOR('',#11111,10.);
#3203=VECTOR('',#11112,10.);
#3204=VECTOR('',#11127,5.);
#3205=VECTOR('',#11132,10.);
#3206=VECTOR('',#11133,10.);
#3207=VECTOR('',#11134,10.);
#3208=VECTOR('',#11135,10.);
#3209=VECTOR('',#11140,10.);
#3210=VECTOR('',#11145,10.);
#3211=VECTOR('',#11146,10.);
#3212=VECTOR('',#11147,10.);
#3213=VECTOR('',#11150,10.);
#3214=VECTOR('',#11151,10.);
#3215=VECTOR('',#11152,10.);
#3216=VECTOR('',#11155,10.);
#3217=VECTOR('',#11156,10.);
#3218=VECTOR('',#11157,10.);
#3219=VECTOR('',#11172,5.);
#3220=VECTOR('',#11177,10.);
#3221=VECTOR('',#11178,10.);
#3222=VECTOR('',#11179,10.);
#3223=VECTOR('',#11180,10.);
#3224=VECTOR('',#11187,10.);
#3225=VECTOR('',#11190,10.);
#3226=VECTOR('',#11191,10.);
#3227=VECTOR('',#11192,10.);
#3228=VECTOR('',#11195,10.);
#3229=VECTOR('',#11196,10.);
#3230=VECTOR('',#11197,10.);
#3231=VECTOR('',#11200,10.);
#3232=VECTOR('',#11201,10.);
#3233=VECTOR('',#11202,10.);
#3234=VERTEX_POINT('',#11215);
#3235=VERTEX_POINT('',#11216);
#3236=VERTEX_POINT('',#11218);
#3237=VERTEX_POINT('',#11220);
#3238=VERTEX_POINT('',#11224);
#3239=VERTEX_POINT('',#11226);
#3240=VERTEX_POINT('',#11230);
#3241=VERTEX_POINT('',#11232);
#3242=VERTEX_POINT('',#11236);
#3243=VERTEX_POINT('',#11238);
#3244=VERTEX_POINT('',#11242);
#3245=VERTEX_POINT('',#11244);
#3246=VERTEX_POINT('',#11246);
#3247=VERTEX_POINT('',#11248);
#3248=VERTEX_POINT('',#11252);
#3249=VERTEX_POINT('',#11253);
#3250=VERTEX_POINT('',#11255);
#3251=VERTEX_POINT('',#11257);
#3252=VERTEX_POINT('',#11260);
#3253=VERTEX_POINT('',#11262);
#3254=VERTEX_POINT('',#11264);
#3255=VERTEX_POINT('',#11266);
#3256=VERTEX_POINT('',#11268);
#3257=VERTEX_POINT('',#11270);
#3258=VERTEX_POINT('',#11272);
#3259=VERTEX_POINT('',#11274);
#3260=VERTEX_POINT('',#11276);
#3261=VERTEX_POINT('',#11278);
#3262=VERTEX_POINT('',#11280);
#3263=VERTEX_POINT('',#11282);
#3264=VERTEX_POINT('',#11284);
#3265=VERTEX_POINT('',#11286);
#3266=VERTEX_POINT('',#11288);
#3267=VERTEX_POINT('',#11290);
#3268=VERTEX_POINT('',#11292);
#3269=VERTEX_POINT('',#11294);
#3270=VERTEX_POINT('',#11296);
#3271=VERTEX_POINT('',#11298);
#3272=VERTEX_POINT('',#11300);
#3273=VERTEX_POINT('',#11302);
#3274=VERTEX_POINT('',#11304);
#3275=VERTEX_POINT('',#11306);
#3276=VERTEX_POINT('',#11308);
#3277=VERTEX_POINT('',#11310);
#3278=VERTEX_POINT('',#11312);
#3279=VERTEX_POINT('',#11314);
#3280=VERTEX_POINT('',#11316);
#3281=VERTEX_POINT('',#11318);
#3282=VERTEX_POINT('',#11322);
#3283=VERTEX_POINT('',#11324);
#3284=VERTEX_POINT('',#11328);
#3285=VERTEX_POINT('',#11332);
#3286=VERTEX_POINT('',#11336);
#3287=VERTEX_POINT('',#11338);
#3288=VERTEX_POINT('',#11342);
#3289=VERTEX_POINT('',#11348);
#3290=VERTEX_POINT('',#11350);
#3291=VERTEX_POINT('',#11354);
#3292=VERTEX_POINT('',#11358);
#3293=VERTEX_POINT('',#11362);
#3294=VERTEX_POINT('',#11364);
#3295=VERTEX_POINT('',#11368);
#3296=VERTEX_POINT('',#11372);
#3297=VERTEX_POINT('',#11376);
#3298=VERTEX_POINT('',#11378);
#3299=VERTEX_POINT('',#11382);
#3300=VERTEX_POINT('',#11386);
#3301=VERTEX_POINT('',#11390);
#3302=VERTEX_POINT('',#11392);
#3303=VERTEX_POINT('',#11396);
#3304=VERTEX_POINT('',#11400);
#3305=VERTEX_POINT('',#11404);
#3306=VERTEX_POINT('',#11406);
#3307=VERTEX_POINT('',#11410);
#3308=VERTEX_POINT('',#11414);
#3309=VERTEX_POINT('',#11422);
#3310=VERTEX_POINT('',#11426);
#3311=VERTEX_POINT('',#11428);
#3312=VERTEX_POINT('',#11430);
#3313=VERTEX_POINT('',#11438);
#3314=VERTEX_POINT('',#11444);
#3315=VERTEX_POINT('',#11445);
#3316=VERTEX_POINT('',#11450);
#3317=VERTEX_POINT('',#11451);
#3318=VERTEX_POINT('',#11459);
#3319=VERTEX_POINT('',#11460);
#3320=VERTEX_POINT('',#11462);
#3321=VERTEX_POINT('',#11464);
#3322=VERTEX_POINT('',#11466);
#3323=VERTEX_POINT('',#11468);
#3324=VERTEX_POINT('',#11470);
#3325=VERTEX_POINT('',#11472);
#3326=VERTEX_POINT('',#11478);
#3327=VERTEX_POINT('',#11480);
#3328=VERTEX_POINT('',#11484);
#3329=VERTEX_POINT('',#11485);
#3330=VERTEX_POINT('',#11490);
#3331=VERTEX_POINT('',#11492);
#3332=VERTEX_POINT('',#11496);
#3333=VERTEX_POINT('',#11498);
#3334=VERTEX_POINT('',#11507);
#3335=VERTEX_POINT('',#11509);
#3336=VERTEX_POINT('',#11512);
#3337=VERTEX_POINT('',#11513);
#3338=VERTEX_POINT('',#11515);
#3339=VERTEX_POINT('',#11517);
#3340=VERTEX_POINT('',#11519);
#3341=VERTEX_POINT('',#11521);
#3342=VERTEX_POINT('',#11523);
#3343=VERTEX_POINT('',#11525);
#3344=VERTEX_POINT('',#11529);
#3345=VERTEX_POINT('',#11533);
#3346=VERTEX_POINT('',#11557);
#3347=VERTEX_POINT('',#11559);
#3348=VERTEX_POINT('',#11565);
#3349=VERTEX_POINT('',#11567);
#3350=VERTEX_POINT('',#11571);
#3351=VERTEX_POINT('',#11572);
#3352=VERTEX_POINT('',#11574);
#3353=VERTEX_POINT('',#11576);
#3354=VERTEX_POINT('',#11580);
#3355=VERTEX_POINT('',#11582);
#3356=VERTEX_POINT('',#11586);
#3357=VERTEX_POINT('',#11588);
#3358=VERTEX_POINT('',#11592);
#3359=VERTEX_POINT('',#11594);
#3360=VERTEX_POINT('',#11598);
#3361=VERTEX_POINT('',#11600);
#3362=VERTEX_POINT('',#11609);
#3363=VERTEX_POINT('',#11610);
#3364=VERTEX_POINT('',#11612);
#3365=VERTEX_POINT('',#11614);
#3366=VERTEX_POINT('',#11618);
#3367=VERTEX_POINT('',#11620);
#3368=VERTEX_POINT('',#11624);
#3369=VERTEX_POINT('',#11626);
#3370=VERTEX_POINT('',#11633);
#3371=VERTEX_POINT('',#11634);
#3372=VERTEX_POINT('',#11636);
#3373=VERTEX_POINT('',#11638);
#3374=VERTEX_POINT('',#11642);
#3375=VERTEX_POINT('',#11644);
#3376=VERTEX_POINT('',#11648);
#3377=VERTEX_POINT('',#11650);
#3378=VERTEX_POINT('',#11659);
#3379=VERTEX_POINT('',#11660);
#3380=VERTEX_POINT('',#11662);
#3381=VERTEX_POINT('',#11664);
#3382=VERTEX_POINT('',#11668);
#3383=VERTEX_POINT('',#11670);
#3384=VERTEX_POINT('',#11672);
#3385=VERTEX_POINT('',#11674);
#3386=VERTEX_POINT('',#11677);
#3387=VERTEX_POINT('',#11680);
#3388=VERTEX_POINT('',#11684);
#3389=VERTEX_POINT('',#11688);
#3390=VERTEX_POINT('',#11692);
#3391=VERTEX_POINT('',#11696);
#3392=VERTEX_POINT('',#11703);
#3393=VERTEX_POINT('',#11704);
#3394=VERTEX_POINT('',#11706);
#3395=VERTEX_POINT('',#11712);
#3396=VERTEX_POINT('',#11716);
#3397=VERTEX_POINT('',#11720);
#3398=VERTEX_POINT('',#11724);
#3399=VERTEX_POINT('',#11728);
#3400=VERTEX_POINT('',#11729);
#3401=VERTEX_POINT('',#11732);
#3402=VERTEX_POINT('',#11737);
#3403=VERTEX_POINT('',#11741);
#3404=VERTEX_POINT('',#11745);
#3405=VERTEX_POINT('',#11749);
#3406=VERTEX_POINT('',#11755);
#3407=VERTEX_POINT('',#11757);
#3408=VERTEX_POINT('',#11761);
#3409=VERTEX_POINT('',#11763);
#3410=VERTEX_POINT('',#11767);
#3411=VERTEX_POINT('',#11769);
#3412=VERTEX_POINT('',#11773);
#3413=VERTEX_POINT('',#11775);
#3414=VERTEX_POINT('',#11779);
#3415=VERTEX_POINT('',#11781);
#3416=VERTEX_POINT('',#11785);
#3417=VERTEX_POINT('',#11787);
#3418=VERTEX_POINT('',#11791);
#3419=VERTEX_POINT('',#11793);
#3420=VERTEX_POINT('',#11797);
#3421=VERTEX_POINT('',#11799);
#3422=VERTEX_POINT('',#11803);
#3423=VERTEX_POINT('',#11805);
#3424=VERTEX_POINT('',#11809);
#3425=VERTEX_POINT('',#11811);
#3426=VERTEX_POINT('',#11815);
#3427=VERTEX_POINT('',#11816);
#3428=VERTEX_POINT('',#11818);
#3429=VERTEX_POINT('',#11820);
#3430=VERTEX_POINT('',#11824);
#3431=VERTEX_POINT('',#11826);
#3432=VERTEX_POINT('',#11830);
#3433=VERTEX_POINT('',#11832);
#3434=VERTEX_POINT('',#11841);
#3435=VERTEX_POINT('',#11842);
#3436=VERTEX_POINT('',#11844);
#3437=VERTEX_POINT('',#11846);
#3438=VERTEX_POINT('',#11850);
#3439=VERTEX_POINT('',#11852);
#3440=VERTEX_POINT('',#11856);
#3441=VERTEX_POINT('',#11858);
#3442=VERTEX_POINT('',#11867);
#3443=VERTEX_POINT('',#11868);
#3444=VERTEX_POINT('',#11870);
#3445=VERTEX_POINT('',#11872);
#3446=VERTEX_POINT('',#11876);
#3447=VERTEX_POINT('',#11878);
#3448=VERTEX_POINT('',#11882);
#3449=VERTEX_POINT('',#11884);
#3450=VERTEX_POINT('',#11888);
#3451=VERTEX_POINT('',#11890);
#3452=VERTEX_POINT('',#11894);
#3453=VERTEX_POINT('',#11896);
#3454=VERTEX_POINT('',#11900);
#3455=VERTEX_POINT('',#11902);
#3456=VERTEX_POINT('',#11906);
#3457=VERTEX_POINT('',#11908);
#3458=VERTEX_POINT('',#11912);
#3459=VERTEX_POINT('',#11914);
#3460=VERTEX_POINT('',#11918);
#3461=VERTEX_POINT('',#11920);
#3462=VERTEX_POINT('',#11924);
#3463=VERTEX_POINT('',#11926);
#3464=VERTEX_POINT('',#11930);
#3465=VERTEX_POINT('',#11932);
#3466=VERTEX_POINT('',#11936);
#3467=VERTEX_POINT('',#11938);
#3468=VERTEX_POINT('',#11942);
#3469=VERTEX_POINT('',#11944);
#3470=VERTEX_POINT('',#11948);
#3471=VERTEX_POINT('',#11950);
#3472=VERTEX_POINT('',#11954);
#3473=VERTEX_POINT('',#11956);
#3474=VERTEX_POINT('',#11960);
#3475=VERTEX_POINT('',#11962);
#3476=VERTEX_POINT('',#11966);
#3477=VERTEX_POINT('',#11968);
#3478=VERTEX_POINT('',#11972);
#3479=VERTEX_POINT('',#11974);
#3480=VERTEX_POINT('',#11978);
#3481=VERTEX_POINT('',#11980);
#3482=VERTEX_POINT('',#11984);
#3483=VERTEX_POINT('',#11986);
#3484=VERTEX_POINT('',#11990);
#3485=VERTEX_POINT('',#11992);
#3486=VERTEX_POINT('',#11996);
#3487=VERTEX_POINT('',#11998);
#3488=VERTEX_POINT('',#12002);
#3489=VERTEX_POINT('',#12004);
#3490=VERTEX_POINT('',#12008);
#3491=VERTEX_POINT('',#12010);
#3492=VERTEX_POINT('',#12014);
#3493=VERTEX_POINT('',#12016);
#3494=VERTEX_POINT('',#12020);
#3495=VERTEX_POINT('',#12022);
#3496=VERTEX_POINT('',#12026);
#3497=VERTEX_POINT('',#12028);
#3498=VERTEX_POINT('',#12032);
#3499=VERTEX_POINT('',#12034);
#3500=VERTEX_POINT('',#12038);
#3501=VERTEX_POINT('',#12040);
#3502=VERTEX_POINT('',#12044);
#3503=VERTEX_POINT('',#12046);
#3504=VERTEX_POINT('',#12050);
#3505=VERTEX_POINT('',#12052);
#3506=VERTEX_POINT('',#12056);
#3507=VERTEX_POINT('',#12058);
#3508=VERTEX_POINT('',#12062);
#3509=VERTEX_POINT('',#12064);
#3510=VERTEX_POINT('',#12068);
#3511=VERTEX_POINT('',#12070);
#3512=VERTEX_POINT('',#12074);
#3513=VERTEX_POINT('',#12076);
#3514=VERTEX_POINT('',#12080);
#3515=VERTEX_POINT('',#12082);
#3516=VERTEX_POINT('',#12086);
#3517=VERTEX_POINT('',#12088);
#3518=VERTEX_POINT('',#12092);
#3519=VERTEX_POINT('',#12094);
#3520=VERTEX_POINT('',#12098);
#3521=VERTEX_POINT('',#12100);
#3522=VERTEX_POINT('',#12104);
#3523=VERTEX_POINT('',#12106);
#3524=VERTEX_POINT('',#12110);
#3525=VERTEX_POINT('',#12112);
#3526=VERTEX_POINT('',#12116);
#3527=VERTEX_POINT('',#12118);
#3528=VERTEX_POINT('',#12122);
#3529=VERTEX_POINT('',#12124);
#3530=VERTEX_POINT('',#12128);
#3531=VERTEX_POINT('',#12130);
#3532=VERTEX_POINT('',#12134);
#3533=VERTEX_POINT('',#12136);
#3534=VERTEX_POINT('',#12140);
#3535=VERTEX_POINT('',#12142);
#3536=VERTEX_POINT('',#12146);
#3537=VERTEX_POINT('',#12148);
#3538=VERTEX_POINT('',#12152);
#3539=VERTEX_POINT('',#12154);
#3540=VERTEX_POINT('',#12158);
#3541=VERTEX_POINT('',#12160);
#3542=VERTEX_POINT('',#12164);
#3543=VERTEX_POINT('',#12166);
#3544=VERTEX_POINT('',#12170);
#3545=VERTEX_POINT('',#12172);
#3546=VERTEX_POINT('',#12176);
#3547=VERTEX_POINT('',#12178);
#3548=VERTEX_POINT('',#12182);
#3549=VERTEX_POINT('',#12184);
#3550=VERTEX_POINT('',#12188);
#3551=VERTEX_POINT('',#12190);
#3552=VERTEX_POINT('',#12194);
#3553=VERTEX_POINT('',#12196);
#3554=VERTEX_POINT('',#12200);
#3555=VERTEX_POINT('',#12202);
#3556=VERTEX_POINT('',#12206);
#3557=VERTEX_POINT('',#12208);
#3558=VERTEX_POINT('',#12212);
#3559=VERTEX_POINT('',#12214);
#3560=VERTEX_POINT('',#12218);
#3561=VERTEX_POINT('',#12220);
#3562=VERTEX_POINT('',#12224);
#3563=VERTEX_POINT('',#12226);
#3564=VERTEX_POINT('',#12230);
#3565=VERTEX_POINT('',#12232);
#3566=VERTEX_POINT('',#12236);
#3567=VERTEX_POINT('',#12238);
#3568=VERTEX_POINT('',#12242);
#3569=VERTEX_POINT('',#12244);
#3570=VERTEX_POINT('',#12248);
#3571=VERTEX_POINT('',#12250);
#3572=VERTEX_POINT('',#12254);
#3573=VERTEX_POINT('',#12256);
#3574=VERTEX_POINT('',#12260);
#3575=VERTEX_POINT('',#12262);
#3576=VERTEX_POINT('',#12266);
#3577=VERTEX_POINT('',#12268);
#3578=VERTEX_POINT('',#12272);
#3579=VERTEX_POINT('',#12274);
#3580=VERTEX_POINT('',#12278);
#3581=VERTEX_POINT('',#12280);
#3582=VERTEX_POINT('',#12284);
#3583=VERTEX_POINT('',#12286);
#3584=VERTEX_POINT('',#12290);
#3585=VERTEX_POINT('',#12292);
#3586=VERTEX_POINT('',#12296);
#3587=VERTEX_POINT('',#12298);
#3588=VERTEX_POINT('',#12302);
#3589=VERTEX_POINT('',#12304);
#3590=VERTEX_POINT('',#12308);
#3591=VERTEX_POINT('',#12310);
#3592=VERTEX_POINT('',#12314);
#3593=VERTEX_POINT('',#12316);
#3594=VERTEX_POINT('',#12320);
#3595=VERTEX_POINT('',#12322);
#3596=VERTEX_POINT('',#12326);
#3597=VERTEX_POINT('',#12328);
#3598=VERTEX_POINT('',#12332);
#3599=VERTEX_POINT('',#12334);
#3600=VERTEX_POINT('',#12338);
#3601=VERTEX_POINT('',#12340);
#3602=VERTEX_POINT('',#12344);
#3603=VERTEX_POINT('',#12346);
#3604=VERTEX_POINT('',#12350);
#3605=VERTEX_POINT('',#12352);
#3606=VERTEX_POINT('',#12356);
#3607=VERTEX_POINT('',#12358);
#3608=VERTEX_POINT('',#12362);
#3609=VERTEX_POINT('',#12364);
#3610=VERTEX_POINT('',#12368);
#3611=VERTEX_POINT('',#12370);
#3612=VERTEX_POINT('',#12374);
#3613=VERTEX_POINT('',#12376);
#3614=VERTEX_POINT('',#12380);
#3615=VERTEX_POINT('',#12382);
#3616=VERTEX_POINT('',#12386);
#3617=VERTEX_POINT('',#12388);
#3618=VERTEX_POINT('',#12392);
#3619=VERTEX_POINT('',#12394);
#3620=VERTEX_POINT('',#12398);
#3621=VERTEX_POINT('',#12400);
#3622=VERTEX_POINT('',#12404);
#3623=VERTEX_POINT('',#12406);
#3624=VERTEX_POINT('',#12410);
#3625=VERTEX_POINT('',#12412);
#3626=VERTEX_POINT('',#12416);
#3627=VERTEX_POINT('',#12418);
#3628=VERTEX_POINT('',#12422);
#3629=VERTEX_POINT('',#12424);
#3630=VERTEX_POINT('',#12428);
#3631=VERTEX_POINT('',#12430);
#3632=VERTEX_POINT('',#12439);
#3633=VERTEX_POINT('',#12441);
#3634=VERTEX_POINT('',#12445);
#3635=VERTEX_POINT('',#12446);
#3636=VERTEX_POINT('',#12448);
#3637=VERTEX_POINT('',#12450);
#3638=VERTEX_POINT('',#12454);
#3639=VERTEX_POINT('',#12456);
#3640=VERTEX_POINT('',#12460);
#3641=VERTEX_POINT('',#12462);
#3642=VERTEX_POINT('',#12469);
#3643=VERTEX_POINT('',#12470);
#3644=VERTEX_POINT('',#12472);
#3645=VERTEX_POINT('',#12474);
#3646=VERTEX_POINT('',#12478);
#3647=VERTEX_POINT('',#12480);
#3648=VERTEX_POINT('',#12493);
#3649=VERTEX_POINT('',#12499);
#3650=VERTEX_POINT('',#12507);
#3651=VERTEX_POINT('',#12509);
#3652=VERTEX_POINT('',#12513);
#3653=VERTEX_POINT('',#12515);
#3654=VERTEX_POINT('',#12519);
#3655=VERTEX_POINT('',#12521);
#3656=VERTEX_POINT('',#12530);
#3657=VERTEX_POINT('',#12532);
#3658=VERTEX_POINT('',#12536);
#3659=VERTEX_POINT('',#12537);
#3660=VERTEX_POINT('',#12539);
#3661=VERTEX_POINT('',#12541);
#3662=VERTEX_POINT('',#12545);
#3663=VERTEX_POINT('',#12547);
#3664=VERTEX_POINT('',#12551);
#3665=VERTEX_POINT('',#12553);
#3666=VERTEX_POINT('',#12557);
#3667=VERTEX_POINT('',#12559);
#3668=VERTEX_POINT('',#12563);
#3669=VERTEX_POINT('',#12565);
#3670=VERTEX_POINT('',#12574);
#3671=VERTEX_POINT('',#12575);
#3672=VERTEX_POINT('',#12577);
#3673=VERTEX_POINT('',#12579);
#3674=VERTEX_POINT('',#12583);
#3675=VERTEX_POINT('',#12585);
#3676=VERTEX_POINT('',#12587);
#3677=VERTEX_POINT('',#12589);
#3678=VERTEX_POINT('',#12592);
#3679=VERTEX_POINT('',#12595);
#3680=VERTEX_POINT('',#12599);
#3681=VERTEX_POINT('',#12603);
#3682=VERTEX_POINT('',#12607);
#3683=VERTEX_POINT('',#12611);
#3684=VERTEX_POINT('',#12618);
#3685=VERTEX_POINT('',#12620);
#3686=VERTEX_POINT('',#12626);
#3687=VERTEX_POINT('',#12628);
#3688=VERTEX_POINT('',#12632);
#3689=VERTEX_POINT('',#12634);
#3690=VERTEX_POINT('',#12638);
#3691=VERTEX_POINT('',#12640);
#3692=VERTEX_POINT('',#12644);
#3693=VERTEX_POINT('',#12646);
#3694=VERTEX_POINT('',#12650);
#3695=VERTEX_POINT('',#12652);
#3696=VERTEX_POINT('',#12656);
#3697=VERTEX_POINT('',#12658);
#3698=VERTEX_POINT('',#12662);
#3699=VERTEX_POINT('',#12664);
#3700=VERTEX_POINT('',#12668);
#3701=VERTEX_POINT('',#12670);
#3702=VERTEX_POINT('',#12674);
#3703=VERTEX_POINT('',#12676);
#3704=VERTEX_POINT('',#12680);
#3705=VERTEX_POINT('',#12682);
#3706=VERTEX_POINT('',#12686);
#3707=VERTEX_POINT('',#12687);
#3708=VERTEX_POINT('',#12689);
#3709=VERTEX_POINT('',#12691);
#3710=VERTEX_POINT('',#12695);
#3711=VERTEX_POINT('',#12697);
#3712=VERTEX_POINT('',#12701);
#3713=VERTEX_POINT('',#12703);
#3714=VERTEX_POINT('',#12712);
#3715=VERTEX_POINT('',#12713);
#3716=VERTEX_POINT('',#12715);
#3717=VERTEX_POINT('',#12717);
#3718=VERTEX_POINT('',#12721);
#3719=VERTEX_POINT('',#12723);
#3720=VERTEX_POINT('',#12727);
#3721=VERTEX_POINT('',#12729);
#3722=VERTEX_POINT('',#12733);
#3723=VERTEX_POINT('',#12735);
#3724=VERTEX_POINT('',#12739);
#3725=VERTEX_POINT('',#12741);
#3726=VERTEX_POINT('',#12745);
#3727=VERTEX_POINT('',#12747);
#3728=VERTEX_POINT('',#12751);
#3729=VERTEX_POINT('',#12753);
#3730=VERTEX_POINT('',#12757);
#3731=VERTEX_POINT('',#12759);
#3732=VERTEX_POINT('',#12763);
#3733=VERTEX_POINT('',#12765);
#3734=VERTEX_POINT('',#12769);
#3735=VERTEX_POINT('',#12771);
#3736=VERTEX_POINT('',#12775);
#3737=VERTEX_POINT('',#12777);
#3738=VERTEX_POINT('',#12781);
#3739=VERTEX_POINT('',#12783);
#3740=VERTEX_POINT('',#12787);
#3741=VERTEX_POINT('',#12789);
#3742=VERTEX_POINT('',#12793);
#3743=VERTEX_POINT('',#12795);
#3744=VERTEX_POINT('',#12799);
#3745=VERTEX_POINT('',#12801);
#3746=VERTEX_POINT('',#12805);
#3747=VERTEX_POINT('',#12807);
#3748=VERTEX_POINT('',#12811);
#3749=VERTEX_POINT('',#12813);
#3750=VERTEX_POINT('',#12817);
#3751=VERTEX_POINT('',#12819);
#3752=VERTEX_POINT('',#12823);
#3753=VERTEX_POINT('',#12825);
#3754=VERTEX_POINT('',#12829);
#3755=VERTEX_POINT('',#12831);
#3756=VERTEX_POINT('',#12835);
#3757=VERTEX_POINT('',#12837);
#3758=VERTEX_POINT('',#12841);
#3759=VERTEX_POINT('',#12843);
#3760=VERTEX_POINT('',#12847);
#3761=VERTEX_POINT('',#12849);
#3762=VERTEX_POINT('',#12853);
#3763=VERTEX_POINT('',#12855);
#3764=VERTEX_POINT('',#12859);
#3765=VERTEX_POINT('',#12861);
#3766=VERTEX_POINT('',#12865);
#3767=VERTEX_POINT('',#12867);
#3768=VERTEX_POINT('',#12871);
#3769=VERTEX_POINT('',#12873);
#3770=VERTEX_POINT('',#12877);
#3771=VERTEX_POINT('',#12879);
#3772=VERTEX_POINT('',#12883);
#3773=VERTEX_POINT('',#12885);
#3774=VERTEX_POINT('',#12889);
#3775=VERTEX_POINT('',#12891);
#3776=VERTEX_POINT('',#12895);
#3777=VERTEX_POINT('',#12897);
#3778=VERTEX_POINT('',#12901);
#3779=VERTEX_POINT('',#12903);
#3780=VERTEX_POINT('',#12907);
#3781=VERTEX_POINT('',#12909);
#3782=VERTEX_POINT('',#12913);
#3783=VERTEX_POINT('',#12915);
#3784=VERTEX_POINT('',#12919);
#3785=VERTEX_POINT('',#12921);
#3786=VERTEX_POINT('',#12925);
#3787=VERTEX_POINT('',#12927);
#3788=VERTEX_POINT('',#12931);
#3789=VERTEX_POINT('',#12933);
#3790=VERTEX_POINT('',#12937);
#3791=VERTEX_POINT('',#12939);
#3792=VERTEX_POINT('',#12943);
#3793=VERTEX_POINT('',#12945);
#3794=VERTEX_POINT('',#12949);
#3795=VERTEX_POINT('',#12951);
#3796=VERTEX_POINT('',#12955);
#3797=VERTEX_POINT('',#12957);
#3798=VERTEX_POINT('',#12961);
#3799=VERTEX_POINT('',#12963);
#3800=VERTEX_POINT('',#12967);
#3801=VERTEX_POINT('',#12969);
#3802=VERTEX_POINT('',#12973);
#3803=VERTEX_POINT('',#12975);
#3804=VERTEX_POINT('',#12979);
#3805=VERTEX_POINT('',#12981);
#3806=VERTEX_POINT('',#12985);
#3807=VERTEX_POINT('',#12987);
#3808=VERTEX_POINT('',#12991);
#3809=VERTEX_POINT('',#12993);
#3810=VERTEX_POINT('',#12997);
#3811=VERTEX_POINT('',#12999);
#3812=VERTEX_POINT('',#13003);
#3813=VERTEX_POINT('',#13005);
#3814=VERTEX_POINT('',#13009);
#3815=VERTEX_POINT('',#13011);
#3816=VERTEX_POINT('',#13015);
#3817=VERTEX_POINT('',#13017);
#3818=VERTEX_POINT('',#13021);
#3819=VERTEX_POINT('',#13023);
#3820=VERTEX_POINT('',#13027);
#3821=VERTEX_POINT('',#13029);
#3822=VERTEX_POINT('',#13033);
#3823=VERTEX_POINT('',#13035);
#3824=VERTEX_POINT('',#13039);
#3825=VERTEX_POINT('',#13041);
#3826=VERTEX_POINT('',#13045);
#3827=VERTEX_POINT('',#13047);
#3828=VERTEX_POINT('',#13051);
#3829=VERTEX_POINT('',#13053);
#3830=VERTEX_POINT('',#13057);
#3831=VERTEX_POINT('',#13059);
#3832=VERTEX_POINT('',#13063);
#3833=VERTEX_POINT('',#13065);
#3834=VERTEX_POINT('',#13069);
#3835=VERTEX_POINT('',#13071);
#3836=VERTEX_POINT('',#13075);
#3837=VERTEX_POINT('',#13077);
#3838=VERTEX_POINT('',#13081);
#3839=VERTEX_POINT('',#13083);
#3840=VERTEX_POINT('',#13087);
#3841=VERTEX_POINT('',#13089);
#3842=VERTEX_POINT('',#13093);
#3843=VERTEX_POINT('',#13095);
#3844=VERTEX_POINT('',#13099);
#3845=VERTEX_POINT('',#13101);
#3846=VERTEX_POINT('',#13105);
#3847=VERTEX_POINT('',#13107);
#3848=VERTEX_POINT('',#13111);
#3849=VERTEX_POINT('',#13113);
#3850=VERTEX_POINT('',#13117);
#3851=VERTEX_POINT('',#13119);
#3852=VERTEX_POINT('',#13123);
#3853=VERTEX_POINT('',#13125);
#3854=VERTEX_POINT('',#13129);
#3855=VERTEX_POINT('',#13131);
#3856=VERTEX_POINT('',#13135);
#3857=VERTEX_POINT('',#13137);
#3858=VERTEX_POINT('',#13141);
#3859=VERTEX_POINT('',#13143);
#3860=VERTEX_POINT('',#13147);
#3861=VERTEX_POINT('',#13149);
#3862=VERTEX_POINT('',#13153);
#3863=VERTEX_POINT('',#13155);
#3864=VERTEX_POINT('',#13159);
#3865=VERTEX_POINT('',#13161);
#3866=VERTEX_POINT('',#13165);
#3867=VERTEX_POINT('',#13167);
#3868=VERTEX_POINT('',#13171);
#3869=VERTEX_POINT('',#13173);
#3870=VERTEX_POINT('',#13177);
#3871=VERTEX_POINT('',#13179);
#3872=VERTEX_POINT('',#13183);
#3873=VERTEX_POINT('',#13185);
#3874=VERTEX_POINT('',#13189);
#3875=VERTEX_POINT('',#13191);
#3876=VERTEX_POINT('',#13195);
#3877=VERTEX_POINT('',#13197);
#3878=VERTEX_POINT('',#13201);
#3879=VERTEX_POINT('',#13203);
#3880=VERTEX_POINT('',#13207);
#3881=VERTEX_POINT('',#13209);
#3882=VERTEX_POINT('',#13213);
#3883=VERTEX_POINT('',#13215);
#3884=VERTEX_POINT('',#13219);
#3885=VERTEX_POINT('',#13221);
#3886=VERTEX_POINT('',#13225);
#3887=VERTEX_POINT('',#13227);
#3888=VERTEX_POINT('',#13231);
#3889=VERTEX_POINT('',#13233);
#3890=VERTEX_POINT('',#13237);
#3891=VERTEX_POINT('',#13239);
#3892=VERTEX_POINT('',#13243);
#3893=VERTEX_POINT('',#13245);
#3894=VERTEX_POINT('',#13249);
#3895=VERTEX_POINT('',#13251);
#3896=VERTEX_POINT('',#13255);
#3897=VERTEX_POINT('',#13257);
#3898=VERTEX_POINT('',#13261);
#3899=VERTEX_POINT('',#13263);
#3900=VERTEX_POINT('',#13267);
#3901=VERTEX_POINT('',#13269);
#3902=VERTEX_POINT('',#13273);
#3903=VERTEX_POINT('',#13275);
#3904=VERTEX_POINT('',#13284);
#3905=VERTEX_POINT('',#13286);
#3906=VERTEX_POINT('',#13290);
#3907=VERTEX_POINT('',#13291);
#3908=VERTEX_POINT('',#13293);
#3909=VERTEX_POINT('',#13295);
#3910=VERTEX_POINT('',#13299);
#3911=VERTEX_POINT('',#13301);
#3912=VERTEX_POINT('',#13305);
#3913=VERTEX_POINT('',#13307);
#3914=VERTEX_POINT('',#13314);
#3915=VERTEX_POINT('',#13315);
#3916=VERTEX_POINT('',#13317);
#3917=VERTEX_POINT('',#13319);
#3918=VERTEX_POINT('',#13323);
#3919=VERTEX_POINT('',#13325);
#3920=VERTEX_POINT('',#13338);
#3921=VERTEX_POINT('',#13344);
#3922=VERTEX_POINT('',#13352);
#3923=VERTEX_POINT('',#13354);
#3924=VERTEX_POINT('',#13358);
#3925=VERTEX_POINT('',#13360);
#3926=VERTEX_POINT('',#13364);
#3927=VERTEX_POINT('',#13366);
#3928=VERTEX_POINT('',#13375);
#3929=VERTEX_POINT('',#13376);
#3930=VERTEX_POINT('',#13378);
#3931=VERTEX_POINT('',#13380);
#3932=VERTEX_POINT('',#13383);
#3933=VERTEX_POINT('',#13384);
#3934=VERTEX_POINT('',#13386);
#3935=VERTEX_POINT('',#13388);
#3936=VERTEX_POINT('',#13392);
#3937=VERTEX_POINT('',#13394);
#3938=VERTEX_POINT('',#13398);
#3939=VERTEX_POINT('',#13400);
#3940=VERTEX_POINT('',#13404);
#3941=VERTEX_POINT('',#13408);
#3942=VERTEX_POINT('',#13410);
#3943=VERTEX_POINT('',#13419);
#3944=VERTEX_POINT('',#13426);
#3945=VERTEX_POINT('',#13428);
#3946=VERTEX_POINT('',#13432);
#3947=VERTEX_POINT('',#13433);
#3948=VERTEX_POINT('',#13435);
#3949=VERTEX_POINT('',#13437);
#3950=VERTEX_POINT('',#13441);
#3951=VERTEX_POINT('',#13443);
#3952=VERTEX_POINT('',#13447);
#3953=VERTEX_POINT('',#13449);
#3954=VERTEX_POINT('',#13453);
#3955=VERTEX_POINT('',#13455);
#3956=VERTEX_POINT('',#13459);
#3957=VERTEX_POINT('',#13461);
#3958=VERTEX_POINT('',#13470);
#3959=VERTEX_POINT('',#13472);
#3960=VERTEX_POINT('',#13476);
#3961=VERTEX_POINT('',#13477);
#3962=VERTEX_POINT('',#13479);
#3963=VERTEX_POINT('',#13481);
#3964=VERTEX_POINT('',#13485);
#3965=VERTEX_POINT('',#13487);
#3966=VERTEX_POINT('',#13491);
#3967=VERTEX_POINT('',#13493);
#3968=VERTEX_POINT('',#13497);
#3969=VERTEX_POINT('',#13499);
#3970=VERTEX_POINT('',#13503);
#3971=VERTEX_POINT('',#13505);
#3972=VERTEX_POINT('',#13514);
#3973=VERTEX_POINT('',#13516);
#3974=VERTEX_POINT('',#13520);
#3975=VERTEX_POINT('',#13521);
#3976=VERTEX_POINT('',#13523);
#3977=VERTEX_POINT('',#13525);
#3978=VERTEX_POINT('',#13529);
#3979=VERTEX_POINT('',#13531);
#3980=VERTEX_POINT('',#13535);
#3981=VERTEX_POINT('',#13537);
#3982=VERTEX_POINT('',#13541);
#3983=VERTEX_POINT('',#13543);
#3984=VERTEX_POINT('',#13547);
#3985=VERTEX_POINT('',#13549);
#3986=VERTEX_POINT('',#13558);
#3987=VERTEX_POINT('',#13560);
#3988=VERTEX_POINT('',#13564);
#3989=VERTEX_POINT('',#13565);
#3990=VERTEX_POINT('',#13567);
#3991=VERTEX_POINT('',#13569);
#3992=VERTEX_POINT('',#13573);
#3993=VERTEX_POINT('',#13575);
#3994=VERTEX_POINT('',#13579);
#3995=VERTEX_POINT('',#13581);
#3996=VERTEX_POINT('',#13585);
#3997=VERTEX_POINT('',#13587);
#3998=VERTEX_POINT('',#13591);
#3999=VERTEX_POINT('',#13593);
#4000=EDGE_CURVE('',#3234,#3235,#1480,.T.);
#4001=EDGE_CURVE('',#3234,#3236,#1481,.T.);
#4002=EDGE_CURVE('',#3236,#3237,#1482,.T.);
#4003=EDGE_CURVE('',#3235,#3237,#1483,.T.);
#4004=EDGE_CURVE('',#3238,#3234,#1484,.T.);
#4005=EDGE_CURVE('',#3238,#3239,#1485,.T.);
#4006=EDGE_CURVE('',#3239,#3236,#1486,.T.);
#4007=EDGE_CURVE('',#3240,#3238,#1487,.T.);
#4008=EDGE_CURVE('',#3241,#3240,#1488,.T.);
#4009=EDGE_CURVE('',#3241,#3239,#1489,.T.);
#4010=EDGE_CURVE('',#3237,#3242,#1490,.T.);
#4011=EDGE_CURVE('',#3242,#3243,#1491,.T.);
#4012=EDGE_CURVE('',#3235,#3243,#1492,.T.);
#4013=EDGE_CURVE('',#3244,#3240,#1493,.T.);
#4014=EDGE_CURVE('',#3245,#3244,#1494,.F.);
#4015=EDGE_CURVE('',#3246,#3245,#1495,.F.);
#4016=EDGE_CURVE('',#3247,#3246,#1496,.F.);
#4017=EDGE_CURVE('',#3247,#3241,#1497,.T.);
#4018=EDGE_CURVE('',#3248,#3249,#1498,.T.);
#4019=EDGE_CURVE('',#3249,#3250,#1499,.T.);
#4020=EDGE_CURVE('',#3250,#3251,#1500,.T.);
#4021=EDGE_CURVE('',#3251,#3248,#1501,.T.);
#4022=EDGE_CURVE('',#3243,#3252,#1502,.T.);
#4023=EDGE_CURVE('',#3252,#3253,#1503,.T.);
#4024=EDGE_CURVE('',#3253,#3254,#1504,.T.);
#4025=EDGE_CURVE('',#3254,#3255,#1505,.T.);
#4026=EDGE_CURVE('',#3255,#3256,#1506,.T.);
#4027=EDGE_CURVE('',#3256,#3257,#1507,.T.);
#4028=EDGE_CURVE('',#3257,#3258,#1508,.T.);
#4029=EDGE_CURVE('',#3258,#3259,#1509,.T.);
#4030=EDGE_CURVE('',#3259,#3260,#1510,.T.);
#4031=EDGE_CURVE('',#3260,#3261,#1511,.T.);
#4032=EDGE_CURVE('',#3261,#3262,#1512,.T.);
#4033=EDGE_CURVE('',#3262,#3263,#1513,.T.);
#4034=EDGE_CURVE('',#3263,#3264,#1514,.T.);
#4035=EDGE_CURVE('',#3264,#3265,#1515,.T.);
#4036=EDGE_CURVE('',#3265,#3266,#1516,.T.);
#4037=EDGE_CURVE('',#3266,#3267,#1517,.T.);
#4038=EDGE_CURVE('',#3267,#3268,#1518,.T.);
#4039=EDGE_CURVE('',#3268,#3269,#1519,.T.);
#4040=EDGE_CURVE('',#3269,#3270,#1520,.T.);
#4041=EDGE_CURVE('',#3270,#3271,#1521,.T.);
#4042=EDGE_CURVE('',#3271,#3272,#1522,.T.);
#4043=EDGE_CURVE('',#3272,#3273,#1523,.T.);
#4044=EDGE_CURVE('',#3273,#3274,#1524,.T.);
#4045=EDGE_CURVE('',#3274,#3275,#1525,.T.);
#4046=EDGE_CURVE('',#3275,#3276,#1526,.T.);
#4047=EDGE_CURVE('',#3276,#3277,#1527,.T.);
#4048=EDGE_CURVE('',#3277,#3278,#1528,.T.);
#4049=EDGE_CURVE('',#3278,#3279,#1529,.T.);
#4050=EDGE_CURVE('',#3279,#3280,#1530,.T.);
#4051=EDGE_CURVE('',#3280,#3281,#1531,.T.);
#4052=EDGE_CURVE('',#3281,#3244,#1532,.T.);
#4053=EDGE_CURVE('',#3260,#3282,#1533,.T.);
#4054=EDGE_CURVE('',#3282,#3283,#1534,.T.);
#4055=EDGE_CURVE('',#3261,#3283,#1535,.T.);
#4056=EDGE_CURVE('',#3284,#3259,#1536,.T.);
#4057=EDGE_CURVE('',#3284,#3282,#1537,.T.);
#4058=EDGE_CURVE('',#3283,#3285,#1538,.T.);
#4059=EDGE_CURVE('',#3262,#3285,#1539,.T.);
#4060=EDGE_CURVE('',#3253,#3286,#1540,.T.);
#4061=EDGE_CURVE('',#3286,#3287,#1541,.T.);
#4062=EDGE_CURVE('',#3254,#3287,#1542,.T.);
#4063=EDGE_CURVE('',#3252,#3288,#1543,.T.);
#4064=EDGE_CURVE('',#3288,#3286,#1544,.T.);
#4065=EDGE_CURVE('',#3242,#3288,#1545,.T.);
#4066=EDGE_CURVE('',#3257,#3289,#1546,.T.);
#4067=EDGE_CURVE('',#3289,#3290,#1547,.T.);
#4068=EDGE_CURVE('',#3258,#3290,#1548,.T.);
#4069=EDGE_CURVE('',#3256,#3291,#1549,.T.);
#4070=EDGE_CURVE('',#3291,#3289,#1550,.T.);
#4071=EDGE_CURVE('',#3292,#3255,#1551,.T.);
#4072=EDGE_CURVE('',#3292,#3291,#1552,.T.);
#4073=EDGE_CURVE('',#3267,#3293,#1553,.T.);
#4074=EDGE_CURVE('',#3293,#3294,#1554,.T.);
#4075=EDGE_CURVE('',#3268,#3294,#1555,.T.);
#4076=EDGE_CURVE('',#3266,#3295,#1556,.T.);
#4077=EDGE_CURVE('',#3295,#3293,#1557,.T.);
#4078=EDGE_CURVE('',#3296,#3265,#1558,.T.);
#4079=EDGE_CURVE('',#3296,#3295,#1559,.T.);
#4080=EDGE_CURVE('',#3275,#3297,#1560,.T.);
#4081=EDGE_CURVE('',#3297,#3298,#1561,.T.);
#4082=EDGE_CURVE('',#3276,#3298,#1562,.T.);
#4083=EDGE_CURVE('',#3274,#3299,#1563,.T.);
#4084=EDGE_CURVE('',#3299,#3297,#1564,.T.);
#4085=EDGE_CURVE('',#3300,#3273,#1565,.T.);
#4086=EDGE_CURVE('',#3300,#3299,#1566,.T.);
#4087=EDGE_CURVE('',#3271,#3301,#1567,.T.);
#4088=EDGE_CURVE('',#3301,#3302,#1568,.T.);
#4089=EDGE_CURVE('',#3272,#3302,#1569,.T.);
#4090=EDGE_CURVE('',#3270,#3303,#1570,.T.);
#4091=EDGE_CURVE('',#3303,#3301,#1571,.T.);
#4092=EDGE_CURVE('',#3304,#3269,#1572,.T.);
#4093=EDGE_CURVE('',#3304,#3303,#1573,.T.);
#4094=EDGE_CURVE('',#3279,#3305,#1574,.T.);
#4095=EDGE_CURVE('',#3305,#3306,#1575,.T.);
#4096=EDGE_CURVE('',#3280,#3306,#1576,.T.);
#4097=EDGE_CURVE('',#3278,#3307,#1577,.T.);
#4098=EDGE_CURVE('',#3307,#3305,#1578,.T.);
#4099=EDGE_CURVE('',#3308,#3277,#1579,.T.);
#4100=EDGE_CURVE('',#3308,#3307,#1580,.T.);
#4101=EDGE_CURVE('',#3287,#3292,#1581,.T.);
#4102=EDGE_CURVE('',#3290,#3284,#1582,.T.);
#4103=EDGE_CURVE('',#3285,#3309,#1583,.T.);
#4104=EDGE_CURVE('',#3309,#3263,#1584,.F.);
#4105=EDGE_CURVE('',#3306,#3310,#1585,.T.);
#4106=EDGE_CURVE('',#3310,#3311,#1586,.T.);
#4107=EDGE_CURVE('',#3311,#3312,#1587,.T.);
#4108=EDGE_CURVE('',#3312,#3281,#1588,.T.);
#4109=EDGE_CURVE('',#3298,#3308,#1589,.T.);
#4110=EDGE_CURVE('',#3302,#3300,#1590,.T.);
#4111=EDGE_CURVE('',#3313,#3264,#1591,.F.);
#4112=EDGE_CURVE('',#3313,#3296,#1592,.T.);
#4113=EDGE_CURVE('',#3294,#3304,#1593,.T.);
#4114=EDGE_CURVE('',#3314,#3315,#1594,.T.);
#4115=EDGE_CURVE('',#3314,#3250,#1595,.T.);
#4116=EDGE_CURVE('',#3315,#3249,#1596,.T.);
#4117=EDGE_CURVE('',#3316,#3317,#1597,.T.);
#4118=EDGE_CURVE('',#3316,#3248,#1598,.T.);
#4119=EDGE_CURVE('',#3317,#3251,#1599,.T.);
#4120=EDGE_CURVE('',#3309,#3313,#1600,.T.);
#4121=EDGE_CURVE('',#3310,#3247,#1601,.T.);
#4122=EDGE_CURVE('',#3318,#3319,#1602,.T.);
#4123=EDGE_CURVE('',#3319,#3320,#200,.T.);
#4124=EDGE_CURVE('',#3320,#3321,#1603,.T.);
#4125=EDGE_CURVE('',#3321,#3322,#201,.T.);
#4126=EDGE_CURVE('',#3322,#3323,#1604,.T.);
#4127=EDGE_CURVE('',#3323,#3324,#202,.T.);
#4128=EDGE_CURVE('',#3324,#3325,#1605,.T.);
#4129=EDGE_CURVE('',#3325,#3318,#203,.T.);
#4130=EDGE_CURVE('',#3246,#3311,#1606,.T.);
#4131=EDGE_CURVE('',#3326,#3311,#1607,.T.);
#4132=EDGE_CURVE('',#3327,#3326,#1608,.T.);
#4133=EDGE_CURVE('',#3312,#3327,#1609,.T.);
#4134=EDGE_CURVE('',#3328,#3329,#1610,.T.);
#4135=EDGE_CURVE('',#3328,#3327,#1611,.T.);
#4136=EDGE_CURVE('',#3329,#3326,#1612,.T.);
#4137=EDGE_CURVE('',#3329,#3330,#1613,.T.);
#4138=EDGE_CURVE('',#3246,#3331,#1614,.T.);
#4139=EDGE_CURVE('',#3330,#3331,#1615,.T.);
#4140=EDGE_CURVE('',#3330,#3332,#1616,.T.);
#4141=EDGE_CURVE('',#3331,#3333,#1617,.T.);
#4142=EDGE_CURVE('',#3332,#3333,#1618,.T.);
#4143=EDGE_CURVE('',#3332,#3328,#1619,.T.);
#4144=EDGE_CURVE('',#3333,#3245,#1620,.T.);
#4145=EDGE_CURVE('',#3312,#3245,#1621,.T.);
#4146=EDGE_CURVE('',#3334,#3314,#204,.T.);
#4147=EDGE_CURVE('',#3335,#3334,#1622,.T.);
#4148=EDGE_CURVE('',#3317,#3335,#205,.T.);
#4149=EDGE_CURVE('',#3336,#3337,#1623,.T.);
#4150=EDGE_CURVE('',#3337,#3338,#206,.T.);
#4151=EDGE_CURVE('',#3338,#3339,#1624,.T.);
#4152=EDGE_CURVE('',#3339,#3340,#207,.T.);
#4153=EDGE_CURVE('',#3340,#3341,#1625,.T.);
#4154=EDGE_CURVE('',#3341,#3342,#208,.T.);
#4155=EDGE_CURVE('',#3342,#3343,#1626,.T.);
#4156=EDGE_CURVE('',#3343,#3336,#209,.T.);
#4157=EDGE_CURVE('',#3315,#3344,#210,.T.);
#4158=EDGE_CURVE('',#3344,#3334,#1627,.T.);
#4159=EDGE_CURVE('',#3335,#3345,#1628,.T.);
#4160=EDGE_CURVE('',#3344,#3345,#1629,.T.);
#4161=EDGE_CURVE('',#3345,#3316,#211,.T.);
#4162=EDGE_CURVE('',#3342,#3321,#1630,.T.);
#4163=EDGE_CURVE('',#3341,#3322,#1631,.T.);
#4164=EDGE_CURVE('',#3343,#3320,#1632,.T.);
#4165=EDGE_CURVE('',#3336,#3319,#1633,.T.);
#4166=EDGE_CURVE('',#3337,#3318,#1634,.T.);
#4167=EDGE_CURVE('',#3338,#3325,#1635,.T.);
#4168=EDGE_CURVE('',#3339,#3324,#1636,.T.);
#4169=EDGE_CURVE('',#3340,#3323,#1637,.T.);
#4170=EDGE_CURVE('',#3346,#3346,#212,.T.);
#4171=EDGE_CURVE('',#3346,#3347,#1638,.T.);
#4172=EDGE_CURVE('',#3347,#3347,#213,.T.);
#4173=EDGE_CURVE('',#3348,#3348,#214,.T.);
#4174=EDGE_CURVE('',#3348,#3349,#1639,.T.);
#4175=EDGE_CURVE('',#3349,#3349,#215,.T.);
#4176=EDGE_CURVE('',#3350,#3351,#216,.T.);
#4177=EDGE_CURVE('',#3350,#3352,#1640,.T.);
#4178=EDGE_CURVE('',#3353,#3352,#217,.T.);
#4179=EDGE_CURVE('',#3351,#3353,#1641,.T.);
#4180=EDGE_CURVE('',#3351,#3354,#1642,.T.);
#4181=EDGE_CURVE('',#3355,#3353,#1643,.T.);
#4182=EDGE_CURVE('',#3354,#3355,#1644,.T.);
#4183=EDGE_CURVE('',#3354,#3356,#218,.T.);
#4184=EDGE_CURVE('',#3357,#3355,#219,.T.);
#4185=EDGE_CURVE('',#3356,#3357,#1645,.T.);
#4186=EDGE_CURVE('',#3358,#3356,#1646,.T.);
#4187=EDGE_CURVE('',#3359,#3357,#1647,.T.);
#4188=EDGE_CURVE('',#3358,#3359,#1648,.T.);
#4189=EDGE_CURVE('',#3360,#3358,#1649,.T.);
#4190=EDGE_CURVE('',#3361,#3359,#1650,.T.);
#4191=EDGE_CURVE('',#3360,#3361,#1651,.T.);
#4192=EDGE_CURVE('',#3360,#3350,#1652,.T.);
#4193=EDGE_CURVE('',#3352,#3361,#1653,.T.);
#4194=EDGE_CURVE('',#3362,#3363,#1654,.T.);
#4195=EDGE_CURVE('',#3363,#3364,#1655,.T.);
#4196=EDGE_CURVE('',#3365,#3364,#1656,.T.);
#4197=EDGE_CURVE('',#3362,#3365,#1657,.T.);
#4198=EDGE_CURVE('',#3366,#3362,#1658,.T.);
#4199=EDGE_CURVE('',#3367,#3365,#1659,.T.);
#4200=EDGE_CURVE('',#3366,#3367,#1660,.T.);
#4201=EDGE_CURVE('',#3368,#3366,#1661,.T.);
#4202=EDGE_CURVE('',#3369,#3367,#1662,.T.);
#4203=EDGE_CURVE('',#3368,#3369,#1663,.T.);
#4204=EDGE_CURVE('',#3363,#3368,#1664,.T.);
#4205=EDGE_CURVE('',#3364,#3369,#1665,.T.);
#4206=EDGE_CURVE('',#3370,#3371,#1666,.T.);
#4207=EDGE_CURVE('',#3371,#3372,#1667,.T.);
#4208=EDGE_CURVE('',#3373,#3372,#1668,.T.);
#4209=EDGE_CURVE('',#3370,#3373,#1669,.T.);
#4210=EDGE_CURVE('',#3374,#3370,#1670,.T.);
#4211=EDGE_CURVE('',#3375,#3373,#1671,.T.);
#4212=EDGE_CURVE('',#3374,#3375,#1672,.T.);
#4213=EDGE_CURVE('',#3376,#3374,#1673,.T.);
#4214=EDGE_CURVE('',#3377,#3375,#1674,.T.);
#4215=EDGE_CURVE('',#3376,#3377,#1675,.T.);
#4216=EDGE_CURVE('',#3371,#3376,#1676,.T.);
#4217=EDGE_CURVE('',#3372,#3377,#1677,.T.);
#4218=EDGE_CURVE('',#3378,#3379,#220,.T.);
#4219=EDGE_CURVE('',#3379,#3380,#1678,.T.);
#4220=EDGE_CURVE('',#3380,#3381,#221,.T.);
#4221=EDGE_CURVE('',#3381,#3378,#1679,.T.);
#4222=EDGE_CURVE('',#3382,#3380,#1680,.T.);
#4223=EDGE_CURVE('',#3383,#3382,#222,.T.);
#4224=EDGE_CURVE('',#3384,#3383,#1681,.T.);
#4225=EDGE_CURVE('',#3384,#3385,#1682,.T.);
#4226=EDGE_CURVE('',#3385,#3381,#1683,.T.);
#4227=EDGE_CURVE('',#3386,#3386,#223,.T.);
#4228=EDGE_CURVE('',#3379,#3387,#1684,.T.);
#4229=EDGE_CURVE('',#3382,#3387,#1685,.T.);
#4230=EDGE_CURVE('',#3387,#3388,#224,.T.);
#4231=EDGE_CURVE('',#3388,#3383,#1686,.T.);
#4232=EDGE_CURVE('',#3386,#3389,#1687,.T.);
#4233=EDGE_CURVE('',#3389,#3389,#225,.T.);
#4234=EDGE_CURVE('',#3390,#3388,#1688,.T.);
#4235=EDGE_CURVE('',#3384,#3390,#1689,.T.);
#4236=EDGE_CURVE('',#3391,#3378,#1690,.T.);
#4237=EDGE_CURVE('',#3391,#3390,#1691,.T.);
#4238=EDGE_CURVE('',#3385,#3391,#1692,.T.);
#4239=EDGE_CURVE('',#3392,#3393,#226,.T.);
#4240=EDGE_CURVE('',#3392,#3394,#1693,.T.);
#4241=EDGE_CURVE('',#3394,#3394,#227,.T.);
#4242=EDGE_CURVE('',#3393,#3392,#228,.T.);
#4243=EDGE_CURVE('',#3395,#3395,#229,.T.);
#4244=EDGE_CURVE('',#3395,#3393,#1694,.T.);
#4245=EDGE_CURVE('',#3395,#3396,#230,.T.);
#4246=EDGE_CURVE('',#3396,#3396,#231,.T.);
#4247=EDGE_CURVE('',#3397,#3397,#232,.T.);
#4248=EDGE_CURVE('',#3397,#3396,#1695,.T.);
#4249=EDGE_CURVE('',#3398,#3398,#233,.T.);
#4250=EDGE_CURVE('',#3398,#3397,#234,.T.);
#4251=EDGE_CURVE('',#3399,#3400,#235,.T.);
#4252=EDGE_CURVE('',#3400,#3399,#236,.T.);
#4253=EDGE_CURVE('',#3399,#3401,#1696,.T.);
#4254=EDGE_CURVE('',#3401,#3401,#237,.T.);
#4255=EDGE_CURVE('',#3402,#3402,#238,.T.);
#4256=EDGE_CURVE('',#3402,#3400,#1697,.T.);
#4257=EDGE_CURVE('',#3402,#3403,#239,.T.);
#4258=EDGE_CURVE('',#3403,#3403,#240,.T.);
#4259=EDGE_CURVE('',#3404,#3404,#241,.T.);
#4260=EDGE_CURVE('',#3404,#3403,#1698,.T.);
#4261=EDGE_CURVE('',#3405,#3405,#242,.T.);
#4262=EDGE_CURVE('',#3405,#3404,#243,.T.);
#4263=EDGE_CURVE('',#3398,#3405,#1699,.T.);
#4264=EDGE_CURVE('',#3406,#3406,#244,.T.);
#4265=EDGE_CURVE('',#3406,#3407,#1700,.T.);
#4266=EDGE_CURVE('',#3407,#3407,#245,.T.);
#4267=EDGE_CURVE('',#3408,#3408,#246,.T.);
#4268=EDGE_CURVE('',#3408,#3409,#1701,.T.);
#4269=EDGE_CURVE('',#3409,#3409,#247,.T.);
#4270=EDGE_CURVE('',#3410,#3410,#248,.T.);
#4271=EDGE_CURVE('',#3410,#3411,#1702,.T.);
#4272=EDGE_CURVE('',#3411,#3411,#249,.T.);
#4273=EDGE_CURVE('',#3412,#3412,#250,.T.);
#4274=EDGE_CURVE('',#3412,#3413,#1703,.T.);
#4275=EDGE_CURVE('',#3413,#3413,#251,.T.);
#4276=EDGE_CURVE('',#3414,#3414,#252,.T.);
#4277=EDGE_CURVE('',#3414,#3415,#1704,.T.);
#4278=EDGE_CURVE('',#3415,#3415,#253,.T.);
#4279=EDGE_CURVE('',#3416,#3416,#254,.T.);
#4280=EDGE_CURVE('',#3416,#3417,#1705,.T.);
#4281=EDGE_CURVE('',#3417,#3417,#255,.T.);
#4282=EDGE_CURVE('',#3418,#3418,#256,.T.);
#4283=EDGE_CURVE('',#3418,#3419,#1706,.T.);
#4284=EDGE_CURVE('',#3419,#3419,#257,.T.);
#4285=EDGE_CURVE('',#3420,#3420,#258,.T.);
#4286=EDGE_CURVE('',#3420,#3421,#1707,.T.);
#4287=EDGE_CURVE('',#3421,#3421,#259,.T.);
#4288=EDGE_CURVE('',#3422,#3422,#260,.T.);
#4289=EDGE_CURVE('',#3422,#3423,#1708,.T.);
#4290=EDGE_CURVE('',#3423,#3423,#261,.T.);
#4291=EDGE_CURVE('',#3424,#3424,#262,.T.);
#4292=EDGE_CURVE('',#3424,#3425,#1709,.T.);
#4293=EDGE_CURVE('',#3425,#3425,#263,.T.);
#4294=EDGE_CURVE('',#3426,#3427,#1710,.T.);
#4295=EDGE_CURVE('',#3427,#3428,#1711,.T.);
#4296=EDGE_CURVE('',#3429,#3428,#1712,.T.);
#4297=EDGE_CURVE('',#3426,#3429,#1713,.T.);
#4298=EDGE_CURVE('',#3430,#3426,#1714,.T.);
#4299=EDGE_CURVE('',#3431,#3429,#1715,.T.);
#4300=EDGE_CURVE('',#3430,#3431,#1716,.T.);
#4301=EDGE_CURVE('',#3432,#3430,#1717,.T.);
#4302=EDGE_CURVE('',#3433,#3431,#1718,.T.);
#4303=EDGE_CURVE('',#3432,#3433,#1719,.T.);
#4304=EDGE_CURVE('',#3432,#3427,#1720,.T.);
#4305=EDGE_CURVE('',#3428,#3433,#1721,.T.);
#4306=EDGE_CURVE('',#3434,#3435,#1722,.T.);
#4307=EDGE_CURVE('',#3435,#3436,#1723,.T.);
#4308=EDGE_CURVE('',#3437,#3436,#1724,.T.);
#4309=EDGE_CURVE('',#3434,#3437,#1725,.T.);
#4310=EDGE_CURVE('',#3438,#3434,#1726,.T.);
#4311=EDGE_CURVE('',#3439,#3437,#1727,.T.);
#4312=EDGE_CURVE('',#3438,#3439,#1728,.T.);
#4313=EDGE_CURVE('',#3440,#3438,#1729,.T.);
#4314=EDGE_CURVE('',#3441,#3439,#1730,.T.);
#4315=EDGE_CURVE('',#3440,#3441,#1731,.T.);
#4316=EDGE_CURVE('',#3435,#3440,#1732,.T.);
#4317=EDGE_CURVE('',#3436,#3441,#1733,.T.);
#4318=EDGE_CURVE('',#3442,#3443,#264,.T.);
#4319=EDGE_CURVE('',#3442,#3444,#1734,.T.);
#4320=EDGE_CURVE('',#3445,#3444,#265,.T.);
#4321=EDGE_CURVE('',#3443,#3445,#1735,.T.);
#4322=EDGE_CURVE('',#3443,#3446,#1736,.T.);
#4323=EDGE_CURVE('',#3447,#3445,#1737,.T.);
#4324=EDGE_CURVE('',#3446,#3447,#1738,.T.);
#4325=EDGE_CURVE('',#3446,#3448,#1739,.T.);
#4326=EDGE_CURVE('',#3449,#3447,#1740,.T.);
#4327=EDGE_CURVE('',#3448,#3449,#1741,.T.);
#4328=EDGE_CURVE('',#3448,#3450,#266,.T.);
#4329=EDGE_CURVE('',#3451,#3449,#267,.T.);
#4330=EDGE_CURVE('',#3450,#3451,#1742,.T.);
#4331=EDGE_CURVE('',#3450,#3452,#1743,.T.);
#4332=EDGE_CURVE('',#3453,#3451,#1744,.T.);
#4333=EDGE_CURVE('',#3452,#3453,#1745,.T.);
#4334=EDGE_CURVE('',#3452,#3454,#1746,.T.);
#4335=EDGE_CURVE('',#3455,#3453,#1747,.T.);
#4336=EDGE_CURVE('',#3454,#3455,#1748,.T.);
#4337=EDGE_CURVE('',#3454,#3456,#268,.T.);
#4338=EDGE_CURVE('',#3457,#3455,#269,.T.);
#4339=EDGE_CURVE('',#3456,#3457,#1749,.T.);
#4340=EDGE_CURVE('',#3456,#3458,#1750,.T.);
#4341=EDGE_CURVE('',#3459,#3457,#1751,.T.);
#4342=EDGE_CURVE('',#3458,#3459,#1752,.T.);
#4343=EDGE_CURVE('',#3458,#3460,#1753,.T.);
#4344=EDGE_CURVE('',#3461,#3459,#1754,.T.);
#4345=EDGE_CURVE('',#3460,#3461,#1755,.T.);
#4346=EDGE_CURVE('',#3460,#3462,#270,.T.);
#4347=EDGE_CURVE('',#3463,#3461,#271,.T.);
#4348=EDGE_CURVE('',#3462,#3463,#1756,.T.);
#4349=EDGE_CURVE('',#3462,#3464,#1757,.T.);
#4350=EDGE_CURVE('',#3465,#3463,#1758,.T.);
#4351=EDGE_CURVE('',#3464,#3465,#1759,.T.);
#4352=EDGE_CURVE('',#3464,#3466,#1760,.T.);
#4353=EDGE_CURVE('',#3467,#3465,#1761,.T.);
#4354=EDGE_CURVE('',#3466,#3467,#1762,.T.);
#4355=EDGE_CURVE('',#3466,#3468,#272,.T.);
#4356=EDGE_CURVE('',#3469,#3467,#273,.T.);
#4357=EDGE_CURVE('',#3468,#3469,#1763,.T.);
#4358=EDGE_CURVE('',#3468,#3470,#1764,.T.);
#4359=EDGE_CURVE('',#3471,#3469,#1765,.T.);
#4360=EDGE_CURVE('',#3470,#3471,#1766,.T.);
#4361=EDGE_CURVE('',#3470,#3472,#1767,.T.);
#4362=EDGE_CURVE('',#3473,#3471,#1768,.T.);
#4363=EDGE_CURVE('',#3472,#3473,#1769,.T.);
#4364=EDGE_CURVE('',#3472,#3474,#274,.T.);
#4365=EDGE_CURVE('',#3475,#3473,#275,.T.);
#4366=EDGE_CURVE('',#3474,#3475,#1770,.T.);
#4367=EDGE_CURVE('',#3474,#3476,#1771,.T.);
#4368=EDGE_CURVE('',#3477,#3475,#1772,.T.);
#4369=EDGE_CURVE('',#3476,#3477,#1773,.T.);
#4370=EDGE_CURVE('',#3476,#3478,#1774,.T.);
#4371=EDGE_CURVE('',#3479,#3477,#1775,.T.);
#4372=EDGE_CURVE('',#3478,#3479,#1776,.T.);
#4373=EDGE_CURVE('',#3478,#3480,#276,.T.);
#4374=EDGE_CURVE('',#3481,#3479,#277,.T.);
#4375=EDGE_CURVE('',#3480,#3481,#1777,.T.);
#4376=EDGE_CURVE('',#3480,#3482,#1778,.T.);
#4377=EDGE_CURVE('',#3483,#3481,#1779,.T.);
#4378=EDGE_CURVE('',#3482,#3483,#1780,.T.);
#4379=EDGE_CURVE('',#3482,#3484,#1781,.T.);
#4380=EDGE_CURVE('',#3485,#3483,#1782,.T.);
#4381=EDGE_CURVE('',#3484,#3485,#1783,.T.);
#4382=EDGE_CURVE('',#3484,#3486,#278,.T.);
#4383=EDGE_CURVE('',#3487,#3485,#279,.T.);
#4384=EDGE_CURVE('',#3486,#3487,#1784,.T.);
#4385=EDGE_CURVE('',#3486,#3488,#1785,.T.);
#4386=EDGE_CURVE('',#3489,#3487,#1786,.T.);
#4387=EDGE_CURVE('',#3488,#3489,#1787,.T.);
#4388=EDGE_CURVE('',#3488,#3490,#1788,.T.);
#4389=EDGE_CURVE('',#3491,#3489,#1789,.T.);
#4390=EDGE_CURVE('',#3490,#3491,#1790,.T.);
#4391=EDGE_CURVE('',#3490,#3492,#280,.T.);
#4392=EDGE_CURVE('',#3493,#3491,#281,.T.);
#4393=EDGE_CURVE('',#3492,#3493,#1791,.T.);
#4394=EDGE_CURVE('',#3492,#3494,#1792,.T.);
#4395=EDGE_CURVE('',#3495,#3493,#1793,.T.);
#4396=EDGE_CURVE('',#3494,#3495,#1794,.T.);
#4397=EDGE_CURVE('',#3494,#3496,#1795,.T.);
#4398=EDGE_CURVE('',#3497,#3495,#1796,.T.);
#4399=EDGE_CURVE('',#3496,#3497,#1797,.T.);
#4400=EDGE_CURVE('',#3496,#3498,#282,.T.);
#4401=EDGE_CURVE('',#3499,#3497,#283,.T.);
#4402=EDGE_CURVE('',#3498,#3499,#1798,.T.);
#4403=EDGE_CURVE('',#3498,#3500,#1799,.T.);
#4404=EDGE_CURVE('',#3501,#3499,#1800,.T.);
#4405=EDGE_CURVE('',#3500,#3501,#1801,.T.);
#4406=EDGE_CURVE('',#3500,#3502,#1802,.T.);
#4407=EDGE_CURVE('',#3503,#3501,#1803,.T.);
#4408=EDGE_CURVE('',#3502,#3503,#1804,.T.);
#4409=EDGE_CURVE('',#3502,#3504,#284,.T.);
#4410=EDGE_CURVE('',#3505,#3503,#285,.T.);
#4411=EDGE_CURVE('',#3504,#3505,#1805,.T.);
#4412=EDGE_CURVE('',#3504,#3506,#1806,.T.);
#4413=EDGE_CURVE('',#3507,#3505,#1807,.T.);
#4414=EDGE_CURVE('',#3506,#3507,#1808,.T.);
#4415=EDGE_CURVE('',#3506,#3508,#1809,.T.);
#4416=EDGE_CURVE('',#3509,#3507,#1810,.T.);
#4417=EDGE_CURVE('',#3508,#3509,#1811,.T.);
#4418=EDGE_CURVE('',#3508,#3510,#286,.T.);
#4419=EDGE_CURVE('',#3511,#3509,#287,.T.);
#4420=EDGE_CURVE('',#3510,#3511,#1812,.T.);
#4421=EDGE_CURVE('',#3510,#3512,#1813,.T.);
#4422=EDGE_CURVE('',#3513,#3511,#1814,.T.);
#4423=EDGE_CURVE('',#3512,#3513,#1815,.T.);
#4424=EDGE_CURVE('',#3512,#3514,#1816,.T.);
#4425=EDGE_CURVE('',#3515,#3513,#1817,.T.);
#4426=EDGE_CURVE('',#3514,#3515,#1818,.T.);
#4427=EDGE_CURVE('',#3514,#3516,#288,.T.);
#4428=EDGE_CURVE('',#3517,#3515,#289,.T.);
#4429=EDGE_CURVE('',#3516,#3517,#1819,.T.);
#4430=EDGE_CURVE('',#3516,#3518,#1820,.T.);
#4431=EDGE_CURVE('',#3519,#3517,#1821,.T.);
#4432=EDGE_CURVE('',#3518,#3519,#1822,.T.);
#4433=EDGE_CURVE('',#3518,#3520,#1823,.T.);
#4434=EDGE_CURVE('',#3521,#3519,#1824,.T.);
#4435=EDGE_CURVE('',#3520,#3521,#1825,.T.);
#4436=EDGE_CURVE('',#3520,#3522,#290,.T.);
#4437=EDGE_CURVE('',#3523,#3521,#291,.T.);
#4438=EDGE_CURVE('',#3522,#3523,#1826,.T.);
#4439=EDGE_CURVE('',#3522,#3524,#1827,.T.);
#4440=EDGE_CURVE('',#3525,#3523,#1828,.T.);
#4441=EDGE_CURVE('',#3524,#3525,#1829,.T.);
#4442=EDGE_CURVE('',#3524,#3526,#1830,.T.);
#4443=EDGE_CURVE('',#3527,#3525,#1831,.T.);
#4444=EDGE_CURVE('',#3526,#3527,#1832,.T.);
#4445=EDGE_CURVE('',#3526,#3528,#292,.T.);
#4446=EDGE_CURVE('',#3529,#3527,#293,.T.);
#4447=EDGE_CURVE('',#3528,#3529,#1833,.T.);
#4448=EDGE_CURVE('',#3528,#3530,#1834,.T.);
#4449=EDGE_CURVE('',#3531,#3529,#1835,.T.);
#4450=EDGE_CURVE('',#3530,#3531,#1836,.T.);
#4451=EDGE_CURVE('',#3530,#3532,#1837,.T.);
#4452=EDGE_CURVE('',#3533,#3531,#1838,.T.);
#4453=EDGE_CURVE('',#3532,#3533,#1839,.T.);
#4454=EDGE_CURVE('',#3532,#3534,#294,.T.);
#4455=EDGE_CURVE('',#3535,#3533,#295,.T.);
#4456=EDGE_CURVE('',#3534,#3535,#1840,.T.);
#4457=EDGE_CURVE('',#3534,#3536,#1841,.T.);
#4458=EDGE_CURVE('',#3537,#3535,#1842,.T.);
#4459=EDGE_CURVE('',#3536,#3537,#1843,.T.);
#4460=EDGE_CURVE('',#3536,#3538,#1844,.T.);
#4461=EDGE_CURVE('',#3539,#3537,#1845,.T.);
#4462=EDGE_CURVE('',#3538,#3539,#1846,.T.);
#4463=EDGE_CURVE('',#3538,#3540,#296,.T.);
#4464=EDGE_CURVE('',#3541,#3539,#297,.T.);
#4465=EDGE_CURVE('',#3540,#3541,#1847,.T.);
#4466=EDGE_CURVE('',#3540,#3542,#1848,.T.);
#4467=EDGE_CURVE('',#3543,#3541,#1849,.T.);
#4468=EDGE_CURVE('',#3542,#3543,#1850,.T.);
#4469=EDGE_CURVE('',#3542,#3544,#1851,.T.);
#4470=EDGE_CURVE('',#3545,#3543,#1852,.T.);
#4471=EDGE_CURVE('',#3544,#3545,#1853,.T.);
#4472=EDGE_CURVE('',#3544,#3546,#298,.T.);
#4473=EDGE_CURVE('',#3547,#3545,#299,.T.);
#4474=EDGE_CURVE('',#3546,#3547,#1854,.T.);
#4475=EDGE_CURVE('',#3546,#3548,#1855,.T.);
#4476=EDGE_CURVE('',#3549,#3547,#1856,.T.);
#4477=EDGE_CURVE('',#3548,#3549,#1857,.T.);
#4478=EDGE_CURVE('',#3548,#3550,#1858,.T.);
#4479=EDGE_CURVE('',#3551,#3549,#1859,.T.);
#4480=EDGE_CURVE('',#3550,#3551,#1860,.T.);
#4481=EDGE_CURVE('',#3550,#3552,#300,.T.);
#4482=EDGE_CURVE('',#3553,#3551,#301,.T.);
#4483=EDGE_CURVE('',#3552,#3553,#1861,.T.);
#4484=EDGE_CURVE('',#3552,#3554,#1862,.T.);
#4485=EDGE_CURVE('',#3555,#3553,#1863,.T.);
#4486=EDGE_CURVE('',#3554,#3555,#1864,.T.);
#4487=EDGE_CURVE('',#3554,#3556,#1865,.T.);
#4488=EDGE_CURVE('',#3557,#3555,#1866,.T.);
#4489=EDGE_CURVE('',#3556,#3557,#1867,.T.);
#4490=EDGE_CURVE('',#3556,#3558,#302,.T.);
#4491=EDGE_CURVE('',#3559,#3557,#303,.T.);
#4492=EDGE_CURVE('',#3558,#3559,#1868,.T.);
#4493=EDGE_CURVE('',#3558,#3560,#1869,.T.);
#4494=EDGE_CURVE('',#3561,#3559,#1870,.T.);
#4495=EDGE_CURVE('',#3560,#3561,#1871,.T.);
#4496=EDGE_CURVE('',#3560,#3562,#1872,.T.);
#4497=EDGE_CURVE('',#3563,#3561,#1873,.T.);
#4498=EDGE_CURVE('',#3562,#3563,#1874,.T.);
#4499=EDGE_CURVE('',#3562,#3564,#304,.T.);
#4500=EDGE_CURVE('',#3565,#3563,#305,.T.);
#4501=EDGE_CURVE('',#3564,#3565,#1875,.T.);
#4502=EDGE_CURVE('',#3564,#3566,#1876,.T.);
#4503=EDGE_CURVE('',#3567,#3565,#1877,.T.);
#4504=EDGE_CURVE('',#3566,#3567,#1878,.T.);
#4505=EDGE_CURVE('',#3566,#3568,#1879,.T.);
#4506=EDGE_CURVE('',#3569,#3567,#1880,.T.);
#4507=EDGE_CURVE('',#3568,#3569,#1881,.T.);
#4508=EDGE_CURVE('',#3568,#3570,#306,.T.);
#4509=EDGE_CURVE('',#3571,#3569,#307,.T.);
#4510=EDGE_CURVE('',#3570,#3571,#1882,.T.);
#4511=EDGE_CURVE('',#3570,#3572,#1883,.T.);
#4512=EDGE_CURVE('',#3573,#3571,#1884,.T.);
#4513=EDGE_CURVE('',#3572,#3573,#1885,.T.);
#4514=EDGE_CURVE('',#3572,#3574,#1886,.T.);
#4515=EDGE_CURVE('',#3575,#3573,#1887,.T.);
#4516=EDGE_CURVE('',#3574,#3575,#1888,.T.);
#4517=EDGE_CURVE('',#3574,#3576,#308,.T.);
#4518=EDGE_CURVE('',#3577,#3575,#309,.T.);
#4519=EDGE_CURVE('',#3576,#3577,#1889,.T.);
#4520=EDGE_CURVE('',#3576,#3578,#1890,.T.);
#4521=EDGE_CURVE('',#3579,#3577,#1891,.T.);
#4522=EDGE_CURVE('',#3578,#3579,#1892,.T.);
#4523=EDGE_CURVE('',#3578,#3580,#1893,.T.);
#4524=EDGE_CURVE('',#3581,#3579,#1894,.T.);
#4525=EDGE_CURVE('',#3580,#3581,#1895,.T.);
#4526=EDGE_CURVE('',#3580,#3582,#310,.T.);
#4527=EDGE_CURVE('',#3583,#3581,#311,.T.);
#4528=EDGE_CURVE('',#3582,#3583,#1896,.T.);
#4529=EDGE_CURVE('',#3582,#3584,#1897,.T.);
#4530=EDGE_CURVE('',#3585,#3583,#1898,.T.);
#4531=EDGE_CURVE('',#3584,#3585,#1899,.T.);
#4532=EDGE_CURVE('',#3584,#3586,#1900,.T.);
#4533=EDGE_CURVE('',#3587,#3585,#1901,.T.);
#4534=EDGE_CURVE('',#3586,#3587,#1902,.T.);
#4535=EDGE_CURVE('',#3586,#3588,#312,.T.);
#4536=EDGE_CURVE('',#3589,#3587,#313,.T.);
#4537=EDGE_CURVE('',#3588,#3589,#1903,.T.);
#4538=EDGE_CURVE('',#3588,#3590,#1904,.T.);
#4539=EDGE_CURVE('',#3591,#3589,#1905,.T.);
#4540=EDGE_CURVE('',#3590,#3591,#1906,.T.);
#4541=EDGE_CURVE('',#3590,#3592,#1907,.T.);
#4542=EDGE_CURVE('',#3593,#3591,#1908,.T.);
#4543=EDGE_CURVE('',#3592,#3593,#1909,.T.);
#4544=EDGE_CURVE('',#3592,#3594,#314,.T.);
#4545=EDGE_CURVE('',#3595,#3593,#315,.T.);
#4546=EDGE_CURVE('',#3594,#3595,#1910,.T.);
#4547=EDGE_CURVE('',#3594,#3596,#1911,.T.);
#4548=EDGE_CURVE('',#3597,#3595,#1912,.T.);
#4549=EDGE_CURVE('',#3596,#3597,#1913,.T.);
#4550=EDGE_CURVE('',#3596,#3598,#1914,.T.);
#4551=EDGE_CURVE('',#3599,#3597,#1915,.T.);
#4552=EDGE_CURVE('',#3598,#3599,#1916,.T.);
#4553=EDGE_CURVE('',#3598,#3600,#316,.T.);
#4554=EDGE_CURVE('',#3601,#3599,#317,.T.);
#4555=EDGE_CURVE('',#3600,#3601,#1917,.T.);
#4556=EDGE_CURVE('',#3600,#3602,#1918,.T.);
#4557=EDGE_CURVE('',#3603,#3601,#1919,.T.);
#4558=EDGE_CURVE('',#3602,#3603,#1920,.T.);
#4559=EDGE_CURVE('',#3602,#3604,#1921,.T.);
#4560=EDGE_CURVE('',#3605,#3603,#1922,.T.);
#4561=EDGE_CURVE('',#3604,#3605,#1923,.T.);
#4562=EDGE_CURVE('',#3604,#3606,#318,.T.);
#4563=EDGE_CURVE('',#3607,#3605,#319,.T.);
#4564=EDGE_CURVE('',#3606,#3607,#1924,.T.);
#4565=EDGE_CURVE('',#3606,#3608,#1925,.T.);
#4566=EDGE_CURVE('',#3609,#3607,#1926,.T.);
#4567=EDGE_CURVE('',#3608,#3609,#1927,.T.);
#4568=EDGE_CURVE('',#3608,#3610,#1928,.T.);
#4569=EDGE_CURVE('',#3611,#3609,#1929,.T.);
#4570=EDGE_CURVE('',#3610,#3611,#1930,.T.);
#4571=EDGE_CURVE('',#3610,#3612,#320,.T.);
#4572=EDGE_CURVE('',#3613,#3611,#321,.T.);
#4573=EDGE_CURVE('',#3612,#3613,#1931,.T.);
#4574=EDGE_CURVE('',#3612,#3614,#1932,.T.);
#4575=EDGE_CURVE('',#3615,#3613,#1933,.T.);
#4576=EDGE_CURVE('',#3614,#3615,#1934,.T.);
#4577=EDGE_CURVE('',#3614,#3616,#1935,.T.);
#4578=EDGE_CURVE('',#3617,#3615,#1936,.T.);
#4579=EDGE_CURVE('',#3616,#3617,#1937,.T.);
#4580=EDGE_CURVE('',#3616,#3618,#322,.T.);
#4581=EDGE_CURVE('',#3619,#3617,#323,.T.);
#4582=EDGE_CURVE('',#3618,#3619,#1938,.T.);
#4583=EDGE_CURVE('',#3618,#3620,#1939,.T.);
#4584=EDGE_CURVE('',#3621,#3619,#1940,.T.);
#4585=EDGE_CURVE('',#3620,#3621,#1941,.T.);
#4586=EDGE_CURVE('',#3620,#3622,#1942,.T.);
#4587=EDGE_CURVE('',#3623,#3621,#1943,.T.);
#4588=EDGE_CURVE('',#3622,#3623,#1944,.T.);
#4589=EDGE_CURVE('',#3624,#3622,#324,.T.);
#4590=EDGE_CURVE('',#3625,#3623,#325,.T.);
#4591=EDGE_CURVE('',#3624,#3625,#1945,.T.);
#4592=EDGE_CURVE('',#3626,#3624,#326,.T.);
#4593=EDGE_CURVE('',#3627,#3625,#327,.T.);
#4594=EDGE_CURVE('',#3626,#3627,#1946,.T.);
#4595=EDGE_CURVE('',#3626,#3628,#1947,.T.);
#4596=EDGE_CURVE('',#3629,#3627,#1948,.T.);
#4597=EDGE_CURVE('',#3628,#3629,#1949,.T.);
#4598=EDGE_CURVE('',#3630,#3628,#1950,.T.);
#4599=EDGE_CURVE('',#3631,#3629,#1951,.T.);
#4600=EDGE_CURVE('',#3630,#3631,#1952,.T.);
#4601=EDGE_CURVE('',#3442,#3630,#1953,.T.);
#4602=EDGE_CURVE('',#3444,#3631,#1954,.T.);
#4603=EDGE_CURVE('',#3632,#3632,#328,.T.);
#4604=EDGE_CURVE('',#3632,#3633,#1955,.T.);
#4605=EDGE_CURVE('',#3633,#3633,#329,.T.);
#4606=EDGE_CURVE('',#3634,#3635,#1956,.T.);
#4607=EDGE_CURVE('',#3635,#3636,#1957,.T.);
#4608=EDGE_CURVE('',#3637,#3636,#1958,.T.);
#4609=EDGE_CURVE('',#3634,#3637,#1959,.T.);
#4610=EDGE_CURVE('',#3638,#3634,#330,.T.);
#4611=EDGE_CURVE('',#3639,#3637,#331,.T.);
#4612=EDGE_CURVE('',#3638,#3639,#1960,.T.);
#4613=EDGE_CURVE('',#3640,#3638,#1961,.T.);
#4614=EDGE_CURVE('',#3641,#3639,#1962,.T.);
#4615=EDGE_CURVE('',#3640,#3641,#1963,.T.);
#4616=EDGE_CURVE('',#3635,#3640,#332,.T.);
#4617=EDGE_CURVE('',#3636,#3641,#333,.T.);
#4618=EDGE_CURVE('',#3642,#3643,#334,.T.);
#4619=EDGE_CURVE('',#3642,#3644,#1964,.T.);
#4620=EDGE_CURVE('',#3645,#3644,#335,.T.);
#4621=EDGE_CURVE('',#3643,#3645,#1965,.T.);
#4622=EDGE_CURVE('',#3646,#3643,#1966,.T.);
#4623=EDGE_CURVE('',#3647,#3645,#1967,.T.);
#4624=EDGE_CURVE('',#3646,#3647,#1968,.T.);
#4625=EDGE_CURVE('',#3648,#3646,#13,.T.);
#4626=EDGE_CURVE('',#3649,#3647,#14,.T.);
#4627=EDGE_CURVE('',#3648,#3649,#1969,.T.);
#4628=EDGE_CURVE('',#3650,#3648,#1970,.T.);
#4629=EDGE_CURVE('',#3651,#3649,#1971,.T.);
#4630=EDGE_CURVE('',#3650,#3651,#1972,.T.);
#4631=EDGE_CURVE('',#3652,#3650,#336,.T.);
#4632=EDGE_CURVE('',#3653,#3651,#337,.T.);
#4633=EDGE_CURVE('',#3652,#3653,#1973,.T.);
#4634=EDGE_CURVE('',#3654,#3652,#1974,.T.);
#4635=EDGE_CURVE('',#3655,#3653,#1975,.T.);
#4636=EDGE_CURVE('',#3654,#3655,#1976,.T.);
#4637=EDGE_CURVE('',#3642,#3654,#1977,.T.);
#4638=EDGE_CURVE('',#3644,#3655,#1978,.T.);
#4639=EDGE_CURVE('',#3656,#3656,#338,.T.);
#4640=EDGE_CURVE('',#3656,#3657,#1979,.T.);
#4641=EDGE_CURVE('',#3657,#3657,#339,.T.);
#4642=EDGE_CURVE('',#3658,#3659,#340,.T.);
#4643=EDGE_CURVE('',#3659,#3660,#1980,.T.);
#4644=EDGE_CURVE('',#3660,#3661,#341,.T.);
#4645=EDGE_CURVE('',#3658,#3661,#1981,.T.);
#4646=EDGE_CURVE('',#3659,#3662,#1982,.T.);
#4647=EDGE_CURVE('',#3662,#3663,#1983,.T.);
#4648=EDGE_CURVE('',#3663,#3660,#1984,.T.);
#4649=EDGE_CURVE('',#3662,#3664,#342,.T.);
#4650=EDGE_CURVE('',#3664,#3665,#1985,.T.);
#4651=EDGE_CURVE('',#3665,#3663,#343,.T.);
#4652=EDGE_CURVE('',#3666,#3664,#1986,.T.);
#4653=EDGE_CURVE('',#3666,#3667,#1987,.T.);
#4654=EDGE_CURVE('',#3667,#3665,#1988,.T.);
#4655=EDGE_CURVE('',#3668,#3666,#1989,.T.);
#4656=EDGE_CURVE('',#3668,#3669,#1990,.T.);
#4657=EDGE_CURVE('',#3669,#3667,#1991,.T.);
#4658=EDGE_CURVE('',#3668,#3658,#1992,.T.);
#4659=EDGE_CURVE('',#3661,#3669,#1993,.T.);
#4660=EDGE_CURVE('',#3670,#3671,#344,.T.);
#4661=EDGE_CURVE('',#3672,#3670,#1994,.T.);
#4662=EDGE_CURVE('',#3673,#3672,#345,.T.);
#4663=EDGE_CURVE('',#3671,#3673,#1995,.T.);
#4664=EDGE_CURVE('',#3674,#3672,#1996,.T.);
#4665=EDGE_CURVE('',#3675,#3674,#1997,.T.);
#4666=EDGE_CURVE('',#3675,#3676,#1998,.T.);
#4667=EDGE_CURVE('',#3676,#3677,#346,.T.);
#4668=EDGE_CURVE('',#3677,#3673,#1999,.T.);
#4669=EDGE_CURVE('',#3678,#3678,#347,.T.);
#4670=EDGE_CURVE('',#3677,#3679,#2000,.T.);
#4671=EDGE_CURVE('',#3671,#3679,#2001,.T.);
#4672=EDGE_CURVE('',#3680,#3676,#2002,.T.);
#4673=EDGE_CURVE('',#3679,#3680,#348,.T.);
#4674=EDGE_CURVE('',#3678,#3681,#2003,.T.);
#4675=EDGE_CURVE('',#3681,#3681,#349,.T.);
#4676=EDGE_CURVE('',#3675,#3682,#2004,.T.);
#4677=EDGE_CURVE('',#3682,#3680,#2005,.T.);
#4678=EDGE_CURVE('',#3683,#3682,#2006,.T.);
#4679=EDGE_CURVE('',#3683,#3670,#2007,.T.);
#4680=EDGE_CURVE('',#3674,#3683,#2008,.T.);
#4681=EDGE_CURVE('',#3684,#3684,#350,.T.);
#4682=EDGE_CURVE('',#3684,#3685,#2009,.T.);
#4683=EDGE_CURVE('',#3685,#3685,#351,.T.);
#4684=EDGE_CURVE('',#3686,#3686,#352,.T.);
#4685=EDGE_CURVE('',#3686,#3687,#2010,.T.);
#4686=EDGE_CURVE('',#3687,#3687,#353,.T.);
#4687=EDGE_CURVE('',#3688,#3688,#354,.T.);
#4688=EDGE_CURVE('',#3688,#3689,#2011,.T.);
#4689=EDGE_CURVE('',#3689,#3689,#355,.T.);
#4690=EDGE_CURVE('',#3690,#3690,#356,.T.);
#4691=EDGE_CURVE('',#3690,#3691,#2012,.T.);
#4692=EDGE_CURVE('',#3691,#3691,#357,.T.);
#4693=EDGE_CURVE('',#3692,#3692,#358,.T.);
#4694=EDGE_CURVE('',#3692,#3693,#2013,.T.);
#4695=EDGE_CURVE('',#3693,#3693,#359,.T.);
#4696=EDGE_CURVE('',#3694,#3694,#360,.T.);
#4697=EDGE_CURVE('',#3694,#3695,#2014,.T.);
#4698=EDGE_CURVE('',#3695,#3695,#361,.T.);
#4699=EDGE_CURVE('',#3696,#3696,#362,.T.);
#4700=EDGE_CURVE('',#3696,#3697,#2015,.T.);
#4701=EDGE_CURVE('',#3697,#3697,#363,.T.);
#4702=EDGE_CURVE('',#3698,#3698,#364,.T.);
#4703=EDGE_CURVE('',#3698,#3699,#2016,.T.);
#4704=EDGE_CURVE('',#3699,#3699,#365,.T.);
#4705=EDGE_CURVE('',#3700,#3700,#366,.T.);
#4706=EDGE_CURVE('',#3700,#3701,#2017,.T.);
#4707=EDGE_CURVE('',#3701,#3701,#367,.T.);
#4708=EDGE_CURVE('',#3702,#3702,#368,.T.);
#4709=EDGE_CURVE('',#3702,#3703,#2018,.T.);
#4710=EDGE_CURVE('',#3703,#3703,#369,.T.);
#4711=EDGE_CURVE('',#3704,#3704,#370,.T.);
#4712=EDGE_CURVE('',#3704,#3705,#2019,.T.);
#4713=EDGE_CURVE('',#3705,#3705,#371,.T.);
#4714=EDGE_CURVE('',#3706,#3707,#2020,.T.);
#4715=EDGE_CURVE('',#3706,#3708,#2021,.T.);
#4716=EDGE_CURVE('',#3708,#3709,#2022,.T.);
#4717=EDGE_CURVE('',#3707,#3709,#2023,.T.);
#4718=EDGE_CURVE('',#3710,#3706,#2024,.T.);
#4719=EDGE_CURVE('',#3710,#3711,#2025,.T.);
#4720=EDGE_CURVE('',#3711,#3708,#2026,.T.);
#4721=EDGE_CURVE('',#3712,#3710,#2027,.T.);
#4722=EDGE_CURVE('',#3712,#3713,#2028,.T.);
#4723=EDGE_CURVE('',#3713,#3711,#2029,.T.);
#4724=EDGE_CURVE('',#3712,#3707,#2030,.T.);
#4725=EDGE_CURVE('',#3709,#3713,#2031,.T.);
#4726=EDGE_CURVE('',#3714,#3715,#372,.T.);
#4727=EDGE_CURVE('',#3715,#3716,#2032,.T.);
#4728=EDGE_CURVE('',#3716,#3717,#373,.T.);
#4729=EDGE_CURVE('',#3714,#3717,#2033,.T.);
#4730=EDGE_CURVE('',#3715,#3718,#2034,.T.);
#4731=EDGE_CURVE('',#3718,#3719,#2035,.T.);
#4732=EDGE_CURVE('',#3719,#3716,#2036,.T.);
#4733=EDGE_CURVE('',#3718,#3720,#2037,.T.);
#4734=EDGE_CURVE('',#3720,#3721,#2038,.T.);
#4735=EDGE_CURVE('',#3721,#3719,#2039,.T.);
#4736=EDGE_CURVE('',#3720,#3722,#374,.T.);
#4737=EDGE_CURVE('',#3722,#3723,#2040,.T.);
#4738=EDGE_CURVE('',#3723,#3721,#375,.T.);
#4739=EDGE_CURVE('',#3722,#3724,#2041,.T.);
#4740=EDGE_CURVE('',#3724,#3725,#2042,.T.);
#4741=EDGE_CURVE('',#3725,#3723,#2043,.T.);
#4742=EDGE_CURVE('',#3724,#3726,#2044,.T.);
#4743=EDGE_CURVE('',#3726,#3727,#2045,.T.);
#4744=EDGE_CURVE('',#3727,#3725,#2046,.T.);
#4745=EDGE_CURVE('',#3726,#3728,#376,.T.);
#4746=EDGE_CURVE('',#3728,#3729,#2047,.T.);
#4747=EDGE_CURVE('',#3729,#3727,#377,.T.);
#4748=EDGE_CURVE('',#3728,#3730,#2048,.T.);
#4749=EDGE_CURVE('',#3730,#3731,#2049,.T.);
#4750=EDGE_CURVE('',#3731,#3729,#2050,.T.);
#4751=EDGE_CURVE('',#3730,#3732,#2051,.T.);
#4752=EDGE_CURVE('',#3732,#3733,#2052,.T.);
#4753=EDGE_CURVE('',#3733,#3731,#2053,.T.);
#4754=EDGE_CURVE('',#3732,#3734,#378,.T.);
#4755=EDGE_CURVE('',#3734,#3735,#2054,.T.);
#4756=EDGE_CURVE('',#3735,#3733,#379,.T.);
#4757=EDGE_CURVE('',#3734,#3736,#2055,.T.);
#4758=EDGE_CURVE('',#3736,#3737,#2056,.T.);
#4759=EDGE_CURVE('',#3737,#3735,#2057,.T.);
#4760=EDGE_CURVE('',#3736,#3738,#2058,.T.);
#4761=EDGE_CURVE('',#3738,#3739,#2059,.T.);
#4762=EDGE_CURVE('',#3739,#3737,#2060,.T.);
#4763=EDGE_CURVE('',#3738,#3740,#380,.T.);
#4764=EDGE_CURVE('',#3740,#3741,#2061,.T.);
#4765=EDGE_CURVE('',#3741,#3739,#381,.T.);
#4766=EDGE_CURVE('',#3740,#3742,#2062,.T.);
#4767=EDGE_CURVE('',#3742,#3743,#2063,.T.);
#4768=EDGE_CURVE('',#3743,#3741,#2064,.T.);
#4769=EDGE_CURVE('',#3742,#3744,#2065,.T.);
#4770=EDGE_CURVE('',#3744,#3745,#2066,.T.);
#4771=EDGE_CURVE('',#3745,#3743,#2067,.T.);
#4772=EDGE_CURVE('',#3744,#3746,#382,.T.);
#4773=EDGE_CURVE('',#3746,#3747,#2068,.T.);
#4774=EDGE_CURVE('',#3747,#3745,#383,.T.);
#4775=EDGE_CURVE('',#3746,#3748,#2069,.T.);
#4776=EDGE_CURVE('',#3748,#3749,#2070,.T.);
#4777=EDGE_CURVE('',#3749,#3747,#2071,.T.);
#4778=EDGE_CURVE('',#3748,#3750,#2072,.T.);
#4779=EDGE_CURVE('',#3750,#3751,#2073,.T.);
#4780=EDGE_CURVE('',#3751,#3749,#2074,.T.);
#4781=EDGE_CURVE('',#3750,#3752,#384,.T.);
#4782=EDGE_CURVE('',#3752,#3753,#2075,.T.);
#4783=EDGE_CURVE('',#3753,#3751,#385,.T.);
#4784=EDGE_CURVE('',#3752,#3754,#2076,.T.);
#4785=EDGE_CURVE('',#3754,#3755,#2077,.T.);
#4786=EDGE_CURVE('',#3755,#3753,#2078,.T.);
#4787=EDGE_CURVE('',#3754,#3756,#2079,.T.);
#4788=EDGE_CURVE('',#3756,#3757,#2080,.T.);
#4789=EDGE_CURVE('',#3757,#3755,#2081,.T.);
#4790=EDGE_CURVE('',#3756,#3758,#386,.T.);
#4791=EDGE_CURVE('',#3758,#3759,#2082,.T.);
#4792=EDGE_CURVE('',#3759,#3757,#387,.T.);
#4793=EDGE_CURVE('',#3758,#3760,#2083,.T.);
#4794=EDGE_CURVE('',#3760,#3761,#2084,.T.);
#4795=EDGE_CURVE('',#3761,#3759,#2085,.T.);
#4796=EDGE_CURVE('',#3760,#3762,#2086,.T.);
#4797=EDGE_CURVE('',#3762,#3763,#2087,.T.);
#4798=EDGE_CURVE('',#3763,#3761,#2088,.T.);
#4799=EDGE_CURVE('',#3762,#3764,#388,.T.);
#4800=EDGE_CURVE('',#3764,#3765,#2089,.T.);
#4801=EDGE_CURVE('',#3765,#3763,#389,.T.);
#4802=EDGE_CURVE('',#3764,#3766,#2090,.T.);
#4803=EDGE_CURVE('',#3766,#3767,#2091,.T.);
#4804=EDGE_CURVE('',#3767,#3765,#2092,.T.);
#4805=EDGE_CURVE('',#3766,#3768,#2093,.T.);
#4806=EDGE_CURVE('',#3768,#3769,#2094,.T.);
#4807=EDGE_CURVE('',#3769,#3767,#2095,.T.);
#4808=EDGE_CURVE('',#3768,#3770,#390,.T.);
#4809=EDGE_CURVE('',#3770,#3771,#2096,.T.);
#4810=EDGE_CURVE('',#3771,#3769,#391,.T.);
#4811=EDGE_CURVE('',#3770,#3772,#2097,.T.);
#4812=EDGE_CURVE('',#3772,#3773,#2098,.T.);
#4813=EDGE_CURVE('',#3773,#3771,#2099,.T.);
#4814=EDGE_CURVE('',#3772,#3774,#2100,.T.);
#4815=EDGE_CURVE('',#3774,#3775,#2101,.T.);
#4816=EDGE_CURVE('',#3775,#3773,#2102,.T.);
#4817=EDGE_CURVE('',#3774,#3776,#392,.T.);
#4818=EDGE_CURVE('',#3776,#3777,#2103,.T.);
#4819=EDGE_CURVE('',#3777,#3775,#393,.T.);
#4820=EDGE_CURVE('',#3776,#3778,#2104,.T.);
#4821=EDGE_CURVE('',#3778,#3779,#2105,.T.);
#4822=EDGE_CURVE('',#3779,#3777,#2106,.T.);
#4823=EDGE_CURVE('',#3778,#3780,#2107,.T.);
#4824=EDGE_CURVE('',#3780,#3781,#2108,.T.);
#4825=EDGE_CURVE('',#3781,#3779,#2109,.T.);
#4826=EDGE_CURVE('',#3780,#3782,#394,.T.);
#4827=EDGE_CURVE('',#3782,#3783,#2110,.T.);
#4828=EDGE_CURVE('',#3783,#3781,#395,.T.);
#4829=EDGE_CURVE('',#3782,#3784,#2111,.T.);
#4830=EDGE_CURVE('',#3784,#3785,#2112,.T.);
#4831=EDGE_CURVE('',#3785,#3783,#2113,.T.);
#4832=EDGE_CURVE('',#3784,#3786,#2114,.T.);
#4833=EDGE_CURVE('',#3786,#3787,#2115,.T.);
#4834=EDGE_CURVE('',#3787,#3785,#2116,.T.);
#4835=EDGE_CURVE('',#3786,#3788,#396,.T.);
#4836=EDGE_CURVE('',#3788,#3789,#2117,.T.);
#4837=EDGE_CURVE('',#3789,#3787,#397,.T.);
#4838=EDGE_CURVE('',#3788,#3790,#2118,.T.);
#4839=EDGE_CURVE('',#3790,#3791,#2119,.T.);
#4840=EDGE_CURVE('',#3791,#3789,#2120,.T.);
#4841=EDGE_CURVE('',#3790,#3792,#2121,.T.);
#4842=EDGE_CURVE('',#3792,#3793,#2122,.T.);
#4843=EDGE_CURVE('',#3793,#3791,#2123,.T.);
#4844=EDGE_CURVE('',#3792,#3794,#398,.T.);
#4845=EDGE_CURVE('',#3794,#3795,#2124,.T.);
#4846=EDGE_CURVE('',#3795,#3793,#399,.T.);
#4847=EDGE_CURVE('',#3794,#3796,#2125,.T.);
#4848=EDGE_CURVE('',#3796,#3797,#2126,.T.);
#4849=EDGE_CURVE('',#3797,#3795,#2127,.T.);
#4850=EDGE_CURVE('',#3796,#3798,#2128,.T.);
#4851=EDGE_CURVE('',#3798,#3799,#2129,.T.);
#4852=EDGE_CURVE('',#3799,#3797,#2130,.T.);
#4853=EDGE_CURVE('',#3798,#3800,#400,.T.);
#4854=EDGE_CURVE('',#3800,#3801,#2131,.T.);
#4855=EDGE_CURVE('',#3801,#3799,#401,.T.);
#4856=EDGE_CURVE('',#3800,#3802,#2132,.T.);
#4857=EDGE_CURVE('',#3802,#3803,#2133,.T.);
#4858=EDGE_CURVE('',#3803,#3801,#2134,.T.);
#4859=EDGE_CURVE('',#3802,#3804,#2135,.T.);
#4860=EDGE_CURVE('',#3804,#3805,#2136,.T.);
#4861=EDGE_CURVE('',#3805,#3803,#2137,.T.);
#4862=EDGE_CURVE('',#3804,#3806,#402,.T.);
#4863=EDGE_CURVE('',#3806,#3807,#2138,.T.);
#4864=EDGE_CURVE('',#3807,#3805,#403,.T.);
#4865=EDGE_CURVE('',#3806,#3808,#2139,.T.);
#4866=EDGE_CURVE('',#3808,#3809,#2140,.T.);
#4867=EDGE_CURVE('',#3809,#3807,#2141,.T.);
#4868=EDGE_CURVE('',#3808,#3810,#2142,.T.);
#4869=EDGE_CURVE('',#3810,#3811,#2143,.T.);
#4870=EDGE_CURVE('',#3811,#3809,#2144,.T.);
#4871=EDGE_CURVE('',#3810,#3812,#404,.T.);
#4872=EDGE_CURVE('',#3812,#3813,#2145,.T.);
#4873=EDGE_CURVE('',#3813,#3811,#405,.T.);
#4874=EDGE_CURVE('',#3812,#3814,#2146,.T.);
#4875=EDGE_CURVE('',#3814,#3815,#2147,.T.);
#4876=EDGE_CURVE('',#3815,#3813,#2148,.T.);
#4877=EDGE_CURVE('',#3814,#3816,#2149,.T.);
#4878=EDGE_CURVE('',#3816,#3817,#2150,.T.);
#4879=EDGE_CURVE('',#3817,#3815,#2151,.T.);
#4880=EDGE_CURVE('',#3816,#3818,#406,.T.);
#4881=EDGE_CURVE('',#3818,#3819,#2152,.T.);
#4882=EDGE_CURVE('',#3819,#3817,#407,.T.);
#4883=EDGE_CURVE('',#3818,#3820,#2153,.T.);
#4884=EDGE_CURVE('',#3820,#3821,#2154,.T.);
#4885=EDGE_CURVE('',#3821,#3819,#2155,.T.);
#4886=EDGE_CURVE('',#3820,#3822,#2156,.T.);
#4887=EDGE_CURVE('',#3822,#3823,#2157,.T.);
#4888=EDGE_CURVE('',#3823,#3821,#2158,.T.);
#4889=EDGE_CURVE('',#3822,#3824,#408,.T.);
#4890=EDGE_CURVE('',#3824,#3825,#2159,.T.);
#4891=EDGE_CURVE('',#3825,#3823,#409,.T.);
#4892=EDGE_CURVE('',#3824,#3826,#2160,.T.);
#4893=EDGE_CURVE('',#3826,#3827,#2161,.T.);
#4894=EDGE_CURVE('',#3827,#3825,#2162,.T.);
#4895=EDGE_CURVE('',#3826,#3828,#2163,.T.);
#4896=EDGE_CURVE('',#3828,#3829,#2164,.T.);
#4897=EDGE_CURVE('',#3829,#3827,#2165,.T.);
#4898=EDGE_CURVE('',#3828,#3830,#410,.T.);
#4899=EDGE_CURVE('',#3830,#3831,#2166,.T.);
#4900=EDGE_CURVE('',#3831,#3829,#411,.T.);
#4901=EDGE_CURVE('',#3830,#3832,#2167,.T.);
#4902=EDGE_CURVE('',#3832,#3833,#2168,.T.);
#4903=EDGE_CURVE('',#3833,#3831,#2169,.T.);
#4904=EDGE_CURVE('',#3832,#3834,#2170,.T.);
#4905=EDGE_CURVE('',#3834,#3835,#2171,.T.);
#4906=EDGE_CURVE('',#3835,#3833,#2172,.T.);
#4907=EDGE_CURVE('',#3834,#3836,#412,.T.);
#4908=EDGE_CURVE('',#3836,#3837,#2173,.T.);
#4909=EDGE_CURVE('',#3837,#3835,#413,.T.);
#4910=EDGE_CURVE('',#3836,#3838,#2174,.T.);
#4911=EDGE_CURVE('',#3838,#3839,#2175,.T.);
#4912=EDGE_CURVE('',#3839,#3837,#2176,.T.);
#4913=EDGE_CURVE('',#3838,#3840,#2177,.T.);
#4914=EDGE_CURVE('',#3840,#3841,#2178,.T.);
#4915=EDGE_CURVE('',#3841,#3839,#2179,.T.);
#4916=EDGE_CURVE('',#3840,#3842,#414,.T.);
#4917=EDGE_CURVE('',#3842,#3843,#2180,.T.);
#4918=EDGE_CURVE('',#3843,#3841,#415,.T.);
#4919=EDGE_CURVE('',#3842,#3844,#2181,.T.);
#4920=EDGE_CURVE('',#3844,#3845,#2182,.T.);
#4921=EDGE_CURVE('',#3845,#3843,#2183,.T.);
#4922=EDGE_CURVE('',#3844,#3846,#2184,.T.);
#4923=EDGE_CURVE('',#3846,#3847,#2185,.T.);
#4924=EDGE_CURVE('',#3847,#3845,#2186,.T.);
#4925=EDGE_CURVE('',#3846,#3848,#416,.T.);
#4926=EDGE_CURVE('',#3848,#3849,#2187,.T.);
#4927=EDGE_CURVE('',#3849,#3847,#417,.T.);
#4928=EDGE_CURVE('',#3848,#3850,#2188,.T.);
#4929=EDGE_CURVE('',#3850,#3851,#2189,.T.);
#4930=EDGE_CURVE('',#3851,#3849,#2190,.T.);
#4931=EDGE_CURVE('',#3850,#3852,#2191,.T.);
#4932=EDGE_CURVE('',#3852,#3853,#2192,.T.);
#4933=EDGE_CURVE('',#3853,#3851,#2193,.T.);
#4934=EDGE_CURVE('',#3852,#3854,#418,.T.);
#4935=EDGE_CURVE('',#3854,#3855,#2194,.T.);
#4936=EDGE_CURVE('',#3855,#3853,#419,.T.);
#4937=EDGE_CURVE('',#3854,#3856,#2195,.T.);
#4938=EDGE_CURVE('',#3856,#3857,#2196,.T.);
#4939=EDGE_CURVE('',#3857,#3855,#2197,.T.);
#4940=EDGE_CURVE('',#3856,#3858,#2198,.T.);
#4941=EDGE_CURVE('',#3858,#3859,#2199,.T.);
#4942=EDGE_CURVE('',#3859,#3857,#2200,.T.);
#4943=EDGE_CURVE('',#3858,#3860,#420,.T.);
#4944=EDGE_CURVE('',#3860,#3861,#2201,.T.);
#4945=EDGE_CURVE('',#3861,#3859,#421,.T.);
#4946=EDGE_CURVE('',#3860,#3862,#2202,.T.);
#4947=EDGE_CURVE('',#3862,#3863,#2203,.T.);
#4948=EDGE_CURVE('',#3863,#3861,#2204,.T.);
#4949=EDGE_CURVE('',#3862,#3864,#2205,.T.);
#4950=EDGE_CURVE('',#3864,#3865,#2206,.T.);
#4951=EDGE_CURVE('',#3865,#3863,#2207,.T.);
#4952=EDGE_CURVE('',#3864,#3866,#422,.T.);
#4953=EDGE_CURVE('',#3866,#3867,#2208,.T.);
#4954=EDGE_CURVE('',#3867,#3865,#423,.T.);
#4955=EDGE_CURVE('',#3866,#3868,#2209,.T.);
#4956=EDGE_CURVE('',#3868,#3869,#2210,.T.);
#4957=EDGE_CURVE('',#3869,#3867,#2211,.T.);
#4958=EDGE_CURVE('',#3868,#3870,#2212,.T.);
#4959=EDGE_CURVE('',#3870,#3871,#2213,.T.);
#4960=EDGE_CURVE('',#3871,#3869,#2214,.T.);
#4961=EDGE_CURVE('',#3870,#3872,#424,.T.);
#4962=EDGE_CURVE('',#3872,#3873,#2215,.T.);
#4963=EDGE_CURVE('',#3873,#3871,#425,.T.);
#4964=EDGE_CURVE('',#3872,#3874,#2216,.T.);
#4965=EDGE_CURVE('',#3874,#3875,#2217,.T.);
#4966=EDGE_CURVE('',#3875,#3873,#2218,.T.);
#4967=EDGE_CURVE('',#3874,#3876,#2219,.T.);
#4968=EDGE_CURVE('',#3876,#3877,#2220,.T.);
#4969=EDGE_CURVE('',#3877,#3875,#2221,.T.);
#4970=EDGE_CURVE('',#3876,#3878,#426,.T.);
#4971=EDGE_CURVE('',#3878,#3879,#2222,.T.);
#4972=EDGE_CURVE('',#3879,#3877,#427,.T.);
#4973=EDGE_CURVE('',#3878,#3880,#2223,.T.);
#4974=EDGE_CURVE('',#3880,#3881,#2224,.T.);
#4975=EDGE_CURVE('',#3881,#3879,#2225,.T.);
#4976=EDGE_CURVE('',#3880,#3882,#2226,.T.);
#4977=EDGE_CURVE('',#3882,#3883,#2227,.T.);
#4978=EDGE_CURVE('',#3883,#3881,#2228,.T.);
#4979=EDGE_CURVE('',#3882,#3884,#428,.T.);
#4980=EDGE_CURVE('',#3884,#3885,#2229,.T.);
#4981=EDGE_CURVE('',#3885,#3883,#429,.T.);
#4982=EDGE_CURVE('',#3884,#3886,#2230,.T.);
#4983=EDGE_CURVE('',#3886,#3887,#2231,.T.);
#4984=EDGE_CURVE('',#3887,#3885,#2232,.T.);
#4985=EDGE_CURVE('',#3886,#3888,#2233,.T.);
#4986=EDGE_CURVE('',#3888,#3889,#2234,.T.);
#4987=EDGE_CURVE('',#3889,#3887,#2235,.T.);
#4988=EDGE_CURVE('',#3888,#3890,#430,.T.);
#4989=EDGE_CURVE('',#3890,#3891,#2236,.T.);
#4990=EDGE_CURVE('',#3891,#3889,#431,.T.);
#4991=EDGE_CURVE('',#3890,#3892,#2237,.T.);
#4992=EDGE_CURVE('',#3892,#3893,#2238,.T.);
#4993=EDGE_CURVE('',#3893,#3891,#2239,.T.);
#4994=EDGE_CURVE('',#3892,#3894,#2240,.T.);
#4995=EDGE_CURVE('',#3894,#3895,#2241,.T.);
#4996=EDGE_CURVE('',#3895,#3893,#2242,.T.);
#4997=EDGE_CURVE('',#3896,#3894,#432,.T.);
#4998=EDGE_CURVE('',#3896,#3897,#2243,.T.);
#4999=EDGE_CURVE('',#3897,#3895,#433,.T.);
#5000=EDGE_CURVE('',#3898,#3896,#434,.T.);
#5001=EDGE_CURVE('',#3898,#3899,#2244,.T.);
#5002=EDGE_CURVE('',#3899,#3897,#435,.T.);
#5003=EDGE_CURVE('',#3898,#3900,#2245,.T.);
#5004=EDGE_CURVE('',#3900,#3901,#2246,.T.);
#5005=EDGE_CURVE('',#3901,#3899,#2247,.T.);
#5006=EDGE_CURVE('',#3902,#3900,#2248,.T.);
#5007=EDGE_CURVE('',#3902,#3903,#2249,.T.);
#5008=EDGE_CURVE('',#3903,#3901,#2250,.T.);
#5009=EDGE_CURVE('',#3714,#3902,#2251,.T.);
#5010=EDGE_CURVE('',#3717,#3903,#2252,.T.);
#5011=EDGE_CURVE('',#3904,#3904,#436,.T.);
#5012=EDGE_CURVE('',#3904,#3905,#2253,.T.);
#5013=EDGE_CURVE('',#3905,#3905,#437,.T.);
#5014=EDGE_CURVE('',#3906,#3907,#2254,.T.);
#5015=EDGE_CURVE('',#3906,#3908,#2255,.T.);
#5016=EDGE_CURVE('',#3908,#3909,#2256,.T.);
#5017=EDGE_CURVE('',#3907,#3909,#2257,.T.);
#5018=EDGE_CURVE('',#3910,#3906,#438,.T.);
#5019=EDGE_CURVE('',#3910,#3911,#2258,.T.);
#5020=EDGE_CURVE('',#3911,#3908,#439,.T.);
#5021=EDGE_CURVE('',#3912,#3910,#2259,.T.);
#5022=EDGE_CURVE('',#3912,#3913,#2260,.T.);
#5023=EDGE_CURVE('',#3913,#3911,#2261,.T.);
#5024=EDGE_CURVE('',#3907,#3912,#440,.T.);
#5025=EDGE_CURVE('',#3909,#3913,#441,.T.);
#5026=EDGE_CURVE('',#3914,#3915,#442,.T.);
#5027=EDGE_CURVE('',#3915,#3916,#2262,.T.);
#5028=EDGE_CURVE('',#3916,#3917,#443,.T.);
#5029=EDGE_CURVE('',#3914,#3917,#2263,.T.);
#5030=EDGE_CURVE('',#3918,#3915,#2264,.T.);
#5031=EDGE_CURVE('',#3918,#3919,#2265,.T.);
#5032=EDGE_CURVE('',#3919,#3916,#2266,.T.);
#5033=EDGE_CURVE('',#3920,#3918,#15,.T.);
#5034=EDGE_CURVE('',#3920,#3921,#2267,.T.);
#5035=EDGE_CURVE('',#3921,#3919,#16,.T.);
#5036=EDGE_CURVE('',#3922,#3920,#2268,.T.);
#5037=EDGE_CURVE('',#3922,#3923,#2269,.T.);
#5038=EDGE_CURVE('',#3923,#3921,#2270,.T.);
#5039=EDGE_CURVE('',#3924,#3922,#444,.T.);
#5040=EDGE_CURVE('',#3924,#3925,#2271,.T.);
#5041=EDGE_CURVE('',#3925,#3923,#445,.T.);
#5042=EDGE_CURVE('',#3926,#3924,#2272,.T.);
#5043=EDGE_CURVE('',#3926,#3927,#2273,.T.);
#5044=EDGE_CURVE('',#3927,#3925,#2274,.T.);
#5045=EDGE_CURVE('',#3914,#3926,#2275,.T.);
#5046=EDGE_CURVE('',#3917,#3927,#2276,.T.);
#5047=EDGE_CURVE('',#3928,#3929,#2277,.T.);
#5048=EDGE_CURVE('',#3930,#3928,#2278,.T.);
#5049=EDGE_CURVE('',#3931,#3930,#2279,.T.);
#5050=EDGE_CURVE('',#3929,#3931,#2280,.T.);
#5051=EDGE_CURVE('',#3932,#3933,#2281,.T.);
#5052=EDGE_CURVE('',#3934,#3932,#2282,.T.);
#5053=EDGE_CURVE('',#3935,#3934,#2283,.T.);
#5054=EDGE_CURVE('',#3933,#3935,#2284,.T.);
#5055=EDGE_CURVE('',#3936,#3930,#446,.T.);
#5056=EDGE_CURVE('',#3937,#3936,#2285,.T.);
#5057=EDGE_CURVE('',#3931,#3937,#447,.T.);
#5058=EDGE_CURVE('',#3934,#3938,#2286,.F.);
#5059=EDGE_CURVE('',#3938,#3939,#2287,.F.);
#5060=EDGE_CURVE('',#3935,#3939,#2288,.F.);
#5061=EDGE_CURVE('',#3932,#3940,#2289,.T.);
#5062=EDGE_CURVE('',#3940,#3938,#2290,.F.);
#5063=EDGE_CURVE('',#3941,#3929,#448,.T.);
#5064=EDGE_CURVE('',#3942,#3941,#2291,.T.);
#5065=EDGE_CURVE('',#3928,#3942,#449,.T.);
#5066=EDGE_CURVE('',#3942,#3936,#2292,.T.);
#5067=EDGE_CURVE('',#3937,#3941,#2293,.T.);
#5068=EDGE_CURVE('',#3933,#3943,#2294,.F.);
#5069=EDGE_CURVE('',#3943,#3940,#2295,.F.);
#5070=EDGE_CURVE('',#3939,#3943,#2296,.F.);
#5071=EDGE_CURVE('',#3944,#3944,#450,.T.);
#5072=EDGE_CURVE('',#3944,#3945,#2297,.T.);
#5073=EDGE_CURVE('',#3945,#3945,#451,.T.);
#5074=EDGE_CURVE('',#3946,#3947,#2298,.T.);
#5075=EDGE_CURVE('',#3947,#3948,#2299,.T.);
#5076=EDGE_CURVE('',#3949,#3948,#2300,.T.);
#5077=EDGE_CURVE('',#3946,#3949,#2301,.T.);
#5078=EDGE_CURVE('',#3950,#3946,#452,.T.);
#5079=EDGE_CURVE('',#3951,#3949,#453,.T.);
#5080=EDGE_CURVE('',#3950,#3951,#2302,.T.);
#5081=EDGE_CURVE('',#3952,#3950,#2303,.T.);
#5082=EDGE_CURVE('',#3953,#3951,#2304,.T.);
#5083=EDGE_CURVE('',#3952,#3953,#2305,.T.);
#5084=EDGE_CURVE('',#3954,#3952,#2306,.T.);
#5085=EDGE_CURVE('',#3955,#3953,#2307,.T.);
#5086=EDGE_CURVE('',#3954,#3955,#2308,.T.);
#5087=EDGE_CURVE('',#3956,#3954,#2309,.T.);
#5088=EDGE_CURVE('',#3957,#3955,#2310,.T.);
#5089=EDGE_CURVE('',#3956,#3957,#2311,.T.);
#5090=EDGE_CURVE('',#3947,#3956,#454,.T.);
#5091=EDGE_CURVE('',#3948,#3957,#455,.T.);
#5092=EDGE_CURVE('',#3958,#3958,#456,.T.);
#5093=EDGE_CURVE('',#3958,#3959,#2312,.T.);
#5094=EDGE_CURVE('',#3959,#3959,#457,.T.);
#5095=EDGE_CURVE('',#3960,#3961,#2313,.T.);
#5096=EDGE_CURVE('',#3960,#3962,#2314,.T.);
#5097=EDGE_CURVE('',#3962,#3963,#2315,.T.);
#5098=EDGE_CURVE('',#3961,#3963,#2316,.T.);
#5099=EDGE_CURVE('',#3964,#3960,#458,.T.);
#5100=EDGE_CURVE('',#3964,#3965,#2317,.T.);
#5101=EDGE_CURVE('',#3965,#3962,#459,.T.);
#5102=EDGE_CURVE('',#3966,#3964,#2318,.T.);
#5103=EDGE_CURVE('',#3966,#3967,#2319,.T.);
#5104=EDGE_CURVE('',#3967,#3965,#2320,.T.);
#5105=EDGE_CURVE('',#3968,#3966,#2321,.T.);
#5106=EDGE_CURVE('',#3968,#3969,#2322,.T.);
#5107=EDGE_CURVE('',#3969,#3967,#2323,.T.);
#5108=EDGE_CURVE('',#3970,#3968,#2324,.T.);
#5109=EDGE_CURVE('',#3970,#3971,#2325,.T.);
#5110=EDGE_CURVE('',#3971,#3969,#2326,.T.);
#5111=EDGE_CURVE('',#3961,#3970,#460,.T.);
#5112=EDGE_CURVE('',#3963,#3971,#461,.T.);
#5113=EDGE_CURVE('',#3972,#3972,#462,.T.);
#5114=EDGE_CURVE('',#3972,#3973,#2327,.T.);
#5115=EDGE_CURVE('',#3973,#3973,#463,.T.);
#5116=EDGE_CURVE('',#3974,#3975,#2328,.T.);
#5117=EDGE_CURVE('',#3974,#3976,#2329,.T.);
#5118=EDGE_CURVE('',#3976,#3977,#2330,.T.);
#5119=EDGE_CURVE('',#3975,#3977,#2331,.T.);
#5120=EDGE_CURVE('',#3978,#3974,#464,.T.);
#5121=EDGE_CURVE('',#3978,#3979,#2332,.T.);
#5122=EDGE_CURVE('',#3979,#3976,#465,.T.);
#5123=EDGE_CURVE('',#3980,#3978,#2333,.T.);
#5124=EDGE_CURVE('',#3980,#3981,#2334,.T.);
#5125=EDGE_CURVE('',#3981,#3979,#2335,.T.);
#5126=EDGE_CURVE('',#3982,#3980,#2336,.T.);
#5127=EDGE_CURVE('',#3982,#3983,#2337,.T.);
#5128=EDGE_CURVE('',#3983,#3981,#2338,.T.);
#5129=EDGE_CURVE('',#3984,#3982,#2339,.T.);
#5130=EDGE_CURVE('',#3984,#3985,#2340,.T.);
#5131=EDGE_CURVE('',#3985,#3983,#2341,.T.);
#5132=EDGE_CURVE('',#3975,#3984,#466,.T.);
#5133=EDGE_CURVE('',#3977,#3985,#467,.T.);
#5134=EDGE_CURVE('',#3986,#3986,#468,.T.);
#5135=EDGE_CURVE('',#3986,#3987,#2342,.T.);
#5136=EDGE_CURVE('',#3987,#3987,#469,.T.);
#5137=EDGE_CURVE('',#3988,#3989,#2343,.T.);
#5138=EDGE_CURVE('',#3989,#3990,#2344,.T.);
#5139=EDGE_CURVE('',#3991,#3990,#2345,.T.);
#5140=EDGE_CURVE('',#3988,#3991,#2346,.T.);
#5141=EDGE_CURVE('',#3992,#3988,#470,.T.);
#5142=EDGE_CURVE('',#3993,#3991,#471,.T.);
#5143=EDGE_CURVE('',#3992,#3993,#2347,.T.);
#5144=EDGE_CURVE('',#3994,#3992,#2348,.T.);
#5145=EDGE_CURVE('',#3995,#3993,#2349,.T.);
#5146=EDGE_CURVE('',#3994,#3995,#2350,.T.);
#5147=EDGE_CURVE('',#3996,#3994,#2351,.T.);
#5148=EDGE_CURVE('',#3997,#3995,#2352,.T.);
#5149=EDGE_CURVE('',#3996,#3997,#2353,.T.);
#5150=EDGE_CURVE('',#3998,#3996,#2354,.T.);
#5151=EDGE_CURVE('',#3999,#3997,#2355,.T.);
#5152=EDGE_CURVE('',#3998,#3999,#2356,.T.);
#5153=EDGE_CURVE('',#3989,#3998,#472,.T.);
#5154=EDGE_CURVE('',#3990,#3999,#473,.T.);
#5155=ORIENTED_EDGE('',*,*,#4000,.F.);
#5156=ORIENTED_EDGE('',*,*,#4001,.T.);
#5157=ORIENTED_EDGE('',*,*,#4002,.T.);
#5158=ORIENTED_EDGE('',*,*,#4003,.F.);
#5159=ORIENTED_EDGE('',*,*,#4004,.F.);
#5160=ORIENTED_EDGE('',*,*,#4005,.T.);
#5161=ORIENTED_EDGE('',*,*,#4006,.T.);
#5162=ORIENTED_EDGE('',*,*,#4001,.F.);
#5163=ORIENTED_EDGE('',*,*,#4007,.F.);
#5164=ORIENTED_EDGE('',*,*,#4008,.F.);
#5165=ORIENTED_EDGE('',*,*,#4009,.T.);
#5166=ORIENTED_EDGE('',*,*,#4005,.F.);
#5167=ORIENTED_EDGE('',*,*,#4003,.T.);
#5168=ORIENTED_EDGE('',*,*,#4010,.T.);
#5169=ORIENTED_EDGE('',*,*,#4011,.T.);
#5170=ORIENTED_EDGE('',*,*,#4012,.F.);
#5171=ORIENTED_EDGE('',*,*,#4008,.T.);
#5172=ORIENTED_EDGE('',*,*,#4013,.F.);
#5173=ORIENTED_EDGE('',*,*,#4014,.F.);
#5174=ORIENTED_EDGE('',*,*,#4015,.F.);
#5175=ORIENTED_EDGE('',*,*,#4016,.F.);
#5176=ORIENTED_EDGE('',*,*,#4017,.T.);
#5177=ORIENTED_EDGE('',*,*,#4018,.T.);
#5178=ORIENTED_EDGE('',*,*,#4019,.T.);
#5179=ORIENTED_EDGE('',*,*,#4020,.T.);
#5180=ORIENTED_EDGE('',*,*,#4021,.T.);
#5181=ORIENTED_EDGE('',*,*,#4007,.T.);
#5182=ORIENTED_EDGE('',*,*,#4004,.T.);
#5183=ORIENTED_EDGE('',*,*,#4000,.T.);
#5184=ORIENTED_EDGE('',*,*,#4012,.T.);
#5185=ORIENTED_EDGE('',*,*,#4022,.T.);
#5186=ORIENTED_EDGE('',*,*,#4023,.T.);
#5187=ORIENTED_EDGE('',*,*,#4024,.T.);
#5188=ORIENTED_EDGE('',*,*,#4025,.T.);
#5189=ORIENTED_EDGE('',*,*,#4026,.T.);
#5190=ORIENTED_EDGE('',*,*,#4027,.T.);
#5191=ORIENTED_EDGE('',*,*,#4028,.T.);
#5192=ORIENTED_EDGE('',*,*,#4029,.T.);
#5193=ORIENTED_EDGE('',*,*,#4030,.T.);
#5194=ORIENTED_EDGE('',*,*,#4031,.T.);
#5195=ORIENTED_EDGE('',*,*,#4032,.T.);
#5196=ORIENTED_EDGE('',*,*,#4033,.T.);
#5197=ORIENTED_EDGE('',*,*,#4034,.T.);
#5198=ORIENTED_EDGE('',*,*,#4035,.T.);
#5199=ORIENTED_EDGE('',*,*,#4036,.T.);
#5200=ORIENTED_EDGE('',*,*,#4037,.T.);
#5201=ORIENTED_EDGE('',*,*,#4038,.T.);
#5202=ORIENTED_EDGE('',*,*,#4039,.T.);
#5203=ORIENTED_EDGE('',*,*,#4040,.T.);
#5204=ORIENTED_EDGE('',*,*,#4041,.T.);
#5205=ORIENTED_EDGE('',*,*,#4042,.T.);
#5206=ORIENTED_EDGE('',*,*,#4043,.T.);
#5207=ORIENTED_EDGE('',*,*,#4044,.T.);
#5208=ORIENTED_EDGE('',*,*,#4045,.T.);
#5209=ORIENTED_EDGE('',*,*,#4046,.T.);
#5210=ORIENTED_EDGE('',*,*,#4047,.T.);
#5211=ORIENTED_EDGE('',*,*,#4048,.T.);
#5212=ORIENTED_EDGE('',*,*,#4049,.T.);
#5213=ORIENTED_EDGE('',*,*,#4050,.T.);
#5214=ORIENTED_EDGE('',*,*,#4051,.T.);
#5215=ORIENTED_EDGE('',*,*,#4052,.T.);
#5216=ORIENTED_EDGE('',*,*,#4013,.T.);
#5217=ORIENTED_EDGE('',*,*,#4031,.F.);
#5218=ORIENTED_EDGE('',*,*,#4053,.T.);
#5219=ORIENTED_EDGE('',*,*,#4054,.T.);
#5220=ORIENTED_EDGE('',*,*,#4055,.F.);
#5221=ORIENTED_EDGE('',*,*,#4030,.F.);
#5222=ORIENTED_EDGE('',*,*,#4056,.F.);
#5223=ORIENTED_EDGE('',*,*,#4057,.T.);
#5224=ORIENTED_EDGE('',*,*,#4053,.F.);
#5225=ORIENTED_EDGE('',*,*,#4032,.F.);
#5226=ORIENTED_EDGE('',*,*,#4055,.T.);
#5227=ORIENTED_EDGE('',*,*,#4058,.T.);
#5228=ORIENTED_EDGE('',*,*,#4059,.F.);
#5229=ORIENTED_EDGE('',*,*,#4024,.F.);
#5230=ORIENTED_EDGE('',*,*,#4060,.T.);
#5231=ORIENTED_EDGE('',*,*,#4061,.T.);
#5232=ORIENTED_EDGE('',*,*,#4062,.F.);
#5233=ORIENTED_EDGE('',*,*,#4023,.F.);
#5234=ORIENTED_EDGE('',*,*,#4063,.T.);
#5235=ORIENTED_EDGE('',*,*,#4064,.T.);
#5236=ORIENTED_EDGE('',*,*,#4060,.F.);
#5237=ORIENTED_EDGE('',*,*,#4022,.F.);
#5238=ORIENTED_EDGE('',*,*,#4011,.F.);
#5239=ORIENTED_EDGE('',*,*,#4065,.T.);
#5240=ORIENTED_EDGE('',*,*,#4063,.F.);
#5241=ORIENTED_EDGE('',*,*,#4028,.F.);
#5242=ORIENTED_EDGE('',*,*,#4066,.T.);
#5243=ORIENTED_EDGE('',*,*,#4067,.T.);
#5244=ORIENTED_EDGE('',*,*,#4068,.F.);
#5245=ORIENTED_EDGE('',*,*,#4027,.F.);
#5246=ORIENTED_EDGE('',*,*,#4069,.T.);
#5247=ORIENTED_EDGE('',*,*,#4070,.T.);
#5248=ORIENTED_EDGE('',*,*,#4066,.F.);
#5249=ORIENTED_EDGE('',*,*,#4026,.F.);
#5250=ORIENTED_EDGE('',*,*,#4071,.F.);
#5251=ORIENTED_EDGE('',*,*,#4072,.T.);
#5252=ORIENTED_EDGE('',*,*,#4069,.F.);
#5253=ORIENTED_EDGE('',*,*,#4038,.F.);
#5254=ORIENTED_EDGE('',*,*,#4073,.T.);
#5255=ORIENTED_EDGE('',*,*,#4074,.T.);
#5256=ORIENTED_EDGE('',*,*,#4075,.F.);
#5257=ORIENTED_EDGE('',*,*,#4037,.F.);
#5258=ORIENTED_EDGE('',*,*,#4076,.T.);
#5259=ORIENTED_EDGE('',*,*,#4077,.T.);
#5260=ORIENTED_EDGE('',*,*,#4073,.F.);
#5261=ORIENTED_EDGE('',*,*,#4036,.F.);
#5262=ORIENTED_EDGE('',*,*,#4078,.F.);
#5263=ORIENTED_EDGE('',*,*,#4079,.T.);
#5264=ORIENTED_EDGE('',*,*,#4076,.F.);
#5265=ORIENTED_EDGE('',*,*,#4046,.F.);
#5266=ORIENTED_EDGE('',*,*,#4080,.T.);
#5267=ORIENTED_EDGE('',*,*,#4081,.T.);
#5268=ORIENTED_EDGE('',*,*,#4082,.F.);
#5269=ORIENTED_EDGE('',*,*,#4045,.F.);
#5270=ORIENTED_EDGE('',*,*,#4083,.T.);
#5271=ORIENTED_EDGE('',*,*,#4084,.T.);
#5272=ORIENTED_EDGE('',*,*,#4080,.F.);
#5273=ORIENTED_EDGE('',*,*,#4044,.F.);
#5274=ORIENTED_EDGE('',*,*,#4085,.F.);
#5275=ORIENTED_EDGE('',*,*,#4086,.T.);
#5276=ORIENTED_EDGE('',*,*,#4083,.F.);
#5277=ORIENTED_EDGE('',*,*,#4042,.F.);
#5278=ORIENTED_EDGE('',*,*,#4087,.T.);
#5279=ORIENTED_EDGE('',*,*,#4088,.T.);
#5280=ORIENTED_EDGE('',*,*,#4089,.F.);
#5281=ORIENTED_EDGE('',*,*,#4041,.F.);
#5282=ORIENTED_EDGE('',*,*,#4090,.T.);
#5283=ORIENTED_EDGE('',*,*,#4091,.T.);
#5284=ORIENTED_EDGE('',*,*,#4087,.F.);
#5285=ORIENTED_EDGE('',*,*,#4040,.F.);
#5286=ORIENTED_EDGE('',*,*,#4092,.F.);
#5287=ORIENTED_EDGE('',*,*,#4093,.T.);
#5288=ORIENTED_EDGE('',*,*,#4090,.F.);
#5289=ORIENTED_EDGE('',*,*,#4050,.F.);
#5290=ORIENTED_EDGE('',*,*,#4094,.T.);
#5291=ORIENTED_EDGE('',*,*,#4095,.T.);
#5292=ORIENTED_EDGE('',*,*,#4096,.F.);
#5293=ORIENTED_EDGE('',*,*,#4049,.F.);
#5294=ORIENTED_EDGE('',*,*,#4097,.T.);
#5295=ORIENTED_EDGE('',*,*,#4098,.T.);
#5296=ORIENTED_EDGE('',*,*,#4094,.F.);
#5297=ORIENTED_EDGE('',*,*,#4048,.F.);
#5298=ORIENTED_EDGE('',*,*,#4099,.F.);
#5299=ORIENTED_EDGE('',*,*,#4100,.T.);
#5300=ORIENTED_EDGE('',*,*,#4097,.F.);
#5301=ORIENTED_EDGE('',*,*,#4062,.T.);
#5302=ORIENTED_EDGE('',*,*,#4101,.T.);
#5303=ORIENTED_EDGE('',*,*,#4071,.T.);
#5304=ORIENTED_EDGE('',*,*,#4025,.F.);
#5305=ORIENTED_EDGE('',*,*,#4056,.T.);
#5306=ORIENTED_EDGE('',*,*,#4029,.F.);
#5307=ORIENTED_EDGE('',*,*,#4068,.T.);
#5308=ORIENTED_EDGE('',*,*,#4102,.T.);
#5309=ORIENTED_EDGE('',*,*,#4059,.T.);
#5310=ORIENTED_EDGE('',*,*,#4103,.T.);
#5311=ORIENTED_EDGE('',*,*,#4104,.T.);
#5312=ORIENTED_EDGE('',*,*,#4033,.F.);
#5313=ORIENTED_EDGE('',*,*,#4096,.T.);
#5314=ORIENTED_EDGE('',*,*,#4105,.T.);
#5315=ORIENTED_EDGE('',*,*,#4106,.T.);
#5316=ORIENTED_EDGE('',*,*,#4107,.T.);
#5317=ORIENTED_EDGE('',*,*,#4108,.T.);
#5318=ORIENTED_EDGE('',*,*,#4051,.F.);
#5319=ORIENTED_EDGE('',*,*,#4082,.T.);
#5320=ORIENTED_EDGE('',*,*,#4109,.T.);
#5321=ORIENTED_EDGE('',*,*,#4099,.T.);
#5322=ORIENTED_EDGE('',*,*,#4047,.F.);
#5323=ORIENTED_EDGE('',*,*,#4085,.T.);
#5324=ORIENTED_EDGE('',*,*,#4043,.F.);
#5325=ORIENTED_EDGE('',*,*,#4089,.T.);
#5326=ORIENTED_EDGE('',*,*,#4110,.T.);
#5327=ORIENTED_EDGE('',*,*,#4078,.T.);
#5328=ORIENTED_EDGE('',*,*,#4035,.F.);
#5329=ORIENTED_EDGE('',*,*,#4111,.F.);
#5330=ORIENTED_EDGE('',*,*,#4112,.T.);
#5331=ORIENTED_EDGE('',*,*,#4075,.T.);
#5332=ORIENTED_EDGE('',*,*,#4113,.T.);
#5333=ORIENTED_EDGE('',*,*,#4092,.T.);
#5334=ORIENTED_EDGE('',*,*,#4039,.F.);
#5335=ORIENTED_EDGE('',*,*,#4114,.F.);
#5336=ORIENTED_EDGE('',*,*,#4115,.T.);
#5337=ORIENTED_EDGE('',*,*,#4019,.F.);
#5338=ORIENTED_EDGE('',*,*,#4116,.F.);
#5339=ORIENTED_EDGE('',*,*,#4117,.F.);
#5340=ORIENTED_EDGE('',*,*,#4118,.T.);
#5341=ORIENTED_EDGE('',*,*,#4021,.F.);
#5342=ORIENTED_EDGE('',*,*,#4119,.F.);
#5343=ORIENTED_EDGE('',*,*,#4112,.F.);
#5344=ORIENTED_EDGE('',*,*,#4120,.F.);
#5345=ORIENTED_EDGE('',*,*,#4103,.F.);
#5346=ORIENTED_EDGE('',*,*,#4058,.F.);
#5347=ORIENTED_EDGE('',*,*,#4054,.F.);
#5348=ORIENTED_EDGE('',*,*,#4057,.F.);
#5349=ORIENTED_EDGE('',*,*,#4102,.F.);
#5350=ORIENTED_EDGE('',*,*,#4067,.F.);
#5351=ORIENTED_EDGE('',*,*,#4070,.F.);
#5352=ORIENTED_EDGE('',*,*,#4072,.F.);
#5353=ORIENTED_EDGE('',*,*,#4101,.F.);
#5354=ORIENTED_EDGE('',*,*,#4061,.F.);
#5355=ORIENTED_EDGE('',*,*,#4064,.F.);
#5356=ORIENTED_EDGE('',*,*,#4065,.F.);
#5357=ORIENTED_EDGE('',*,*,#4010,.F.);
#5358=ORIENTED_EDGE('',*,*,#4002,.F.);
#5359=ORIENTED_EDGE('',*,*,#4006,.F.);
#5360=ORIENTED_EDGE('',*,*,#4009,.F.);
#5361=ORIENTED_EDGE('',*,*,#4017,.F.);
#5362=ORIENTED_EDGE('',*,*,#4121,.F.);
#5363=ORIENTED_EDGE('',*,*,#4105,.F.);
#5364=ORIENTED_EDGE('',*,*,#4095,.F.);
#5365=ORIENTED_EDGE('',*,*,#4098,.F.);
#5366=ORIENTED_EDGE('',*,*,#4100,.F.);
#5367=ORIENTED_EDGE('',*,*,#4109,.F.);
#5368=ORIENTED_EDGE('',*,*,#4081,.F.);
#5369=ORIENTED_EDGE('',*,*,#4084,.F.);
#5370=ORIENTED_EDGE('',*,*,#4086,.F.);
#5371=ORIENTED_EDGE('',*,*,#4110,.F.);
#5372=ORIENTED_EDGE('',*,*,#4088,.F.);
#5373=ORIENTED_EDGE('',*,*,#4091,.F.);
#5374=ORIENTED_EDGE('',*,*,#4093,.F.);
#5375=ORIENTED_EDGE('',*,*,#4113,.F.);
#5376=ORIENTED_EDGE('',*,*,#4074,.F.);
#5377=ORIENTED_EDGE('',*,*,#4077,.F.);
#5378=ORIENTED_EDGE('',*,*,#4079,.F.);
#5379=ORIENTED_EDGE('',*,*,#4034,.F.);
#5380=ORIENTED_EDGE('',*,*,#4104,.F.);
#5381=ORIENTED_EDGE('',*,*,#4120,.T.);
#5382=ORIENTED_EDGE('',*,*,#4111,.T.);
#5383=ORIENTED_EDGE('',*,*,#4122,.T.);
#5384=ORIENTED_EDGE('',*,*,#4123,.T.);
#5385=ORIENTED_EDGE('',*,*,#4124,.T.);
#5386=ORIENTED_EDGE('',*,*,#4125,.T.);
#5387=ORIENTED_EDGE('',*,*,#4126,.T.);
#5388=ORIENTED_EDGE('',*,*,#4127,.T.);
#5389=ORIENTED_EDGE('',*,*,#4128,.T.);
#5390=ORIENTED_EDGE('',*,*,#4129,.T.);
#5391=ORIENTED_EDGE('',*,*,#4130,.T.);
#5392=ORIENTED_EDGE('',*,*,#4106,.F.);
#5393=ORIENTED_EDGE('',*,*,#4121,.T.);
#5394=ORIENTED_EDGE('',*,*,#4016,.T.);
#5395=ORIENTED_EDGE('',*,*,#4107,.F.);
#5396=ORIENTED_EDGE('',*,*,#4131,.F.);
#5397=ORIENTED_EDGE('',*,*,#4132,.F.);
#5398=ORIENTED_EDGE('',*,*,#4133,.F.);
#5399=ORIENTED_EDGE('',*,*,#4134,.F.);
#5400=ORIENTED_EDGE('',*,*,#4135,.T.);
#5401=ORIENTED_EDGE('',*,*,#4132,.T.);
#5402=ORIENTED_EDGE('',*,*,#4136,.F.);
#5403=ORIENTED_EDGE('',*,*,#4137,.F.);
#5404=ORIENTED_EDGE('',*,*,#4136,.T.);
#5405=ORIENTED_EDGE('',*,*,#4131,.T.);
#5406=ORIENTED_EDGE('',*,*,#4130,.F.);
#5407=ORIENTED_EDGE('',*,*,#4138,.T.);
#5408=ORIENTED_EDGE('',*,*,#4139,.F.);
#5409=ORIENTED_EDGE('',*,*,#4140,.F.);
#5410=ORIENTED_EDGE('',*,*,#4139,.T.);
#5411=ORIENTED_EDGE('',*,*,#4141,.T.);
#5412=ORIENTED_EDGE('',*,*,#4142,.F.);
#5413=ORIENTED_EDGE('',*,*,#4143,.F.);
#5414=ORIENTED_EDGE('',*,*,#4142,.T.);
#5415=ORIENTED_EDGE('',*,*,#4144,.T.);
#5416=ORIENTED_EDGE('',*,*,#4145,.F.);
#5417=ORIENTED_EDGE('',*,*,#4133,.T.);
#5418=ORIENTED_EDGE('',*,*,#4135,.F.);
#5419=ORIENTED_EDGE('',*,*,#4015,.T.);
#5420=ORIENTED_EDGE('',*,*,#4144,.F.);
#5421=ORIENTED_EDGE('',*,*,#4141,.F.);
#5422=ORIENTED_EDGE('',*,*,#4138,.F.);
#5423=ORIENTED_EDGE('',*,*,#4020,.F.);
#5424=ORIENTED_EDGE('',*,*,#4115,.F.);
#5425=ORIENTED_EDGE('',*,*,#4146,.F.);
#5426=ORIENTED_EDGE('',*,*,#4147,.F.);
#5427=ORIENTED_EDGE('',*,*,#4148,.F.);
#5428=ORIENTED_EDGE('',*,*,#4119,.T.);
#5429=ORIENTED_EDGE('',*,*,#4149,.T.);
#5430=ORIENTED_EDGE('',*,*,#4150,.T.);
#5431=ORIENTED_EDGE('',*,*,#4151,.T.);
#5432=ORIENTED_EDGE('',*,*,#4152,.T.);
#5433=ORIENTED_EDGE('',*,*,#4153,.T.);
#5434=ORIENTED_EDGE('',*,*,#4154,.T.);
#5435=ORIENTED_EDGE('',*,*,#4155,.T.);
#5436=ORIENTED_EDGE('',*,*,#4156,.T.);
#5437=ORIENTED_EDGE('',*,*,#4157,.T.);
#5438=ORIENTED_EDGE('',*,*,#4158,.T.);
#5439=ORIENTED_EDGE('',*,*,#4146,.T.);
#5440=ORIENTED_EDGE('',*,*,#4114,.T.);
#5441=ORIENTED_EDGE('',*,*,#4159,.F.);
#5442=ORIENTED_EDGE('',*,*,#4147,.T.);
#5443=ORIENTED_EDGE('',*,*,#4158,.F.);
#5444=ORIENTED_EDGE('',*,*,#4160,.T.);
#5445=ORIENTED_EDGE('',*,*,#4148,.T.);
#5446=ORIENTED_EDGE('',*,*,#4159,.T.);
#5447=ORIENTED_EDGE('',*,*,#4161,.T.);
#5448=ORIENTED_EDGE('',*,*,#4117,.T.);
#5449=ORIENTED_EDGE('',*,*,#4125,.F.);
#5450=ORIENTED_EDGE('',*,*,#4162,.F.);
#5451=ORIENTED_EDGE('',*,*,#4154,.F.);
#5452=ORIENTED_EDGE('',*,*,#4163,.T.);
#5453=ORIENTED_EDGE('',*,*,#4124,.F.);
#5454=ORIENTED_EDGE('',*,*,#4164,.F.);
#5455=ORIENTED_EDGE('',*,*,#4155,.F.);
#5456=ORIENTED_EDGE('',*,*,#4162,.T.);
#5457=ORIENTED_EDGE('',*,*,#4123,.F.);
#5458=ORIENTED_EDGE('',*,*,#4165,.F.);
#5459=ORIENTED_EDGE('',*,*,#4156,.F.);
#5460=ORIENTED_EDGE('',*,*,#4164,.T.);
#5461=ORIENTED_EDGE('',*,*,#4122,.F.);
#5462=ORIENTED_EDGE('',*,*,#4166,.F.);
#5463=ORIENTED_EDGE('',*,*,#4149,.F.);
#5464=ORIENTED_EDGE('',*,*,#4165,.T.);
#5465=ORIENTED_EDGE('',*,*,#4129,.F.);
#5466=ORIENTED_EDGE('',*,*,#4167,.F.);
#5467=ORIENTED_EDGE('',*,*,#4150,.F.);
#5468=ORIENTED_EDGE('',*,*,#4166,.T.);
#5469=ORIENTED_EDGE('',*,*,#4128,.F.);
#5470=ORIENTED_EDGE('',*,*,#4168,.F.);
#5471=ORIENTED_EDGE('',*,*,#4151,.F.);
#5472=ORIENTED_EDGE('',*,*,#4167,.T.);
#5473=ORIENTED_EDGE('',*,*,#4127,.F.);
#5474=ORIENTED_EDGE('',*,*,#4169,.F.);
#5475=ORIENTED_EDGE('',*,*,#4152,.F.);
#5476=ORIENTED_EDGE('',*,*,#4168,.T.);
#5477=ORIENTED_EDGE('',*,*,#4126,.F.);
#5478=ORIENTED_EDGE('',*,*,#4163,.F.);
#5479=ORIENTED_EDGE('',*,*,#4153,.F.);
#5480=ORIENTED_EDGE('',*,*,#4169,.T.);
#5481=ORIENTED_EDGE('',*,*,#4052,.F.);
#5482=ORIENTED_EDGE('',*,*,#4108,.F.);
#5483=ORIENTED_EDGE('',*,*,#4145,.T.);
#5484=ORIENTED_EDGE('',*,*,#4014,.T.);
#5485=ORIENTED_EDGE('',*,*,#4018,.F.);
#5486=ORIENTED_EDGE('',*,*,#4118,.F.);
#5487=ORIENTED_EDGE('',*,*,#4161,.F.);
#5488=ORIENTED_EDGE('',*,*,#4160,.F.);
#5489=ORIENTED_EDGE('',*,*,#4157,.F.);
#5490=ORIENTED_EDGE('',*,*,#4116,.T.);
#5491=ORIENTED_EDGE('',*,*,#4143,.T.);
#5492=ORIENTED_EDGE('',*,*,#4134,.T.);
#5493=ORIENTED_EDGE('',*,*,#4137,.T.);
#5494=ORIENTED_EDGE('',*,*,#4140,.T.);
#5495=ORIENTED_EDGE('',*,*,#4170,.F.);
#5496=ORIENTED_EDGE('',*,*,#4171,.T.);
#5497=ORIENTED_EDGE('',*,*,#4172,.T.);
#5498=ORIENTED_EDGE('',*,*,#4171,.F.);
#5499=ORIENTED_EDGE('',*,*,#4170,.T.);
#5500=ORIENTED_EDGE('',*,*,#4172,.F.);
#5501=ORIENTED_EDGE('',*,*,#4173,.F.);
#5502=ORIENTED_EDGE('',*,*,#4174,.T.);
#5503=ORIENTED_EDGE('',*,*,#4175,.F.);
#5504=ORIENTED_EDGE('',*,*,#4174,.F.);
#5505=ORIENTED_EDGE('',*,*,#4176,.F.);
#5506=ORIENTED_EDGE('',*,*,#4177,.T.);
#5507=ORIENTED_EDGE('',*,*,#4178,.F.);
#5508=ORIENTED_EDGE('',*,*,#4179,.F.);
#5509=ORIENTED_EDGE('',*,*,#4180,.F.);
#5510=ORIENTED_EDGE('',*,*,#4179,.T.);
#5511=ORIENTED_EDGE('',*,*,#4181,.F.);
#5512=ORIENTED_EDGE('',*,*,#4182,.F.);
#5513=ORIENTED_EDGE('',*,*,#4183,.F.);
#5514=ORIENTED_EDGE('',*,*,#4182,.T.);
#5515=ORIENTED_EDGE('',*,*,#4184,.F.);
#5516=ORIENTED_EDGE('',*,*,#4185,.F.);
#5517=ORIENTED_EDGE('',*,*,#4186,.T.);
#5518=ORIENTED_EDGE('',*,*,#4185,.T.);
#5519=ORIENTED_EDGE('',*,*,#4187,.F.);
#5520=ORIENTED_EDGE('',*,*,#4188,.F.);
#5521=ORIENTED_EDGE('',*,*,#4189,.T.);
#5522=ORIENTED_EDGE('',*,*,#4188,.T.);
#5523=ORIENTED_EDGE('',*,*,#4190,.F.);
#5524=ORIENTED_EDGE('',*,*,#4191,.F.);
#5525=ORIENTED_EDGE('',*,*,#4192,.F.);
#5526=ORIENTED_EDGE('',*,*,#4191,.T.);
#5527=ORIENTED_EDGE('',*,*,#4193,.F.);
#5528=ORIENTED_EDGE('',*,*,#4177,.F.);
#5529=ORIENTED_EDGE('',*,*,#4192,.T.);
#5530=ORIENTED_EDGE('',*,*,#4176,.T.);
#5531=ORIENTED_EDGE('',*,*,#4180,.T.);
#5532=ORIENTED_EDGE('',*,*,#4183,.T.);
#5533=ORIENTED_EDGE('',*,*,#4186,.F.);
#5534=ORIENTED_EDGE('',*,*,#4189,.F.);
#5535=ORIENTED_EDGE('',*,*,#4175,.T.);
#5536=ORIENTED_EDGE('',*,*,#4193,.T.);
#5537=ORIENTED_EDGE('',*,*,#4190,.T.);
#5538=ORIENTED_EDGE('',*,*,#4187,.T.);
#5539=ORIENTED_EDGE('',*,*,#4184,.T.);
#5540=ORIENTED_EDGE('',*,*,#4181,.T.);
#5541=ORIENTED_EDGE('',*,*,#4178,.T.);
#5542=ORIENTED_EDGE('',*,*,#4173,.T.);
#5543=ORIENTED_EDGE('',*,*,#4194,.T.);
#5544=ORIENTED_EDGE('',*,*,#4195,.T.);
#5545=ORIENTED_EDGE('',*,*,#4196,.F.);
#5546=ORIENTED_EDGE('',*,*,#4197,.F.);
#5547=ORIENTED_EDGE('',*,*,#4198,.T.);
#5548=ORIENTED_EDGE('',*,*,#4197,.T.);
#5549=ORIENTED_EDGE('',*,*,#4199,.F.);
#5550=ORIENTED_EDGE('',*,*,#4200,.F.);
#5551=ORIENTED_EDGE('',*,*,#4201,.T.);
#5552=ORIENTED_EDGE('',*,*,#4200,.T.);
#5553=ORIENTED_EDGE('',*,*,#4202,.F.);
#5554=ORIENTED_EDGE('',*,*,#4203,.F.);
#5555=ORIENTED_EDGE('',*,*,#4204,.T.);
#5556=ORIENTED_EDGE('',*,*,#4203,.T.);
#5557=ORIENTED_EDGE('',*,*,#4205,.F.);
#5558=ORIENTED_EDGE('',*,*,#4195,.F.);
#5559=ORIENTED_EDGE('',*,*,#4206,.T.);
#5560=ORIENTED_EDGE('',*,*,#4207,.T.);
#5561=ORIENTED_EDGE('',*,*,#4208,.F.);
#5562=ORIENTED_EDGE('',*,*,#4209,.F.);
#5563=ORIENTED_EDGE('',*,*,#4210,.T.);
#5564=ORIENTED_EDGE('',*,*,#4209,.T.);
#5565=ORIENTED_EDGE('',*,*,#4211,.F.);
#5566=ORIENTED_EDGE('',*,*,#4212,.F.);
#5567=ORIENTED_EDGE('',*,*,#4213,.T.);
#5568=ORIENTED_EDGE('',*,*,#4212,.T.);
#5569=ORIENTED_EDGE('',*,*,#4214,.F.);
#5570=ORIENTED_EDGE('',*,*,#4215,.F.);
#5571=ORIENTED_EDGE('',*,*,#4216,.T.);
#5572=ORIENTED_EDGE('',*,*,#4215,.T.);
#5573=ORIENTED_EDGE('',*,*,#4217,.F.);
#5574=ORIENTED_EDGE('',*,*,#4207,.F.);
#5575=ORIENTED_EDGE('',*,*,#4217,.T.);
#5576=ORIENTED_EDGE('',*,*,#4214,.T.);
#5577=ORIENTED_EDGE('',*,*,#4211,.T.);
#5578=ORIENTED_EDGE('',*,*,#4208,.T.);
#5579=ORIENTED_EDGE('',*,*,#4205,.T.);
#5580=ORIENTED_EDGE('',*,*,#4202,.T.);
#5581=ORIENTED_EDGE('',*,*,#4199,.T.);
#5582=ORIENTED_EDGE('',*,*,#4196,.T.);
#5583=ORIENTED_EDGE('',*,*,#4216,.F.);
#5584=ORIENTED_EDGE('',*,*,#4206,.F.);
#5585=ORIENTED_EDGE('',*,*,#4210,.F.);
#5586=ORIENTED_EDGE('',*,*,#4213,.F.);
#5587=ORIENTED_EDGE('',*,*,#4204,.F.);
#5588=ORIENTED_EDGE('',*,*,#4194,.F.);
#5589=ORIENTED_EDGE('',*,*,#4198,.F.);
#5590=ORIENTED_EDGE('',*,*,#4201,.F.);
#5591=ORIENTED_EDGE('',*,*,#4218,.T.);
#5592=ORIENTED_EDGE('',*,*,#4219,.T.);
#5593=ORIENTED_EDGE('',*,*,#4220,.T.);
#5594=ORIENTED_EDGE('',*,*,#4221,.T.);
#5595=ORIENTED_EDGE('',*,*,#4220,.F.);
#5596=ORIENTED_EDGE('',*,*,#4222,.F.);
#5597=ORIENTED_EDGE('',*,*,#4223,.F.);
#5598=ORIENTED_EDGE('',*,*,#4224,.F.);
#5599=ORIENTED_EDGE('',*,*,#4225,.T.);
#5600=ORIENTED_EDGE('',*,*,#4226,.T.);
#5601=ORIENTED_EDGE('',*,*,#4227,.T.);
#5602=ORIENTED_EDGE('',*,*,#4219,.F.);
#5603=ORIENTED_EDGE('',*,*,#4228,.T.);
#5604=ORIENTED_EDGE('',*,*,#4229,.F.);
#5605=ORIENTED_EDGE('',*,*,#4222,.T.);
#5606=ORIENTED_EDGE('',*,*,#4223,.T.);
#5607=ORIENTED_EDGE('',*,*,#4229,.T.);
#5608=ORIENTED_EDGE('',*,*,#4230,.T.);
#5609=ORIENTED_EDGE('',*,*,#4231,.T.);
#5610=ORIENTED_EDGE('',*,*,#4227,.F.);
#5611=ORIENTED_EDGE('',*,*,#4232,.T.);
#5612=ORIENTED_EDGE('',*,*,#4233,.F.);
#5613=ORIENTED_EDGE('',*,*,#4232,.F.);
#5614=ORIENTED_EDGE('',*,*,#4231,.F.);
#5615=ORIENTED_EDGE('',*,*,#4234,.F.);
#5616=ORIENTED_EDGE('',*,*,#4235,.F.);
#5617=ORIENTED_EDGE('',*,*,#4224,.T.);
#5618=ORIENTED_EDGE('',*,*,#4218,.F.);
#5619=ORIENTED_EDGE('',*,*,#4236,.F.);
#5620=ORIENTED_EDGE('',*,*,#4237,.T.);
#5621=ORIENTED_EDGE('',*,*,#4234,.T.);
#5622=ORIENTED_EDGE('',*,*,#4230,.F.);
#5623=ORIENTED_EDGE('',*,*,#4228,.F.);
#5624=ORIENTED_EDGE('',*,*,#4233,.T.);
#5625=ORIENTED_EDGE('',*,*,#4221,.F.);
#5626=ORIENTED_EDGE('',*,*,#4226,.F.);
#5627=ORIENTED_EDGE('',*,*,#4238,.T.);
#5628=ORIENTED_EDGE('',*,*,#4236,.T.);
#5629=ORIENTED_EDGE('',*,*,#4238,.F.);
#5630=ORIENTED_EDGE('',*,*,#4225,.F.);
#5631=ORIENTED_EDGE('',*,*,#4235,.T.);
#5632=ORIENTED_EDGE('',*,*,#4237,.F.);
#5633=ORIENTED_EDGE('',*,*,#4239,.F.);
#5634=ORIENTED_EDGE('',*,*,#4240,.T.);
#5635=ORIENTED_EDGE('',*,*,#4241,.F.);
#5636=ORIENTED_EDGE('',*,*,#4240,.F.);
#5637=ORIENTED_EDGE('',*,*,#4242,.F.);
#5638=ORIENTED_EDGE('',*,*,#4241,.T.);
#5639=ORIENTED_EDGE('',*,*,#4243,.T.);
#5640=ORIENTED_EDGE('',*,*,#4244,.T.);
#5641=ORIENTED_EDGE('',*,*,#4242,.T.);
#5642=ORIENTED_EDGE('',*,*,#4239,.T.);
#5643=ORIENTED_EDGE('',*,*,#4244,.F.);
#5644=ORIENTED_EDGE('',*,*,#4243,.F.);
#5645=ORIENTED_EDGE('',*,*,#4245,.T.);
#5646=ORIENTED_EDGE('',*,*,#4246,.T.);
#5647=ORIENTED_EDGE('',*,*,#4245,.F.);
#5648=ORIENTED_EDGE('',*,*,#4247,.T.);
#5649=ORIENTED_EDGE('',*,*,#4248,.T.);
#5650=ORIENTED_EDGE('',*,*,#4246,.F.);
#5651=ORIENTED_EDGE('',*,*,#4248,.F.);
#5652=ORIENTED_EDGE('',*,*,#4249,.T.);
#5653=ORIENTED_EDGE('',*,*,#4250,.T.);
#5654=ORIENTED_EDGE('',*,*,#4247,.F.);
#5655=ORIENTED_EDGE('',*,*,#4250,.F.);
#5656=ORIENTED_EDGE('',*,*,#4251,.T.);
#5657=ORIENTED_EDGE('',*,*,#4252,.T.);
#5658=ORIENTED_EDGE('',*,*,#4253,.T.);
#5659=ORIENTED_EDGE('',*,*,#4254,.T.);
#5660=ORIENTED_EDGE('',*,*,#4253,.F.);
#5661=ORIENTED_EDGE('',*,*,#4254,.F.);
#5662=ORIENTED_EDGE('',*,*,#4255,.F.);
#5663=ORIENTED_EDGE('',*,*,#4256,.T.);
#5664=ORIENTED_EDGE('',*,*,#4251,.F.);
#5665=ORIENTED_EDGE('',*,*,#4252,.F.);
#5666=ORIENTED_EDGE('',*,*,#4256,.F.);
#5667=ORIENTED_EDGE('',*,*,#4255,.T.);
#5668=ORIENTED_EDGE('',*,*,#4257,.T.);
#5669=ORIENTED_EDGE('',*,*,#4258,.F.);
#5670=ORIENTED_EDGE('',*,*,#4257,.F.);
#5671=ORIENTED_EDGE('',*,*,#4259,.F.);
#5672=ORIENTED_EDGE('',*,*,#4260,.T.);
#5673=ORIENTED_EDGE('',*,*,#4258,.T.);
#5674=ORIENTED_EDGE('',*,*,#4260,.F.);
#5675=ORIENTED_EDGE('',*,*,#4261,.F.);
#5676=ORIENTED_EDGE('',*,*,#4262,.T.);
#5677=ORIENTED_EDGE('',*,*,#4259,.T.);
#5678=ORIENTED_EDGE('',*,*,#4262,.F.);
#5679=ORIENTED_EDGE('',*,*,#4249,.F.);
#5680=ORIENTED_EDGE('',*,*,#4263,.T.);
#5681=ORIENTED_EDGE('',*,*,#4261,.T.);
#5682=ORIENTED_EDGE('',*,*,#4263,.F.);
#5683=ORIENTED_EDGE('',*,*,#4264,.F.);
#5684=ORIENTED_EDGE('',*,*,#4265,.T.);
#5685=ORIENTED_EDGE('',*,*,#4266,.F.);
#5686=ORIENTED_EDGE('',*,*,#4265,.F.);
#5687=ORIENTED_EDGE('',*,*,#4267,.F.);
#5688=ORIENTED_EDGE('',*,*,#4268,.T.);
#5689=ORIENTED_EDGE('',*,*,#4269,.F.);
#5690=ORIENTED_EDGE('',*,*,#4268,.F.);
#5691=ORIENTED_EDGE('',*,*,#4270,.F.);
#5692=ORIENTED_EDGE('',*,*,#4271,.T.);
#5693=ORIENTED_EDGE('',*,*,#4272,.F.);
#5694=ORIENTED_EDGE('',*,*,#4271,.F.);
#5695=ORIENTED_EDGE('',*,*,#4273,.F.);
#5696=ORIENTED_EDGE('',*,*,#4274,.T.);
#5697=ORIENTED_EDGE('',*,*,#4275,.F.);
#5698=ORIENTED_EDGE('',*,*,#4274,.F.);
#5699=ORIENTED_EDGE('',*,*,#4276,.F.);
#5700=ORIENTED_EDGE('',*,*,#4277,.T.);
#5701=ORIENTED_EDGE('',*,*,#4278,.F.);
#5702=ORIENTED_EDGE('',*,*,#4277,.F.);
#5703=ORIENTED_EDGE('',*,*,#4279,.F.);
#5704=ORIENTED_EDGE('',*,*,#4280,.T.);
#5705=ORIENTED_EDGE('',*,*,#4281,.F.);
#5706=ORIENTED_EDGE('',*,*,#4280,.F.);
#5707=ORIENTED_EDGE('',*,*,#4282,.F.);
#5708=ORIENTED_EDGE('',*,*,#4283,.T.);
#5709=ORIENTED_EDGE('',*,*,#4284,.F.);
#5710=ORIENTED_EDGE('',*,*,#4283,.F.);
#5711=ORIENTED_EDGE('',*,*,#4285,.F.);
#5712=ORIENTED_EDGE('',*,*,#4286,.T.);
#5713=ORIENTED_EDGE('',*,*,#4287,.F.);
#5714=ORIENTED_EDGE('',*,*,#4286,.F.);
#5715=ORIENTED_EDGE('',*,*,#4288,.F.);
#5716=ORIENTED_EDGE('',*,*,#4289,.T.);
#5717=ORIENTED_EDGE('',*,*,#4290,.F.);
#5718=ORIENTED_EDGE('',*,*,#4289,.F.);
#5719=ORIENTED_EDGE('',*,*,#4291,.F.);
#5720=ORIENTED_EDGE('',*,*,#4292,.T.);
#5721=ORIENTED_EDGE('',*,*,#4293,.F.);
#5722=ORIENTED_EDGE('',*,*,#4292,.F.);
#5723=ORIENTED_EDGE('',*,*,#4294,.T.);
#5724=ORIENTED_EDGE('',*,*,#4295,.T.);
#5725=ORIENTED_EDGE('',*,*,#4296,.F.);
#5726=ORIENTED_EDGE('',*,*,#4297,.F.);
#5727=ORIENTED_EDGE('',*,*,#4298,.T.);
#5728=ORIENTED_EDGE('',*,*,#4297,.T.);
#5729=ORIENTED_EDGE('',*,*,#4299,.F.);
#5730=ORIENTED_EDGE('',*,*,#4300,.F.);
#5731=ORIENTED_EDGE('',*,*,#4301,.T.);
#5732=ORIENTED_EDGE('',*,*,#4300,.T.);
#5733=ORIENTED_EDGE('',*,*,#4302,.F.);
#5734=ORIENTED_EDGE('',*,*,#4303,.F.);
#5735=ORIENTED_EDGE('',*,*,#4304,.F.);
#5736=ORIENTED_EDGE('',*,*,#4303,.T.);
#5737=ORIENTED_EDGE('',*,*,#4305,.F.);
#5738=ORIENTED_EDGE('',*,*,#4295,.F.);
#5739=ORIENTED_EDGE('',*,*,#4304,.T.);
#5740=ORIENTED_EDGE('',*,*,#4294,.F.);
#5741=ORIENTED_EDGE('',*,*,#4298,.F.);
#5742=ORIENTED_EDGE('',*,*,#4301,.F.);
#5743=ORIENTED_EDGE('',*,*,#4293,.T.);
#5744=ORIENTED_EDGE('',*,*,#4290,.T.);
#5745=ORIENTED_EDGE('',*,*,#4287,.T.);
#5746=ORIENTED_EDGE('',*,*,#4284,.T.);
#5747=ORIENTED_EDGE('',*,*,#4281,.T.);
#5748=ORIENTED_EDGE('',*,*,#4278,.T.);
#5749=ORIENTED_EDGE('',*,*,#4275,.T.);
#5750=ORIENTED_EDGE('',*,*,#4272,.T.);
#5751=ORIENTED_EDGE('',*,*,#4269,.T.);
#5752=ORIENTED_EDGE('',*,*,#4266,.T.);
#5753=ORIENTED_EDGE('',*,*,#4305,.T.);
#5754=ORIENTED_EDGE('',*,*,#4302,.T.);
#5755=ORIENTED_EDGE('',*,*,#4299,.T.);
#5756=ORIENTED_EDGE('',*,*,#4296,.T.);
#5757=ORIENTED_EDGE('',*,*,#4291,.T.);
#5758=ORIENTED_EDGE('',*,*,#4288,.T.);
#5759=ORIENTED_EDGE('',*,*,#4285,.T.);
#5760=ORIENTED_EDGE('',*,*,#4282,.T.);
#5761=ORIENTED_EDGE('',*,*,#4279,.T.);
#5762=ORIENTED_EDGE('',*,*,#4276,.T.);
#5763=ORIENTED_EDGE('',*,*,#4273,.T.);
#5764=ORIENTED_EDGE('',*,*,#4270,.T.);
#5765=ORIENTED_EDGE('',*,*,#4267,.T.);
#5766=ORIENTED_EDGE('',*,*,#4264,.T.);
#5767=ORIENTED_EDGE('',*,*,#4306,.T.);
#5768=ORIENTED_EDGE('',*,*,#4307,.T.);
#5769=ORIENTED_EDGE('',*,*,#4308,.F.);
#5770=ORIENTED_EDGE('',*,*,#4309,.F.);
#5771=ORIENTED_EDGE('',*,*,#4310,.T.);
#5772=ORIENTED_EDGE('',*,*,#4309,.T.);
#5773=ORIENTED_EDGE('',*,*,#4311,.F.);
#5774=ORIENTED_EDGE('',*,*,#4312,.F.);
#5775=ORIENTED_EDGE('',*,*,#4313,.T.);
#5776=ORIENTED_EDGE('',*,*,#4312,.T.);
#5777=ORIENTED_EDGE('',*,*,#4314,.F.);
#5778=ORIENTED_EDGE('',*,*,#4315,.F.);
#5779=ORIENTED_EDGE('',*,*,#4316,.T.);
#5780=ORIENTED_EDGE('',*,*,#4315,.T.);
#5781=ORIENTED_EDGE('',*,*,#4317,.F.);
#5782=ORIENTED_EDGE('',*,*,#4307,.F.);
#5783=ORIENTED_EDGE('',*,*,#4317,.T.);
#5784=ORIENTED_EDGE('',*,*,#4314,.T.);
#5785=ORIENTED_EDGE('',*,*,#4311,.T.);
#5786=ORIENTED_EDGE('',*,*,#4308,.T.);
#5787=ORIENTED_EDGE('',*,*,#4316,.F.);
#5788=ORIENTED_EDGE('',*,*,#4306,.F.);
#5789=ORIENTED_EDGE('',*,*,#4310,.F.);
#5790=ORIENTED_EDGE('',*,*,#4313,.F.);
#5791=ORIENTED_EDGE('',*,*,#4318,.F.);
#5792=ORIENTED_EDGE('',*,*,#4319,.T.);
#5793=ORIENTED_EDGE('',*,*,#4320,.F.);
#5794=ORIENTED_EDGE('',*,*,#4321,.F.);
#5795=ORIENTED_EDGE('',*,*,#4322,.F.);
#5796=ORIENTED_EDGE('',*,*,#4321,.T.);
#5797=ORIENTED_EDGE('',*,*,#4323,.F.);
#5798=ORIENTED_EDGE('',*,*,#4324,.F.);
#5799=ORIENTED_EDGE('',*,*,#4325,.F.);
#5800=ORIENTED_EDGE('',*,*,#4324,.T.);
#5801=ORIENTED_EDGE('',*,*,#4326,.F.);
#5802=ORIENTED_EDGE('',*,*,#4327,.F.);
#5803=ORIENTED_EDGE('',*,*,#4328,.F.);
#5804=ORIENTED_EDGE('',*,*,#4327,.T.);
#5805=ORIENTED_EDGE('',*,*,#4329,.F.);
#5806=ORIENTED_EDGE('',*,*,#4330,.F.);
#5807=ORIENTED_EDGE('',*,*,#4331,.F.);
#5808=ORIENTED_EDGE('',*,*,#4330,.T.);
#5809=ORIENTED_EDGE('',*,*,#4332,.F.);
#5810=ORIENTED_EDGE('',*,*,#4333,.F.);
#5811=ORIENTED_EDGE('',*,*,#4334,.F.);
#5812=ORIENTED_EDGE('',*,*,#4333,.T.);
#5813=ORIENTED_EDGE('',*,*,#4335,.F.);
#5814=ORIENTED_EDGE('',*,*,#4336,.F.);
#5815=ORIENTED_EDGE('',*,*,#4337,.F.);
#5816=ORIENTED_EDGE('',*,*,#4336,.T.);
#5817=ORIENTED_EDGE('',*,*,#4338,.F.);
#5818=ORIENTED_EDGE('',*,*,#4339,.F.);
#5819=ORIENTED_EDGE('',*,*,#4340,.F.);
#5820=ORIENTED_EDGE('',*,*,#4339,.T.);
#5821=ORIENTED_EDGE('',*,*,#4341,.F.);
#5822=ORIENTED_EDGE('',*,*,#4342,.F.);
#5823=ORIENTED_EDGE('',*,*,#4343,.F.);
#5824=ORIENTED_EDGE('',*,*,#4342,.T.);
#5825=ORIENTED_EDGE('',*,*,#4344,.F.);
#5826=ORIENTED_EDGE('',*,*,#4345,.F.);
#5827=ORIENTED_EDGE('',*,*,#4346,.F.);
#5828=ORIENTED_EDGE('',*,*,#4345,.T.);
#5829=ORIENTED_EDGE('',*,*,#4347,.F.);
#5830=ORIENTED_EDGE('',*,*,#4348,.F.);
#5831=ORIENTED_EDGE('',*,*,#4349,.F.);
#5832=ORIENTED_EDGE('',*,*,#4348,.T.);
#5833=ORIENTED_EDGE('',*,*,#4350,.F.);
#5834=ORIENTED_EDGE('',*,*,#4351,.F.);
#5835=ORIENTED_EDGE('',*,*,#4352,.F.);
#5836=ORIENTED_EDGE('',*,*,#4351,.T.);
#5837=ORIENTED_EDGE('',*,*,#4353,.F.);
#5838=ORIENTED_EDGE('',*,*,#4354,.F.);
#5839=ORIENTED_EDGE('',*,*,#4355,.F.);
#5840=ORIENTED_EDGE('',*,*,#4354,.T.);
#5841=ORIENTED_EDGE('',*,*,#4356,.F.);
#5842=ORIENTED_EDGE('',*,*,#4357,.F.);
#5843=ORIENTED_EDGE('',*,*,#4358,.F.);
#5844=ORIENTED_EDGE('',*,*,#4357,.T.);
#5845=ORIENTED_EDGE('',*,*,#4359,.F.);
#5846=ORIENTED_EDGE('',*,*,#4360,.F.);
#5847=ORIENTED_EDGE('',*,*,#4361,.F.);
#5848=ORIENTED_EDGE('',*,*,#4360,.T.);
#5849=ORIENTED_EDGE('',*,*,#4362,.F.);
#5850=ORIENTED_EDGE('',*,*,#4363,.F.);
#5851=ORIENTED_EDGE('',*,*,#4364,.F.);
#5852=ORIENTED_EDGE('',*,*,#4363,.T.);
#5853=ORIENTED_EDGE('',*,*,#4365,.F.);
#5854=ORIENTED_EDGE('',*,*,#4366,.F.);
#5855=ORIENTED_EDGE('',*,*,#4367,.F.);
#5856=ORIENTED_EDGE('',*,*,#4366,.T.);
#5857=ORIENTED_EDGE('',*,*,#4368,.F.);
#5858=ORIENTED_EDGE('',*,*,#4369,.F.);
#5859=ORIENTED_EDGE('',*,*,#4370,.F.);
#5860=ORIENTED_EDGE('',*,*,#4369,.T.);
#5861=ORIENTED_EDGE('',*,*,#4371,.F.);
#5862=ORIENTED_EDGE('',*,*,#4372,.F.);
#5863=ORIENTED_EDGE('',*,*,#4373,.F.);
#5864=ORIENTED_EDGE('',*,*,#4372,.T.);
#5865=ORIENTED_EDGE('',*,*,#4374,.F.);
#5866=ORIENTED_EDGE('',*,*,#4375,.F.);
#5867=ORIENTED_EDGE('',*,*,#4376,.F.);
#5868=ORIENTED_EDGE('',*,*,#4375,.T.);
#5869=ORIENTED_EDGE('',*,*,#4377,.F.);
#5870=ORIENTED_EDGE('',*,*,#4378,.F.);
#5871=ORIENTED_EDGE('',*,*,#4379,.F.);
#5872=ORIENTED_EDGE('',*,*,#4378,.T.);
#5873=ORIENTED_EDGE('',*,*,#4380,.F.);
#5874=ORIENTED_EDGE('',*,*,#4381,.F.);
#5875=ORIENTED_EDGE('',*,*,#4382,.F.);
#5876=ORIENTED_EDGE('',*,*,#4381,.T.);
#5877=ORIENTED_EDGE('',*,*,#4383,.F.);
#5878=ORIENTED_EDGE('',*,*,#4384,.F.);
#5879=ORIENTED_EDGE('',*,*,#4385,.F.);
#5880=ORIENTED_EDGE('',*,*,#4384,.T.);
#5881=ORIENTED_EDGE('',*,*,#4386,.F.);
#5882=ORIENTED_EDGE('',*,*,#4387,.F.);
#5883=ORIENTED_EDGE('',*,*,#4388,.F.);
#5884=ORIENTED_EDGE('',*,*,#4387,.T.);
#5885=ORIENTED_EDGE('',*,*,#4389,.F.);
#5886=ORIENTED_EDGE('',*,*,#4390,.F.);
#5887=ORIENTED_EDGE('',*,*,#4391,.F.);
#5888=ORIENTED_EDGE('',*,*,#4390,.T.);
#5889=ORIENTED_EDGE('',*,*,#4392,.F.);
#5890=ORIENTED_EDGE('',*,*,#4393,.F.);
#5891=ORIENTED_EDGE('',*,*,#4394,.F.);
#5892=ORIENTED_EDGE('',*,*,#4393,.T.);
#5893=ORIENTED_EDGE('',*,*,#4395,.F.);
#5894=ORIENTED_EDGE('',*,*,#4396,.F.);
#5895=ORIENTED_EDGE('',*,*,#4397,.F.);
#5896=ORIENTED_EDGE('',*,*,#4396,.T.);
#5897=ORIENTED_EDGE('',*,*,#4398,.F.);
#5898=ORIENTED_EDGE('',*,*,#4399,.F.);
#5899=ORIENTED_EDGE('',*,*,#4400,.F.);
#5900=ORIENTED_EDGE('',*,*,#4399,.T.);
#5901=ORIENTED_EDGE('',*,*,#4401,.F.);
#5902=ORIENTED_EDGE('',*,*,#4402,.F.);
#5903=ORIENTED_EDGE('',*,*,#4403,.F.);
#5904=ORIENTED_EDGE('',*,*,#4402,.T.);
#5905=ORIENTED_EDGE('',*,*,#4404,.F.);
#5906=ORIENTED_EDGE('',*,*,#4405,.F.);
#5907=ORIENTED_EDGE('',*,*,#4406,.F.);
#5908=ORIENTED_EDGE('',*,*,#4405,.T.);
#5909=ORIENTED_EDGE('',*,*,#4407,.F.);
#5910=ORIENTED_EDGE('',*,*,#4408,.F.);
#5911=ORIENTED_EDGE('',*,*,#4409,.F.);
#5912=ORIENTED_EDGE('',*,*,#4408,.T.);
#5913=ORIENTED_EDGE('',*,*,#4410,.F.);
#5914=ORIENTED_EDGE('',*,*,#4411,.F.);
#5915=ORIENTED_EDGE('',*,*,#4412,.F.);
#5916=ORIENTED_EDGE('',*,*,#4411,.T.);
#5917=ORIENTED_EDGE('',*,*,#4413,.F.);
#5918=ORIENTED_EDGE('',*,*,#4414,.F.);
#5919=ORIENTED_EDGE('',*,*,#4415,.F.);
#5920=ORIENTED_EDGE('',*,*,#4414,.T.);
#5921=ORIENTED_EDGE('',*,*,#4416,.F.);
#5922=ORIENTED_EDGE('',*,*,#4417,.F.);
#5923=ORIENTED_EDGE('',*,*,#4418,.F.);
#5924=ORIENTED_EDGE('',*,*,#4417,.T.);
#5925=ORIENTED_EDGE('',*,*,#4419,.F.);
#5926=ORIENTED_EDGE('',*,*,#4420,.F.);
#5927=ORIENTED_EDGE('',*,*,#4421,.F.);
#5928=ORIENTED_EDGE('',*,*,#4420,.T.);
#5929=ORIENTED_EDGE('',*,*,#4422,.F.);
#5930=ORIENTED_EDGE('',*,*,#4423,.F.);
#5931=ORIENTED_EDGE('',*,*,#4424,.F.);
#5932=ORIENTED_EDGE('',*,*,#4423,.T.);
#5933=ORIENTED_EDGE('',*,*,#4425,.F.);
#5934=ORIENTED_EDGE('',*,*,#4426,.F.);
#5935=ORIENTED_EDGE('',*,*,#4427,.F.);
#5936=ORIENTED_EDGE('',*,*,#4426,.T.);
#5937=ORIENTED_EDGE('',*,*,#4428,.F.);
#5938=ORIENTED_EDGE('',*,*,#4429,.F.);
#5939=ORIENTED_EDGE('',*,*,#4430,.F.);
#5940=ORIENTED_EDGE('',*,*,#4429,.T.);
#5941=ORIENTED_EDGE('',*,*,#4431,.F.);
#5942=ORIENTED_EDGE('',*,*,#4432,.F.);
#5943=ORIENTED_EDGE('',*,*,#4433,.F.);
#5944=ORIENTED_EDGE('',*,*,#4432,.T.);
#5945=ORIENTED_EDGE('',*,*,#4434,.F.);
#5946=ORIENTED_EDGE('',*,*,#4435,.F.);
#5947=ORIENTED_EDGE('',*,*,#4436,.F.);
#5948=ORIENTED_EDGE('',*,*,#4435,.T.);
#5949=ORIENTED_EDGE('',*,*,#4437,.F.);
#5950=ORIENTED_EDGE('',*,*,#4438,.F.);
#5951=ORIENTED_EDGE('',*,*,#4439,.F.);
#5952=ORIENTED_EDGE('',*,*,#4438,.T.);
#5953=ORIENTED_EDGE('',*,*,#4440,.F.);
#5954=ORIENTED_EDGE('',*,*,#4441,.F.);
#5955=ORIENTED_EDGE('',*,*,#4442,.F.);
#5956=ORIENTED_EDGE('',*,*,#4441,.T.);
#5957=ORIENTED_EDGE('',*,*,#4443,.F.);
#5958=ORIENTED_EDGE('',*,*,#4444,.F.);
#5959=ORIENTED_EDGE('',*,*,#4445,.F.);
#5960=ORIENTED_EDGE('',*,*,#4444,.T.);
#5961=ORIENTED_EDGE('',*,*,#4446,.F.);
#5962=ORIENTED_EDGE('',*,*,#4447,.F.);
#5963=ORIENTED_EDGE('',*,*,#4448,.F.);
#5964=ORIENTED_EDGE('',*,*,#4447,.T.);
#5965=ORIENTED_EDGE('',*,*,#4449,.F.);
#5966=ORIENTED_EDGE('',*,*,#4450,.F.);
#5967=ORIENTED_EDGE('',*,*,#4451,.F.);
#5968=ORIENTED_EDGE('',*,*,#4450,.T.);
#5969=ORIENTED_EDGE('',*,*,#4452,.F.);
#5970=ORIENTED_EDGE('',*,*,#4453,.F.);
#5971=ORIENTED_EDGE('',*,*,#4454,.F.);
#5972=ORIENTED_EDGE('',*,*,#4453,.T.);
#5973=ORIENTED_EDGE('',*,*,#4455,.F.);
#5974=ORIENTED_EDGE('',*,*,#4456,.F.);
#5975=ORIENTED_EDGE('',*,*,#4457,.F.);
#5976=ORIENTED_EDGE('',*,*,#4456,.T.);
#5977=ORIENTED_EDGE('',*,*,#4458,.F.);
#5978=ORIENTED_EDGE('',*,*,#4459,.F.);
#5979=ORIENTED_EDGE('',*,*,#4460,.F.);
#5980=ORIENTED_EDGE('',*,*,#4459,.T.);
#5981=ORIENTED_EDGE('',*,*,#4461,.F.);
#5982=ORIENTED_EDGE('',*,*,#4462,.F.);
#5983=ORIENTED_EDGE('',*,*,#4463,.F.);
#5984=ORIENTED_EDGE('',*,*,#4462,.T.);
#5985=ORIENTED_EDGE('',*,*,#4464,.F.);
#5986=ORIENTED_EDGE('',*,*,#4465,.F.);
#5987=ORIENTED_EDGE('',*,*,#4466,.F.);
#5988=ORIENTED_EDGE('',*,*,#4465,.T.);
#5989=ORIENTED_EDGE('',*,*,#4467,.F.);
#5990=ORIENTED_EDGE('',*,*,#4468,.F.);
#5991=ORIENTED_EDGE('',*,*,#4469,.F.);
#5992=ORIENTED_EDGE('',*,*,#4468,.T.);
#5993=ORIENTED_EDGE('',*,*,#4470,.F.);
#5994=ORIENTED_EDGE('',*,*,#4471,.F.);
#5995=ORIENTED_EDGE('',*,*,#4472,.F.);
#5996=ORIENTED_EDGE('',*,*,#4471,.T.);
#5997=ORIENTED_EDGE('',*,*,#4473,.F.);
#5998=ORIENTED_EDGE('',*,*,#4474,.F.);
#5999=ORIENTED_EDGE('',*,*,#4475,.F.);
#6000=ORIENTED_EDGE('',*,*,#4474,.T.);
#6001=ORIENTED_EDGE('',*,*,#4476,.F.);
#6002=ORIENTED_EDGE('',*,*,#4477,.F.);
#6003=ORIENTED_EDGE('',*,*,#4478,.F.);
#6004=ORIENTED_EDGE('',*,*,#4477,.T.);
#6005=ORIENTED_EDGE('',*,*,#4479,.F.);
#6006=ORIENTED_EDGE('',*,*,#4480,.F.);
#6007=ORIENTED_EDGE('',*,*,#4481,.F.);
#6008=ORIENTED_EDGE('',*,*,#4480,.T.);
#6009=ORIENTED_EDGE('',*,*,#4482,.F.);
#6010=ORIENTED_EDGE('',*,*,#4483,.F.);
#6011=ORIENTED_EDGE('',*,*,#4484,.F.);
#6012=ORIENTED_EDGE('',*,*,#4483,.T.);
#6013=ORIENTED_EDGE('',*,*,#4485,.F.);
#6014=ORIENTED_EDGE('',*,*,#4486,.F.);
#6015=ORIENTED_EDGE('',*,*,#4487,.F.);
#6016=ORIENTED_EDGE('',*,*,#4486,.T.);
#6017=ORIENTED_EDGE('',*,*,#4488,.F.);
#6018=ORIENTED_EDGE('',*,*,#4489,.F.);
#6019=ORIENTED_EDGE('',*,*,#4490,.F.);
#6020=ORIENTED_EDGE('',*,*,#4489,.T.);
#6021=ORIENTED_EDGE('',*,*,#4491,.F.);
#6022=ORIENTED_EDGE('',*,*,#4492,.F.);
#6023=ORIENTED_EDGE('',*,*,#4493,.F.);
#6024=ORIENTED_EDGE('',*,*,#4492,.T.);
#6025=ORIENTED_EDGE('',*,*,#4494,.F.);
#6026=ORIENTED_EDGE('',*,*,#4495,.F.);
#6027=ORIENTED_EDGE('',*,*,#4496,.F.);
#6028=ORIENTED_EDGE('',*,*,#4495,.T.);
#6029=ORIENTED_EDGE('',*,*,#4497,.F.);
#6030=ORIENTED_EDGE('',*,*,#4498,.F.);
#6031=ORIENTED_EDGE('',*,*,#4499,.F.);
#6032=ORIENTED_EDGE('',*,*,#4498,.T.);
#6033=ORIENTED_EDGE('',*,*,#4500,.F.);
#6034=ORIENTED_EDGE('',*,*,#4501,.F.);
#6035=ORIENTED_EDGE('',*,*,#4502,.F.);
#6036=ORIENTED_EDGE('',*,*,#4501,.T.);
#6037=ORIENTED_EDGE('',*,*,#4503,.F.);
#6038=ORIENTED_EDGE('',*,*,#4504,.F.);
#6039=ORIENTED_EDGE('',*,*,#4505,.F.);
#6040=ORIENTED_EDGE('',*,*,#4504,.T.);
#6041=ORIENTED_EDGE('',*,*,#4506,.F.);
#6042=ORIENTED_EDGE('',*,*,#4507,.F.);
#6043=ORIENTED_EDGE('',*,*,#4508,.F.);
#6044=ORIENTED_EDGE('',*,*,#4507,.T.);
#6045=ORIENTED_EDGE('',*,*,#4509,.F.);
#6046=ORIENTED_EDGE('',*,*,#4510,.F.);
#6047=ORIENTED_EDGE('',*,*,#4511,.F.);
#6048=ORIENTED_EDGE('',*,*,#4510,.T.);
#6049=ORIENTED_EDGE('',*,*,#4512,.F.);
#6050=ORIENTED_EDGE('',*,*,#4513,.F.);
#6051=ORIENTED_EDGE('',*,*,#4514,.F.);
#6052=ORIENTED_EDGE('',*,*,#4513,.T.);
#6053=ORIENTED_EDGE('',*,*,#4515,.F.);
#6054=ORIENTED_EDGE('',*,*,#4516,.F.);
#6055=ORIENTED_EDGE('',*,*,#4517,.F.);
#6056=ORIENTED_EDGE('',*,*,#4516,.T.);
#6057=ORIENTED_EDGE('',*,*,#4518,.F.);
#6058=ORIENTED_EDGE('',*,*,#4519,.F.);
#6059=ORIENTED_EDGE('',*,*,#4520,.F.);
#6060=ORIENTED_EDGE('',*,*,#4519,.T.);
#6061=ORIENTED_EDGE('',*,*,#4521,.F.);
#6062=ORIENTED_EDGE('',*,*,#4522,.F.);
#6063=ORIENTED_EDGE('',*,*,#4523,.F.);
#6064=ORIENTED_EDGE('',*,*,#4522,.T.);
#6065=ORIENTED_EDGE('',*,*,#4524,.F.);
#6066=ORIENTED_EDGE('',*,*,#4525,.F.);
#6067=ORIENTED_EDGE('',*,*,#4526,.F.);
#6068=ORIENTED_EDGE('',*,*,#4525,.T.);
#6069=ORIENTED_EDGE('',*,*,#4527,.F.);
#6070=ORIENTED_EDGE('',*,*,#4528,.F.);
#6071=ORIENTED_EDGE('',*,*,#4529,.F.);
#6072=ORIENTED_EDGE('',*,*,#4528,.T.);
#6073=ORIENTED_EDGE('',*,*,#4530,.F.);
#6074=ORIENTED_EDGE('',*,*,#4531,.F.);
#6075=ORIENTED_EDGE('',*,*,#4532,.F.);
#6076=ORIENTED_EDGE('',*,*,#4531,.T.);
#6077=ORIENTED_EDGE('',*,*,#4533,.F.);
#6078=ORIENTED_EDGE('',*,*,#4534,.F.);
#6079=ORIENTED_EDGE('',*,*,#4535,.F.);
#6080=ORIENTED_EDGE('',*,*,#4534,.T.);
#6081=ORIENTED_EDGE('',*,*,#4536,.F.);
#6082=ORIENTED_EDGE('',*,*,#4537,.F.);
#6083=ORIENTED_EDGE('',*,*,#4538,.F.);
#6084=ORIENTED_EDGE('',*,*,#4537,.T.);
#6085=ORIENTED_EDGE('',*,*,#4539,.F.);
#6086=ORIENTED_EDGE('',*,*,#4540,.F.);
#6087=ORIENTED_EDGE('',*,*,#4541,.F.);
#6088=ORIENTED_EDGE('',*,*,#4540,.T.);
#6089=ORIENTED_EDGE('',*,*,#4542,.F.);
#6090=ORIENTED_EDGE('',*,*,#4543,.F.);
#6091=ORIENTED_EDGE('',*,*,#4544,.F.);
#6092=ORIENTED_EDGE('',*,*,#4543,.T.);
#6093=ORIENTED_EDGE('',*,*,#4545,.F.);
#6094=ORIENTED_EDGE('',*,*,#4546,.F.);
#6095=ORIENTED_EDGE('',*,*,#4547,.F.);
#6096=ORIENTED_EDGE('',*,*,#4546,.T.);
#6097=ORIENTED_EDGE('',*,*,#4548,.F.);
#6098=ORIENTED_EDGE('',*,*,#4549,.F.);
#6099=ORIENTED_EDGE('',*,*,#4550,.F.);
#6100=ORIENTED_EDGE('',*,*,#4549,.T.);
#6101=ORIENTED_EDGE('',*,*,#4551,.F.);
#6102=ORIENTED_EDGE('',*,*,#4552,.F.);
#6103=ORIENTED_EDGE('',*,*,#4553,.F.);
#6104=ORIENTED_EDGE('',*,*,#4552,.T.);
#6105=ORIENTED_EDGE('',*,*,#4554,.F.);
#6106=ORIENTED_EDGE('',*,*,#4555,.F.);
#6107=ORIENTED_EDGE('',*,*,#4556,.F.);
#6108=ORIENTED_EDGE('',*,*,#4555,.T.);
#6109=ORIENTED_EDGE('',*,*,#4557,.F.);
#6110=ORIENTED_EDGE('',*,*,#4558,.F.);
#6111=ORIENTED_EDGE('',*,*,#4559,.F.);
#6112=ORIENTED_EDGE('',*,*,#4558,.T.);
#6113=ORIENTED_EDGE('',*,*,#4560,.F.);
#6114=ORIENTED_EDGE('',*,*,#4561,.F.);
#6115=ORIENTED_EDGE('',*,*,#4562,.F.);
#6116=ORIENTED_EDGE('',*,*,#4561,.T.);
#6117=ORIENTED_EDGE('',*,*,#4563,.F.);
#6118=ORIENTED_EDGE('',*,*,#4564,.F.);
#6119=ORIENTED_EDGE('',*,*,#4565,.F.);
#6120=ORIENTED_EDGE('',*,*,#4564,.T.);
#6121=ORIENTED_EDGE('',*,*,#4566,.F.);
#6122=ORIENTED_EDGE('',*,*,#4567,.F.);
#6123=ORIENTED_EDGE('',*,*,#4568,.F.);
#6124=ORIENTED_EDGE('',*,*,#4567,.T.);
#6125=ORIENTED_EDGE('',*,*,#4569,.F.);
#6126=ORIENTED_EDGE('',*,*,#4570,.F.);
#6127=ORIENTED_EDGE('',*,*,#4571,.F.);
#6128=ORIENTED_EDGE('',*,*,#4570,.T.);
#6129=ORIENTED_EDGE('',*,*,#4572,.F.);
#6130=ORIENTED_EDGE('',*,*,#4573,.F.);
#6131=ORIENTED_EDGE('',*,*,#4574,.F.);
#6132=ORIENTED_EDGE('',*,*,#4573,.T.);
#6133=ORIENTED_EDGE('',*,*,#4575,.F.);
#6134=ORIENTED_EDGE('',*,*,#4576,.F.);
#6135=ORIENTED_EDGE('',*,*,#4577,.F.);
#6136=ORIENTED_EDGE('',*,*,#4576,.T.);
#6137=ORIENTED_EDGE('',*,*,#4578,.F.);
#6138=ORIENTED_EDGE('',*,*,#4579,.F.);
#6139=ORIENTED_EDGE('',*,*,#4580,.F.);
#6140=ORIENTED_EDGE('',*,*,#4579,.T.);
#6141=ORIENTED_EDGE('',*,*,#4581,.F.);
#6142=ORIENTED_EDGE('',*,*,#4582,.F.);
#6143=ORIENTED_EDGE('',*,*,#4583,.F.);
#6144=ORIENTED_EDGE('',*,*,#4582,.T.);
#6145=ORIENTED_EDGE('',*,*,#4584,.F.);
#6146=ORIENTED_EDGE('',*,*,#4585,.F.);
#6147=ORIENTED_EDGE('',*,*,#4586,.F.);
#6148=ORIENTED_EDGE('',*,*,#4585,.T.);
#6149=ORIENTED_EDGE('',*,*,#4587,.F.);
#6150=ORIENTED_EDGE('',*,*,#4588,.F.);
#6151=ORIENTED_EDGE('',*,*,#4589,.T.);
#6152=ORIENTED_EDGE('',*,*,#4588,.T.);
#6153=ORIENTED_EDGE('',*,*,#4590,.F.);
#6154=ORIENTED_EDGE('',*,*,#4591,.F.);
#6155=ORIENTED_EDGE('',*,*,#4592,.T.);
#6156=ORIENTED_EDGE('',*,*,#4591,.T.);
#6157=ORIENTED_EDGE('',*,*,#4593,.F.);
#6158=ORIENTED_EDGE('',*,*,#4594,.F.);
#6159=ORIENTED_EDGE('',*,*,#4595,.F.);
#6160=ORIENTED_EDGE('',*,*,#4594,.T.);
#6161=ORIENTED_EDGE('',*,*,#4596,.F.);
#6162=ORIENTED_EDGE('',*,*,#4597,.F.);
#6163=ORIENTED_EDGE('',*,*,#4598,.T.);
#6164=ORIENTED_EDGE('',*,*,#4597,.T.);
#6165=ORIENTED_EDGE('',*,*,#4599,.F.);
#6166=ORIENTED_EDGE('',*,*,#4600,.F.);
#6167=ORIENTED_EDGE('',*,*,#4601,.T.);
#6168=ORIENTED_EDGE('',*,*,#4600,.T.);
#6169=ORIENTED_EDGE('',*,*,#4602,.F.);
#6170=ORIENTED_EDGE('',*,*,#4319,.F.);
#6171=ORIENTED_EDGE('',*,*,#4602,.T.);
#6172=ORIENTED_EDGE('',*,*,#4599,.T.);
#6173=ORIENTED_EDGE('',*,*,#4596,.T.);
#6174=ORIENTED_EDGE('',*,*,#4593,.T.);
#6175=ORIENTED_EDGE('',*,*,#4590,.T.);
#6176=ORIENTED_EDGE('',*,*,#4587,.T.);
#6177=ORIENTED_EDGE('',*,*,#4584,.T.);
#6178=ORIENTED_EDGE('',*,*,#4581,.T.);
#6179=ORIENTED_EDGE('',*,*,#4578,.T.);
#6180=ORIENTED_EDGE('',*,*,#4575,.T.);
#6181=ORIENTED_EDGE('',*,*,#4572,.T.);
#6182=ORIENTED_EDGE('',*,*,#4569,.T.);
#6183=ORIENTED_EDGE('',*,*,#4566,.T.);
#6184=ORIENTED_EDGE('',*,*,#4563,.T.);
#6185=ORIENTED_EDGE('',*,*,#4560,.T.);
#6186=ORIENTED_EDGE('',*,*,#4557,.T.);
#6187=ORIENTED_EDGE('',*,*,#4554,.T.);
#6188=ORIENTED_EDGE('',*,*,#4551,.T.);
#6189=ORIENTED_EDGE('',*,*,#4548,.T.);
#6190=ORIENTED_EDGE('',*,*,#4545,.T.);
#6191=ORIENTED_EDGE('',*,*,#4542,.T.);
#6192=ORIENTED_EDGE('',*,*,#4539,.T.);
#6193=ORIENTED_EDGE('',*,*,#4536,.T.);
#6194=ORIENTED_EDGE('',*,*,#4533,.T.);
#6195=ORIENTED_EDGE('',*,*,#4530,.T.);
#6196=ORIENTED_EDGE('',*,*,#4527,.T.);
#6197=ORIENTED_EDGE('',*,*,#4524,.T.);
#6198=ORIENTED_EDGE('',*,*,#4521,.T.);
#6199=ORIENTED_EDGE('',*,*,#4518,.T.);
#6200=ORIENTED_EDGE('',*,*,#4515,.T.);
#6201=ORIENTED_EDGE('',*,*,#4512,.T.);
#6202=ORIENTED_EDGE('',*,*,#4509,.T.);
#6203=ORIENTED_EDGE('',*,*,#4506,.T.);
#6204=ORIENTED_EDGE('',*,*,#4503,.T.);
#6205=ORIENTED_EDGE('',*,*,#4500,.T.);
#6206=ORIENTED_EDGE('',*,*,#4497,.T.);
#6207=ORIENTED_EDGE('',*,*,#4494,.T.);
#6208=ORIENTED_EDGE('',*,*,#4491,.T.);
#6209=ORIENTED_EDGE('',*,*,#4488,.T.);
#6210=ORIENTED_EDGE('',*,*,#4485,.T.);
#6211=ORIENTED_EDGE('',*,*,#4482,.T.);
#6212=ORIENTED_EDGE('',*,*,#4479,.T.);
#6213=ORIENTED_EDGE('',*,*,#4476,.T.);
#6214=ORIENTED_EDGE('',*,*,#4473,.T.);
#6215=ORIENTED_EDGE('',*,*,#4470,.T.);
#6216=ORIENTED_EDGE('',*,*,#4467,.T.);
#6217=ORIENTED_EDGE('',*,*,#4464,.T.);
#6218=ORIENTED_EDGE('',*,*,#4461,.T.);
#6219=ORIENTED_EDGE('',*,*,#4458,.T.);
#6220=ORIENTED_EDGE('',*,*,#4455,.T.);
#6221=ORIENTED_EDGE('',*,*,#4452,.T.);
#6222=ORIENTED_EDGE('',*,*,#4449,.T.);
#6223=ORIENTED_EDGE('',*,*,#4446,.T.);
#6224=ORIENTED_EDGE('',*,*,#4443,.T.);
#6225=ORIENTED_EDGE('',*,*,#4440,.T.);
#6226=ORIENTED_EDGE('',*,*,#4437,.T.);
#6227=ORIENTED_EDGE('',*,*,#4434,.T.);
#6228=ORIENTED_EDGE('',*,*,#4431,.T.);
#6229=ORIENTED_EDGE('',*,*,#4428,.T.);
#6230=ORIENTED_EDGE('',*,*,#4425,.T.);
#6231=ORIENTED_EDGE('',*,*,#4422,.T.);
#6232=ORIENTED_EDGE('',*,*,#4419,.T.);
#6233=ORIENTED_EDGE('',*,*,#4416,.T.);
#6234=ORIENTED_EDGE('',*,*,#4413,.T.);
#6235=ORIENTED_EDGE('',*,*,#4410,.T.);
#6236=ORIENTED_EDGE('',*,*,#4407,.T.);
#6237=ORIENTED_EDGE('',*,*,#4404,.T.);
#6238=ORIENTED_EDGE('',*,*,#4401,.T.);
#6239=ORIENTED_EDGE('',*,*,#4398,.T.);
#6240=ORIENTED_EDGE('',*,*,#4395,.T.);
#6241=ORIENTED_EDGE('',*,*,#4392,.T.);
#6242=ORIENTED_EDGE('',*,*,#4389,.T.);
#6243=ORIENTED_EDGE('',*,*,#4386,.T.);
#6244=ORIENTED_EDGE('',*,*,#4383,.T.);
#6245=ORIENTED_EDGE('',*,*,#4380,.T.);
#6246=ORIENTED_EDGE('',*,*,#4377,.T.);
#6247=ORIENTED_EDGE('',*,*,#4374,.T.);
#6248=ORIENTED_EDGE('',*,*,#4371,.T.);
#6249=ORIENTED_EDGE('',*,*,#4368,.T.);
#6250=ORIENTED_EDGE('',*,*,#4365,.T.);
#6251=ORIENTED_EDGE('',*,*,#4362,.T.);
#6252=ORIENTED_EDGE('',*,*,#4359,.T.);
#6253=ORIENTED_EDGE('',*,*,#4356,.T.);
#6254=ORIENTED_EDGE('',*,*,#4353,.T.);
#6255=ORIENTED_EDGE('',*,*,#4350,.T.);
#6256=ORIENTED_EDGE('',*,*,#4347,.T.);
#6257=ORIENTED_EDGE('',*,*,#4344,.T.);
#6258=ORIENTED_EDGE('',*,*,#4341,.T.);
#6259=ORIENTED_EDGE('',*,*,#4338,.T.);
#6260=ORIENTED_EDGE('',*,*,#4335,.T.);
#6261=ORIENTED_EDGE('',*,*,#4332,.T.);
#6262=ORIENTED_EDGE('',*,*,#4329,.T.);
#6263=ORIENTED_EDGE('',*,*,#4326,.T.);
#6264=ORIENTED_EDGE('',*,*,#4323,.T.);
#6265=ORIENTED_EDGE('',*,*,#4320,.T.);
#6266=ORIENTED_EDGE('',*,*,#4601,.F.);
#6267=ORIENTED_EDGE('',*,*,#4318,.T.);
#6268=ORIENTED_EDGE('',*,*,#4322,.T.);
#6269=ORIENTED_EDGE('',*,*,#4325,.T.);
#6270=ORIENTED_EDGE('',*,*,#4328,.T.);
#6271=ORIENTED_EDGE('',*,*,#4331,.T.);
#6272=ORIENTED_EDGE('',*,*,#4334,.T.);
#6273=ORIENTED_EDGE('',*,*,#4337,.T.);
#6274=ORIENTED_EDGE('',*,*,#4340,.T.);
#6275=ORIENTED_EDGE('',*,*,#4343,.T.);
#6276=ORIENTED_EDGE('',*,*,#4346,.T.);
#6277=ORIENTED_EDGE('',*,*,#4349,.T.);
#6278=ORIENTED_EDGE('',*,*,#4352,.T.);
#6279=ORIENTED_EDGE('',*,*,#4355,.T.);
#6280=ORIENTED_EDGE('',*,*,#4358,.T.);
#6281=ORIENTED_EDGE('',*,*,#4361,.T.);
#6282=ORIENTED_EDGE('',*,*,#4364,.T.);
#6283=ORIENTED_EDGE('',*,*,#4367,.T.);
#6284=ORIENTED_EDGE('',*,*,#4370,.T.);
#6285=ORIENTED_EDGE('',*,*,#4373,.T.);
#6286=ORIENTED_EDGE('',*,*,#4376,.T.);
#6287=ORIENTED_EDGE('',*,*,#4379,.T.);
#6288=ORIENTED_EDGE('',*,*,#4382,.T.);
#6289=ORIENTED_EDGE('',*,*,#4385,.T.);
#6290=ORIENTED_EDGE('',*,*,#4388,.T.);
#6291=ORIENTED_EDGE('',*,*,#4391,.T.);
#6292=ORIENTED_EDGE('',*,*,#4394,.T.);
#6293=ORIENTED_EDGE('',*,*,#4397,.T.);
#6294=ORIENTED_EDGE('',*,*,#4400,.T.);
#6295=ORIENTED_EDGE('',*,*,#4403,.T.);
#6296=ORIENTED_EDGE('',*,*,#4406,.T.);
#6297=ORIENTED_EDGE('',*,*,#4409,.T.);
#6298=ORIENTED_EDGE('',*,*,#4412,.T.);
#6299=ORIENTED_EDGE('',*,*,#4415,.T.);
#6300=ORIENTED_EDGE('',*,*,#4418,.T.);
#6301=ORIENTED_EDGE('',*,*,#4421,.T.);
#6302=ORIENTED_EDGE('',*,*,#4424,.T.);
#6303=ORIENTED_EDGE('',*,*,#4427,.T.);
#6304=ORIENTED_EDGE('',*,*,#4430,.T.);
#6305=ORIENTED_EDGE('',*,*,#4433,.T.);
#6306=ORIENTED_EDGE('',*,*,#4436,.T.);
#6307=ORIENTED_EDGE('',*,*,#4439,.T.);
#6308=ORIENTED_EDGE('',*,*,#4442,.T.);
#6309=ORIENTED_EDGE('',*,*,#4445,.T.);
#6310=ORIENTED_EDGE('',*,*,#4448,.T.);
#6311=ORIENTED_EDGE('',*,*,#4451,.T.);
#6312=ORIENTED_EDGE('',*,*,#4454,.T.);
#6313=ORIENTED_EDGE('',*,*,#4457,.T.);
#6314=ORIENTED_EDGE('',*,*,#4460,.T.);
#6315=ORIENTED_EDGE('',*,*,#4463,.T.);
#6316=ORIENTED_EDGE('',*,*,#4466,.T.);
#6317=ORIENTED_EDGE('',*,*,#4469,.T.);
#6318=ORIENTED_EDGE('',*,*,#4472,.T.);
#6319=ORIENTED_EDGE('',*,*,#4475,.T.);
#6320=ORIENTED_EDGE('',*,*,#4478,.T.);
#6321=ORIENTED_EDGE('',*,*,#4481,.T.);
#6322=ORIENTED_EDGE('',*,*,#4484,.T.);
#6323=ORIENTED_EDGE('',*,*,#4487,.T.);
#6324=ORIENTED_EDGE('',*,*,#4490,.T.);
#6325=ORIENTED_EDGE('',*,*,#4493,.T.);
#6326=ORIENTED_EDGE('',*,*,#4496,.T.);
#6327=ORIENTED_EDGE('',*,*,#4499,.T.);
#6328=ORIENTED_EDGE('',*,*,#4502,.T.);
#6329=ORIENTED_EDGE('',*,*,#4505,.T.);
#6330=ORIENTED_EDGE('',*,*,#4508,.T.);
#6331=ORIENTED_EDGE('',*,*,#4511,.T.);
#6332=ORIENTED_EDGE('',*,*,#4514,.T.);
#6333=ORIENTED_EDGE('',*,*,#4517,.T.);
#6334=ORIENTED_EDGE('',*,*,#4520,.T.);
#6335=ORIENTED_EDGE('',*,*,#4523,.T.);
#6336=ORIENTED_EDGE('',*,*,#4526,.T.);
#6337=ORIENTED_EDGE('',*,*,#4529,.T.);
#6338=ORIENTED_EDGE('',*,*,#4532,.T.);
#6339=ORIENTED_EDGE('',*,*,#4535,.T.);
#6340=ORIENTED_EDGE('',*,*,#4538,.T.);
#6341=ORIENTED_EDGE('',*,*,#4541,.T.);
#6342=ORIENTED_EDGE('',*,*,#4544,.T.);
#6343=ORIENTED_EDGE('',*,*,#4547,.T.);
#6344=ORIENTED_EDGE('',*,*,#4550,.T.);
#6345=ORIENTED_EDGE('',*,*,#4553,.T.);
#6346=ORIENTED_EDGE('',*,*,#4556,.T.);
#6347=ORIENTED_EDGE('',*,*,#4559,.T.);
#6348=ORIENTED_EDGE('',*,*,#4562,.T.);
#6349=ORIENTED_EDGE('',*,*,#4565,.T.);
#6350=ORIENTED_EDGE('',*,*,#4568,.T.);
#6351=ORIENTED_EDGE('',*,*,#4571,.T.);
#6352=ORIENTED_EDGE('',*,*,#4574,.T.);
#6353=ORIENTED_EDGE('',*,*,#4577,.T.);
#6354=ORIENTED_EDGE('',*,*,#4580,.T.);
#6355=ORIENTED_EDGE('',*,*,#4583,.T.);
#6356=ORIENTED_EDGE('',*,*,#4586,.T.);
#6357=ORIENTED_EDGE('',*,*,#4589,.F.);
#6358=ORIENTED_EDGE('',*,*,#4592,.F.);
#6359=ORIENTED_EDGE('',*,*,#4595,.T.);
#6360=ORIENTED_EDGE('',*,*,#4598,.F.);
#6361=ORIENTED_EDGE('',*,*,#4603,.F.);
#6362=ORIENTED_EDGE('',*,*,#4604,.T.);
#6363=ORIENTED_EDGE('',*,*,#4605,.T.);
#6364=ORIENTED_EDGE('',*,*,#4604,.F.);
#6365=ORIENTED_EDGE('',*,*,#4606,.T.);
#6366=ORIENTED_EDGE('',*,*,#4607,.T.);
#6367=ORIENTED_EDGE('',*,*,#4608,.F.);
#6368=ORIENTED_EDGE('',*,*,#4609,.F.);
#6369=ORIENTED_EDGE('',*,*,#4610,.T.);
#6370=ORIENTED_EDGE('',*,*,#4609,.T.);
#6371=ORIENTED_EDGE('',*,*,#4611,.F.);
#6372=ORIENTED_EDGE('',*,*,#4612,.F.);
#6373=ORIENTED_EDGE('',*,*,#4613,.T.);
#6374=ORIENTED_EDGE('',*,*,#4612,.T.);
#6375=ORIENTED_EDGE('',*,*,#4614,.F.);
#6376=ORIENTED_EDGE('',*,*,#4615,.F.);
#6377=ORIENTED_EDGE('',*,*,#4616,.T.);
#6378=ORIENTED_EDGE('',*,*,#4615,.T.);
#6379=ORIENTED_EDGE('',*,*,#4617,.F.);
#6380=ORIENTED_EDGE('',*,*,#4607,.F.);
#6381=ORIENTED_EDGE('',*,*,#4618,.F.);
#6382=ORIENTED_EDGE('',*,*,#4619,.T.);
#6383=ORIENTED_EDGE('',*,*,#4620,.F.);
#6384=ORIENTED_EDGE('',*,*,#4621,.F.);
#6385=ORIENTED_EDGE('',*,*,#4622,.T.);
#6386=ORIENTED_EDGE('',*,*,#4621,.T.);
#6387=ORIENTED_EDGE('',*,*,#4623,.F.);
#6388=ORIENTED_EDGE('',*,*,#4624,.F.);
#6389=ORIENTED_EDGE('',*,*,#4625,.T.);
#6390=ORIENTED_EDGE('',*,*,#4624,.T.);
#6391=ORIENTED_EDGE('',*,*,#4626,.F.);
#6392=ORIENTED_EDGE('',*,*,#4627,.F.);
#6393=ORIENTED_EDGE('',*,*,#4628,.T.);
#6394=ORIENTED_EDGE('',*,*,#4627,.T.);
#6395=ORIENTED_EDGE('',*,*,#4629,.F.);
#6396=ORIENTED_EDGE('',*,*,#4630,.F.);
#6397=ORIENTED_EDGE('',*,*,#4631,.T.);
#6398=ORIENTED_EDGE('',*,*,#4630,.T.);
#6399=ORIENTED_EDGE('',*,*,#4632,.F.);
#6400=ORIENTED_EDGE('',*,*,#4633,.F.);
#6401=ORIENTED_EDGE('',*,*,#4634,.T.);
#6402=ORIENTED_EDGE('',*,*,#4633,.T.);
#6403=ORIENTED_EDGE('',*,*,#4635,.F.);
#6404=ORIENTED_EDGE('',*,*,#4636,.F.);
#6405=ORIENTED_EDGE('',*,*,#4637,.T.);
#6406=ORIENTED_EDGE('',*,*,#4636,.T.);
#6407=ORIENTED_EDGE('',*,*,#4638,.F.);
#6408=ORIENTED_EDGE('',*,*,#4619,.F.);
#6409=ORIENTED_EDGE('',*,*,#4638,.T.);
#6410=ORIENTED_EDGE('',*,*,#4635,.T.);
#6411=ORIENTED_EDGE('',*,*,#4632,.T.);
#6412=ORIENTED_EDGE('',*,*,#4629,.T.);
#6413=ORIENTED_EDGE('',*,*,#4626,.T.);
#6414=ORIENTED_EDGE('',*,*,#4623,.T.);
#6415=ORIENTED_EDGE('',*,*,#4620,.T.);
#6416=ORIENTED_EDGE('',*,*,#4617,.T.);
#6417=ORIENTED_EDGE('',*,*,#4614,.T.);
#6418=ORIENTED_EDGE('',*,*,#4611,.T.);
#6419=ORIENTED_EDGE('',*,*,#4608,.T.);
#6420=ORIENTED_EDGE('',*,*,#4603,.T.);
#6421=ORIENTED_EDGE('',*,*,#4637,.F.);
#6422=ORIENTED_EDGE('',*,*,#4618,.T.);
#6423=ORIENTED_EDGE('',*,*,#4622,.F.);
#6424=ORIENTED_EDGE('',*,*,#4625,.F.);
#6425=ORIENTED_EDGE('',*,*,#4628,.F.);
#6426=ORIENTED_EDGE('',*,*,#4631,.F.);
#6427=ORIENTED_EDGE('',*,*,#4634,.F.);
#6428=ORIENTED_EDGE('',*,*,#4616,.F.);
#6429=ORIENTED_EDGE('',*,*,#4606,.F.);
#6430=ORIENTED_EDGE('',*,*,#4610,.F.);
#6431=ORIENTED_EDGE('',*,*,#4613,.F.);
#6432=ORIENTED_EDGE('',*,*,#4605,.F.);
#6433=ORIENTED_EDGE('',*,*,#4639,.T.);
#6434=ORIENTED_EDGE('',*,*,#4640,.T.);
#6435=ORIENTED_EDGE('',*,*,#4641,.T.);
#6436=ORIENTED_EDGE('',*,*,#4640,.F.);
#6437=ORIENTED_EDGE('',*,*,#4642,.T.);
#6438=ORIENTED_EDGE('',*,*,#4643,.T.);
#6439=ORIENTED_EDGE('',*,*,#4644,.T.);
#6440=ORIENTED_EDGE('',*,*,#4645,.F.);
#6441=ORIENTED_EDGE('',*,*,#4646,.T.);
#6442=ORIENTED_EDGE('',*,*,#4647,.T.);
#6443=ORIENTED_EDGE('',*,*,#4648,.T.);
#6444=ORIENTED_EDGE('',*,*,#4643,.F.);
#6445=ORIENTED_EDGE('',*,*,#4649,.T.);
#6446=ORIENTED_EDGE('',*,*,#4650,.T.);
#6447=ORIENTED_EDGE('',*,*,#4651,.T.);
#6448=ORIENTED_EDGE('',*,*,#4647,.F.);
#6449=ORIENTED_EDGE('',*,*,#4652,.F.);
#6450=ORIENTED_EDGE('',*,*,#4653,.T.);
#6451=ORIENTED_EDGE('',*,*,#4654,.T.);
#6452=ORIENTED_EDGE('',*,*,#4650,.F.);
#6453=ORIENTED_EDGE('',*,*,#4655,.F.);
#6454=ORIENTED_EDGE('',*,*,#4656,.T.);
#6455=ORIENTED_EDGE('',*,*,#4657,.T.);
#6456=ORIENTED_EDGE('',*,*,#4653,.F.);
#6457=ORIENTED_EDGE('',*,*,#4658,.T.);
#6458=ORIENTED_EDGE('',*,*,#4645,.T.);
#6459=ORIENTED_EDGE('',*,*,#4659,.T.);
#6460=ORIENTED_EDGE('',*,*,#4656,.F.);
#6461=ORIENTED_EDGE('',*,*,#4658,.F.);
#6462=ORIENTED_EDGE('',*,*,#4655,.T.);
#6463=ORIENTED_EDGE('',*,*,#4652,.T.);
#6464=ORIENTED_EDGE('',*,*,#4649,.F.);
#6465=ORIENTED_EDGE('',*,*,#4646,.F.);
#6466=ORIENTED_EDGE('',*,*,#4642,.F.);
#6467=ORIENTED_EDGE('',*,*,#4641,.F.);
#6468=ORIENTED_EDGE('',*,*,#4659,.F.);
#6469=ORIENTED_EDGE('',*,*,#4644,.F.);
#6470=ORIENTED_EDGE('',*,*,#4648,.F.);
#6471=ORIENTED_EDGE('',*,*,#4651,.F.);
#6472=ORIENTED_EDGE('',*,*,#4654,.F.);
#6473=ORIENTED_EDGE('',*,*,#4657,.F.);
#6474=ORIENTED_EDGE('',*,*,#4639,.F.);
#6475=ORIENTED_EDGE('',*,*,#4660,.F.);
#6476=ORIENTED_EDGE('',*,*,#4661,.F.);
#6477=ORIENTED_EDGE('',*,*,#4662,.F.);
#6478=ORIENTED_EDGE('',*,*,#4663,.F.);
#6479=ORIENTED_EDGE('',*,*,#4662,.T.);
#6480=ORIENTED_EDGE('',*,*,#4664,.F.);
#6481=ORIENTED_EDGE('',*,*,#4665,.F.);
#6482=ORIENTED_EDGE('',*,*,#4666,.T.);
#6483=ORIENTED_EDGE('',*,*,#4667,.T.);
#6484=ORIENTED_EDGE('',*,*,#4668,.T.);
#6485=ORIENTED_EDGE('',*,*,#4669,.F.);
#6486=ORIENTED_EDGE('',*,*,#4663,.T.);
#6487=ORIENTED_EDGE('',*,*,#4668,.F.);
#6488=ORIENTED_EDGE('',*,*,#4670,.T.);
#6489=ORIENTED_EDGE('',*,*,#4671,.F.);
#6490=ORIENTED_EDGE('',*,*,#4667,.F.);
#6491=ORIENTED_EDGE('',*,*,#4672,.F.);
#6492=ORIENTED_EDGE('',*,*,#4673,.F.);
#6493=ORIENTED_EDGE('',*,*,#4670,.F.);
#6494=ORIENTED_EDGE('',*,*,#4669,.T.);
#6495=ORIENTED_EDGE('',*,*,#4674,.T.);
#6496=ORIENTED_EDGE('',*,*,#4675,.T.);
#6497=ORIENTED_EDGE('',*,*,#4674,.F.);
#6498=ORIENTED_EDGE('',*,*,#4672,.T.);
#6499=ORIENTED_EDGE('',*,*,#4666,.F.);
#6500=ORIENTED_EDGE('',*,*,#4676,.T.);
#6501=ORIENTED_EDGE('',*,*,#4677,.T.);
#6502=ORIENTED_EDGE('',*,*,#4660,.T.);
#6503=ORIENTED_EDGE('',*,*,#4671,.T.);
#6504=ORIENTED_EDGE('',*,*,#4673,.T.);
#6505=ORIENTED_EDGE('',*,*,#4677,.F.);
#6506=ORIENTED_EDGE('',*,*,#4678,.F.);
#6507=ORIENTED_EDGE('',*,*,#4679,.T.);
#6508=ORIENTED_EDGE('',*,*,#4675,.F.);
#6509=ORIENTED_EDGE('',*,*,#4661,.T.);
#6510=ORIENTED_EDGE('',*,*,#4679,.F.);
#6511=ORIENTED_EDGE('',*,*,#4680,.F.);
#6512=ORIENTED_EDGE('',*,*,#4664,.T.);
#6513=ORIENTED_EDGE('',*,*,#4680,.T.);
#6514=ORIENTED_EDGE('',*,*,#4678,.T.);
#6515=ORIENTED_EDGE('',*,*,#4676,.F.);
#6516=ORIENTED_EDGE('',*,*,#4665,.T.);
#6517=ORIENTED_EDGE('',*,*,#4681,.T.);
#6518=ORIENTED_EDGE('',*,*,#4682,.T.);
#6519=ORIENTED_EDGE('',*,*,#4683,.F.);
#6520=ORIENTED_EDGE('',*,*,#4682,.F.);
#6521=ORIENTED_EDGE('',*,*,#4681,.F.);
#6522=ORIENTED_EDGE('',*,*,#4683,.T.);
#6523=ORIENTED_EDGE('',*,*,#4684,.T.);
#6524=ORIENTED_EDGE('',*,*,#4685,.T.);
#6525=ORIENTED_EDGE('',*,*,#4686,.T.);
#6526=ORIENTED_EDGE('',*,*,#4685,.F.);
#6527=ORIENTED_EDGE('',*,*,#4687,.T.);
#6528=ORIENTED_EDGE('',*,*,#4688,.T.);
#6529=ORIENTED_EDGE('',*,*,#4689,.T.);
#6530=ORIENTED_EDGE('',*,*,#4688,.F.);
#6531=ORIENTED_EDGE('',*,*,#4690,.T.);
#6532=ORIENTED_EDGE('',*,*,#4691,.T.);
#6533=ORIENTED_EDGE('',*,*,#4692,.T.);
#6534=ORIENTED_EDGE('',*,*,#4691,.F.);
#6535=ORIENTED_EDGE('',*,*,#4693,.T.);
#6536=ORIENTED_EDGE('',*,*,#4694,.T.);
#6537=ORIENTED_EDGE('',*,*,#4695,.T.);
#6538=ORIENTED_EDGE('',*,*,#4694,.F.);
#6539=ORIENTED_EDGE('',*,*,#4696,.T.);
#6540=ORIENTED_EDGE('',*,*,#4697,.T.);
#6541=ORIENTED_EDGE('',*,*,#4698,.T.);
#6542=ORIENTED_EDGE('',*,*,#4697,.F.);
#6543=ORIENTED_EDGE('',*,*,#4699,.T.);
#6544=ORIENTED_EDGE('',*,*,#4700,.T.);
#6545=ORIENTED_EDGE('',*,*,#4701,.T.);
#6546=ORIENTED_EDGE('',*,*,#4700,.F.);
#6547=ORIENTED_EDGE('',*,*,#4702,.T.);
#6548=ORIENTED_EDGE('',*,*,#4703,.T.);
#6549=ORIENTED_EDGE('',*,*,#4704,.T.);
#6550=ORIENTED_EDGE('',*,*,#4703,.F.);
#6551=ORIENTED_EDGE('',*,*,#4705,.T.);
#6552=ORIENTED_EDGE('',*,*,#4706,.T.);
#6553=ORIENTED_EDGE('',*,*,#4707,.T.);
#6554=ORIENTED_EDGE('',*,*,#4706,.F.);
#6555=ORIENTED_EDGE('',*,*,#4708,.T.);
#6556=ORIENTED_EDGE('',*,*,#4709,.T.);
#6557=ORIENTED_EDGE('',*,*,#4710,.T.);
#6558=ORIENTED_EDGE('',*,*,#4709,.F.);
#6559=ORIENTED_EDGE('',*,*,#4711,.T.);
#6560=ORIENTED_EDGE('',*,*,#4712,.T.);
#6561=ORIENTED_EDGE('',*,*,#4713,.T.);
#6562=ORIENTED_EDGE('',*,*,#4712,.F.);
#6563=ORIENTED_EDGE('',*,*,#4714,.F.);
#6564=ORIENTED_EDGE('',*,*,#4715,.T.);
#6565=ORIENTED_EDGE('',*,*,#4716,.T.);
#6566=ORIENTED_EDGE('',*,*,#4717,.F.);
#6567=ORIENTED_EDGE('',*,*,#4718,.F.);
#6568=ORIENTED_EDGE('',*,*,#4719,.T.);
#6569=ORIENTED_EDGE('',*,*,#4720,.T.);
#6570=ORIENTED_EDGE('',*,*,#4715,.F.);
#6571=ORIENTED_EDGE('',*,*,#4721,.F.);
#6572=ORIENTED_EDGE('',*,*,#4722,.T.);
#6573=ORIENTED_EDGE('',*,*,#4723,.T.);
#6574=ORIENTED_EDGE('',*,*,#4719,.F.);
#6575=ORIENTED_EDGE('',*,*,#4724,.T.);
#6576=ORIENTED_EDGE('',*,*,#4717,.T.);
#6577=ORIENTED_EDGE('',*,*,#4725,.T.);
#6578=ORIENTED_EDGE('',*,*,#4722,.F.);
#6579=ORIENTED_EDGE('',*,*,#4724,.F.);
#6580=ORIENTED_EDGE('',*,*,#4721,.T.);
#6581=ORIENTED_EDGE('',*,*,#4718,.T.);
#6582=ORIENTED_EDGE('',*,*,#4714,.T.);
#6583=ORIENTED_EDGE('',*,*,#4713,.F.);
#6584=ORIENTED_EDGE('',*,*,#4710,.F.);
#6585=ORIENTED_EDGE('',*,*,#4707,.F.);
#6586=ORIENTED_EDGE('',*,*,#4704,.F.);
#6587=ORIENTED_EDGE('',*,*,#4701,.F.);
#6588=ORIENTED_EDGE('',*,*,#4698,.F.);
#6589=ORIENTED_EDGE('',*,*,#4695,.F.);
#6590=ORIENTED_EDGE('',*,*,#4692,.F.);
#6591=ORIENTED_EDGE('',*,*,#4689,.F.);
#6592=ORIENTED_EDGE('',*,*,#4686,.F.);
#6593=ORIENTED_EDGE('',*,*,#4725,.F.);
#6594=ORIENTED_EDGE('',*,*,#4716,.F.);
#6595=ORIENTED_EDGE('',*,*,#4720,.F.);
#6596=ORIENTED_EDGE('',*,*,#4723,.F.);
#6597=ORIENTED_EDGE('',*,*,#4711,.F.);
#6598=ORIENTED_EDGE('',*,*,#4708,.F.);
#6599=ORIENTED_EDGE('',*,*,#4705,.F.);
#6600=ORIENTED_EDGE('',*,*,#4702,.F.);
#6601=ORIENTED_EDGE('',*,*,#4699,.F.);
#6602=ORIENTED_EDGE('',*,*,#4696,.F.);
#6603=ORIENTED_EDGE('',*,*,#4693,.F.);
#6604=ORIENTED_EDGE('',*,*,#4690,.F.);
#6605=ORIENTED_EDGE('',*,*,#4687,.F.);
#6606=ORIENTED_EDGE('',*,*,#4684,.F.);
#6607=ORIENTED_EDGE('',*,*,#4726,.T.);
#6608=ORIENTED_EDGE('',*,*,#4727,.T.);
#6609=ORIENTED_EDGE('',*,*,#4728,.T.);
#6610=ORIENTED_EDGE('',*,*,#4729,.F.);
#6611=ORIENTED_EDGE('',*,*,#4730,.T.);
#6612=ORIENTED_EDGE('',*,*,#4731,.T.);
#6613=ORIENTED_EDGE('',*,*,#4732,.T.);
#6614=ORIENTED_EDGE('',*,*,#4727,.F.);
#6615=ORIENTED_EDGE('',*,*,#4733,.T.);
#6616=ORIENTED_EDGE('',*,*,#4734,.T.);
#6617=ORIENTED_EDGE('',*,*,#4735,.T.);
#6618=ORIENTED_EDGE('',*,*,#4731,.F.);
#6619=ORIENTED_EDGE('',*,*,#4736,.T.);
#6620=ORIENTED_EDGE('',*,*,#4737,.T.);
#6621=ORIENTED_EDGE('',*,*,#4738,.T.);
#6622=ORIENTED_EDGE('',*,*,#4734,.F.);
#6623=ORIENTED_EDGE('',*,*,#4739,.T.);
#6624=ORIENTED_EDGE('',*,*,#4740,.T.);
#6625=ORIENTED_EDGE('',*,*,#4741,.T.);
#6626=ORIENTED_EDGE('',*,*,#4737,.F.);
#6627=ORIENTED_EDGE('',*,*,#4742,.T.);
#6628=ORIENTED_EDGE('',*,*,#4743,.T.);
#6629=ORIENTED_EDGE('',*,*,#4744,.T.);
#6630=ORIENTED_EDGE('',*,*,#4740,.F.);
#6631=ORIENTED_EDGE('',*,*,#4745,.T.);
#6632=ORIENTED_EDGE('',*,*,#4746,.T.);
#6633=ORIENTED_EDGE('',*,*,#4747,.T.);
#6634=ORIENTED_EDGE('',*,*,#4743,.F.);
#6635=ORIENTED_EDGE('',*,*,#4748,.T.);
#6636=ORIENTED_EDGE('',*,*,#4749,.T.);
#6637=ORIENTED_EDGE('',*,*,#4750,.T.);
#6638=ORIENTED_EDGE('',*,*,#4746,.F.);
#6639=ORIENTED_EDGE('',*,*,#4751,.T.);
#6640=ORIENTED_EDGE('',*,*,#4752,.T.);
#6641=ORIENTED_EDGE('',*,*,#4753,.T.);
#6642=ORIENTED_EDGE('',*,*,#4749,.F.);
#6643=ORIENTED_EDGE('',*,*,#4754,.T.);
#6644=ORIENTED_EDGE('',*,*,#4755,.T.);
#6645=ORIENTED_EDGE('',*,*,#4756,.T.);
#6646=ORIENTED_EDGE('',*,*,#4752,.F.);
#6647=ORIENTED_EDGE('',*,*,#4757,.T.);
#6648=ORIENTED_EDGE('',*,*,#4758,.T.);
#6649=ORIENTED_EDGE('',*,*,#4759,.T.);
#6650=ORIENTED_EDGE('',*,*,#4755,.F.);
#6651=ORIENTED_EDGE('',*,*,#4760,.T.);
#6652=ORIENTED_EDGE('',*,*,#4761,.T.);
#6653=ORIENTED_EDGE('',*,*,#4762,.T.);
#6654=ORIENTED_EDGE('',*,*,#4758,.F.);
#6655=ORIENTED_EDGE('',*,*,#4763,.T.);
#6656=ORIENTED_EDGE('',*,*,#4764,.T.);
#6657=ORIENTED_EDGE('',*,*,#4765,.T.);
#6658=ORIENTED_EDGE('',*,*,#4761,.F.);
#6659=ORIENTED_EDGE('',*,*,#4766,.T.);
#6660=ORIENTED_EDGE('',*,*,#4767,.T.);
#6661=ORIENTED_EDGE('',*,*,#4768,.T.);
#6662=ORIENTED_EDGE('',*,*,#4764,.F.);
#6663=ORIENTED_EDGE('',*,*,#4769,.T.);
#6664=ORIENTED_EDGE('',*,*,#4770,.T.);
#6665=ORIENTED_EDGE('',*,*,#4771,.T.);
#6666=ORIENTED_EDGE('',*,*,#4767,.F.);
#6667=ORIENTED_EDGE('',*,*,#4772,.T.);
#6668=ORIENTED_EDGE('',*,*,#4773,.T.);
#6669=ORIENTED_EDGE('',*,*,#4774,.T.);
#6670=ORIENTED_EDGE('',*,*,#4770,.F.);
#6671=ORIENTED_EDGE('',*,*,#4775,.T.);
#6672=ORIENTED_EDGE('',*,*,#4776,.T.);
#6673=ORIENTED_EDGE('',*,*,#4777,.T.);
#6674=ORIENTED_EDGE('',*,*,#4773,.F.);
#6675=ORIENTED_EDGE('',*,*,#4778,.T.);
#6676=ORIENTED_EDGE('',*,*,#4779,.T.);
#6677=ORIENTED_EDGE('',*,*,#4780,.T.);
#6678=ORIENTED_EDGE('',*,*,#4776,.F.);
#6679=ORIENTED_EDGE('',*,*,#4781,.T.);
#6680=ORIENTED_EDGE('',*,*,#4782,.T.);
#6681=ORIENTED_EDGE('',*,*,#4783,.T.);
#6682=ORIENTED_EDGE('',*,*,#4779,.F.);
#6683=ORIENTED_EDGE('',*,*,#4784,.T.);
#6684=ORIENTED_EDGE('',*,*,#4785,.T.);
#6685=ORIENTED_EDGE('',*,*,#4786,.T.);
#6686=ORIENTED_EDGE('',*,*,#4782,.F.);
#6687=ORIENTED_EDGE('',*,*,#4787,.T.);
#6688=ORIENTED_EDGE('',*,*,#4788,.T.);
#6689=ORIENTED_EDGE('',*,*,#4789,.T.);
#6690=ORIENTED_EDGE('',*,*,#4785,.F.);
#6691=ORIENTED_EDGE('',*,*,#4790,.T.);
#6692=ORIENTED_EDGE('',*,*,#4791,.T.);
#6693=ORIENTED_EDGE('',*,*,#4792,.T.);
#6694=ORIENTED_EDGE('',*,*,#4788,.F.);
#6695=ORIENTED_EDGE('',*,*,#4793,.T.);
#6696=ORIENTED_EDGE('',*,*,#4794,.T.);
#6697=ORIENTED_EDGE('',*,*,#4795,.T.);
#6698=ORIENTED_EDGE('',*,*,#4791,.F.);
#6699=ORIENTED_EDGE('',*,*,#4796,.T.);
#6700=ORIENTED_EDGE('',*,*,#4797,.T.);
#6701=ORIENTED_EDGE('',*,*,#4798,.T.);
#6702=ORIENTED_EDGE('',*,*,#4794,.F.);
#6703=ORIENTED_EDGE('',*,*,#4799,.T.);
#6704=ORIENTED_EDGE('',*,*,#4800,.T.);
#6705=ORIENTED_EDGE('',*,*,#4801,.T.);
#6706=ORIENTED_EDGE('',*,*,#4797,.F.);
#6707=ORIENTED_EDGE('',*,*,#4802,.T.);
#6708=ORIENTED_EDGE('',*,*,#4803,.T.);
#6709=ORIENTED_EDGE('',*,*,#4804,.T.);
#6710=ORIENTED_EDGE('',*,*,#4800,.F.);
#6711=ORIENTED_EDGE('',*,*,#4805,.T.);
#6712=ORIENTED_EDGE('',*,*,#4806,.T.);
#6713=ORIENTED_EDGE('',*,*,#4807,.T.);
#6714=ORIENTED_EDGE('',*,*,#4803,.F.);
#6715=ORIENTED_EDGE('',*,*,#4808,.T.);
#6716=ORIENTED_EDGE('',*,*,#4809,.T.);
#6717=ORIENTED_EDGE('',*,*,#4810,.T.);
#6718=ORIENTED_EDGE('',*,*,#4806,.F.);
#6719=ORIENTED_EDGE('',*,*,#4811,.T.);
#6720=ORIENTED_EDGE('',*,*,#4812,.T.);
#6721=ORIENTED_EDGE('',*,*,#4813,.T.);
#6722=ORIENTED_EDGE('',*,*,#4809,.F.);
#6723=ORIENTED_EDGE('',*,*,#4814,.T.);
#6724=ORIENTED_EDGE('',*,*,#4815,.T.);
#6725=ORIENTED_EDGE('',*,*,#4816,.T.);
#6726=ORIENTED_EDGE('',*,*,#4812,.F.);
#6727=ORIENTED_EDGE('',*,*,#4817,.T.);
#6728=ORIENTED_EDGE('',*,*,#4818,.T.);
#6729=ORIENTED_EDGE('',*,*,#4819,.T.);
#6730=ORIENTED_EDGE('',*,*,#4815,.F.);
#6731=ORIENTED_EDGE('',*,*,#4820,.T.);
#6732=ORIENTED_EDGE('',*,*,#4821,.T.);
#6733=ORIENTED_EDGE('',*,*,#4822,.T.);
#6734=ORIENTED_EDGE('',*,*,#4818,.F.);
#6735=ORIENTED_EDGE('',*,*,#4823,.T.);
#6736=ORIENTED_EDGE('',*,*,#4824,.T.);
#6737=ORIENTED_EDGE('',*,*,#4825,.T.);
#6738=ORIENTED_EDGE('',*,*,#4821,.F.);
#6739=ORIENTED_EDGE('',*,*,#4826,.T.);
#6740=ORIENTED_EDGE('',*,*,#4827,.T.);
#6741=ORIENTED_EDGE('',*,*,#4828,.T.);
#6742=ORIENTED_EDGE('',*,*,#4824,.F.);
#6743=ORIENTED_EDGE('',*,*,#4829,.T.);
#6744=ORIENTED_EDGE('',*,*,#4830,.T.);
#6745=ORIENTED_EDGE('',*,*,#4831,.T.);
#6746=ORIENTED_EDGE('',*,*,#4827,.F.);
#6747=ORIENTED_EDGE('',*,*,#4832,.T.);
#6748=ORIENTED_EDGE('',*,*,#4833,.T.);
#6749=ORIENTED_EDGE('',*,*,#4834,.T.);
#6750=ORIENTED_EDGE('',*,*,#4830,.F.);
#6751=ORIENTED_EDGE('',*,*,#4835,.T.);
#6752=ORIENTED_EDGE('',*,*,#4836,.T.);
#6753=ORIENTED_EDGE('',*,*,#4837,.T.);
#6754=ORIENTED_EDGE('',*,*,#4833,.F.);
#6755=ORIENTED_EDGE('',*,*,#4838,.T.);
#6756=ORIENTED_EDGE('',*,*,#4839,.T.);
#6757=ORIENTED_EDGE('',*,*,#4840,.T.);
#6758=ORIENTED_EDGE('',*,*,#4836,.F.);
#6759=ORIENTED_EDGE('',*,*,#4841,.T.);
#6760=ORIENTED_EDGE('',*,*,#4842,.T.);
#6761=ORIENTED_EDGE('',*,*,#4843,.T.);
#6762=ORIENTED_EDGE('',*,*,#4839,.F.);
#6763=ORIENTED_EDGE('',*,*,#4844,.T.);
#6764=ORIENTED_EDGE('',*,*,#4845,.T.);
#6765=ORIENTED_EDGE('',*,*,#4846,.T.);
#6766=ORIENTED_EDGE('',*,*,#4842,.F.);
#6767=ORIENTED_EDGE('',*,*,#4847,.T.);
#6768=ORIENTED_EDGE('',*,*,#4848,.T.);
#6769=ORIENTED_EDGE('',*,*,#4849,.T.);
#6770=ORIENTED_EDGE('',*,*,#4845,.F.);
#6771=ORIENTED_EDGE('',*,*,#4850,.T.);
#6772=ORIENTED_EDGE('',*,*,#4851,.T.);
#6773=ORIENTED_EDGE('',*,*,#4852,.T.);
#6774=ORIENTED_EDGE('',*,*,#4848,.F.);
#6775=ORIENTED_EDGE('',*,*,#4853,.T.);
#6776=ORIENTED_EDGE('',*,*,#4854,.T.);
#6777=ORIENTED_EDGE('',*,*,#4855,.T.);
#6778=ORIENTED_EDGE('',*,*,#4851,.F.);
#6779=ORIENTED_EDGE('',*,*,#4856,.T.);
#6780=ORIENTED_EDGE('',*,*,#4857,.T.);
#6781=ORIENTED_EDGE('',*,*,#4858,.T.);
#6782=ORIENTED_EDGE('',*,*,#4854,.F.);
#6783=ORIENTED_EDGE('',*,*,#4859,.T.);
#6784=ORIENTED_EDGE('',*,*,#4860,.T.);
#6785=ORIENTED_EDGE('',*,*,#4861,.T.);
#6786=ORIENTED_EDGE('',*,*,#4857,.F.);
#6787=ORIENTED_EDGE('',*,*,#4862,.T.);
#6788=ORIENTED_EDGE('',*,*,#4863,.T.);
#6789=ORIENTED_EDGE('',*,*,#4864,.T.);
#6790=ORIENTED_EDGE('',*,*,#4860,.F.);
#6791=ORIENTED_EDGE('',*,*,#4865,.T.);
#6792=ORIENTED_EDGE('',*,*,#4866,.T.);
#6793=ORIENTED_EDGE('',*,*,#4867,.T.);
#6794=ORIENTED_EDGE('',*,*,#4863,.F.);
#6795=ORIENTED_EDGE('',*,*,#4868,.T.);
#6796=ORIENTED_EDGE('',*,*,#4869,.T.);
#6797=ORIENTED_EDGE('',*,*,#4870,.T.);
#6798=ORIENTED_EDGE('',*,*,#4866,.F.);
#6799=ORIENTED_EDGE('',*,*,#4871,.T.);
#6800=ORIENTED_EDGE('',*,*,#4872,.T.);
#6801=ORIENTED_EDGE('',*,*,#4873,.T.);
#6802=ORIENTED_EDGE('',*,*,#4869,.F.);
#6803=ORIENTED_EDGE('',*,*,#4874,.T.);
#6804=ORIENTED_EDGE('',*,*,#4875,.T.);
#6805=ORIENTED_EDGE('',*,*,#4876,.T.);
#6806=ORIENTED_EDGE('',*,*,#4872,.F.);
#6807=ORIENTED_EDGE('',*,*,#4877,.T.);
#6808=ORIENTED_EDGE('',*,*,#4878,.T.);
#6809=ORIENTED_EDGE('',*,*,#4879,.T.);
#6810=ORIENTED_EDGE('',*,*,#4875,.F.);
#6811=ORIENTED_EDGE('',*,*,#4880,.T.);
#6812=ORIENTED_EDGE('',*,*,#4881,.T.);
#6813=ORIENTED_EDGE('',*,*,#4882,.T.);
#6814=ORIENTED_EDGE('',*,*,#4878,.F.);
#6815=ORIENTED_EDGE('',*,*,#4883,.T.);
#6816=ORIENTED_EDGE('',*,*,#4884,.T.);
#6817=ORIENTED_EDGE('',*,*,#4885,.T.);
#6818=ORIENTED_EDGE('',*,*,#4881,.F.);
#6819=ORIENTED_EDGE('',*,*,#4886,.T.);
#6820=ORIENTED_EDGE('',*,*,#4887,.T.);
#6821=ORIENTED_EDGE('',*,*,#4888,.T.);
#6822=ORIENTED_EDGE('',*,*,#4884,.F.);
#6823=ORIENTED_EDGE('',*,*,#4889,.T.);
#6824=ORIENTED_EDGE('',*,*,#4890,.T.);
#6825=ORIENTED_EDGE('',*,*,#4891,.T.);
#6826=ORIENTED_EDGE('',*,*,#4887,.F.);
#6827=ORIENTED_EDGE('',*,*,#4892,.T.);
#6828=ORIENTED_EDGE('',*,*,#4893,.T.);
#6829=ORIENTED_EDGE('',*,*,#4894,.T.);
#6830=ORIENTED_EDGE('',*,*,#4890,.F.);
#6831=ORIENTED_EDGE('',*,*,#4895,.T.);
#6832=ORIENTED_EDGE('',*,*,#4896,.T.);
#6833=ORIENTED_EDGE('',*,*,#4897,.T.);
#6834=ORIENTED_EDGE('',*,*,#4893,.F.);
#6835=ORIENTED_EDGE('',*,*,#4898,.T.);
#6836=ORIENTED_EDGE('',*,*,#4899,.T.);
#6837=ORIENTED_EDGE('',*,*,#4900,.T.);
#6838=ORIENTED_EDGE('',*,*,#4896,.F.);
#6839=ORIENTED_EDGE('',*,*,#4901,.T.);
#6840=ORIENTED_EDGE('',*,*,#4902,.T.);
#6841=ORIENTED_EDGE('',*,*,#4903,.T.);
#6842=ORIENTED_EDGE('',*,*,#4899,.F.);
#6843=ORIENTED_EDGE('',*,*,#4904,.T.);
#6844=ORIENTED_EDGE('',*,*,#4905,.T.);
#6845=ORIENTED_EDGE('',*,*,#4906,.T.);
#6846=ORIENTED_EDGE('',*,*,#4902,.F.);
#6847=ORIENTED_EDGE('',*,*,#4907,.T.);
#6848=ORIENTED_EDGE('',*,*,#4908,.T.);
#6849=ORIENTED_EDGE('',*,*,#4909,.T.);
#6850=ORIENTED_EDGE('',*,*,#4905,.F.);
#6851=ORIENTED_EDGE('',*,*,#4910,.T.);
#6852=ORIENTED_EDGE('',*,*,#4911,.T.);
#6853=ORIENTED_EDGE('',*,*,#4912,.T.);
#6854=ORIENTED_EDGE('',*,*,#4908,.F.);
#6855=ORIENTED_EDGE('',*,*,#4913,.T.);
#6856=ORIENTED_EDGE('',*,*,#4914,.T.);
#6857=ORIENTED_EDGE('',*,*,#4915,.T.);
#6858=ORIENTED_EDGE('',*,*,#4911,.F.);
#6859=ORIENTED_EDGE('',*,*,#4916,.T.);
#6860=ORIENTED_EDGE('',*,*,#4917,.T.);
#6861=ORIENTED_EDGE('',*,*,#4918,.T.);
#6862=ORIENTED_EDGE('',*,*,#4914,.F.);
#6863=ORIENTED_EDGE('',*,*,#4919,.T.);
#6864=ORIENTED_EDGE('',*,*,#4920,.T.);
#6865=ORIENTED_EDGE('',*,*,#4921,.T.);
#6866=ORIENTED_EDGE('',*,*,#4917,.F.);
#6867=ORIENTED_EDGE('',*,*,#4922,.T.);
#6868=ORIENTED_EDGE('',*,*,#4923,.T.);
#6869=ORIENTED_EDGE('',*,*,#4924,.T.);
#6870=ORIENTED_EDGE('',*,*,#4920,.F.);
#6871=ORIENTED_EDGE('',*,*,#4925,.T.);
#6872=ORIENTED_EDGE('',*,*,#4926,.T.);
#6873=ORIENTED_EDGE('',*,*,#4927,.T.);
#6874=ORIENTED_EDGE('',*,*,#4923,.F.);
#6875=ORIENTED_EDGE('',*,*,#4928,.T.);
#6876=ORIENTED_EDGE('',*,*,#4929,.T.);
#6877=ORIENTED_EDGE('',*,*,#4930,.T.);
#6878=ORIENTED_EDGE('',*,*,#4926,.F.);
#6879=ORIENTED_EDGE('',*,*,#4931,.T.);
#6880=ORIENTED_EDGE('',*,*,#4932,.T.);
#6881=ORIENTED_EDGE('',*,*,#4933,.T.);
#6882=ORIENTED_EDGE('',*,*,#4929,.F.);
#6883=ORIENTED_EDGE('',*,*,#4934,.T.);
#6884=ORIENTED_EDGE('',*,*,#4935,.T.);
#6885=ORIENTED_EDGE('',*,*,#4936,.T.);
#6886=ORIENTED_EDGE('',*,*,#4932,.F.);
#6887=ORIENTED_EDGE('',*,*,#4937,.T.);
#6888=ORIENTED_EDGE('',*,*,#4938,.T.);
#6889=ORIENTED_EDGE('',*,*,#4939,.T.);
#6890=ORIENTED_EDGE('',*,*,#4935,.F.);
#6891=ORIENTED_EDGE('',*,*,#4940,.T.);
#6892=ORIENTED_EDGE('',*,*,#4941,.T.);
#6893=ORIENTED_EDGE('',*,*,#4942,.T.);
#6894=ORIENTED_EDGE('',*,*,#4938,.F.);
#6895=ORIENTED_EDGE('',*,*,#4943,.T.);
#6896=ORIENTED_EDGE('',*,*,#4944,.T.);
#6897=ORIENTED_EDGE('',*,*,#4945,.T.);
#6898=ORIENTED_EDGE('',*,*,#4941,.F.);
#6899=ORIENTED_EDGE('',*,*,#4946,.T.);
#6900=ORIENTED_EDGE('',*,*,#4947,.T.);
#6901=ORIENTED_EDGE('',*,*,#4948,.T.);
#6902=ORIENTED_EDGE('',*,*,#4944,.F.);
#6903=ORIENTED_EDGE('',*,*,#4949,.T.);
#6904=ORIENTED_EDGE('',*,*,#4950,.T.);
#6905=ORIENTED_EDGE('',*,*,#4951,.T.);
#6906=ORIENTED_EDGE('',*,*,#4947,.F.);
#6907=ORIENTED_EDGE('',*,*,#4952,.T.);
#6908=ORIENTED_EDGE('',*,*,#4953,.T.);
#6909=ORIENTED_EDGE('',*,*,#4954,.T.);
#6910=ORIENTED_EDGE('',*,*,#4950,.F.);
#6911=ORIENTED_EDGE('',*,*,#4955,.T.);
#6912=ORIENTED_EDGE('',*,*,#4956,.T.);
#6913=ORIENTED_EDGE('',*,*,#4957,.T.);
#6914=ORIENTED_EDGE('',*,*,#4953,.F.);
#6915=ORIENTED_EDGE('',*,*,#4958,.T.);
#6916=ORIENTED_EDGE('',*,*,#4959,.T.);
#6917=ORIENTED_EDGE('',*,*,#4960,.T.);
#6918=ORIENTED_EDGE('',*,*,#4956,.F.);
#6919=ORIENTED_EDGE('',*,*,#4961,.T.);
#6920=ORIENTED_EDGE('',*,*,#4962,.T.);
#6921=ORIENTED_EDGE('',*,*,#4963,.T.);
#6922=ORIENTED_EDGE('',*,*,#4959,.F.);
#6923=ORIENTED_EDGE('',*,*,#4964,.T.);
#6924=ORIENTED_EDGE('',*,*,#4965,.T.);
#6925=ORIENTED_EDGE('',*,*,#4966,.T.);
#6926=ORIENTED_EDGE('',*,*,#4962,.F.);
#6927=ORIENTED_EDGE('',*,*,#4967,.T.);
#6928=ORIENTED_EDGE('',*,*,#4968,.T.);
#6929=ORIENTED_EDGE('',*,*,#4969,.T.);
#6930=ORIENTED_EDGE('',*,*,#4965,.F.);
#6931=ORIENTED_EDGE('',*,*,#4970,.T.);
#6932=ORIENTED_EDGE('',*,*,#4971,.T.);
#6933=ORIENTED_EDGE('',*,*,#4972,.T.);
#6934=ORIENTED_EDGE('',*,*,#4968,.F.);
#6935=ORIENTED_EDGE('',*,*,#4973,.T.);
#6936=ORIENTED_EDGE('',*,*,#4974,.T.);
#6937=ORIENTED_EDGE('',*,*,#4975,.T.);
#6938=ORIENTED_EDGE('',*,*,#4971,.F.);
#6939=ORIENTED_EDGE('',*,*,#4976,.T.);
#6940=ORIENTED_EDGE('',*,*,#4977,.T.);
#6941=ORIENTED_EDGE('',*,*,#4978,.T.);
#6942=ORIENTED_EDGE('',*,*,#4974,.F.);
#6943=ORIENTED_EDGE('',*,*,#4979,.T.);
#6944=ORIENTED_EDGE('',*,*,#4980,.T.);
#6945=ORIENTED_EDGE('',*,*,#4981,.T.);
#6946=ORIENTED_EDGE('',*,*,#4977,.F.);
#6947=ORIENTED_EDGE('',*,*,#4982,.T.);
#6948=ORIENTED_EDGE('',*,*,#4983,.T.);
#6949=ORIENTED_EDGE('',*,*,#4984,.T.);
#6950=ORIENTED_EDGE('',*,*,#4980,.F.);
#6951=ORIENTED_EDGE('',*,*,#4985,.T.);
#6952=ORIENTED_EDGE('',*,*,#4986,.T.);
#6953=ORIENTED_EDGE('',*,*,#4987,.T.);
#6954=ORIENTED_EDGE('',*,*,#4983,.F.);
#6955=ORIENTED_EDGE('',*,*,#4988,.T.);
#6956=ORIENTED_EDGE('',*,*,#4989,.T.);
#6957=ORIENTED_EDGE('',*,*,#4990,.T.);
#6958=ORIENTED_EDGE('',*,*,#4986,.F.);
#6959=ORIENTED_EDGE('',*,*,#4991,.T.);
#6960=ORIENTED_EDGE('',*,*,#4992,.T.);
#6961=ORIENTED_EDGE('',*,*,#4993,.T.);
#6962=ORIENTED_EDGE('',*,*,#4989,.F.);
#6963=ORIENTED_EDGE('',*,*,#4994,.T.);
#6964=ORIENTED_EDGE('',*,*,#4995,.T.);
#6965=ORIENTED_EDGE('',*,*,#4996,.T.);
#6966=ORIENTED_EDGE('',*,*,#4992,.F.);
#6967=ORIENTED_EDGE('',*,*,#4997,.F.);
#6968=ORIENTED_EDGE('',*,*,#4998,.T.);
#6969=ORIENTED_EDGE('',*,*,#4999,.T.);
#6970=ORIENTED_EDGE('',*,*,#4995,.F.);
#6971=ORIENTED_EDGE('',*,*,#5000,.F.);
#6972=ORIENTED_EDGE('',*,*,#5001,.T.);
#6973=ORIENTED_EDGE('',*,*,#5002,.T.);
#6974=ORIENTED_EDGE('',*,*,#4998,.F.);
#6975=ORIENTED_EDGE('',*,*,#5003,.T.);
#6976=ORIENTED_EDGE('',*,*,#5004,.T.);
#6977=ORIENTED_EDGE('',*,*,#5005,.T.);
#6978=ORIENTED_EDGE('',*,*,#5001,.F.);
#6979=ORIENTED_EDGE('',*,*,#5006,.F.);
#6980=ORIENTED_EDGE('',*,*,#5007,.T.);
#6981=ORIENTED_EDGE('',*,*,#5008,.T.);
#6982=ORIENTED_EDGE('',*,*,#5004,.F.);
#6983=ORIENTED_EDGE('',*,*,#5009,.F.);
#6984=ORIENTED_EDGE('',*,*,#4729,.T.);
#6985=ORIENTED_EDGE('',*,*,#5010,.T.);
#6986=ORIENTED_EDGE('',*,*,#5007,.F.);
#6987=ORIENTED_EDGE('',*,*,#5010,.F.);
#6988=ORIENTED_EDGE('',*,*,#4728,.F.);
#6989=ORIENTED_EDGE('',*,*,#4732,.F.);
#6990=ORIENTED_EDGE('',*,*,#4735,.F.);
#6991=ORIENTED_EDGE('',*,*,#4738,.F.);
#6992=ORIENTED_EDGE('',*,*,#4741,.F.);
#6993=ORIENTED_EDGE('',*,*,#4744,.F.);
#6994=ORIENTED_EDGE('',*,*,#4747,.F.);
#6995=ORIENTED_EDGE('',*,*,#4750,.F.);
#6996=ORIENTED_EDGE('',*,*,#4753,.F.);
#6997=ORIENTED_EDGE('',*,*,#4756,.F.);
#6998=ORIENTED_EDGE('',*,*,#4759,.F.);
#6999=ORIENTED_EDGE('',*,*,#4762,.F.);
#7000=ORIENTED_EDGE('',*,*,#4765,.F.);
#7001=ORIENTED_EDGE('',*,*,#4768,.F.);
#7002=ORIENTED_EDGE('',*,*,#4771,.F.);
#7003=ORIENTED_EDGE('',*,*,#4774,.F.);
#7004=ORIENTED_EDGE('',*,*,#4777,.F.);
#7005=ORIENTED_EDGE('',*,*,#4780,.F.);
#7006=ORIENTED_EDGE('',*,*,#4783,.F.);
#7007=ORIENTED_EDGE('',*,*,#4786,.F.);
#7008=ORIENTED_EDGE('',*,*,#4789,.F.);
#7009=ORIENTED_EDGE('',*,*,#4792,.F.);
#7010=ORIENTED_EDGE('',*,*,#4795,.F.);
#7011=ORIENTED_EDGE('',*,*,#4798,.F.);
#7012=ORIENTED_EDGE('',*,*,#4801,.F.);
#7013=ORIENTED_EDGE('',*,*,#4804,.F.);
#7014=ORIENTED_EDGE('',*,*,#4807,.F.);
#7015=ORIENTED_EDGE('',*,*,#4810,.F.);
#7016=ORIENTED_EDGE('',*,*,#4813,.F.);
#7017=ORIENTED_EDGE('',*,*,#4816,.F.);
#7018=ORIENTED_EDGE('',*,*,#4819,.F.);
#7019=ORIENTED_EDGE('',*,*,#4822,.F.);
#7020=ORIENTED_EDGE('',*,*,#4825,.F.);
#7021=ORIENTED_EDGE('',*,*,#4828,.F.);
#7022=ORIENTED_EDGE('',*,*,#4831,.F.);
#7023=ORIENTED_EDGE('',*,*,#4834,.F.);
#7024=ORIENTED_EDGE('',*,*,#4837,.F.);
#7025=ORIENTED_EDGE('',*,*,#4840,.F.);
#7026=ORIENTED_EDGE('',*,*,#4843,.F.);
#7027=ORIENTED_EDGE('',*,*,#4846,.F.);
#7028=ORIENTED_EDGE('',*,*,#4849,.F.);
#7029=ORIENTED_EDGE('',*,*,#4852,.F.);
#7030=ORIENTED_EDGE('',*,*,#4855,.F.);
#7031=ORIENTED_EDGE('',*,*,#4858,.F.);
#7032=ORIENTED_EDGE('',*,*,#4861,.F.);
#7033=ORIENTED_EDGE('',*,*,#4864,.F.);
#7034=ORIENTED_EDGE('',*,*,#4867,.F.);
#7035=ORIENTED_EDGE('',*,*,#4870,.F.);
#7036=ORIENTED_EDGE('',*,*,#4873,.F.);
#7037=ORIENTED_EDGE('',*,*,#4876,.F.);
#7038=ORIENTED_EDGE('',*,*,#4879,.F.);
#7039=ORIENTED_EDGE('',*,*,#4882,.F.);
#7040=ORIENTED_EDGE('',*,*,#4885,.F.);
#7041=ORIENTED_EDGE('',*,*,#4888,.F.);
#7042=ORIENTED_EDGE('',*,*,#4891,.F.);
#7043=ORIENTED_EDGE('',*,*,#4894,.F.);
#7044=ORIENTED_EDGE('',*,*,#4897,.F.);
#7045=ORIENTED_EDGE('',*,*,#4900,.F.);
#7046=ORIENTED_EDGE('',*,*,#4903,.F.);
#7047=ORIENTED_EDGE('',*,*,#4906,.F.);
#7048=ORIENTED_EDGE('',*,*,#4909,.F.);
#7049=ORIENTED_EDGE('',*,*,#4912,.F.);
#7050=ORIENTED_EDGE('',*,*,#4915,.F.);
#7051=ORIENTED_EDGE('',*,*,#4918,.F.);
#7052=ORIENTED_EDGE('',*,*,#4921,.F.);
#7053=ORIENTED_EDGE('',*,*,#4924,.F.);
#7054=ORIENTED_EDGE('',*,*,#4927,.F.);
#7055=ORIENTED_EDGE('',*,*,#4930,.F.);
#7056=ORIENTED_EDGE('',*,*,#4933,.F.);
#7057=ORIENTED_EDGE('',*,*,#4936,.F.);
#7058=ORIENTED_EDGE('',*,*,#4939,.F.);
#7059=ORIENTED_EDGE('',*,*,#4942,.F.);
#7060=ORIENTED_EDGE('',*,*,#4945,.F.);
#7061=ORIENTED_EDGE('',*,*,#4948,.F.);
#7062=ORIENTED_EDGE('',*,*,#4951,.F.);
#7063=ORIENTED_EDGE('',*,*,#4954,.F.);
#7064=ORIENTED_EDGE('',*,*,#4957,.F.);
#7065=ORIENTED_EDGE('',*,*,#4960,.F.);
#7066=ORIENTED_EDGE('',*,*,#4963,.F.);
#7067=ORIENTED_EDGE('',*,*,#4966,.F.);
#7068=ORIENTED_EDGE('',*,*,#4969,.F.);
#7069=ORIENTED_EDGE('',*,*,#4972,.F.);
#7070=ORIENTED_EDGE('',*,*,#4975,.F.);
#7071=ORIENTED_EDGE('',*,*,#4978,.F.);
#7072=ORIENTED_EDGE('',*,*,#4981,.F.);
#7073=ORIENTED_EDGE('',*,*,#4984,.F.);
#7074=ORIENTED_EDGE('',*,*,#4987,.F.);
#7075=ORIENTED_EDGE('',*,*,#4990,.F.);
#7076=ORIENTED_EDGE('',*,*,#4993,.F.);
#7077=ORIENTED_EDGE('',*,*,#4996,.F.);
#7078=ORIENTED_EDGE('',*,*,#4999,.F.);
#7079=ORIENTED_EDGE('',*,*,#5002,.F.);
#7080=ORIENTED_EDGE('',*,*,#5005,.F.);
#7081=ORIENTED_EDGE('',*,*,#5008,.F.);
#7082=ORIENTED_EDGE('',*,*,#5009,.T.);
#7083=ORIENTED_EDGE('',*,*,#5006,.T.);
#7084=ORIENTED_EDGE('',*,*,#5003,.F.);
#7085=ORIENTED_EDGE('',*,*,#5000,.T.);
#7086=ORIENTED_EDGE('',*,*,#4997,.T.);
#7087=ORIENTED_EDGE('',*,*,#4994,.F.);
#7088=ORIENTED_EDGE('',*,*,#4991,.F.);
#7089=ORIENTED_EDGE('',*,*,#4988,.F.);
#7090=ORIENTED_EDGE('',*,*,#4985,.F.);
#7091=ORIENTED_EDGE('',*,*,#4982,.F.);
#7092=ORIENTED_EDGE('',*,*,#4979,.F.);
#7093=ORIENTED_EDGE('',*,*,#4976,.F.);
#7094=ORIENTED_EDGE('',*,*,#4973,.F.);
#7095=ORIENTED_EDGE('',*,*,#4970,.F.);
#7096=ORIENTED_EDGE('',*,*,#4967,.F.);
#7097=ORIENTED_EDGE('',*,*,#4964,.F.);
#7098=ORIENTED_EDGE('',*,*,#4961,.F.);
#7099=ORIENTED_EDGE('',*,*,#4958,.F.);
#7100=ORIENTED_EDGE('',*,*,#4955,.F.);
#7101=ORIENTED_EDGE('',*,*,#4952,.F.);
#7102=ORIENTED_EDGE('',*,*,#4949,.F.);
#7103=ORIENTED_EDGE('',*,*,#4946,.F.);
#7104=ORIENTED_EDGE('',*,*,#4943,.F.);
#7105=ORIENTED_EDGE('',*,*,#4940,.F.);
#7106=ORIENTED_EDGE('',*,*,#4937,.F.);
#7107=ORIENTED_EDGE('',*,*,#4934,.F.);
#7108=ORIENTED_EDGE('',*,*,#4931,.F.);
#7109=ORIENTED_EDGE('',*,*,#4928,.F.);
#7110=ORIENTED_EDGE('',*,*,#4925,.F.);
#7111=ORIENTED_EDGE('',*,*,#4922,.F.);
#7112=ORIENTED_EDGE('',*,*,#4919,.F.);
#7113=ORIENTED_EDGE('',*,*,#4916,.F.);
#7114=ORIENTED_EDGE('',*,*,#4913,.F.);
#7115=ORIENTED_EDGE('',*,*,#4910,.F.);
#7116=ORIENTED_EDGE('',*,*,#4907,.F.);
#7117=ORIENTED_EDGE('',*,*,#4904,.F.);
#7118=ORIENTED_EDGE('',*,*,#4901,.F.);
#7119=ORIENTED_EDGE('',*,*,#4898,.F.);
#7120=ORIENTED_EDGE('',*,*,#4895,.F.);
#7121=ORIENTED_EDGE('',*,*,#4892,.F.);
#7122=ORIENTED_EDGE('',*,*,#4889,.F.);
#7123=ORIENTED_EDGE('',*,*,#4886,.F.);
#7124=ORIENTED_EDGE('',*,*,#4883,.F.);
#7125=ORIENTED_EDGE('',*,*,#4880,.F.);
#7126=ORIENTED_EDGE('',*,*,#4877,.F.);
#7127=ORIENTED_EDGE('',*,*,#4874,.F.);
#7128=ORIENTED_EDGE('',*,*,#4871,.F.);
#7129=ORIENTED_EDGE('',*,*,#4868,.F.);
#7130=ORIENTED_EDGE('',*,*,#4865,.F.);
#7131=ORIENTED_EDGE('',*,*,#4862,.F.);
#7132=ORIENTED_EDGE('',*,*,#4859,.F.);
#7133=ORIENTED_EDGE('',*,*,#4856,.F.);
#7134=ORIENTED_EDGE('',*,*,#4853,.F.);
#7135=ORIENTED_EDGE('',*,*,#4850,.F.);
#7136=ORIENTED_EDGE('',*,*,#4847,.F.);
#7137=ORIENTED_EDGE('',*,*,#4844,.F.);
#7138=ORIENTED_EDGE('',*,*,#4841,.F.);
#7139=ORIENTED_EDGE('',*,*,#4838,.F.);
#7140=ORIENTED_EDGE('',*,*,#4835,.F.);
#7141=ORIENTED_EDGE('',*,*,#4832,.F.);
#7142=ORIENTED_EDGE('',*,*,#4829,.F.);
#7143=ORIENTED_EDGE('',*,*,#4826,.F.);
#7144=ORIENTED_EDGE('',*,*,#4823,.F.);
#7145=ORIENTED_EDGE('',*,*,#4820,.F.);
#7146=ORIENTED_EDGE('',*,*,#4817,.F.);
#7147=ORIENTED_EDGE('',*,*,#4814,.F.);
#7148=ORIENTED_EDGE('',*,*,#4811,.F.);
#7149=ORIENTED_EDGE('',*,*,#4808,.F.);
#7150=ORIENTED_EDGE('',*,*,#4805,.F.);
#7151=ORIENTED_EDGE('',*,*,#4802,.F.);
#7152=ORIENTED_EDGE('',*,*,#4799,.F.);
#7153=ORIENTED_EDGE('',*,*,#4796,.F.);
#7154=ORIENTED_EDGE('',*,*,#4793,.F.);
#7155=ORIENTED_EDGE('',*,*,#4790,.F.);
#7156=ORIENTED_EDGE('',*,*,#4787,.F.);
#7157=ORIENTED_EDGE('',*,*,#4784,.F.);
#7158=ORIENTED_EDGE('',*,*,#4781,.F.);
#7159=ORIENTED_EDGE('',*,*,#4778,.F.);
#7160=ORIENTED_EDGE('',*,*,#4775,.F.);
#7161=ORIENTED_EDGE('',*,*,#4772,.F.);
#7162=ORIENTED_EDGE('',*,*,#4769,.F.);
#7163=ORIENTED_EDGE('',*,*,#4766,.F.);
#7164=ORIENTED_EDGE('',*,*,#4763,.F.);
#7165=ORIENTED_EDGE('',*,*,#4760,.F.);
#7166=ORIENTED_EDGE('',*,*,#4757,.F.);
#7167=ORIENTED_EDGE('',*,*,#4754,.F.);
#7168=ORIENTED_EDGE('',*,*,#4751,.F.);
#7169=ORIENTED_EDGE('',*,*,#4748,.F.);
#7170=ORIENTED_EDGE('',*,*,#4745,.F.);
#7171=ORIENTED_EDGE('',*,*,#4742,.F.);
#7172=ORIENTED_EDGE('',*,*,#4739,.F.);
#7173=ORIENTED_EDGE('',*,*,#4736,.F.);
#7174=ORIENTED_EDGE('',*,*,#4733,.F.);
#7175=ORIENTED_EDGE('',*,*,#4730,.F.);
#7176=ORIENTED_EDGE('',*,*,#4726,.F.);
#7177=ORIENTED_EDGE('',*,*,#5011,.T.);
#7178=ORIENTED_EDGE('',*,*,#5012,.T.);
#7179=ORIENTED_EDGE('',*,*,#5013,.F.);
#7180=ORIENTED_EDGE('',*,*,#5012,.F.);
#7181=ORIENTED_EDGE('',*,*,#5014,.F.);
#7182=ORIENTED_EDGE('',*,*,#5015,.T.);
#7183=ORIENTED_EDGE('',*,*,#5016,.T.);
#7184=ORIENTED_EDGE('',*,*,#5017,.F.);
#7185=ORIENTED_EDGE('',*,*,#5018,.F.);
#7186=ORIENTED_EDGE('',*,*,#5019,.T.);
#7187=ORIENTED_EDGE('',*,*,#5020,.T.);
#7188=ORIENTED_EDGE('',*,*,#5015,.F.);
#7189=ORIENTED_EDGE('',*,*,#5021,.F.);
#7190=ORIENTED_EDGE('',*,*,#5022,.T.);
#7191=ORIENTED_EDGE('',*,*,#5023,.T.);
#7192=ORIENTED_EDGE('',*,*,#5019,.F.);
#7193=ORIENTED_EDGE('',*,*,#5024,.F.);
#7194=ORIENTED_EDGE('',*,*,#5017,.T.);
#7195=ORIENTED_EDGE('',*,*,#5025,.T.);
#7196=ORIENTED_EDGE('',*,*,#5022,.F.);
#7197=ORIENTED_EDGE('',*,*,#5026,.T.);
#7198=ORIENTED_EDGE('',*,*,#5027,.T.);
#7199=ORIENTED_EDGE('',*,*,#5028,.T.);
#7200=ORIENTED_EDGE('',*,*,#5029,.F.);
#7201=ORIENTED_EDGE('',*,*,#5030,.F.);
#7202=ORIENTED_EDGE('',*,*,#5031,.T.);
#7203=ORIENTED_EDGE('',*,*,#5032,.T.);
#7204=ORIENTED_EDGE('',*,*,#5027,.F.);
#7205=ORIENTED_EDGE('',*,*,#5033,.F.);
#7206=ORIENTED_EDGE('',*,*,#5034,.T.);
#7207=ORIENTED_EDGE('',*,*,#5035,.T.);
#7208=ORIENTED_EDGE('',*,*,#5031,.F.);
#7209=ORIENTED_EDGE('',*,*,#5036,.F.);
#7210=ORIENTED_EDGE('',*,*,#5037,.T.);
#7211=ORIENTED_EDGE('',*,*,#5038,.T.);
#7212=ORIENTED_EDGE('',*,*,#5034,.F.);
#7213=ORIENTED_EDGE('',*,*,#5039,.F.);
#7214=ORIENTED_EDGE('',*,*,#5040,.T.);
#7215=ORIENTED_EDGE('',*,*,#5041,.T.);
#7216=ORIENTED_EDGE('',*,*,#5037,.F.);
#7217=ORIENTED_EDGE('',*,*,#5042,.F.);
#7218=ORIENTED_EDGE('',*,*,#5043,.T.);
#7219=ORIENTED_EDGE('',*,*,#5044,.T.);
#7220=ORIENTED_EDGE('',*,*,#5040,.F.);
#7221=ORIENTED_EDGE('',*,*,#5045,.F.);
#7222=ORIENTED_EDGE('',*,*,#5029,.T.);
#7223=ORIENTED_EDGE('',*,*,#5046,.T.);
#7224=ORIENTED_EDGE('',*,*,#5043,.F.);
#7225=ORIENTED_EDGE('',*,*,#5046,.F.);
#7226=ORIENTED_EDGE('',*,*,#5028,.F.);
#7227=ORIENTED_EDGE('',*,*,#5032,.F.);
#7228=ORIENTED_EDGE('',*,*,#5035,.F.);
#7229=ORIENTED_EDGE('',*,*,#5038,.F.);
#7230=ORIENTED_EDGE('',*,*,#5041,.F.);
#7231=ORIENTED_EDGE('',*,*,#5044,.F.);
#7232=ORIENTED_EDGE('',*,*,#5025,.F.);
#7233=ORIENTED_EDGE('',*,*,#5016,.F.);
#7234=ORIENTED_EDGE('',*,*,#5020,.F.);
#7235=ORIENTED_EDGE('',*,*,#5023,.F.);
#7236=ORIENTED_EDGE('',*,*,#5011,.F.);
#7237=ORIENTED_EDGE('',*,*,#5045,.T.);
#7238=ORIENTED_EDGE('',*,*,#5042,.T.);
#7239=ORIENTED_EDGE('',*,*,#5039,.T.);
#7240=ORIENTED_EDGE('',*,*,#5036,.T.);
#7241=ORIENTED_EDGE('',*,*,#5033,.T.);
#7242=ORIENTED_EDGE('',*,*,#5030,.T.);
#7243=ORIENTED_EDGE('',*,*,#5026,.F.);
#7244=ORIENTED_EDGE('',*,*,#5024,.T.);
#7245=ORIENTED_EDGE('',*,*,#5021,.T.);
#7246=ORIENTED_EDGE('',*,*,#5018,.T.);
#7247=ORIENTED_EDGE('',*,*,#5014,.T.);
#7248=ORIENTED_EDGE('',*,*,#5013,.T.);
#7249=ORIENTED_EDGE('',*,*,#5047,.F.);
#7250=ORIENTED_EDGE('',*,*,#5048,.F.);
#7251=ORIENTED_EDGE('',*,*,#5049,.F.);
#7252=ORIENTED_EDGE('',*,*,#5050,.F.);
#7253=ORIENTED_EDGE('',*,*,#5051,.F.);
#7254=ORIENTED_EDGE('',*,*,#5052,.F.);
#7255=ORIENTED_EDGE('',*,*,#5053,.F.);
#7256=ORIENTED_EDGE('',*,*,#5054,.F.);
#7257=ORIENTED_EDGE('',*,*,#5049,.T.);
#7258=ORIENTED_EDGE('',*,*,#5055,.F.);
#7259=ORIENTED_EDGE('',*,*,#5056,.F.);
#7260=ORIENTED_EDGE('',*,*,#5057,.F.);
#7261=ORIENTED_EDGE('',*,*,#5053,.T.);
#7262=ORIENTED_EDGE('',*,*,#5058,.T.);
#7263=ORIENTED_EDGE('',*,*,#5059,.T.);
#7264=ORIENTED_EDGE('',*,*,#5060,.F.);
#7265=ORIENTED_EDGE('',*,*,#5052,.T.);
#7266=ORIENTED_EDGE('',*,*,#5061,.T.);
#7267=ORIENTED_EDGE('',*,*,#5062,.T.);
#7268=ORIENTED_EDGE('',*,*,#5058,.F.);
#7269=ORIENTED_EDGE('',*,*,#5047,.T.);
#7270=ORIENTED_EDGE('',*,*,#5063,.F.);
#7271=ORIENTED_EDGE('',*,*,#5064,.F.);
#7272=ORIENTED_EDGE('',*,*,#5065,.F.);
#7273=ORIENTED_EDGE('',*,*,#5065,.T.);
#7274=ORIENTED_EDGE('',*,*,#5066,.T.);
#7275=ORIENTED_EDGE('',*,*,#5055,.T.);
#7276=ORIENTED_EDGE('',*,*,#5048,.T.);
#7277=ORIENTED_EDGE('',*,*,#5066,.F.);
#7278=ORIENTED_EDGE('',*,*,#5064,.T.);
#7279=ORIENTED_EDGE('',*,*,#5067,.F.);
#7280=ORIENTED_EDGE('',*,*,#5056,.T.);
#7281=ORIENTED_EDGE('',*,*,#5057,.T.);
#7282=ORIENTED_EDGE('',*,*,#5067,.T.);
#7283=ORIENTED_EDGE('',*,*,#5063,.T.);
#7284=ORIENTED_EDGE('',*,*,#5050,.T.);
#7285=ORIENTED_EDGE('',*,*,#5051,.T.);
#7286=ORIENTED_EDGE('',*,*,#5068,.T.);
#7287=ORIENTED_EDGE('',*,*,#5069,.T.);
#7288=ORIENTED_EDGE('',*,*,#5061,.F.);
#7289=ORIENTED_EDGE('',*,*,#5054,.T.);
#7290=ORIENTED_EDGE('',*,*,#5060,.T.);
#7291=ORIENTED_EDGE('',*,*,#5070,.T.);
#7292=ORIENTED_EDGE('',*,*,#5068,.F.);
#7293=ORIENTED_EDGE('',*,*,#5062,.F.);
#7294=ORIENTED_EDGE('',*,*,#5069,.F.);
#7295=ORIENTED_EDGE('',*,*,#5070,.F.);
#7296=ORIENTED_EDGE('',*,*,#5059,.F.);
#7297=ORIENTED_EDGE('',*,*,#5071,.F.);
#7298=ORIENTED_EDGE('',*,*,#5072,.T.);
#7299=ORIENTED_EDGE('',*,*,#5073,.T.);
#7300=ORIENTED_EDGE('',*,*,#5072,.F.);
#7301=ORIENTED_EDGE('',*,*,#5074,.T.);
#7302=ORIENTED_EDGE('',*,*,#5075,.T.);
#7303=ORIENTED_EDGE('',*,*,#5076,.F.);
#7304=ORIENTED_EDGE('',*,*,#5077,.F.);
#7305=ORIENTED_EDGE('',*,*,#5078,.T.);
#7306=ORIENTED_EDGE('',*,*,#5077,.T.);
#7307=ORIENTED_EDGE('',*,*,#5079,.F.);
#7308=ORIENTED_EDGE('',*,*,#5080,.F.);
#7309=ORIENTED_EDGE('',*,*,#5081,.T.);
#7310=ORIENTED_EDGE('',*,*,#5080,.T.);
#7311=ORIENTED_EDGE('',*,*,#5082,.F.);
#7312=ORIENTED_EDGE('',*,*,#5083,.F.);
#7313=ORIENTED_EDGE('',*,*,#5084,.T.);
#7314=ORIENTED_EDGE('',*,*,#5083,.T.);
#7315=ORIENTED_EDGE('',*,*,#5085,.F.);
#7316=ORIENTED_EDGE('',*,*,#5086,.F.);
#7317=ORIENTED_EDGE('',*,*,#5087,.T.);
#7318=ORIENTED_EDGE('',*,*,#5086,.T.);
#7319=ORIENTED_EDGE('',*,*,#5088,.F.);
#7320=ORIENTED_EDGE('',*,*,#5089,.F.);
#7321=ORIENTED_EDGE('',*,*,#5090,.T.);
#7322=ORIENTED_EDGE('',*,*,#5089,.T.);
#7323=ORIENTED_EDGE('',*,*,#5091,.F.);
#7324=ORIENTED_EDGE('',*,*,#5075,.F.);
#7325=ORIENTED_EDGE('',*,*,#5091,.T.);
#7326=ORIENTED_EDGE('',*,*,#5088,.T.);
#7327=ORIENTED_EDGE('',*,*,#5085,.T.);
#7328=ORIENTED_EDGE('',*,*,#5082,.T.);
#7329=ORIENTED_EDGE('',*,*,#5079,.T.);
#7330=ORIENTED_EDGE('',*,*,#5076,.T.);
#7331=ORIENTED_EDGE('',*,*,#5071,.T.);
#7332=ORIENTED_EDGE('',*,*,#5090,.F.);
#7333=ORIENTED_EDGE('',*,*,#5074,.F.);
#7334=ORIENTED_EDGE('',*,*,#5078,.F.);
#7335=ORIENTED_EDGE('',*,*,#5081,.F.);
#7336=ORIENTED_EDGE('',*,*,#5084,.F.);
#7337=ORIENTED_EDGE('',*,*,#5087,.F.);
#7338=ORIENTED_EDGE('',*,*,#5073,.F.);
#7339=ORIENTED_EDGE('',*,*,#5092,.T.);
#7340=ORIENTED_EDGE('',*,*,#5093,.T.);
#7341=ORIENTED_EDGE('',*,*,#5094,.F.);
#7342=ORIENTED_EDGE('',*,*,#5093,.F.);
#7343=ORIENTED_EDGE('',*,*,#5095,.F.);
#7344=ORIENTED_EDGE('',*,*,#5096,.T.);
#7345=ORIENTED_EDGE('',*,*,#5097,.T.);
#7346=ORIENTED_EDGE('',*,*,#5098,.F.);
#7347=ORIENTED_EDGE('',*,*,#5099,.F.);
#7348=ORIENTED_EDGE('',*,*,#5100,.T.);
#7349=ORIENTED_EDGE('',*,*,#5101,.T.);
#7350=ORIENTED_EDGE('',*,*,#5096,.F.);
#7351=ORIENTED_EDGE('',*,*,#5102,.F.);
#7352=ORIENTED_EDGE('',*,*,#5103,.T.);
#7353=ORIENTED_EDGE('',*,*,#5104,.T.);
#7354=ORIENTED_EDGE('',*,*,#5100,.F.);
#7355=ORIENTED_EDGE('',*,*,#5105,.F.);
#7356=ORIENTED_EDGE('',*,*,#5106,.T.);
#7357=ORIENTED_EDGE('',*,*,#5107,.T.);
#7358=ORIENTED_EDGE('',*,*,#5103,.F.);
#7359=ORIENTED_EDGE('',*,*,#5108,.F.);
#7360=ORIENTED_EDGE('',*,*,#5109,.T.);
#7361=ORIENTED_EDGE('',*,*,#5110,.T.);
#7362=ORIENTED_EDGE('',*,*,#5106,.F.);
#7363=ORIENTED_EDGE('',*,*,#5111,.F.);
#7364=ORIENTED_EDGE('',*,*,#5098,.T.);
#7365=ORIENTED_EDGE('',*,*,#5112,.T.);
#7366=ORIENTED_EDGE('',*,*,#5109,.F.);
#7367=ORIENTED_EDGE('',*,*,#5112,.F.);
#7368=ORIENTED_EDGE('',*,*,#5097,.F.);
#7369=ORIENTED_EDGE('',*,*,#5101,.F.);
#7370=ORIENTED_EDGE('',*,*,#5104,.F.);
#7371=ORIENTED_EDGE('',*,*,#5107,.F.);
#7372=ORIENTED_EDGE('',*,*,#5110,.F.);
#7373=ORIENTED_EDGE('',*,*,#5092,.F.);
#7374=ORIENTED_EDGE('',*,*,#5111,.T.);
#7375=ORIENTED_EDGE('',*,*,#5108,.T.);
#7376=ORIENTED_EDGE('',*,*,#5105,.T.);
#7377=ORIENTED_EDGE('',*,*,#5102,.T.);
#7378=ORIENTED_EDGE('',*,*,#5099,.T.);
#7379=ORIENTED_EDGE('',*,*,#5095,.T.);
#7380=ORIENTED_EDGE('',*,*,#5094,.T.);
#7381=ORIENTED_EDGE('',*,*,#5113,.T.);
#7382=ORIENTED_EDGE('',*,*,#5114,.T.);
#7383=ORIENTED_EDGE('',*,*,#5115,.F.);
#7384=ORIENTED_EDGE('',*,*,#5114,.F.);
#7385=ORIENTED_EDGE('',*,*,#5116,.F.);
#7386=ORIENTED_EDGE('',*,*,#5117,.T.);
#7387=ORIENTED_EDGE('',*,*,#5118,.T.);
#7388=ORIENTED_EDGE('',*,*,#5119,.F.);
#7389=ORIENTED_EDGE('',*,*,#5120,.F.);
#7390=ORIENTED_EDGE('',*,*,#5121,.T.);
#7391=ORIENTED_EDGE('',*,*,#5122,.T.);
#7392=ORIENTED_EDGE('',*,*,#5117,.F.);
#7393=ORIENTED_EDGE('',*,*,#5123,.F.);
#7394=ORIENTED_EDGE('',*,*,#5124,.T.);
#7395=ORIENTED_EDGE('',*,*,#5125,.T.);
#7396=ORIENTED_EDGE('',*,*,#5121,.F.);
#7397=ORIENTED_EDGE('',*,*,#5126,.F.);
#7398=ORIENTED_EDGE('',*,*,#5127,.T.);
#7399=ORIENTED_EDGE('',*,*,#5128,.T.);
#7400=ORIENTED_EDGE('',*,*,#5124,.F.);
#7401=ORIENTED_EDGE('',*,*,#5129,.F.);
#7402=ORIENTED_EDGE('',*,*,#5130,.T.);
#7403=ORIENTED_EDGE('',*,*,#5131,.T.);
#7404=ORIENTED_EDGE('',*,*,#5127,.F.);
#7405=ORIENTED_EDGE('',*,*,#5132,.F.);
#7406=ORIENTED_EDGE('',*,*,#5119,.T.);
#7407=ORIENTED_EDGE('',*,*,#5133,.T.);
#7408=ORIENTED_EDGE('',*,*,#5130,.F.);
#7409=ORIENTED_EDGE('',*,*,#5133,.F.);
#7410=ORIENTED_EDGE('',*,*,#5118,.F.);
#7411=ORIENTED_EDGE('',*,*,#5122,.F.);
#7412=ORIENTED_EDGE('',*,*,#5125,.F.);
#7413=ORIENTED_EDGE('',*,*,#5128,.F.);
#7414=ORIENTED_EDGE('',*,*,#5131,.F.);
#7415=ORIENTED_EDGE('',*,*,#5113,.F.);
#7416=ORIENTED_EDGE('',*,*,#5132,.T.);
#7417=ORIENTED_EDGE('',*,*,#5129,.T.);
#7418=ORIENTED_EDGE('',*,*,#5126,.T.);
#7419=ORIENTED_EDGE('',*,*,#5123,.T.);
#7420=ORIENTED_EDGE('',*,*,#5120,.T.);
#7421=ORIENTED_EDGE('',*,*,#5116,.T.);
#7422=ORIENTED_EDGE('',*,*,#5115,.T.);
#7423=ORIENTED_EDGE('',*,*,#5134,.F.);
#7424=ORIENTED_EDGE('',*,*,#5135,.T.);
#7425=ORIENTED_EDGE('',*,*,#5136,.T.);
#7426=ORIENTED_EDGE('',*,*,#5135,.F.);
#7427=ORIENTED_EDGE('',*,*,#5137,.T.);
#7428=ORIENTED_EDGE('',*,*,#5138,.T.);
#7429=ORIENTED_EDGE('',*,*,#5139,.F.);
#7430=ORIENTED_EDGE('',*,*,#5140,.F.);
#7431=ORIENTED_EDGE('',*,*,#5141,.T.);
#7432=ORIENTED_EDGE('',*,*,#5140,.T.);
#7433=ORIENTED_EDGE('',*,*,#5142,.F.);
#7434=ORIENTED_EDGE('',*,*,#5143,.F.);
#7435=ORIENTED_EDGE('',*,*,#5144,.T.);
#7436=ORIENTED_EDGE('',*,*,#5143,.T.);
#7437=ORIENTED_EDGE('',*,*,#5145,.F.);
#7438=ORIENTED_EDGE('',*,*,#5146,.F.);
#7439=ORIENTED_EDGE('',*,*,#5147,.T.);
#7440=ORIENTED_EDGE('',*,*,#5146,.T.);
#7441=ORIENTED_EDGE('',*,*,#5148,.F.);
#7442=ORIENTED_EDGE('',*,*,#5149,.F.);
#7443=ORIENTED_EDGE('',*,*,#5150,.T.);
#7444=ORIENTED_EDGE('',*,*,#5149,.T.);
#7445=ORIENTED_EDGE('',*,*,#5151,.F.);
#7446=ORIENTED_EDGE('',*,*,#5152,.F.);
#7447=ORIENTED_EDGE('',*,*,#5153,.T.);
#7448=ORIENTED_EDGE('',*,*,#5152,.T.);
#7449=ORIENTED_EDGE('',*,*,#5154,.F.);
#7450=ORIENTED_EDGE('',*,*,#5138,.F.);
#7451=ORIENTED_EDGE('',*,*,#5154,.T.);
#7452=ORIENTED_EDGE('',*,*,#5151,.T.);
#7453=ORIENTED_EDGE('',*,*,#5148,.T.);
#7454=ORIENTED_EDGE('',*,*,#5145,.T.);
#7455=ORIENTED_EDGE('',*,*,#5142,.T.);
#7456=ORIENTED_EDGE('',*,*,#5139,.T.);
#7457=ORIENTED_EDGE('',*,*,#5134,.T.);
#7458=ORIENTED_EDGE('',*,*,#5153,.F.);
#7459=ORIENTED_EDGE('',*,*,#5137,.F.);
#7460=ORIENTED_EDGE('',*,*,#5141,.F.);
#7461=ORIENTED_EDGE('',*,*,#5144,.F.);
#7462=ORIENTED_EDGE('',*,*,#5147,.F.);
#7463=ORIENTED_EDGE('',*,*,#5150,.F.);
#7464=ORIENTED_EDGE('',*,*,#5136,.F.);
#7465=PLANE('',#8222);
#7466=PLANE('',#8223);
#7467=PLANE('',#8224);
#7468=PLANE('',#8225);
#7469=PLANE('',#8226);
#7470=PLANE('',#8227);
#7471=PLANE('',#8228);
#7472=PLANE('',#8229);
#7473=PLANE('',#8230);
#7474=PLANE('',#8231);
#7475=PLANE('',#8232);
#7476=PLANE('',#8233);
#7477=PLANE('',#8234);
#7478=PLANE('',#8235);
#7479=PLANE('',#8236);
#7480=PLANE('',#8237);
#7481=PLANE('',#8238);
#7482=PLANE('',#8239);
#7483=PLANE('',#8240);
#7484=PLANE('',#8241);
#7485=PLANE('',#8242);
#7486=PLANE('',#8243);
#7487=PLANE('',#8244);
#7488=PLANE('',#8245);
#7489=PLANE('',#8246);
#7490=PLANE('',#8247);
#7491=PLANE('',#8248);
#7492=PLANE('',#8249);
#7493=PLANE('',#8250);
#7494=PLANE('',#8251);
#7495=PLANE('',#8252);
#7496=PLANE('',#8253);
#7497=PLANE('',#8254);
#7498=PLANE('',#8255);
#7499=PLANE('',#8256);
#7500=PLANE('',#8257);
#7501=PLANE('',#8258);
#7502=PLANE('',#8259);
#7503=PLANE('',#8260);
#7504=PLANE('',#8265);
#7505=PLANE('',#8266);
#7506=PLANE('',#8267);
#7507=PLANE('',#8268);
#7508=PLANE('',#8269);
#7509=PLANE('',#8270);
#7510=PLANE('',#8271);
#7511=PLANE('',#8272);
#7512=PLANE('',#8281);
#7513=PLANE('',#8285);
#7514=PLANE('',#8287);
#7515=PLANE('',#8289);
#7516=PLANE('',#8291);
#7517=PLANE('',#8292);
#7518=PLANE('',#8293);
#7519=PLANE('',#8297);
#7520=PLANE('',#8298);
#7521=PLANE('',#8305);
#7522=PLANE('',#8309);
#7523=PLANE('',#8310);
#7524=PLANE('',#8311);
#7525=PLANE('',#8312);
#7526=PLANE('',#8313);
#7527=PLANE('',#8314);
#7528=PLANE('',#8315);
#7529=PLANE('',#8316);
#7530=PLANE('',#8317);
#7531=PLANE('',#8318);
#7532=PLANE('',#8319);
#7533=PLANE('',#8320);
#7534=PLANE('',#8321);
#7535=PLANE('',#8322);
#7536=PLANE('',#8323);
#7537=PLANE('',#8327);
#7538=PLANE('',#8330);
#7539=PLANE('',#8335);
#7540=PLANE('',#8336);
#7541=PLANE('',#8337);
#7542=PLANE('',#8338);
#7543=PLANE('',#8343);
#7544=PLANE('',#8358);
#7545=PLANE('',#8400);
#7546=PLANE('',#8401);
#7547=PLANE('',#8402);
#7548=PLANE('',#8403);
#7549=PLANE('',#8404);
#7550=PLANE('',#8405);
#7551=PLANE('',#8406);
#7552=PLANE('',#8407);
#7553=PLANE('',#8408);
#7554=PLANE('',#8409);
#7555=PLANE('',#8410);
#7556=PLANE('',#8411);
#7557=PLANE('',#8415);
#7558=PLANE('',#8416);
#7559=PLANE('',#8420);
#7560=PLANE('',#8421);
#7561=PLANE('',#8425);
#7562=PLANE('',#8426);
#7563=PLANE('',#8430);
#7564=PLANE('',#8431);
#7565=PLANE('',#8435);
#7566=PLANE('',#8436);
#7567=PLANE('',#8440);
#7568=PLANE('',#8441);
#7569=PLANE('',#8445);
#7570=PLANE('',#8446);
#7571=PLANE('',#8450);
#7572=PLANE('',#8451);
#7573=PLANE('',#8455);
#7574=PLANE('',#8456);
#7575=PLANE('',#8460);
#7576=PLANE('',#8461);
#7577=PLANE('',#8465);
#7578=PLANE('',#8466);
#7579=PLANE('',#8470);
#7580=PLANE('',#8471);
#7581=PLANE('',#8475);
#7582=PLANE('',#8476);
#7583=PLANE('',#8480);
#7584=PLANE('',#8481);
#7585=PLANE('',#8485);
#7586=PLANE('',#8486);
#7587=PLANE('',#8490);
#7588=PLANE('',#8491);
#7589=PLANE('',#8495);
#7590=PLANE('',#8496);
#7591=PLANE('',#8500);
#7592=PLANE('',#8501);
#7593=PLANE('',#8505);
#7594=PLANE('',#8506);
#7595=PLANE('',#8510);
#7596=PLANE('',#8511);
#7597=PLANE('',#8515);
#7598=PLANE('',#8516);
#7599=PLANE('',#8520);
#7600=PLANE('',#8521);
#7601=PLANE('',#8525);
#7602=PLANE('',#8526);
#7603=PLANE('',#8530);
#7604=PLANE('',#8531);
#7605=PLANE('',#8535);
#7606=PLANE('',#8536);
#7607=PLANE('',#8540);
#7608=PLANE('',#8541);
#7609=PLANE('',#8545);
#7610=PLANE('',#8546);
#7611=PLANE('',#8550);
#7612=PLANE('',#8551);
#7613=PLANE('',#8555);
#7614=PLANE('',#8556);
#7615=PLANE('',#8560);
#7616=PLANE('',#8561);
#7617=PLANE('',#8568);
#7618=PLANE('',#8569);
#7619=PLANE('',#8570);
#7620=PLANE('',#8571);
#7621=PLANE('',#8572);
#7622=PLANE('',#8576);
#7623=PLANE('',#8580);
#7624=PLANE('',#8587);
#7625=PLANE('',#8588);
#7626=PLANE('',#8592);
#7627=PLANE('',#8593);
#7628=PLANE('',#8594);
#7629=PLANE('',#8595);
#7630=PLANE('',#8602);
#7631=PLANE('',#8606);
#7632=PLANE('',#8607);
#7633=PLANE('',#8608);
#7634=PLANE('',#8609);
#7635=PLANE('',#8610);
#7636=PLANE('',#8614);
#7637=PLANE('',#8617);
#7638=PLANE('',#8622);
#7639=PLANE('',#8623);
#7640=PLANE('',#8624);
#7641=PLANE('',#8625);
#7642=PLANE('',#8629);
#7643=PLANE('',#8630);
#7644=PLANE('',#8661);
#7645=PLANE('',#8662);
#7646=PLANE('',#8663);
#7647=PLANE('',#8664);
#7648=PLANE('',#8665);
#7649=PLANE('',#8666);
#7650=PLANE('',#8670);
#7651=PLANE('',#8671);
#7652=PLANE('',#8675);
#7653=PLANE('',#8676);
#7654=PLANE('',#8680);
#7655=PLANE('',#8681);
#7656=PLANE('',#8685);
#7657=PLANE('',#8686);
#7658=PLANE('',#8690);
#7659=PLANE('',#8691);
#7660=PLANE('',#8695);
#7661=PLANE('',#8696);
#7662=PLANE('',#8700);
#7663=PLANE('',#8701);
#7664=PLANE('',#8705);
#7665=PLANE('',#8706);
#7666=PLANE('',#8710);
#7667=PLANE('',#8711);
#7668=PLANE('',#8715);
#7669=PLANE('',#8716);
#7670=PLANE('',#8720);
#7671=PLANE('',#8721);
#7672=PLANE('',#8725);
#7673=PLANE('',#8726);
#7674=PLANE('',#8730);
#7675=PLANE('',#8731);
#7676=PLANE('',#8735);
#7677=PLANE('',#8736);
#7678=PLANE('',#8740);
#7679=PLANE('',#8741);
#7680=PLANE('',#8745);
#7681=PLANE('',#8746);
#7682=PLANE('',#8750);
#7683=PLANE('',#8751);
#7684=PLANE('',#8755);
#7685=PLANE('',#8756);
#7686=PLANE('',#8760);
#7687=PLANE('',#8761);
#7688=PLANE('',#8765);
#7689=PLANE('',#8766);
#7690=PLANE('',#8770);
#7691=PLANE('',#8771);
#7692=PLANE('',#8775);
#7693=PLANE('',#8776);
#7694=PLANE('',#8780);
#7695=PLANE('',#8781);
#7696=PLANE('',#8785);
#7697=PLANE('',#8786);
#7698=PLANE('',#8790);
#7699=PLANE('',#8791);
#7700=PLANE('',#8795);
#7701=PLANE('',#8796);
#7702=PLANE('',#8800);
#7703=PLANE('',#8801);
#7704=PLANE('',#8805);
#7705=PLANE('',#8806);
#7706=PLANE('',#8810);
#7707=PLANE('',#8811);
#7708=PLANE('',#8815);
#7709=PLANE('',#8816);
#7710=PLANE('',#8823);
#7711=PLANE('',#8824);
#7712=PLANE('',#8825);
#7713=PLANE('',#8826);
#7714=PLANE('',#8827);
#7715=PLANE('',#8831);
#7716=PLANE('',#8835);
#7717=PLANE('',#8842);
#7718=PLANE('',#8843);
#7719=PLANE('',#8847);
#7720=PLANE('',#8848);
#7721=PLANE('',#8849);
#7722=PLANE('',#8850);
#7723=PLANE('',#8851);
#7724=PLANE('',#8852);
#7725=PLANE('',#8855);
#7726=PLANE('',#8856);
#7727=PLANE('',#8857);
#7728=PLANE('',#8861);
#7729=PLANE('',#8863);
#7730=PLANE('',#8864);
#7731=PLANE('',#8865);
#7732=PLANE('',#8869);
#7733=PLANE('',#8873);
#7734=PLANE('',#8874);
#7735=PLANE('',#8875);
#7736=PLANE('',#8879);
#7737=PLANE('',#8880);
#7738=PLANE('',#8884);
#7739=PLANE('',#8888);
#7740=PLANE('',#8889);
#7741=PLANE('',#8890);
#7742=PLANE('',#8894);
#7743=PLANE('',#8895);
#7744=PLANE('',#8899);
#7745=PLANE('',#8903);
#7746=PLANE('',#8904);
#7747=PLANE('',#8905);
#7748=PLANE('',#8909);
#7749=PLANE('',#8910);
#7750=PLANE('',#8914);
#7751=PLANE('',#8918);
#7752=PLANE('',#8919);
#7753=PLANE('',#8920);
#7754=PLANE('',#8924);
#7755=PLANE('',#8925);
#7756=ADVANCED_FACE('',(#545),#7465,.F.);
#7757=ADVANCED_FACE('',(#546),#7466,.F.);
#7758=ADVANCED_FACE('',(#547),#7467,.F.);
#7759=ADVANCED_FACE('',(#548),#7468,.F.);
#7760=ADVANCED_FACE('',(#549),#7469,.F.);
#7761=ADVANCED_FACE('',(#550,#474),#7470,.T.);
#7762=ADVANCED_FACE('',(#551),#7471,.F.);
#7763=ADVANCED_FACE('',(#552),#7472,.F.);
#7764=ADVANCED_FACE('',(#553),#7473,.F.);
#7765=ADVANCED_FACE('',(#554),#7474,.F.);
#7766=ADVANCED_FACE('',(#555),#7475,.F.);
#7767=ADVANCED_FACE('',(#556),#7476,.F.);
#7768=ADVANCED_FACE('',(#557),#7477,.F.);
#7769=ADVANCED_FACE('',(#558),#7478,.F.);
#7770=ADVANCED_FACE('',(#559),#7479,.F.);
#7771=ADVANCED_FACE('',(#560),#7480,.F.);
#7772=ADVANCED_FACE('',(#561),#7481,.F.);
#7773=ADVANCED_FACE('',(#562),#7482,.F.);
#7774=ADVANCED_FACE('',(#563),#7483,.F.);
#7775=ADVANCED_FACE('',(#564),#7484,.F.);
#7776=ADVANCED_FACE('',(#565),#7485,.F.);
#7777=ADVANCED_FACE('',(#566),#7486,.F.);
#7778=ADVANCED_FACE('',(#567),#7487,.F.);
#7779=ADVANCED_FACE('',(#568),#7488,.F.);
#7780=ADVANCED_FACE('',(#569),#7489,.F.);
#7781=ADVANCED_FACE('',(#570),#7490,.F.);
#7782=ADVANCED_FACE('',(#571),#7491,.F.);
#7783=ADVANCED_FACE('',(#572),#7492,.F.);
#7784=ADVANCED_FACE('',(#573),#7493,.F.);
#7785=ADVANCED_FACE('',(#574),#7494,.F.);
#7786=ADVANCED_FACE('',(#575),#7495,.F.);
#7787=ADVANCED_FACE('',(#576),#7496,.F.);
#7788=ADVANCED_FACE('',(#577),#7497,.F.);
#7789=ADVANCED_FACE('',(#578),#7498,.F.);
#7790=ADVANCED_FACE('',(#579),#7499,.F.);
#7791=ADVANCED_FACE('',(#580),#7500,.T.);
#7792=ADVANCED_FACE('',(#581),#7501,.T.);
#7793=ADVANCED_FACE('',(#582),#7502,.T.);
#7794=ADVANCED_FACE('',(#583,#475),#7503,.F.);
#7795=ADVANCED_FACE('',(#584),#7504,.F.);
#7796=ADVANCED_FACE('',(#585),#7505,.F.);
#7797=ADVANCED_FACE('',(#586),#7506,.F.);
#7798=ADVANCED_FACE('',(#587),#7507,.F.);
#7799=ADVANCED_FACE('',(#588),#7508,.F.);
#7800=ADVANCED_FACE('',(#589),#7509,.F.);
#7801=ADVANCED_FACE('',(#590),#7510,.F.);
#7802=ADVANCED_FACE('',(#591,#476),#7511,.T.);
#7803=ADVANCED_FACE('',(#592),#69,.T.);
#7804=ADVANCED_FACE('',(#593),#7512,.F.);
#7805=ADVANCED_FACE('',(#594),#70,.T.);
#7806=ADVANCED_FACE('',(#595),#71,.F.);
#7807=ADVANCED_FACE('',(#596),#7513,.F.);
#7808=ADVANCED_FACE('',(#597),#72,.F.);
#7809=ADVANCED_FACE('',(#598),#7514,.F.);
#7810=ADVANCED_FACE('',(#599),#73,.F.);
#7811=ADVANCED_FACE('',(#600),#7515,.F.);
#7812=ADVANCED_FACE('',(#601),#74,.F.);
#7813=ADVANCED_FACE('',(#602),#7516,.F.);
#7814=ADVANCED_FACE('',(#603),#7517,.F.);
#7815=ADVANCED_FACE('',(#604,#477),#7518,.T.);
#7816=ADVANCED_FACE('',(#605),#75,.T.);
#7817=ADVANCED_FACE('',(#606),#7519,.T.);
#7818=ADVANCED_FACE('',(#607),#7520,.F.);
#7819=ADVANCED_FACE('',(#608),#76,.F.);
#7820=ADVANCED_FACE('',(#609),#77,.T.);
#7821=ADVANCED_FACE('',(#610),#7521,.T.);
#7822=ADVANCED_FACE('',(#611),#78,.T.);
#7823=ADVANCED_FACE('',(#612),#7522,.T.);
#7824=ADVANCED_FACE('',(#613),#7523,.T.);
#7825=ADVANCED_FACE('',(#614),#7524,.T.);
#7826=ADVANCED_FACE('',(#615,#478),#7525,.T.);
#7827=ADVANCED_FACE('',(#616,#479),#7526,.F.);
#7828=ADVANCED_FACE('',(#617),#7527,.T.);
#7829=ADVANCED_FACE('',(#618),#7528,.T.);
#7830=ADVANCED_FACE('',(#619),#7529,.T.);
#7831=ADVANCED_FACE('',(#620),#7530,.T.);
#7832=ADVANCED_FACE('',(#621),#7531,.T.);
#7833=ADVANCED_FACE('',(#622),#7532,.T.);
#7834=ADVANCED_FACE('',(#623),#7533,.T.);
#7835=ADVANCED_FACE('',(#624),#7534,.T.);
#7836=ADVANCED_FACE('',(#625,#480),#7535,.T.);
#7837=ADVANCED_FACE('',(#626,#481),#7536,.F.);
#7838=ADVANCED_FACE('',(#627),#79,.T.);
#7839=ADVANCED_FACE('',(#628,#482),#7537,.T.);
#7840=ADVANCED_FACE('',(#629),#7538,.T.);
#7841=ADVANCED_FACE('',(#630),#80,.T.);
#7842=ADVANCED_FACE('',(#631),#81,.F.);
#7843=ADVANCED_FACE('',(#632),#7539,.T.);
#7844=ADVANCED_FACE('',(#633,#483),#7540,.T.);
#7845=ADVANCED_FACE('',(#634),#7541,.T.);
#7846=ADVANCED_FACE('',(#635),#7542,.F.);
#7847=ADVANCED_FACE('',(#636),#23,.T.);
#7848=ADVANCED_FACE('',(#637),#7543,.F.);
#7849=ADVANCED_FACE('',(#638),#82,.T.);
#7850=ADVANCED_FACE('',(#639),#19,.F.);
#7851=ADVANCED_FACE('',(#640),#24,.T.);
#7852=ADVANCED_FACE('',(#641),#20,.T.);
#7853=ADVANCED_FACE('',(#642),#25,.T.);
#7854=ADVANCED_FACE('',(#643),#7544,.T.);
#7855=ADVANCED_FACE('',(#644),#83,.T.);
#7856=ADVANCED_FACE('',(#645),#21,.F.);
#7857=ADVANCED_FACE('',(#646),#26,.T.);
#7858=ADVANCED_FACE('',(#647),#22,.T.);
#7859=ADVANCED_FACE('',(#648),#84,.T.);
#7860=ADVANCED_FACE('',(#649),#85,.F.);
#7861=ADVANCED_FACE('',(#650),#86,.F.);
#7862=ADVANCED_FACE('',(#651),#87,.F.);
#7863=ADVANCED_FACE('',(#652),#88,.F.);
#7864=ADVANCED_FACE('',(#653),#89,.F.);
#7865=ADVANCED_FACE('',(#654),#90,.F.);
#7866=ADVANCED_FACE('',(#655),#91,.F.);
#7867=ADVANCED_FACE('',(#656),#92,.F.);
#7868=ADVANCED_FACE('',(#657),#93,.F.);
#7869=ADVANCED_FACE('',(#658),#94,.F.);
#7870=ADVANCED_FACE('',(#659),#7545,.T.);
#7871=ADVANCED_FACE('',(#660),#7546,.T.);
#7872=ADVANCED_FACE('',(#661),#7547,.T.);
#7873=ADVANCED_FACE('',(#662),#7548,.T.);
#7874=ADVANCED_FACE('',(#663,#484,#485,#486,#487,#488,#489,#490,#491,#492,
#493),#7549,.T.);
#7875=ADVANCED_FACE('',(#664,#494,#495,#496,#497,#498,#499,#500,#501,#502,
#503),#7550,.F.);
#7876=ADVANCED_FACE('',(#665),#7551,.T.);
#7877=ADVANCED_FACE('',(#666),#7552,.T.);
#7878=ADVANCED_FACE('',(#667),#7553,.T.);
#7879=ADVANCED_FACE('',(#668),#7554,.T.);
#7880=ADVANCED_FACE('',(#669),#7555,.T.);
#7881=ADVANCED_FACE('',(#670),#7556,.F.);
#7882=ADVANCED_FACE('',(#671),#95,.F.);
#7883=ADVANCED_FACE('',(#672),#7557,.T.);
#7884=ADVANCED_FACE('',(#673),#7558,.T.);
#7885=ADVANCED_FACE('',(#674),#96,.F.);
#7886=ADVANCED_FACE('',(#675),#7559,.T.);
#7887=ADVANCED_FACE('',(#676),#7560,.T.);
#7888=ADVANCED_FACE('',(#677),#97,.F.);
#7889=ADVANCED_FACE('',(#678),#7561,.T.);
#7890=ADVANCED_FACE('',(#679),#7562,.T.);
#7891=ADVANCED_FACE('',(#680),#98,.F.);
#7892=ADVANCED_FACE('',(#681),#7563,.T.);
#7893=ADVANCED_FACE('',(#682),#7564,.T.);
#7894=ADVANCED_FACE('',(#683),#99,.F.);
#7895=ADVANCED_FACE('',(#684),#7565,.T.);
#7896=ADVANCED_FACE('',(#685),#7566,.T.);
#7897=ADVANCED_FACE('',(#686),#100,.F.);
#7898=ADVANCED_FACE('',(#687),#7567,.T.);
#7899=ADVANCED_FACE('',(#688),#7568,.T.);
#7900=ADVANCED_FACE('',(#689),#101,.F.);
#7901=ADVANCED_FACE('',(#690),#7569,.T.);
#7902=ADVANCED_FACE('',(#691),#7570,.T.);
#7903=ADVANCED_FACE('',(#692),#102,.F.);
#7904=ADVANCED_FACE('',(#693),#7571,.T.);
#7905=ADVANCED_FACE('',(#694),#7572,.T.);
#7906=ADVANCED_FACE('',(#695),#103,.F.);
#7907=ADVANCED_FACE('',(#696),#7573,.T.);
#7908=ADVANCED_FACE('',(#697),#7574,.T.);
#7909=ADVANCED_FACE('',(#698),#104,.F.);
#7910=ADVANCED_FACE('',(#699),#7575,.T.);
#7911=ADVANCED_FACE('',(#700),#7576,.T.);
#7912=ADVANCED_FACE('',(#701),#105,.F.);
#7913=ADVANCED_FACE('',(#702),#7577,.T.);
#7914=ADVANCED_FACE('',(#703),#7578,.T.);
#7915=ADVANCED_FACE('',(#704),#106,.F.);
#7916=ADVANCED_FACE('',(#705),#7579,.T.);
#7917=ADVANCED_FACE('',(#706),#7580,.T.);
#7918=ADVANCED_FACE('',(#707),#107,.F.);
#7919=ADVANCED_FACE('',(#708),#7581,.T.);
#7920=ADVANCED_FACE('',(#709),#7582,.T.);
#7921=ADVANCED_FACE('',(#710),#108,.F.);
#7922=ADVANCED_FACE('',(#711),#7583,.T.);
#7923=ADVANCED_FACE('',(#712),#7584,.T.);
#7924=ADVANCED_FACE('',(#713),#109,.F.);
#7925=ADVANCED_FACE('',(#714),#7585,.T.);
#7926=ADVANCED_FACE('',(#715),#7586,.T.);
#7927=ADVANCED_FACE('',(#716),#110,.F.);
#7928=ADVANCED_FACE('',(#717),#7587,.T.);
#7929=ADVANCED_FACE('',(#718),#7588,.T.);
#7930=ADVANCED_FACE('',(#719),#111,.F.);
#7931=ADVANCED_FACE('',(#720),#7589,.T.);
#7932=ADVANCED_FACE('',(#721),#7590,.T.);
#7933=ADVANCED_FACE('',(#722),#112,.F.);
#7934=ADVANCED_FACE('',(#723),#7591,.T.);
#7935=ADVANCED_FACE('',(#724),#7592,.T.);
#7936=ADVANCED_FACE('',(#725),#113,.F.);
#7937=ADVANCED_FACE('',(#726),#7593,.T.);
#7938=ADVANCED_FACE('',(#727),#7594,.T.);
#7939=ADVANCED_FACE('',(#728),#114,.F.);
#7940=ADVANCED_FACE('',(#729),#7595,.T.);
#7941=ADVANCED_FACE('',(#730),#7596,.T.);
#7942=ADVANCED_FACE('',(#731),#115,.F.);
#7943=ADVANCED_FACE('',(#732),#7597,.T.);
#7944=ADVANCED_FACE('',(#733),#7598,.T.);
#7945=ADVANCED_FACE('',(#734),#116,.F.);
#7946=ADVANCED_FACE('',(#735),#7599,.T.);
#7947=ADVANCED_FACE('',(#736),#7600,.T.);
#7948=ADVANCED_FACE('',(#737),#117,.F.);
#7949=ADVANCED_FACE('',(#738),#7601,.T.);
#7950=ADVANCED_FACE('',(#739),#7602,.T.);
#7951=ADVANCED_FACE('',(#740),#118,.F.);
#7952=ADVANCED_FACE('',(#741),#7603,.T.);
#7953=ADVANCED_FACE('',(#742),#7604,.T.);
#7954=ADVANCED_FACE('',(#743),#119,.F.);
#7955=ADVANCED_FACE('',(#744),#7605,.T.);
#7956=ADVANCED_FACE('',(#745),#7606,.T.);
#7957=ADVANCED_FACE('',(#746),#120,.F.);
#7958=ADVANCED_FACE('',(#747),#7607,.T.);
#7959=ADVANCED_FACE('',(#748),#7608,.T.);
#7960=ADVANCED_FACE('',(#749),#121,.F.);
#7961=ADVANCED_FACE('',(#750),#7609,.T.);
#7962=ADVANCED_FACE('',(#751),#7610,.T.);
#7963=ADVANCED_FACE('',(#752),#122,.F.);
#7964=ADVANCED_FACE('',(#753),#7611,.T.);
#7965=ADVANCED_FACE('',(#754),#7612,.T.);
#7966=ADVANCED_FACE('',(#755),#123,.F.);
#7967=ADVANCED_FACE('',(#756),#7613,.T.);
#7968=ADVANCED_FACE('',(#757),#7614,.T.);
#7969=ADVANCED_FACE('',(#758),#124,.F.);
#7970=ADVANCED_FACE('',(#759),#7615,.T.);
#7971=ADVANCED_FACE('',(#760),#7616,.T.);
#7972=ADVANCED_FACE('',(#761),#125,.T.);
#7973=ADVANCED_FACE('',(#762),#126,.T.);
#7974=ADVANCED_FACE('',(#763),#7617,.T.);
#7975=ADVANCED_FACE('',(#764),#7618,.T.);
#7976=ADVANCED_FACE('',(#765),#7619,.T.);
#7977=ADVANCED_FACE('',(#766),#7620,.T.);
#7978=ADVANCED_FACE('',(#767),#7621,.F.);
#7979=ADVANCED_FACE('',(#768),#127,.F.);
#7980=ADVANCED_FACE('',(#769),#7622,.T.);
#7981=ADVANCED_FACE('',(#770),#128,.F.);
#7982=ADVANCED_FACE('',(#771),#7623,.T.);
#7983=ADVANCED_FACE('',(#772),#129,.F.);
#7984=ADVANCED_FACE('',(#773),#130,.F.);
#7985=ADVANCED_FACE('',(#774),#7624,.T.);
#7986=ADVANCED_FACE('',(#775),#17,.T.);
#7987=ADVANCED_FACE('',(#776),#7625,.T.);
#7988=ADVANCED_FACE('',(#777),#131,.T.);
#7989=ADVANCED_FACE('',(#778),#7626,.T.);
#7990=ADVANCED_FACE('',(#779),#7627,.T.);
#7991=ADVANCED_FACE('',(#780,#504,#505),#7628,.T.);
#7992=ADVANCED_FACE('',(#781,#506,#507),#7629,.F.);
#7993=ADVANCED_FACE('',(#782),#132,.F.);
#7994=ADVANCED_FACE('',(#783),#133,.T.);
#7995=ADVANCED_FACE('',(#784),#7630,.F.);
#7996=ADVANCED_FACE('',(#785),#134,.T.);
#7997=ADVANCED_FACE('',(#786),#7631,.F.);
#7998=ADVANCED_FACE('',(#787),#7632,.F.);
#7999=ADVANCED_FACE('',(#788),#7633,.F.);
#8000=ADVANCED_FACE('',(#789,#508),#7634,.F.);
#8001=ADVANCED_FACE('',(#790,#509),#7635,.T.);
#8002=ADVANCED_FACE('',(#791),#135,.T.);
#8003=ADVANCED_FACE('',(#792,#510),#7636,.F.);
#8004=ADVANCED_FACE('',(#793),#7637,.F.);
#8005=ADVANCED_FACE('',(#794),#136,.T.);
#8006=ADVANCED_FACE('',(#795),#137,.F.);
#8007=ADVANCED_FACE('',(#796),#7638,.F.);
#8008=ADVANCED_FACE('',(#797,#511),#7639,.F.);
#8009=ADVANCED_FACE('',(#798),#7640,.F.);
#8010=ADVANCED_FACE('',(#799),#7641,.T.);
#8011=ADVANCED_FACE('',(#800),#138,.T.);
#8012=ADVANCED_FACE('',(#801),#7642,.F.);
#8013=ADVANCED_FACE('',(#802),#7643,.T.);
#8014=ADVANCED_FACE('',(#803),#139,.F.);
#8015=ADVANCED_FACE('',(#804),#140,.F.);
#8016=ADVANCED_FACE('',(#805),#141,.F.);
#8017=ADVANCED_FACE('',(#806),#142,.F.);
#8018=ADVANCED_FACE('',(#807),#143,.F.);
#8019=ADVANCED_FACE('',(#808),#144,.F.);
#8020=ADVANCED_FACE('',(#809),#145,.F.);
#8021=ADVANCED_FACE('',(#810),#146,.F.);
#8022=ADVANCED_FACE('',(#811),#147,.F.);
#8023=ADVANCED_FACE('',(#812),#148,.F.);
#8024=ADVANCED_FACE('',(#813),#7644,.F.);
#8025=ADVANCED_FACE('',(#814),#7645,.F.);
#8026=ADVANCED_FACE('',(#815),#7646,.F.);
#8027=ADVANCED_FACE('',(#816),#7647,.F.);
#8028=ADVANCED_FACE('',(#817,#512,#513,#514,#515,#516,#517,#518,#519,#520,
#521),#7648,.F.);
#8029=ADVANCED_FACE('',(#818,#522,#523,#524,#525,#526,#527,#528,#529,#530,
#531),#7649,.T.);
#8030=ADVANCED_FACE('',(#819),#149,.F.);
#8031=ADVANCED_FACE('',(#820),#7650,.F.);
#8032=ADVANCED_FACE('',(#821),#7651,.F.);
#8033=ADVANCED_FACE('',(#822),#150,.F.);
#8034=ADVANCED_FACE('',(#823),#7652,.F.);
#8035=ADVANCED_FACE('',(#824),#7653,.F.);
#8036=ADVANCED_FACE('',(#825),#151,.F.);
#8037=ADVANCED_FACE('',(#826),#7654,.F.);
#8038=ADVANCED_FACE('',(#827),#7655,.F.);
#8039=ADVANCED_FACE('',(#828),#152,.F.);
#8040=ADVANCED_FACE('',(#829),#7656,.F.);
#8041=ADVANCED_FACE('',(#830),#7657,.F.);
#8042=ADVANCED_FACE('',(#831),#153,.F.);
#8043=ADVANCED_FACE('',(#832),#7658,.F.);
#8044=ADVANCED_FACE('',(#833),#7659,.F.);
#8045=ADVANCED_FACE('',(#834),#154,.F.);
#8046=ADVANCED_FACE('',(#835),#7660,.F.);
#8047=ADVANCED_FACE('',(#836),#7661,.F.);
#8048=ADVANCED_FACE('',(#837),#155,.F.);
#8049=ADVANCED_FACE('',(#838),#7662,.F.);
#8050=ADVANCED_FACE('',(#839),#7663,.F.);
#8051=ADVANCED_FACE('',(#840),#156,.F.);
#8052=ADVANCED_FACE('',(#841),#7664,.F.);
#8053=ADVANCED_FACE('',(#842),#7665,.F.);
#8054=ADVANCED_FACE('',(#843),#157,.F.);
#8055=ADVANCED_FACE('',(#844),#7666,.F.);
#8056=ADVANCED_FACE('',(#845),#7667,.F.);
#8057=ADVANCED_FACE('',(#846),#158,.F.);
#8058=ADVANCED_FACE('',(#847),#7668,.F.);
#8059=ADVANCED_FACE('',(#848),#7669,.F.);
#8060=ADVANCED_FACE('',(#849),#159,.F.);
#8061=ADVANCED_FACE('',(#850),#7670,.F.);
#8062=ADVANCED_FACE('',(#851),#7671,.F.);
#8063=ADVANCED_FACE('',(#852),#160,.F.);
#8064=ADVANCED_FACE('',(#853),#7672,.F.);
#8065=ADVANCED_FACE('',(#854),#7673,.F.);
#8066=ADVANCED_FACE('',(#855),#161,.F.);
#8067=ADVANCED_FACE('',(#856),#7674,.F.);
#8068=ADVANCED_FACE('',(#857),#7675,.F.);
#8069=ADVANCED_FACE('',(#858),#162,.F.);
#8070=ADVANCED_FACE('',(#859),#7676,.F.);
#8071=ADVANCED_FACE('',(#860),#7677,.F.);
#8072=ADVANCED_FACE('',(#861),#163,.F.);
#8073=ADVANCED_FACE('',(#862),#7678,.F.);
#8074=ADVANCED_FACE('',(#863),#7679,.F.);
#8075=ADVANCED_FACE('',(#864),#164,.F.);
#8076=ADVANCED_FACE('',(#865),#7680,.F.);
#8077=ADVANCED_FACE('',(#866),#7681,.F.);
#8078=ADVANCED_FACE('',(#867),#165,.F.);
#8079=ADVANCED_FACE('',(#868),#7682,.F.);
#8080=ADVANCED_FACE('',(#869),#7683,.F.);
#8081=ADVANCED_FACE('',(#870),#166,.F.);
#8082=ADVANCED_FACE('',(#871),#7684,.F.);
#8083=ADVANCED_FACE('',(#872),#7685,.F.);
#8084=ADVANCED_FACE('',(#873),#167,.F.);
#8085=ADVANCED_FACE('',(#874),#7686,.F.);
#8086=ADVANCED_FACE('',(#875),#7687,.F.);
#8087=ADVANCED_FACE('',(#876),#168,.F.);
#8088=ADVANCED_FACE('',(#877),#7688,.F.);
#8089=ADVANCED_FACE('',(#878),#7689,.F.);
#8090=ADVANCED_FACE('',(#879),#169,.F.);
#8091=ADVANCED_FACE('',(#880),#7690,.F.);
#8092=ADVANCED_FACE('',(#881),#7691,.F.);
#8093=ADVANCED_FACE('',(#882),#170,.F.);
#8094=ADVANCED_FACE('',(#883),#7692,.F.);
#8095=ADVANCED_FACE('',(#884),#7693,.F.);
#8096=ADVANCED_FACE('',(#885),#171,.F.);
#8097=ADVANCED_FACE('',(#886),#7694,.F.);
#8098=ADVANCED_FACE('',(#887),#7695,.F.);
#8099=ADVANCED_FACE('',(#888),#172,.F.);
#8100=ADVANCED_FACE('',(#889),#7696,.F.);
#8101=ADVANCED_FACE('',(#890),#7697,.F.);
#8102=ADVANCED_FACE('',(#891),#173,.F.);
#8103=ADVANCED_FACE('',(#892),#7698,.F.);
#8104=ADVANCED_FACE('',(#893),#7699,.F.);
#8105=ADVANCED_FACE('',(#894),#174,.F.);
#8106=ADVANCED_FACE('',(#895),#7700,.F.);
#8107=ADVANCED_FACE('',(#896),#7701,.F.);
#8108=ADVANCED_FACE('',(#897),#175,.F.);
#8109=ADVANCED_FACE('',(#898),#7702,.F.);
#8110=ADVANCED_FACE('',(#899),#7703,.F.);
#8111=ADVANCED_FACE('',(#900),#176,.F.);
#8112=ADVANCED_FACE('',(#901),#7704,.F.);
#8113=ADVANCED_FACE('',(#902),#7705,.F.);
#8114=ADVANCED_FACE('',(#903),#177,.F.);
#8115=ADVANCED_FACE('',(#904),#7706,.F.);
#8116=ADVANCED_FACE('',(#905),#7707,.F.);
#8117=ADVANCED_FACE('',(#906),#178,.F.);
#8118=ADVANCED_FACE('',(#907),#7708,.F.);
#8119=ADVANCED_FACE('',(#908),#7709,.F.);
#8120=ADVANCED_FACE('',(#909),#179,.T.);
#8121=ADVANCED_FACE('',(#910),#180,.T.);
#8122=ADVANCED_FACE('',(#911),#7710,.F.);
#8123=ADVANCED_FACE('',(#912),#7711,.F.);
#8124=ADVANCED_FACE('',(#913),#7712,.F.);
#8125=ADVANCED_FACE('',(#914),#7713,.F.);
#8126=ADVANCED_FACE('',(#915),#7714,.T.);
#8127=ADVANCED_FACE('',(#916),#181,.F.);
#8128=ADVANCED_FACE('',(#917),#7715,.F.);
#8129=ADVANCED_FACE('',(#918),#182,.F.);
#8130=ADVANCED_FACE('',(#919),#7716,.F.);
#8131=ADVANCED_FACE('',(#920),#183,.F.);
#8132=ADVANCED_FACE('',(#921),#184,.F.);
#8133=ADVANCED_FACE('',(#922),#7717,.F.);
#8134=ADVANCED_FACE('',(#923),#18,.F.);
#8135=ADVANCED_FACE('',(#924),#7718,.F.);
#8136=ADVANCED_FACE('',(#925),#185,.T.);
#8137=ADVANCED_FACE('',(#926),#7719,.F.);
#8138=ADVANCED_FACE('',(#927),#7720,.F.);
#8139=ADVANCED_FACE('',(#928,#532,#533),#7721,.F.);
#8140=ADVANCED_FACE('',(#929,#534,#535),#7722,.T.);
#8141=ADVANCED_FACE('',(#930,#536),#7723,.F.);
#8142=ADVANCED_FACE('',(#931),#7724,.T.);
#8143=ADVANCED_FACE('',(#932),#7725,.F.);
#8144=ADVANCED_FACE('',(#933),#7726,.F.);
#8145=ADVANCED_FACE('',(#934),#7727,.T.);
#8146=ADVANCED_FACE('',(#935),#186,.T.);
#8147=ADVANCED_FACE('',(#936),#7728,.T.);
#8148=ADVANCED_FACE('',(#937),#187,.T.);
#8149=ADVANCED_FACE('',(#938),#7729,.F.);
#8150=ADVANCED_FACE('',(#939),#7730,.F.);
#8151=ADVANCED_FACE('',(#940),#7731,.F.);
#8152=ADVANCED_FACE('',(#941),#188,.F.);
#8153=ADVANCED_FACE('',(#942),#7732,.T.);
#8154=ADVANCED_FACE('',(#943),#189,.T.);
#8155=ADVANCED_FACE('',(#944),#7733,.T.);
#8156=ADVANCED_FACE('',(#945),#7734,.T.);
#8157=ADVANCED_FACE('',(#946),#7735,.T.);
#8158=ADVANCED_FACE('',(#947),#190,.T.);
#8159=ADVANCED_FACE('',(#948,#537),#7736,.T.);
#8160=ADVANCED_FACE('',(#949,#538),#7737,.F.);
#8161=ADVANCED_FACE('',(#950),#191,.F.);
#8162=ADVANCED_FACE('',(#951),#7738,.F.);
#8163=ADVANCED_FACE('',(#952),#192,.T.);
#8164=ADVANCED_FACE('',(#953),#7739,.F.);
#8165=ADVANCED_FACE('',(#954),#7740,.F.);
#8166=ADVANCED_FACE('',(#955),#7741,.F.);
#8167=ADVANCED_FACE('',(#956),#193,.T.);
#8168=ADVANCED_FACE('',(#957,#539),#7742,.F.);
#8169=ADVANCED_FACE('',(#958,#540),#7743,.T.);
#8170=ADVANCED_FACE('',(#959),#194,.F.);
#8171=ADVANCED_FACE('',(#960),#7744,.F.);
#8172=ADVANCED_FACE('',(#961),#195,.T.);
#8173=ADVANCED_FACE('',(#962),#7745,.F.);
#8174=ADVANCED_FACE('',(#963),#7746,.F.);
#8175=ADVANCED_FACE('',(#964),#7747,.F.);
#8176=ADVANCED_FACE('',(#965),#196,.T.);
#8177=ADVANCED_FACE('',(#966,#541),#7748,.F.);
#8178=ADVANCED_FACE('',(#967,#542),#7749,.T.);
#8179=ADVANCED_FACE('',(#968),#197,.F.);
#8180=ADVANCED_FACE('',(#969),#7750,.T.);
#8181=ADVANCED_FACE('',(#970),#198,.T.);
#8182=ADVANCED_FACE('',(#971),#7751,.T.);
#8183=ADVANCED_FACE('',(#972),#7752,.T.);
#8184=ADVANCED_FACE('',(#973),#7753,.T.);
#8185=ADVANCED_FACE('',(#974),#199,.T.);
#8186=ADVANCED_FACE('',(#975,#543),#7754,.T.);
#8187=ADVANCED_FACE('',(#976,#544),#7755,.F.);
#8188=CLOSED_SHELL('',(#7756,#7757,#7758,#7759,#7760,#7761,#7762,#7763,
#7764,#7765,#7766,#7767,#7768,#7769,#7770,#7771,#7772,#7773,#7774,#7775,
#7776,#7777,#7778,#7779,#7780,#7781,#7782,#7783,#7784,#7785,#7786,#7787,
#7788,#7789,#7790,#7791,#7792,#7793,#7794,#7795,#7796,#7797,#7798,#7799,
#7800,#7801,#7802,#7803,#7804,#7805,#7806,#7807,#7808,#7809,#7810,#7811,
#7812,#7813,#7814,#7815));
#8189=CLOSED_SHELL('',(#7816,#7817,#7818));
#8190=CLOSED_SHELL('',(#7819,#7820,#7821,#7822,#7823,#7824,#7825,#7826,
#7827));
#8191=CLOSED_SHELL('',(#7828,#7829,#7830,#7831,#7832,#7833,#7834,#7835,
#7836,#7837));
#8192=CLOSED_SHELL('',(#7838,#7839,#7840,#7841,#7842,#7843,#7844,#7845,
#7846));
#8193=CLOSED_SHELL('',(#7847,#7848,#7849,#7850,#7851,#7852,#7853,#7854,
#7855,#7856,#7857,#7858,#7859));
#8194=CLOSED_SHELL('',(#7860,#7861,#7862,#7863,#7864,#7865,#7866,#7867,
#7868,#7869,#7870,#7871,#7872,#7873,#7874,#7875));
#8195=CLOSED_SHELL('',(#7876,#7877,#7878,#7879,#7880,#7881));
#8196=CLOSED_SHELL('',(#7882,#7883,#7884,#7885,#7886,#7887,#7888,#7889,
#7890,#7891,#7892,#7893,#7894,#7895,#7896,#7897,#7898,#7899,#7900,#7901,
#7902,#7903,#7904,#7905,#7906,#7907,#7908,#7909,#7910,#7911,#7912,#7913,
#7914,#7915,#7916,#7917,#7918,#7919,#7920,#7921,#7922,#7923,#7924,#7925,
#7926,#7927,#7928,#7929,#7930,#7931,#7932,#7933,#7934,#7935,#7936,#7937,
#7938,#7939,#7940,#7941,#7942,#7943,#7944,#7945,#7946,#7947,#7948,#7949,
#7950,#7951,#7952,#7953,#7954,#7955,#7956,#7957,#7958,#7959,#7960,#7961,
#7962,#7963,#7964,#7965,#7966,#7967,#7968,#7969,#7970,#7971,#7972,#7973,
#7974,#7975,#7976,#7977,#7978));
#8197=CLOSED_SHELL('',(#7979,#7980,#7981,#7982,#7983,#7984,#7985,#7986,
#7987,#7988,#7989,#7990,#7991,#7992));
#8198=CLOSED_SHELL('',(#7993,#7994,#7995,#7996,#7997,#7998,#7999,#8000,
#8001));
#8199=CLOSED_SHELL('',(#8002,#8003,#8004,#8005,#8006,#8007,#8008,#8009,
#8010));
#8200=CLOSED_SHELL('',(#8011,#8012,#8013));
#8201=CLOSED_SHELL('',(#8014,#8015,#8016,#8017,#8018,#8019,#8020,#8021,
#8022,#8023,#8024,#8025,#8026,#8027,#8028,#8029));
#8202=CLOSED_SHELL('',(#8030,#8031,#8032,#8033,#8034,#8035,#8036,#8037,
#8038,#8039,#8040,#8041,#8042,#8043,#8044,#8045,#8046,#8047,#8048,#8049,
#8050,#8051,#8052,#8053,#8054,#8055,#8056,#8057,#8058,#8059,#8060,#8061,
#8062,#8063,#8064,#8065,#8066,#8067,#8068,#8069,#8070,#8071,#8072,#8073,
#8074,#8075,#8076,#8077,#8078,#8079,#8080,#8081,#8082,#8083,#8084,#8085,
#8086,#8087,#8088,#8089,#8090,#8091,#8092,#8093,#8094,#8095,#8096,#8097,
#8098,#8099,#8100,#8101,#8102,#8103,#8104,#8105,#8106,#8107,#8108,#8109,
#8110,#8111,#8112,#8113,#8114,#8115,#8116,#8117,#8118,#8119,#8120,#8121,
#8122,#8123,#8124,#8125,#8126));
#8203=CLOSED_SHELL('',(#8127,#8128,#8129,#8130,#8131,#8132,#8133,#8134,
#8135,#8136,#8137,#8138,#8139,#8140));
#8204=CLOSED_SHELL('',(#8141,#8142,#8143,#8144,#8145,#8146,#8147,#8148,
#8149,#8150,#8151));
#8205=CLOSED_SHELL('',(#8152,#8153,#8154,#8155,#8156,#8157,#8158,#8159,
#8160));
#8206=CLOSED_SHELL('',(#8161,#8162,#8163,#8164,#8165,#8166,#8167,#8168,
#8169));
#8207=CLOSED_SHELL('',(#8170,#8171,#8172,#8173,#8174,#8175,#8176,#8177,
#8178));
#8208=CLOSED_SHELL('',(#8179,#8180,#8181,#8182,#8183,#8184,#8185,#8186,
#8187));
#8209=DERIVED_UNIT_ELEMENT(#8211,1.);
#8210=DERIVED_UNIT_ELEMENT(#13606,-3.);
#8211=(
MASS_UNIT()
NAMED_UNIT(*)
SI_UNIT(.KILO.,.GRAM.)
);
#8212=DERIVED_UNIT((#8209,#8210));
#8213=MEASURE_REPRESENTATION_ITEM('density measure',
POSITIVE_RATIO_MEASURE(7850.),#8212);
#8214=PROPERTY_DEFINITION_REPRESENTATION(#8219,#8216);
#8215=PROPERTY_DEFINITION_REPRESENTATION(#8220,#8217);
#8216=REPRESENTATION('material name',(#8218),#13603);
#8217=REPRESENTATION('density',(#8213),#13603);
#8218=DESCRIPTIVE_REPRESENTATION_ITEM('Steel','Steel');
#8219=PROPERTY_DEFINITION('material property','material name',#13613);
#8220=PROPERTY_DEFINITION('material property','density of part',#13613);
#8221=AXIS2_PLACEMENT_3D('',#11213,#8926,#8927);
#8222=AXIS2_PLACEMENT_3D('',#11214,#8928,#8929);
#8223=AXIS2_PLACEMENT_3D('',#11223,#8934,#8935);
#8224=AXIS2_PLACEMENT_3D('',#11229,#8939,#8940);
#8225=AXIS2_PLACEMENT_3D('',#11235,#8944,#8945);
#8226=AXIS2_PLACEMENT_3D('',#11241,#8949,#8950);
#8227=AXIS2_PLACEMENT_3D('',#11251,#8956,#8957);
#8228=AXIS2_PLACEMENT_3D('',#11321,#8993,#8994);
#8229=AXIS2_PLACEMENT_3D('',#11327,#8998,#8999);
#8230=AXIS2_PLACEMENT_3D('',#11331,#9002,#9003);
#8231=AXIS2_PLACEMENT_3D('',#11335,#9006,#9007);
#8232=AXIS2_PLACEMENT_3D('',#11341,#9011,#9012);
#8233=AXIS2_PLACEMENT_3D('',#11345,#9015,#9016);
#8234=AXIS2_PLACEMENT_3D('',#11347,#9018,#9019);
#8235=AXIS2_PLACEMENT_3D('',#11353,#9023,#9024);
#8236=AXIS2_PLACEMENT_3D('',#11357,#9027,#9028);
#8237=AXIS2_PLACEMENT_3D('',#11361,#9031,#9032);
#8238=AXIS2_PLACEMENT_3D('',#11367,#9036,#9037);
#8239=AXIS2_PLACEMENT_3D('',#11371,#9040,#9041);
#8240=AXIS2_PLACEMENT_3D('',#11375,#9044,#9045);
#8241=AXIS2_PLACEMENT_3D('',#11381,#9049,#9050);
#8242=AXIS2_PLACEMENT_3D('',#11385,#9053,#9054);
#8243=AXIS2_PLACEMENT_3D('',#11389,#9057,#9058);
#8244=AXIS2_PLACEMENT_3D('',#11395,#9062,#9063);
#8245=AXIS2_PLACEMENT_3D('',#11399,#9066,#9067);
#8246=AXIS2_PLACEMENT_3D('',#11403,#9070,#9071);
#8247=AXIS2_PLACEMENT_3D('',#11409,#9075,#9076);
#8248=AXIS2_PLACEMENT_3D('',#11413,#9079,#9080);
#8249=AXIS2_PLACEMENT_3D('',#11417,#9083,#9084);
#8250=AXIS2_PLACEMENT_3D('',#11419,#9086,#9087);
#8251=AXIS2_PLACEMENT_3D('',#11421,#9089,#9090);
#8252=AXIS2_PLACEMENT_3D('',#11425,#9093,#9094);
#8253=AXIS2_PLACEMENT_3D('',#11433,#9099,#9100);
#8254=AXIS2_PLACEMENT_3D('',#11435,#9102,#9103);
#8255=AXIS2_PLACEMENT_3D('',#11437,#9105,#9106);
#8256=AXIS2_PLACEMENT_3D('',#11441,#9109,#9110);
#8257=AXIS2_PLACEMENT_3D('',#11443,#9112,#9113);
#8258=AXIS2_PLACEMENT_3D('',#11449,#9117,#9118);
#8259=AXIS2_PLACEMENT_3D('',#11455,#9122,#9123);
#8260=AXIS2_PLACEMENT_3D('',#11458,#9126,#9127);
#8261=AXIS2_PLACEMENT_3D('',#11463,#9129,#9130);
#8262=AXIS2_PLACEMENT_3D('',#11467,#9132,#9133);
#8263=AXIS2_PLACEMENT_3D('',#11471,#9135,#9136);
#8264=AXIS2_PLACEMENT_3D('',#11474,#9138,#9139);
#8265=AXIS2_PLACEMENT_3D('',#11475,#9140,#9141);
#8266=AXIS2_PLACEMENT_3D('',#11477,#9143,#9144);
#8267=AXIS2_PLACEMENT_3D('',#11483,#9148,#9149);
#8268=AXIS2_PLACEMENT_3D('',#11489,#9153,#9154);
#8269=AXIS2_PLACEMENT_3D('',#11495,#9158,#9159);
#8270=AXIS2_PLACEMENT_3D('',#11501,#9163,#9164);
#8271=AXIS2_PLACEMENT_3D('',#11505,#9168,#9169);
#8272=AXIS2_PLACEMENT_3D('',#11506,#9170,#9171);
#8273=AXIS2_PLACEMENT_3D('',#11508,#9172,#9173);
#8274=AXIS2_PLACEMENT_3D('',#11511,#9175,#9176);
#8275=AXIS2_PLACEMENT_3D('',#11516,#9178,#9179);
#8276=AXIS2_PLACEMENT_3D('',#11520,#9181,#9182);
#8277=AXIS2_PLACEMENT_3D('',#11524,#9184,#9185);
#8278=AXIS2_PLACEMENT_3D('',#11527,#9187,#9188);
#8279=AXIS2_PLACEMENT_3D('',#11528,#9189,#9190);
#8280=AXIS2_PLACEMENT_3D('',#11530,#9191,#9192);
#8281=AXIS2_PLACEMENT_3D('',#11532,#9194,#9195);
#8282=AXIS2_PLACEMENT_3D('',#11536,#9198,#9199);
#8283=AXIS2_PLACEMENT_3D('',#11537,#9200,#9201);
#8284=AXIS2_PLACEMENT_3D('',#11538,#9202,#9203);
#8285=AXIS2_PLACEMENT_3D('',#11541,#9206,#9207);
#8286=AXIS2_PLACEMENT_3D('',#11543,#9209,#9210);
#8287=AXIS2_PLACEMENT_3D('',#11545,#9212,#9213);
#8288=AXIS2_PLACEMENT_3D('',#11547,#9215,#9216);
#8289=AXIS2_PLACEMENT_3D('',#11549,#9218,#9219);
#8290=AXIS2_PLACEMENT_3D('',#11551,#9221,#9222);
#8291=AXIS2_PLACEMENT_3D('',#11553,#9224,#9225);
#8292=AXIS2_PLACEMENT_3D('',#11554,#9226,#9227);
#8293=AXIS2_PLACEMENT_3D('',#11555,#9228,#9229);
#8294=AXIS2_PLACEMENT_3D('',#11556,#9230,#9231);
#8295=AXIS2_PLACEMENT_3D('',#11558,#9232,#9233);
#8296=AXIS2_PLACEMENT_3D('',#11561,#9235,#9236);
#8297=AXIS2_PLACEMENT_3D('',#11562,#9237,#9238);
#8298=AXIS2_PLACEMENT_3D('',#11563,#9239,#9240);
#8299=AXIS2_PLACEMENT_3D('',#11564,#9241,#9242);
#8300=AXIS2_PLACEMENT_3D('',#11566,#9243,#9244);
#8301=AXIS2_PLACEMENT_3D('',#11569,#9246,#9247);
#8302=AXIS2_PLACEMENT_3D('',#11570,#9248,#9249);
#8303=AXIS2_PLACEMENT_3D('',#11573,#9250,#9251);
#8304=AXIS2_PLACEMENT_3D('',#11577,#9253,#9254);
#8305=AXIS2_PLACEMENT_3D('',#11579,#9256,#9257);
#8306=AXIS2_PLACEMENT_3D('',#11585,#9261,#9262);
#8307=AXIS2_PLACEMENT_3D('',#11587,#9263,#9264);
#8308=AXIS2_PLACEMENT_3D('',#11589,#9265,#9266);
#8309=AXIS2_PLACEMENT_3D('',#11591,#9268,#9269);
#8310=AXIS2_PLACEMENT_3D('',#11597,#9273,#9274);
#8311=AXIS2_PLACEMENT_3D('',#11603,#9278,#9279);
#8312=AXIS2_PLACEMENT_3D('',#11606,#9282,#9283);
#8313=AXIS2_PLACEMENT_3D('',#11607,#9284,#9285);
#8314=AXIS2_PLACEMENT_3D('',#11608,#9286,#9287);
#8315=AXIS2_PLACEMENT_3D('',#11617,#9292,#9293);
#8316=AXIS2_PLACEMENT_3D('',#11623,#9297,#9298);
#8317=AXIS2_PLACEMENT_3D('',#11629,#9302,#9303);
#8318=AXIS2_PLACEMENT_3D('',#11632,#9306,#9307);
#8319=AXIS2_PLACEMENT_3D('',#11641,#9312,#9313);
#8320=AXIS2_PLACEMENT_3D('',#11647,#9317,#9318);
#8321=AXIS2_PLACEMENT_3D('',#11653,#9322,#9323);
#8322=AXIS2_PLACEMENT_3D('',#11656,#9326,#9327);
#8323=AXIS2_PLACEMENT_3D('',#11657,#9328,#9329);
#8324=AXIS2_PLACEMENT_3D('',#11658,#9330,#9331);
#8325=AXIS2_PLACEMENT_3D('',#11661,#9332,#9333);
#8326=AXIS2_PLACEMENT_3D('',#11665,#9335,#9336);
#8327=AXIS2_PLACEMENT_3D('',#11667,#9338,#9339);
#8328=AXIS2_PLACEMENT_3D('',#11671,#9341,#9342);
#8329=AXIS2_PLACEMENT_3D('',#11678,#9346,#9347);
#8330=AXIS2_PLACEMENT_3D('',#11679,#9348,#9349);
#8331=AXIS2_PLACEMENT_3D('',#11683,#9352,#9353);
#8332=AXIS2_PLACEMENT_3D('',#11685,#9354,#9355);
#8333=AXIS2_PLACEMENT_3D('',#11687,#9357,#9358);
#8334=AXIS2_PLACEMENT_3D('',#11690,#9360,#9361);
#8335=AXIS2_PLACEMENT_3D('',#11691,#9362,#9363);
#8336=AXIS2_PLACEMENT_3D('',#11695,#9366,#9367);
#8337=AXIS2_PLACEMENT_3D('',#11699,#9370,#9371);
#8338=AXIS2_PLACEMENT_3D('',#11701,#9373,#9374);
#8339=AXIS2_PLACEMENT_3D('',#11702,#9375,#9376);
#8340=AXIS2_PLACEMENT_3D('',#11705,#9377,#9378);
#8341=AXIS2_PLACEMENT_3D('',#11708,#9380,#9381);
#8342=AXIS2_PLACEMENT_3D('',#11709,#9382,#9383);
#8343=AXIS2_PLACEMENT_3D('',#11710,#9384,#9385);
#8344=AXIS2_PLACEMENT_3D('',#11711,#9386,#9387);
#8345=AXIS2_PLACEMENT_3D('',#11713,#9388,#9389);
#8346=AXIS2_PLACEMENT_3D('',#11715,#9391,#9392);
#8347=AXIS2_PLACEMENT_3D('',#11717,#9393,#9394);
#8348=AXIS2_PLACEMENT_3D('',#11718,#9395,#9396);
#8349=AXIS2_PLACEMENT_3D('',#11719,#9397,#9398);
#8350=AXIS2_PLACEMENT_3D('',#11721,#9399,#9400);
#8351=AXIS2_PLACEMENT_3D('',#11723,#9402,#9403);
#8352=AXIS2_PLACEMENT_3D('',#11725,#9404,#9405);
#8353=AXIS2_PLACEMENT_3D('',#11726,#9406,#9407);
#8354=AXIS2_PLACEMENT_3D('',#11727,#9408,#9409);
#8355=AXIS2_PLACEMENT_3D('',#11730,#9410,#9411);
#8356=AXIS2_PLACEMENT_3D('',#11731,#9412,#9413);
#8357=AXIS2_PLACEMENT_3D('',#11734,#9415,#9416);
#8358=AXIS2_PLACEMENT_3D('',#11735,#9417,#9418);
#8359=AXIS2_PLACEMENT_3D('',#11736,#9419,#9420);
#8360=AXIS2_PLACEMENT_3D('',#11738,#9421,#9422);
#8361=AXIS2_PLACEMENT_3D('',#11740,#9424,#9425);
#8362=AXIS2_PLACEMENT_3D('',#11742,#9426,#9427);
#8363=AXIS2_PLACEMENT_3D('',#11743,#9428,#9429);
#8364=AXIS2_PLACEMENT_3D('',#11744,#9430,#9431);
#8365=AXIS2_PLACEMENT_3D('',#11746,#9432,#9433);
#8366=AXIS2_PLACEMENT_3D('',#11748,#9435,#9436);
#8367=AXIS2_PLACEMENT_3D('',#11750,#9437,#9438);
#8368=AXIS2_PLACEMENT_3D('',#11751,#9439,#9440);
#8369=AXIS2_PLACEMENT_3D('',#11752,#9441,#9442);
#8370=AXIS2_PLACEMENT_3D('',#11754,#9444,#9445);
#8371=AXIS2_PLACEMENT_3D('',#11756,#9446,#9447);
#8372=AXIS2_PLACEMENT_3D('',#11759,#9449,#9450);
#8373=AXIS2_PLACEMENT_3D('',#11760,#9451,#9452);
#8374=AXIS2_PLACEMENT_3D('',#11762,#9453,#9454);
#8375=AXIS2_PLACEMENT_3D('',#11765,#9456,#9457);
#8376=AXIS2_PLACEMENT_3D('',#11766,#9458,#9459);
#8377=AXIS2_PLACEMENT_3D('',#11768,#9460,#9461);
#8378=AXIS2_PLACEMENT_3D('',#11771,#9463,#9464);
#8379=AXIS2_PLACEMENT_3D('',#11772,#9465,#9466);
#8380=AXIS2_PLACEMENT_3D('',#11774,#9467,#9468);
#8381=AXIS2_PLACEMENT_3D('',#11777,#9470,#9471);
#8382=AXIS2_PLACEMENT_3D('',#11778,#9472,#9473);
#8383=AXIS2_PLACEMENT_3D('',#11780,#9474,#9475);
#8384=AXIS2_PLACEMENT_3D('',#11783,#9477,#9478);
#8385=AXIS2_PLACEMENT_3D('',#11784,#9479,#9480);
#8386=AXIS2_PLACEMENT_3D('',#11786,#9481,#9482);
#8387=AXIS2_PLACEMENT_3D('',#11789,#9484,#9485);
#8388=AXIS2_PLACEMENT_3D('',#11790,#9486,#9487);
#8389=AXIS2_PLACEMENT_3D('',#11792,#9488,#9489);
#8390=AXIS2_PLACEMENT_3D('',#11795,#9491,#9492);
#8391=AXIS2_PLACEMENT_3D('',#11796,#9493,#9494);
#8392=AXIS2_PLACEMENT_3D('',#11798,#9495,#9496);
#8393=AXIS2_PLACEMENT_3D('',#11801,#9498,#9499);
#8394=AXIS2_PLACEMENT_3D('',#11802,#9500,#9501);
#8395=AXIS2_PLACEMENT_3D('',#11804,#9502,#9503);
#8396=AXIS2_PLACEMENT_3D('',#11807,#9505,#9506);
#8397=AXIS2_PLACEMENT_3D('',#11808,#9507,#9508);
#8398=AXIS2_PLACEMENT_3D('',#11810,#9509,#9510);
#8399=AXIS2_PLACEMENT_3D('',#11813,#9512,#9513);
#8400=AXIS2_PLACEMENT_3D('',#11814,#9514,#9515);
#8401=AXIS2_PLACEMENT_3D('',#11823,#9520,#9521);
#8402=AXIS2_PLACEMENT_3D('',#11829,#9525,#9526);
#8403=AXIS2_PLACEMENT_3D('',#11835,#9530,#9531);
#8404=AXIS2_PLACEMENT_3D('',#11838,#9534,#9535);
#8405=AXIS2_PLACEMENT_3D('',#11839,#9536,#9537);
#8406=AXIS2_PLACEMENT_3D('',#11840,#9538,#9539);
#8407=AXIS2_PLACEMENT_3D('',#11849,#9544,#9545);
#8408=AXIS2_PLACEMENT_3D('',#11855,#9549,#9550);
#8409=AXIS2_PLACEMENT_3D('',#11861,#9554,#9555);
#8410=AXIS2_PLACEMENT_3D('',#11864,#9558,#9559);
#8411=AXIS2_PLACEMENT_3D('',#11865,#9560,#9561);
#8412=AXIS2_PLACEMENT_3D('',#11866,#9562,#9563);
#8413=AXIS2_PLACEMENT_3D('',#11869,#9564,#9565);
#8414=AXIS2_PLACEMENT_3D('',#11873,#9567,#9568);
#8415=AXIS2_PLACEMENT_3D('',#11875,#9570,#9571);
#8416=AXIS2_PLACEMENT_3D('',#11881,#9575,#9576);
#8417=AXIS2_PLACEMENT_3D('',#11887,#9580,#9581);
#8418=AXIS2_PLACEMENT_3D('',#11889,#9582,#9583);
#8419=AXIS2_PLACEMENT_3D('',#11891,#9584,#9585);
#8420=AXIS2_PLACEMENT_3D('',#11893,#9587,#9588);
#8421=AXIS2_PLACEMENT_3D('',#11899,#9592,#9593);
#8422=AXIS2_PLACEMENT_3D('',#11905,#9597,#9598);
#8423=AXIS2_PLACEMENT_3D('',#11907,#9599,#9600);
#8424=AXIS2_PLACEMENT_3D('',#11909,#9601,#9602);
#8425=AXIS2_PLACEMENT_3D('',#11911,#9604,#9605);
#8426=AXIS2_PLACEMENT_3D('',#11917,#9609,#9610);
#8427=AXIS2_PLACEMENT_3D('',#11923,#9614,#9615);
#8428=AXIS2_PLACEMENT_3D('',#11925,#9616,#9617);
#8429=AXIS2_PLACEMENT_3D('',#11927,#9618,#9619);
#8430=AXIS2_PLACEMENT_3D('',#11929,#9621,#9622);
#8431=AXIS2_PLACEMENT_3D('',#11935,#9626,#9627);
#8432=AXIS2_PLACEMENT_3D('',#11941,#9631,#9632);
#8433=AXIS2_PLACEMENT_3D('',#11943,#9633,#9634);
#8434=AXIS2_PLACEMENT_3D('',#11945,#9635,#9636);
#8435=AXIS2_PLACEMENT_3D('',#11947,#9638,#9639);
#8436=AXIS2_PLACEMENT_3D('',#11953,#9643,#9644);
#8437=AXIS2_PLACEMENT_3D('',#11959,#9648,#9649);
#8438=AXIS2_PLACEMENT_3D('',#11961,#9650,#9651);
#8439=AXIS2_PLACEMENT_3D('',#11963,#9652,#9653);
#8440=AXIS2_PLACEMENT_3D('',#11965,#9655,#9656);
#8441=AXIS2_PLACEMENT_3D('',#11971,#9660,#9661);
#8442=AXIS2_PLACEMENT_3D('',#11977,#9665,#9666);
#8443=AXIS2_PLACEMENT_3D('',#11979,#9667,#9668);
#8444=AXIS2_PLACEMENT_3D('',#11981,#9669,#9670);
#8445=AXIS2_PLACEMENT_3D('',#11983,#9672,#9673);
#8446=AXIS2_PLACEMENT_3D('',#11989,#9677,#9678);
#8447=AXIS2_PLACEMENT_3D('',#11995,#9682,#9683);
#8448=AXIS2_PLACEMENT_3D('',#11997,#9684,#9685);
#8449=AXIS2_PLACEMENT_3D('',#11999,#9686,#9687);
#8450=AXIS2_PLACEMENT_3D('',#12001,#9689,#9690);
#8451=AXIS2_PLACEMENT_3D('',#12007,#9694,#9695);
#8452=AXIS2_PLACEMENT_3D('',#12013,#9699,#9700);
#8453=AXIS2_PLACEMENT_3D('',#12015,#9701,#9702);
#8454=AXIS2_PLACEMENT_3D('',#12017,#9703,#9704);
#8455=AXIS2_PLACEMENT_3D('',#12019,#9706,#9707);
#8456=AXIS2_PLACEMENT_3D('',#12025,#9711,#9712);
#8457=AXIS2_PLACEMENT_3D('',#12031,#9716,#9717);
#8458=AXIS2_PLACEMENT_3D('',#12033,#9718,#9719);
#8459=AXIS2_PLACEMENT_3D('',#12035,#9720,#9721);
#8460=AXIS2_PLACEMENT_3D('',#12037,#9723,#9724);
#8461=AXIS2_PLACEMENT_3D('',#12043,#9728,#9729);
#8462=AXIS2_PLACEMENT_3D('',#12049,#9733,#9734);
#8463=AXIS2_PLACEMENT_3D('',#12051,#9735,#9736);
#8464=AXIS2_PLACEMENT_3D('',#12053,#9737,#9738);
#8465=AXIS2_PLACEMENT_3D('',#12055,#9740,#9741);
#8466=AXIS2_PLACEMENT_3D('',#12061,#9745,#9746);
#8467=AXIS2_PLACEMENT_3D('',#12067,#9750,#9751);
#8468=AXIS2_PLACEMENT_3D('',#12069,#9752,#9753);
#8469=AXIS2_PLACEMENT_3D('',#12071,#9754,#9755);
#8470=AXIS2_PLACEMENT_3D('',#12073,#9757,#9758);
#8471=AXIS2_PLACEMENT_3D('',#12079,#9762,#9763);
#8472=AXIS2_PLACEMENT_3D('',#12085,#9767,#9768);
#8473=AXIS2_PLACEMENT_3D('',#12087,#9769,#9770);
#8474=AXIS2_PLACEMENT_3D('',#12089,#9771,#9772);
#8475=AXIS2_PLACEMENT_3D('',#12091,#9774,#9775);
#8476=AXIS2_PLACEMENT_3D('',#12097,#9779,#9780);
#8477=AXIS2_PLACEMENT_3D('',#12103,#9784,#9785);
#8478=AXIS2_PLACEMENT_3D('',#12105,#9786,#9787);
#8479=AXIS2_PLACEMENT_3D('',#12107,#9788,#9789);
#8480=AXIS2_PLACEMENT_3D('',#12109,#9791,#9792);
#8481=AXIS2_PLACEMENT_3D('',#12115,#9796,#9797);
#8482=AXIS2_PLACEMENT_3D('',#12121,#9801,#9802);
#8483=AXIS2_PLACEMENT_3D('',#12123,#9803,#9804);
#8484=AXIS2_PLACEMENT_3D('',#12125,#9805,#9806);
#8485=AXIS2_PLACEMENT_3D('',#12127,#9808,#9809);
#8486=AXIS2_PLACEMENT_3D('',#12133,#9813,#9814);
#8487=AXIS2_PLACEMENT_3D('',#12139,#9818,#9819);
#8488=AXIS2_PLACEMENT_3D('',#12141,#9820,#9821);
#8489=AXIS2_PLACEMENT_3D('',#12143,#9822,#9823);
#8490=AXIS2_PLACEMENT_3D('',#12145,#9825,#9826);
#8491=AXIS2_PLACEMENT_3D('',#12151,#9830,#9831);
#8492=AXIS2_PLACEMENT_3D('',#12157,#9835,#9836);
#8493=AXIS2_PLACEMENT_3D('',#12159,#9837,#9838);
#8494=AXIS2_PLACEMENT_3D('',#12161,#9839,#9840);
#8495=AXIS2_PLACEMENT_3D('',#12163,#9842,#9843);
#8496=AXIS2_PLACEMENT_3D('',#12169,#9847,#9848);
#8497=AXIS2_PLACEMENT_3D('',#12175,#9852,#9853);
#8498=AXIS2_PLACEMENT_3D('',#12177,#9854,#9855);
#8499=AXIS2_PLACEMENT_3D('',#12179,#9856,#9857);
#8500=AXIS2_PLACEMENT_3D('',#12181,#9859,#9860);
#8501=AXIS2_PLACEMENT_3D('',#12187,#9864,#9865);
#8502=AXIS2_PLACEMENT_3D('',#12193,#9869,#9870);
#8503=AXIS2_PLACEMENT_3D('',#12195,#9871,#9872);
#8504=AXIS2_PLACEMENT_3D('',#12197,#9873,#9874);
#8505=AXIS2_PLACEMENT_3D('',#12199,#9876,#9877);
#8506=AXIS2_PLACEMENT_3D('',#12205,#9881,#9882);
#8507=AXIS2_PLACEMENT_3D('',#12211,#9886,#9887);
#8508=AXIS2_PLACEMENT_3D('',#12213,#9888,#9889);
#8509=AXIS2_PLACEMENT_3D('',#12215,#9890,#9891);
#8510=AXIS2_PLACEMENT_3D('',#12217,#9893,#9894);
#8511=AXIS2_PLACEMENT_3D('',#12223,#9898,#9899);
#8512=AXIS2_PLACEMENT_3D('',#12229,#9903,#9904);
#8513=AXIS2_PLACEMENT_3D('',#12231,#9905,#9906);
#8514=AXIS2_PLACEMENT_3D('',#12233,#9907,#9908);
#8515=AXIS2_PLACEMENT_3D('',#12235,#9910,#9911);
#8516=AXIS2_PLACEMENT_3D('',#12241,#9915,#9916);
#8517=AXIS2_PLACEMENT_3D('',#12247,#9920,#9921);
#8518=AXIS2_PLACEMENT_3D('',#12249,#9922,#9923);
#8519=AXIS2_PLACEMENT_3D('',#12251,#9924,#9925);
#8520=AXIS2_PLACEMENT_3D('',#12253,#9927,#9928);
#8521=AXIS2_PLACEMENT_3D('',#12259,#9932,#9933);
#8522=AXIS2_PLACEMENT_3D('',#12265,#9937,#9938);
#8523=AXIS2_PLACEMENT_3D('',#12267,#9939,#9940);
#8524=AXIS2_PLACEMENT_3D('',#12269,#9941,#9942);
#8525=AXIS2_PLACEMENT_3D('',#12271,#9944,#9945);
#8526=AXIS2_PLACEMENT_3D('',#12277,#9949,#9950);
#8527=AXIS2_PLACEMENT_3D('',#12283,#9954,#9955);
#8528=AXIS2_PLACEMENT_3D('',#12285,#9956,#9957);
#8529=AXIS2_PLACEMENT_3D('',#12287,#9958,#9959);
#8530=AXIS2_PLACEMENT_3D('',#12289,#9961,#9962);
#8531=AXIS2_PLACEMENT_3D('',#12295,#9966,#9967);
#8532=AXIS2_PLACEMENT_3D('',#12301,#9971,#9972);
#8533=AXIS2_PLACEMENT_3D('',#12303,#9973,#9974);
#8534=AXIS2_PLACEMENT_3D('',#12305,#9975,#9976);
#8535=AXIS2_PLACEMENT_3D('',#12307,#9978,#9979);
#8536=AXIS2_PLACEMENT_3D('',#12313,#9983,#9984);
#8537=AXIS2_PLACEMENT_3D('',#12319,#9988,#9989);
#8538=AXIS2_PLACEMENT_3D('',#12321,#9990,#9991);
#8539=AXIS2_PLACEMENT_3D('',#12323,#9992,#9993);
#8540=AXIS2_PLACEMENT_3D('',#12325,#9995,#9996);
#8541=AXIS2_PLACEMENT_3D('',#12331,#10000,#10001);
#8542=AXIS2_PLACEMENT_3D('',#12337,#10005,#10006);
#8543=AXIS2_PLACEMENT_3D('',#12339,#10007,#10008);
#8544=AXIS2_PLACEMENT_3D('',#12341,#10009,#10010);
#8545=AXIS2_PLACEMENT_3D('',#12343,#10012,#10013);
#8546=AXIS2_PLACEMENT_3D('',#12349,#10017,#10018);
#8547=AXIS2_PLACEMENT_3D('',#12355,#10022,#10023);
#8548=AXIS2_PLACEMENT_3D('',#12357,#10024,#10025);
#8549=AXIS2_PLACEMENT_3D('',#12359,#10026,#10027);
#8550=AXIS2_PLACEMENT_3D('',#12361,#10029,#10030);
#8551=AXIS2_PLACEMENT_3D('',#12367,#10034,#10035);
#8552=AXIS2_PLACEMENT_3D('',#12373,#10039,#10040);
#8553=AXIS2_PLACEMENT_3D('',#12375,#10041,#10042);
#8554=AXIS2_PLACEMENT_3D('',#12377,#10043,#10044);
#8555=AXIS2_PLACEMENT_3D('',#12379,#10046,#10047);
#8556=AXIS2_PLACEMENT_3D('',#12385,#10051,#10052);
#8557=AXIS2_PLACEMENT_3D('',#12391,#10056,#10057);
#8558=AXIS2_PLACEMENT_3D('',#12393,#10058,#10059);
#8559=AXIS2_PLACEMENT_3D('',#12395,#10060,#10061);
#8560=AXIS2_PLACEMENT_3D('',#12397,#10063,#10064);
#8561=AXIS2_PLACEMENT_3D('',#12403,#10068,#10069);
#8562=AXIS2_PLACEMENT_3D('',#12409,#10073,#10074);
#8563=AXIS2_PLACEMENT_3D('',#12411,#10075,#10076);
#8564=AXIS2_PLACEMENT_3D('',#12413,#10077,#10078);
#8565=AXIS2_PLACEMENT_3D('',#12415,#10080,#10081);
#8566=AXIS2_PLACEMENT_3D('',#12417,#10082,#10083);
#8567=AXIS2_PLACEMENT_3D('',#12419,#10084,#10085);
#8568=AXIS2_PLACEMENT_3D('',#12421,#10087,#10088);
#8569=AXIS2_PLACEMENT_3D('',#12427,#10092,#10093);
#8570=AXIS2_PLACEMENT_3D('',#12433,#10097,#10098);
#8571=AXIS2_PLACEMENT_3D('',#12436,#10101,#10102);
#8572=AXIS2_PLACEMENT_3D('',#12437,#10103,#10104);
#8573=AXIS2_PLACEMENT_3D('',#12438,#10105,#10106);
#8574=AXIS2_PLACEMENT_3D('',#12440,#10107,#10108);
#8575=AXIS2_PLACEMENT_3D('',#12443,#10110,#10111);
#8576=AXIS2_PLACEMENT_3D('',#12444,#10112,#10113);
#8577=AXIS2_PLACEMENT_3D('',#12453,#10118,#10119);
#8578=AXIS2_PLACEMENT_3D('',#12455,#10120,#10121);
#8579=AXIS2_PLACEMENT_3D('',#12457,#10122,#10123);
#8580=AXIS2_PLACEMENT_3D('',#12459,#10125,#10126);
#8581=AXIS2_PLACEMENT_3D('',#12465,#10130,#10131);
#8582=AXIS2_PLACEMENT_3D('',#12466,#10132,#10133);
#8583=AXIS2_PLACEMENT_3D('',#12467,#10134,#10135);
#8584=AXIS2_PLACEMENT_3D('',#12468,#10136,#10137);
#8585=AXIS2_PLACEMENT_3D('',#12471,#10138,#10139);
#8586=AXIS2_PLACEMENT_3D('',#12475,#10141,#10142);
#8587=AXIS2_PLACEMENT_3D('',#12477,#10144,#10145);
#8588=AXIS2_PLACEMENT_3D('',#12506,#10150,#10151);
#8589=AXIS2_PLACEMENT_3D('',#12512,#10155,#10156);
#8590=AXIS2_PLACEMENT_3D('',#12514,#10157,#10158);
#8591=AXIS2_PLACEMENT_3D('',#12516,#10159,#10160);
#8592=AXIS2_PLACEMENT_3D('',#12518,#10162,#10163);
#8593=AXIS2_PLACEMENT_3D('',#12524,#10167,#10168);
#8594=AXIS2_PLACEMENT_3D('',#12527,#10171,#10172);
#8595=AXIS2_PLACEMENT_3D('',#12528,#10173,#10174);
#8596=AXIS2_PLACEMENT_3D('',#12529,#10175,#10176);
#8597=AXIS2_PLACEMENT_3D('',#12531,#10177,#10178);
#8598=AXIS2_PLACEMENT_3D('',#12534,#10180,#10181);
#8599=AXIS2_PLACEMENT_3D('',#12535,#10182,#10183);
#8600=AXIS2_PLACEMENT_3D('',#12538,#10184,#10185);
#8601=AXIS2_PLACEMENT_3D('',#12542,#10187,#10188);
#8602=AXIS2_PLACEMENT_3D('',#12544,#10190,#10191);
#8603=AXIS2_PLACEMENT_3D('',#12550,#10195,#10196);
#8604=AXIS2_PLACEMENT_3D('',#12552,#10197,#10198);
#8605=AXIS2_PLACEMENT_3D('',#12555,#10200,#10201);
#8606=AXIS2_PLACEMENT_3D('',#12556,#10202,#10203);
#8607=AXIS2_PLACEMENT_3D('',#12562,#10207,#10208);
#8608=AXIS2_PLACEMENT_3D('',#12568,#10212,#10213);
#8609=AXIS2_PLACEMENT_3D('',#12571,#10216,#10217);
#8610=AXIS2_PLACEMENT_3D('',#12572,#10218,#10219);
#8611=AXIS2_PLACEMENT_3D('',#12573,#10220,#10221);
#8612=AXIS2_PLACEMENT_3D('',#12576,#10222,#10223);
#8613=AXIS2_PLACEMENT_3D('',#12580,#10225,#10226);
#8614=AXIS2_PLACEMENT_3D('',#12582,#10228,#10229);
#8615=AXIS2_PLACEMENT_3D('',#12590,#10233,#10234);
#8616=AXIS2_PLACEMENT_3D('',#12593,#10236,#10237);
#8617=AXIS2_PLACEMENT_3D('',#12594,#10238,#10239);
#8618=AXIS2_PLACEMENT_3D('',#12598,#10242,#10243);
#8619=AXIS2_PLACEMENT_3D('',#12601,#10245,#10246);
#8620=AXIS2_PLACEMENT_3D('',#12602,#10247,#10248);
#8621=AXIS2_PLACEMENT_3D('',#12605,#10250,#10251);
#8622=AXIS2_PLACEMENT_3D('',#12606,#10252,#10253);
#8623=AXIS2_PLACEMENT_3D('',#12610,#10256,#10257);
#8624=AXIS2_PLACEMENT_3D('',#12614,#10260,#10261);
#8625=AXIS2_PLACEMENT_3D('',#12616,#10263,#10264);
#8626=AXIS2_PLACEMENT_3D('',#12617,#10265,#10266);
#8627=AXIS2_PLACEMENT_3D('',#12619,#10267,#10268);
#8628=AXIS2_PLACEMENT_3D('',#12622,#10270,#10271);
#8629=AXIS2_PLACEMENT_3D('',#12623,#10272,#10273);
#8630=AXIS2_PLACEMENT_3D('',#12624,#10274,#10275);
#8631=AXIS2_PLACEMENT_3D('',#12625,#10276,#10277);
#8632=AXIS2_PLACEMENT_3D('',#12627,#10278,#10279);
#8633=AXIS2_PLACEMENT_3D('',#12630,#10281,#10282);
#8634=AXIS2_PLACEMENT_3D('',#12631,#10283,#10284);
#8635=AXIS2_PLACEMENT_3D('',#12633,#10285,#10286);
#8636=AXIS2_PLACEMENT_3D('',#12636,#10288,#10289);
#8637=AXIS2_PLACEMENT_3D('',#12637,#10290,#10291);
#8638=AXIS2_PLACEMENT_3D('',#12639,#10292,#10293);
#8639=AXIS2_PLACEMENT_3D('',#12642,#10295,#10296);
#8640=AXIS2_PLACEMENT_3D('',#12643,#10297,#10298);
#8641=AXIS2_PLACEMENT_3D('',#12645,#10299,#10300);
#8642=AXIS2_PLACEMENT_3D('',#12648,#10302,#10303);
#8643=AXIS2_PLACEMENT_3D('',#12649,#10304,#10305);
#8644=AXIS2_PLACEMENT_3D('',#12651,#10306,#10307);
#8645=AXIS2_PLACEMENT_3D('',#12654,#10309,#10310);
#8646=AXIS2_PLACEMENT_3D('',#12655,#10311,#10312);
#8647=AXIS2_PLACEMENT_3D('',#12657,#10313,#10314);
#8648=AXIS2_PLACEMENT_3D('',#12660,#10316,#10317);
#8649=AXIS2_PLACEMENT_3D('',#12661,#10318,#10319);
#8650=AXIS2_PLACEMENT_3D('',#12663,#10320,#10321);
#8651=AXIS2_PLACEMENT_3D('',#12666,#10323,#10324);
#8652=AXIS2_PLACEMENT_3D('',#12667,#10325,#10326);
#8653=AXIS2_PLACEMENT_3D('',#12669,#10327,#10328);
#8654=AXIS2_PLACEMENT_3D('',#12672,#10330,#10331);
#8655=AXIS2_PLACEMENT_3D('',#12673,#10332,#10333);
#8656=AXIS2_PLACEMENT_3D('',#12675,#10334,#10335);
#8657=AXIS2_PLACEMENT_3D('',#12678,#10337,#10338);
#8658=AXIS2_PLACEMENT_3D('',#12679,#10339,#10340);
#8659=AXIS2_PLACEMENT_3D('',#12681,#10341,#10342);
#8660=AXIS2_PLACEMENT_3D('',#12684,#10344,#10345);
#8661=AXIS2_PLACEMENT_3D('',#12685,#10346,#10347);
#8662=AXIS2_PLACEMENT_3D('',#12694,#10352,#10353);
#8663=AXIS2_PLACEMENT_3D('',#12700,#10357,#10358);
#8664=AXIS2_PLACEMENT_3D('',#12706,#10362,#10363);
#8665=AXIS2_PLACEMENT_3D('',#12709,#10366,#10367);
#8666=AXIS2_PLACEMENT_3D('',#12710,#10368,#10369);
#8667=AXIS2_PLACEMENT_3D('',#12711,#10370,#10371);
#8668=AXIS2_PLACEMENT_3D('',#12714,#10372,#10373);
#8669=AXIS2_PLACEMENT_3D('',#12718,#10375,#10376);
#8670=AXIS2_PLACEMENT_3D('',#12720,#10378,#10379);
#8671=AXIS2_PLACEMENT_3D('',#12726,#10383,#10384);
#8672=AXIS2_PLACEMENT_3D('',#12732,#10388,#10389);
#8673=AXIS2_PLACEMENT_3D('',#12734,#10390,#10391);
#8674=AXIS2_PLACEMENT_3D('',#12737,#10393,#10394);
#8675=AXIS2_PLACEMENT_3D('',#12738,#10395,#10396);
#8676=AXIS2_PLACEMENT_3D('',#12744,#10400,#10401);
#8677=AXIS2_PLACEMENT_3D('',#12750,#10405,#10406);
#8678=AXIS2_PLACEMENT_3D('',#12752,#10407,#10408);
#8679=AXIS2_PLACEMENT_3D('',#12755,#10410,#10411);
#8680=AXIS2_PLACEMENT_3D('',#12756,#10412,#10413);
#8681=AXIS2_PLACEMENT_3D('',#12762,#10417,#10418);
#8682=AXIS2_PLACEMENT_3D('',#12768,#10422,#10423);
#8683=AXIS2_PLACEMENT_3D('',#12770,#10424,#10425);
#8684=AXIS2_PLACEMENT_3D('',#12773,#10427,#10428);
#8685=AXIS2_PLACEMENT_3D('',#12774,#10429,#10430);
#8686=AXIS2_PLACEMENT_3D('',#12780,#10434,#10435);
#8687=AXIS2_PLACEMENT_3D('',#12786,#10439,#10440);
#8688=AXIS2_PLACEMENT_3D('',#12788,#10441,#10442);
#8689=AXIS2_PLACEMENT_3D('',#12791,#10444,#10445);
#8690=AXIS2_PLACEMENT_3D('',#12792,#10446,#10447);
#8691=AXIS2_PLACEMENT_3D('',#12798,#10451,#10452);
#8692=AXIS2_PLACEMENT_3D('',#12804,#10456,#10457);
#8693=AXIS2_PLACEMENT_3D('',#12806,#10458,#10459);
#8694=AXIS2_PLACEMENT_3D('',#12809,#10461,#10462);
#8695=AXIS2_PLACEMENT_3D('',#12810,#10463,#10464);
#8696=AXIS2_PLACEMENT_3D('',#12816,#10468,#10469);
#8697=AXIS2_PLACEMENT_3D('',#12822,#10473,#10474);
#8698=AXIS2_PLACEMENT_3D('',#12824,#10475,#10476);
#8699=AXIS2_PLACEMENT_3D('',#12827,#10478,#10479);
#8700=AXIS2_PLACEMENT_3D('',#12828,#10480,#10481);
#8701=AXIS2_PLACEMENT_3D('',#12834,#10485,#10486);
#8702=AXIS2_PLACEMENT_3D('',#12840,#10490,#10491);
#8703=AXIS2_PLACEMENT_3D('',#12842,#10492,#10493);
#8704=AXIS2_PLACEMENT_3D('',#12845,#10495,#10496);
#8705=AXIS2_PLACEMENT_3D('',#12846,#10497,#10498);
#8706=AXIS2_PLACEMENT_3D('',#12852,#10502,#10503);
#8707=AXIS2_PLACEMENT_3D('',#12858,#10507,#10508);
#8708=AXIS2_PLACEMENT_3D('',#12860,#10509,#10510);
#8709=AXIS2_PLACEMENT_3D('',#12863,#10512,#10513);
#8710=AXIS2_PLACEMENT_3D('',#12864,#10514,#10515);
#8711=AXIS2_PLACEMENT_3D('',#12870,#10519,#10520);
#8712=AXIS2_PLACEMENT_3D('',#12876,#10524,#10525);
#8713=AXIS2_PLACEMENT_3D('',#12878,#10526,#10527);
#8714=AXIS2_PLACEMENT_3D('',#12881,#10529,#10530);
#8715=AXIS2_PLACEMENT_3D('',#12882,#10531,#10532);
#8716=AXIS2_PLACEMENT_3D('',#12888,#10536,#10537);
#8717=AXIS2_PLACEMENT_3D('',#12894,#10541,#10542);
#8718=AXIS2_PLACEMENT_3D('',#12896,#10543,#10544);
#8719=AXIS2_PLACEMENT_3D('',#12899,#10546,#10547);
#8720=AXIS2_PLACEMENT_3D('',#12900,#10548,#10549);
#8721=AXIS2_PLACEMENT_3D('',#12906,#10553,#10554);
#8722=AXIS2_PLACEMENT_3D('',#12912,#10558,#10559);
#8723=AXIS2_PLACEMENT_3D('',#12914,#10560,#10561);
#8724=AXIS2_PLACEMENT_3D('',#12917,#10563,#10564);
#8725=AXIS2_PLACEMENT_3D('',#12918,#10565,#10566);
#8726=AXIS2_PLACEMENT_3D('',#12924,#10570,#10571);
#8727=AXIS2_PLACEMENT_3D('',#12930,#10575,#10576);
#8728=AXIS2_PLACEMENT_3D('',#12932,#10577,#10578);
#8729=AXIS2_PLACEMENT_3D('',#12935,#10580,#10581);
#8730=AXIS2_PLACEMENT_3D('',#12936,#10582,#10583);
#8731=AXIS2_PLACEMENT_3D('',#12942,#10587,#10588);
#8732=AXIS2_PLACEMENT_3D('',#12948,#10592,#10593);
#8733=AXIS2_PLACEMENT_3D('',#12950,#10594,#10595);
#8734=AXIS2_PLACEMENT_3D('',#12953,#10597,#10598);
#8735=AXIS2_PLACEMENT_3D('',#12954,#10599,#10600);
#8736=AXIS2_PLACEMENT_3D('',#12960,#10604,#10605);
#8737=AXIS2_PLACEMENT_3D('',#12966,#10609,#10610);
#8738=AXIS2_PLACEMENT_3D('',#12968,#10611,#10612);
#8739=AXIS2_PLACEMENT_3D('',#12971,#10614,#10615);
#8740=AXIS2_PLACEMENT_3D('',#12972,#10616,#10617);
#8741=AXIS2_PLACEMENT_3D('',#12978,#10621,#10622);
#8742=AXIS2_PLACEMENT_3D('',#12984,#10626,#10627);
#8743=AXIS2_PLACEMENT_3D('',#12986,#10628,#10629);
#8744=AXIS2_PLACEMENT_3D('',#12989,#10631,#10632);
#8745=AXIS2_PLACEMENT_3D('',#12990,#10633,#10634);
#8746=AXIS2_PLACEMENT_3D('',#12996,#10638,#10639);
#8747=AXIS2_PLACEMENT_3D('',#13002,#10643,#10644);
#8748=AXIS2_PLACEMENT_3D('',#13004,#10645,#10646);
#8749=AXIS2_PLACEMENT_3D('',#13007,#10648,#10649);
#8750=AXIS2_PLACEMENT_3D('',#13008,#10650,#10651);
#8751=AXIS2_PLACEMENT_3D('',#13014,#10655,#10656);
#8752=AXIS2_PLACEMENT_3D('',#13020,#10660,#10661);
#8753=AXIS2_PLACEMENT_3D('',#13022,#10662,#10663);
#8754=AXIS2_PLACEMENT_3D('',#13025,#10665,#10666);
#8755=AXIS2_PLACEMENT_3D('',#13026,#10667,#10668);
#8756=AXIS2_PLACEMENT_3D('',#13032,#10672,#10673);
#8757=AXIS2_PLACEMENT_3D('',#13038,#10677,#10678);
#8758=AXIS2_PLACEMENT_3D('',#13040,#10679,#10680);
#8759=AXIS2_PLACEMENT_3D('',#13043,#10682,#10683);
#8760=AXIS2_PLACEMENT_3D('',#13044,#10684,#10685);
#8761=AXIS2_PLACEMENT_3D('',#13050,#10689,#10690);
#8762=AXIS2_PLACEMENT_3D('',#13056,#10694,#10695);
#8763=AXIS2_PLACEMENT_3D('',#13058,#10696,#10697);
#8764=AXIS2_PLACEMENT_3D('',#13061,#10699,#10700);
#8765=AXIS2_PLACEMENT_3D('',#13062,#10701,#10702);
#8766=AXIS2_PLACEMENT_3D('',#13068,#10706,#10707);
#8767=AXIS2_PLACEMENT_3D('',#13074,#10711,#10712);
#8768=AXIS2_PLACEMENT_3D('',#13076,#10713,#10714);
#8769=AXIS2_PLACEMENT_3D('',#13079,#10716,#10717);
#8770=AXIS2_PLACEMENT_3D('',#13080,#10718,#10719);
#8771=AXIS2_PLACEMENT_3D('',#13086,#10723,#10724);
#8772=AXIS2_PLACEMENT_3D('',#13092,#10728,#10729);
#8773=AXIS2_PLACEMENT_3D('',#13094,#10730,#10731);
#8774=AXIS2_PLACEMENT_3D('',#13097,#10733,#10734);
#8775=AXIS2_PLACEMENT_3D('',#13098,#10735,#10736);
#8776=AXIS2_PLACEMENT_3D('',#13104,#10740,#10741);
#8777=AXIS2_PLACEMENT_3D('',#13110,#10745,#10746);
#8778=AXIS2_PLACEMENT_3D('',#13112,#10747,#10748);
#8779=AXIS2_PLACEMENT_3D('',#13115,#10750,#10751);
#8780=AXIS2_PLACEMENT_3D('',#13116,#10752,#10753);
#8781=AXIS2_PLACEMENT_3D('',#13122,#10757,#10758);
#8782=AXIS2_PLACEMENT_3D('',#13128,#10762,#10763);
#8783=AXIS2_PLACEMENT_3D('',#13130,#10764,#10765);
#8784=AXIS2_PLACEMENT_3D('',#13133,#10767,#10768);
#8785=AXIS2_PLACEMENT_3D('',#13134,#10769,#10770);
#8786=AXIS2_PLACEMENT_3D('',#13140,#10774,#10775);
#8787=AXIS2_PLACEMENT_3D('',#13146,#10779,#10780);
#8788=AXIS2_PLACEMENT_3D('',#13148,#10781,#10782);
#8789=AXIS2_PLACEMENT_3D('',#13151,#10784,#10785);
#8790=AXIS2_PLACEMENT_3D('',#13152,#10786,#10787);
#8791=AXIS2_PLACEMENT_3D('',#13158,#10791,#10792);
#8792=AXIS2_PLACEMENT_3D('',#13164,#10796,#10797);
#8793=AXIS2_PLACEMENT_3D('',#13166,#10798,#10799);
#8794=AXIS2_PLACEMENT_3D('',#13169,#10801,#10802);
#8795=AXIS2_PLACEMENT_3D('',#13170,#10803,#10804);
#8796=AXIS2_PLACEMENT_3D('',#13176,#10808,#10809);
#8797=AXIS2_PLACEMENT_3D('',#13182,#10813,#10814);
#8798=AXIS2_PLACEMENT_3D('',#13184,#10815,#10816);
#8799=AXIS2_PLACEMENT_3D('',#13187,#10818,#10819);
#8800=AXIS2_PLACEMENT_3D('',#13188,#10820,#10821);
#8801=AXIS2_PLACEMENT_3D('',#13194,#10825,#10826);
#8802=AXIS2_PLACEMENT_3D('',#13200,#10830,#10831);
#8803=AXIS2_PLACEMENT_3D('',#13202,#10832,#10833);
#8804=AXIS2_PLACEMENT_3D('',#13205,#10835,#10836);
#8805=AXIS2_PLACEMENT_3D('',#13206,#10837,#10838);
#8806=AXIS2_PLACEMENT_3D('',#13212,#10842,#10843);
#8807=AXIS2_PLACEMENT_3D('',#13218,#10847,#10848);
#8808=AXIS2_PLACEMENT_3D('',#13220,#10849,#10850);
#8809=AXIS2_PLACEMENT_3D('',#13223,#10852,#10853);
#8810=AXIS2_PLACEMENT_3D('',#13224,#10854,#10855);
#8811=AXIS2_PLACEMENT_3D('',#13230,#10859,#10860);
#8812=AXIS2_PLACEMENT_3D('',#13236,#10864,#10865);
#8813=AXIS2_PLACEMENT_3D('',#13238,#10866,#10867);
#8814=AXIS2_PLACEMENT_3D('',#13241,#10869,#10870);
#8815=AXIS2_PLACEMENT_3D('',#13242,#10871,#10872);
#8816=AXIS2_PLACEMENT_3D('',#13248,#10876,#10877);
#8817=AXIS2_PLACEMENT_3D('',#13254,#10881,#10882);
#8818=AXIS2_PLACEMENT_3D('',#13256,#10883,#10884);
#8819=AXIS2_PLACEMENT_3D('',#13259,#10886,#10887);
#8820=AXIS2_PLACEMENT_3D('',#13260,#10888,#10889);
#8821=AXIS2_PLACEMENT_3D('',#13262,#10890,#10891);
#8822=AXIS2_PLACEMENT_3D('',#13265,#10893,#10894);
#8823=AXIS2_PLACEMENT_3D('',#13266,#10895,#10896);
#8824=AXIS2_PLACEMENT_3D('',#13272,#10900,#10901);
#8825=AXIS2_PLACEMENT_3D('',#13278,#10905,#10906);
#8826=AXIS2_PLACEMENT_3D('',#13281,#10909,#10910);
#8827=AXIS2_PLACEMENT_3D('',#13282,#10911,#10912);
#8828=AXIS2_PLACEMENT_3D('',#13283,#10913,#10914);
#8829=AXIS2_PLACEMENT_3D('',#13285,#10915,#10916);
#8830=AXIS2_PLACEMENT_3D('',#13288,#10918,#10919);
#8831=AXIS2_PLACEMENT_3D('',#13289,#10920,#10921);
#8832=AXIS2_PLACEMENT_3D('',#13298,#10926,#10927);
#8833=AXIS2_PLACEMENT_3D('',#13300,#10928,#10929);
#8834=AXIS2_PLACEMENT_3D('',#13303,#10931,#10932);
#8835=AXIS2_PLACEMENT_3D('',#13304,#10933,#10934);
#8836=AXIS2_PLACEMENT_3D('',#13310,#10938,#10939);
#8837=AXIS2_PLACEMENT_3D('',#13311,#10940,#10941);
#8838=AXIS2_PLACEMENT_3D('',#13312,#10942,#10943);
#8839=AXIS2_PLACEMENT_3D('',#13313,#10944,#10945);
#8840=AXIS2_PLACEMENT_3D('',#13316,#10946,#10947);
#8841=AXIS2_PLACEMENT_3D('',#13320,#10949,#10950);
#8842=AXIS2_PLACEMENT_3D('',#13322,#10952,#10953);
#8843=AXIS2_PLACEMENT_3D('',#13351,#10958,#10959);
#8844=AXIS2_PLACEMENT_3D('',#13357,#10963,#10964);
#8845=AXIS2_PLACEMENT_3D('',#13359,#10965,#10966);
#8846=AXIS2_PLACEMENT_3D('',#13362,#10968,#10969);
#8847=AXIS2_PLACEMENT_3D('',#13363,#10970,#10971);
#8848=AXIS2_PLACEMENT_3D('',#13369,#10975,#10976);
#8849=AXIS2_PLACEMENT_3D('',#13372,#10979,#10980);
#8850=AXIS2_PLACEMENT_3D('',#13373,#10981,#10982);
#8851=AXIS2_PLACEMENT_3D('',#13374,#10983,#10984);
#8852=AXIS2_PLACEMENT_3D('',#13391,#10993,#10994);
#8853=AXIS2_PLACEMENT_3D('',#13393,#10995,#10996);
#8854=AXIS2_PLACEMENT_3D('',#13396,#10998,#10999);
#8855=AXIS2_PLACEMENT_3D('',#13397,#11000,#11001);
#8856=AXIS2_PLACEMENT_3D('',#13403,#11005,#11006);
#8857=AXIS2_PLACEMENT_3D('',#13407,#11009,#11010);
#8858=AXIS2_PLACEMENT_3D('',#13409,#11011,#11012);
#8859=AXIS2_PLACEMENT_3D('',#13412,#11014,#11015);
#8860=AXIS2_PLACEMENT_3D('',#13413,#11016,#11017);
#8861=AXIS2_PLACEMENT_3D('',#13415,#11019,#11020);
#8862=AXIS2_PLACEMENT_3D('',#13417,#11022,#11023);
#8863=AXIS2_PLACEMENT_3D('',#13418,#11024,#11025);
#8864=AXIS2_PLACEMENT_3D('',#13422,#11028,#11029);
#8865=AXIS2_PLACEMENT_3D('',#13424,#11031,#11032);
#8866=AXIS2_PLACEMENT_3D('',#13425,#11033,#11034);
#8867=AXIS2_PLACEMENT_3D('',#13427,#11035,#11036);
#8868=AXIS2_PLACEMENT_3D('',#13430,#11038,#11039);
#8869=AXIS2_PLACEMENT_3D('',#13431,#11040,#11041);
#8870=AXIS2_PLACEMENT_3D('',#13440,#11046,#11047);
#8871=AXIS2_PLACEMENT_3D('',#13442,#11048,#11049);
#8872=AXIS2_PLACEMENT_3D('',#13444,#11050,#11051);
#8873=AXIS2_PLACEMENT_3D('',#13446,#11053,#11054);
#8874=AXIS2_PLACEMENT_3D('',#13452,#11058,#11059);
#8875=AXIS2_PLACEMENT_3D('',#13458,#11063,#11064);
#8876=AXIS2_PLACEMENT_3D('',#13464,#11068,#11069);
#8877=AXIS2_PLACEMENT_3D('',#13465,#11070,#11071);
#8878=AXIS2_PLACEMENT_3D('',#13466,#11072,#11073);
#8879=AXIS2_PLACEMENT_3D('',#13467,#11074,#11075);
#8880=AXIS2_PLACEMENT_3D('',#13468,#11076,#11077);
#8881=AXIS2_PLACEMENT_3D('',#13469,#11078,#11079);
#8882=AXIS2_PLACEMENT_3D('',#13471,#11080,#11081);
#8883=AXIS2_PLACEMENT_3D('',#13474,#11083,#11084);
#8884=AXIS2_PLACEMENT_3D('',#13475,#11085,#11086);
#8885=AXIS2_PLACEMENT_3D('',#13484,#11091,#11092);
#8886=AXIS2_PLACEMENT_3D('',#13486,#11093,#11094);
#8887=AXIS2_PLACEMENT_3D('',#13489,#11096,#11097);
#8888=AXIS2_PLACEMENT_3D('',#13490,#11098,#11099);
#8889=AXIS2_PLACEMENT_3D('',#13496,#11103,#11104);
#8890=AXIS2_PLACEMENT_3D('',#13502,#11108,#11109);
#8891=AXIS2_PLACEMENT_3D('',#13508,#11113,#11114);
#8892=AXIS2_PLACEMENT_3D('',#13509,#11115,#11116);
#8893=AXIS2_PLACEMENT_3D('',#13510,#11117,#11118);
#8894=AXIS2_PLACEMENT_3D('',#13511,#11119,#11120);
#8895=AXIS2_PLACEMENT_3D('',#13512,#11121,#11122);
#8896=AXIS2_PLACEMENT_3D('',#13513,#11123,#11124);
#8897=AXIS2_PLACEMENT_3D('',#13515,#11125,#11126);
#8898=AXIS2_PLACEMENT_3D('',#13518,#11128,#11129);
#8899=AXIS2_PLACEMENT_3D('',#13519,#11130,#11131);
#8900=AXIS2_PLACEMENT_3D('',#13528,#11136,#11137);
#8901=AXIS2_PLACEMENT_3D('',#13530,#11138,#11139);
#8902=AXIS2_PLACEMENT_3D('',#13533,#11141,#11142);
#8903=AXIS2_PLACEMENT_3D('',#13534,#11143,#11144);
#8904=AXIS2_PLACEMENT_3D('',#13540,#11148,#11149);
#8905=AXIS2_PLACEMENT_3D('',#13546,#11153,#11154);
#8906=AXIS2_PLACEMENT_3D('',#13552,#11158,#11159);
#8907=AXIS2_PLACEMENT_3D('',#13553,#11160,#11161);
#8908=AXIS2_PLACEMENT_3D('',#13554,#11162,#11163);
#8909=AXIS2_PLACEMENT_3D('',#13555,#11164,#11165);
#8910=AXIS2_PLACEMENT_3D('',#13556,#11166,#11167);
#8911=AXIS2_PLACEMENT_3D('',#13557,#11168,#11169);
#8912=AXIS2_PLACEMENT_3D('',#13559,#11170,#11171);
#8913=AXIS2_PLACEMENT_3D('',#13562,#11173,#11174);
#8914=AXIS2_PLACEMENT_3D('',#13563,#11175,#11176);
#8915=AXIS2_PLACEMENT_3D('',#13572,#11181,#11182);
#8916=AXIS2_PLACEMENT_3D('',#13574,#11183,#11184);
#8917=AXIS2_PLACEMENT_3D('',#13576,#11185,#11186);
#8918=AXIS2_PLACEMENT_3D('',#13578,#11188,#11189);
#8919=AXIS2_PLACEMENT_3D('',#13584,#11193,#11194);
#8920=AXIS2_PLACEMENT_3D('',#13590,#11198,#11199);
#8921=AXIS2_PLACEMENT_3D('',#13596,#11203,#11204);
#8922=AXIS2_PLACEMENT_3D('',#13597,#11205,#11206);
#8923=AXIS2_PLACEMENT_3D('',#13598,#11207,#11208);
#8924=AXIS2_PLACEMENT_3D('',#13599,#11209,#11210);
#8925=AXIS2_PLACEMENT_3D('',#13600,#11211,#11212);
#8926=DIRECTION('axis',(0.,0.,1.));
#8927=DIRECTION('refdir',(1.,0.,0.));
#8928=DIRECTION('center_axis',(1.,0.,0.));
#8929=DIRECTION('ref_axis',(0.,-1.,0.));
#8930=DIRECTION('',(0.,-1.,0.));
#8931=DIRECTION('',(0.,0.,-1.));
#8932=DIRECTION('',(0.,-1.,0.));
#8933=DIRECTION('',(0.,0.,-1.));
#8934=DIRECTION('center_axis',(0.,1.,0.));
#8935=DIRECTION('ref_axis',(1.,0.,0.));
#8936=DIRECTION('',(1.,0.,0.));
#8937=DIRECTION('',(0.,0.,-1.));
#8938=DIRECTION('',(1.,0.,0.));
#8939=DIRECTION('center_axis',(-1.,0.,0.));
#8940=DIRECTION('ref_axis',(0.,1.,0.));
#8941=DIRECTION('',(0.,1.,0.));
#8942=DIRECTION('',(0.,0.,1.));
#8943=DIRECTION('',(0.,1.,0.));
#8944=DIRECTION('center_axis',(0.,1.,0.));
#8945=DIRECTION('ref_axis',(-1.,0.,0.));
#8946=DIRECTION('',(1.,0.,0.));
#8947=DIRECTION('',(0.,0.,1.));
#8948=DIRECTION('',(1.,0.,0.));
#8949=DIRECTION('center_axis',(0.,1.,0.));
#8950=DIRECTION('ref_axis',(-1.,0.,0.));
#8951=DIRECTION('',(1.,0.,0.));
#8952=DIRECTION('',(0.,0.,-1.));
#8953=DIRECTION('',(0.,0.,-1.));
#8954=DIRECTION('',(0.,0.,-1.));
#8955=DIRECTION('',(1.,0.,0.));
#8956=DIRECTION('center_axis',(0.,0.,1.));
#8957=DIRECTION('ref_axis',(1.,0.,0.));
#8958=DIRECTION('',(0.,-1.,0.));
#8959=DIRECTION('',(1.,0.,0.));
#8960=DIRECTION('',(0.,1.,0.));
#8961=DIRECTION('',(-1.,0.,0.));
#8962=DIRECTION('',(0.,1.,0.));
#8963=DIRECTION('',(1.,0.,0.));
#8964=DIRECTION('',(0.,-1.,0.));
#8965=DIRECTION('',(1.,0.,0.));
#8966=DIRECTION('',(0.,1.,0.));
#8967=DIRECTION('',(1.,0.,0.));
#8968=DIRECTION('',(0.,-1.,0.));
#8969=DIRECTION('',(1.,0.,0.));
#8970=DIRECTION('',(0.,1.,0.));
#8971=DIRECTION('',(1.,0.,0.));
#8972=DIRECTION('',(0.,-1.,0.));
#8973=DIRECTION('',(1.,0.,0.));
#8974=DIRECTION('',(0.,-1.,0.));
#8975=DIRECTION('',(-1.,0.,0.));
#8976=DIRECTION('',(0.00142546182758001,-0.999998984028773,0.));
#8977=DIRECTION('',(-0.999998984028773,-0.00142546182756812,0.));
#8978=DIRECTION('',(-0.00142546182758001,0.999998984028773,0.));
#8979=DIRECTION('',(-1.,0.,0.));
#8980=DIRECTION('',(0.00142546182758002,-0.999998984028773,0.));
#8981=DIRECTION('',(-0.999998984028773,-0.00142546182757404,0.));
#8982=DIRECTION('',(-0.0014254618275516,0.999998984028773,0.));
#8983=DIRECTION('',(-1.,0.,0.));
#8984=DIRECTION('',(0.00142546182757998,-0.999998984028773,0.));
#8985=DIRECTION('',(-0.999998984028773,-0.00142546182756812,0.));
#8986=DIRECTION('',(-0.00142546182757998,0.999998984028773,0.));
#8987=DIRECTION('',(-1.,0.,0.));
#8988=DIRECTION('',(0.00142546182757998,-0.999998984028773,0.));
#8989=DIRECTION('',(-0.999998984028773,-0.00142546182757073,0.));
#8990=DIRECTION('',(-0.00142546182754446,0.999998984028773,0.));
#8991=DIRECTION('',(-1.,0.,0.));
#8992=DIRECTION('',(0.,1.,0.));
#8993=DIRECTION('center_axis',(0.,1.,0.));
#8994=DIRECTION('ref_axis',(1.,0.,0.));
#8995=DIRECTION('',(0.,0.,-1.));
#8996=DIRECTION('',(1.,0.,0.));
#8997=DIRECTION('',(0.,0.,-1.));
#8998=DIRECTION('center_axis',(-1.,0.,0.));
#8999=DIRECTION('ref_axis',(0.,1.,0.));
#9000=DIRECTION('',(0.,0.,1.));
#9001=DIRECTION('',(0.,1.,0.));
#9002=DIRECTION('center_axis',(1.,0.,0.));
#9003=DIRECTION('ref_axis',(0.,-1.,0.));
#9004=DIRECTION('',(0.,-1.,0.));
#9005=DIRECTION('',(0.,0.,-1.));
#9006=DIRECTION('center_axis',(1.,0.,0.));
#9007=DIRECTION('ref_axis',(0.,-1.,0.));
#9008=DIRECTION('',(0.,0.,-1.));
#9009=DIRECTION('',(0.,-1.,0.));
#9010=DIRECTION('',(0.,0.,-1.));
#9011=DIRECTION('center_axis',(0.,1.,0.));
#9012=DIRECTION('ref_axis',(1.,0.,0.));
#9013=DIRECTION('',(0.,0.,-1.));
#9014=DIRECTION('',(1.,0.,0.));
#9015=DIRECTION('center_axis',(-1.,0.,0.));
#9016=DIRECTION('ref_axis',(0.,1.,0.));
#9017=DIRECTION('',(0.,1.,0.));
#9018=DIRECTION('center_axis',(1.,0.,0.));
#9019=DIRECTION('ref_axis',(0.,-1.,0.));
#9020=DIRECTION('',(0.,0.,-1.));
#9021=DIRECTION('',(0.,-1.,0.));
#9022=DIRECTION('',(0.,0.,-1.));
#9023=DIRECTION('center_axis',(0.,1.,0.));
#9024=DIRECTION('ref_axis',(1.,0.,0.));
#9025=DIRECTION('',(0.,0.,-1.));
#9026=DIRECTION('',(1.,0.,0.));
#9027=DIRECTION('center_axis',(-1.,0.,0.));
#9028=DIRECTION('ref_axis',(0.,1.,0.));
#9029=DIRECTION('',(0.,0.,1.));
#9030=DIRECTION('',(0.,1.,0.));
#9031=DIRECTION('center_axis',(-0.999998984028773,-0.00142546182758001,
0.));
#9032=DIRECTION('ref_axis',(-0.00142546182758001,0.999998984028773,0.));
#9033=DIRECTION('',(0.,0.,-1.));
#9034=DIRECTION('',(-0.00142546182758001,0.999998984028773,0.));
#9035=DIRECTION('',(0.,0.,-1.));
#9036=DIRECTION('center_axis',(0.00142546182756812,-0.999998984028773,0.));
#9037=DIRECTION('ref_axis',(-0.999998984028773,-0.00142546182756812,0.));
#9038=DIRECTION('',(0.,0.,-1.));
#9039=DIRECTION('',(-0.999998984028773,-0.00142546182756812,0.));
#9040=DIRECTION('center_axis',(0.999998984028773,0.00142546182758001,0.));
#9041=DIRECTION('ref_axis',(0.00142546182758001,-0.999998984028773,0.));
#9042=DIRECTION('',(0.,0.,1.));
#9043=DIRECTION('',(0.00142546182758001,-0.999998984028773,0.));
#9044=DIRECTION('center_axis',(-0.999998984028773,-0.00142546182757998,
0.));
#9045=DIRECTION('ref_axis',(-0.00142546182757998,0.999998984028773,0.));
#9046=DIRECTION('',(0.,0.,-1.));
#9047=DIRECTION('',(-0.00142546182757998,0.999998984028773,0.));
#9048=DIRECTION('',(0.,0.,-1.));
#9049=DIRECTION('center_axis',(0.00142546182756812,-0.999998984028773,0.));
#9050=DIRECTION('ref_axis',(-0.999998984028773,-0.00142546182756812,0.));
#9051=DIRECTION('',(0.,0.,-1.));
#9052=DIRECTION('',(-0.999998984028773,-0.00142546182756812,0.));
#9053=DIRECTION('center_axis',(0.999998984028773,0.00142546182757998,0.));
#9054=DIRECTION('ref_axis',(0.00142546182757998,-0.999998984028773,0.));
#9055=DIRECTION('',(0.,0.,1.));
#9056=DIRECTION('',(0.00142546182757998,-0.999998984028773,0.));
#9057=DIRECTION('center_axis',(-0.999998984028773,-0.0014254618275516,0.));
#9058=DIRECTION('ref_axis',(-0.0014254618275516,0.999998984028773,0.));
#9059=DIRECTION('',(0.,0.,-1.));
#9060=DIRECTION('',(-0.0014254618275516,0.999998984028773,0.));
#9061=DIRECTION('',(0.,0.,-1.));
#9062=DIRECTION('center_axis',(0.00142546182757404,-0.999998984028773,0.));
#9063=DIRECTION('ref_axis',(-0.999998984028773,-0.00142546182757404,0.));
#9064=DIRECTION('',(0.,0.,-1.));
#9065=DIRECTION('',(-0.999998984028773,-0.00142546182757404,0.));
#9066=DIRECTION('center_axis',(0.999998984028773,0.00142546182758002,0.));
#9067=DIRECTION('ref_axis',(0.00142546182758002,-0.999998984028773,0.));
#9068=DIRECTION('',(0.,0.,1.));
#9069=DIRECTION('',(0.00142546182758002,-0.999998984028773,0.));
#9070=DIRECTION('center_axis',(-0.999998984028773,-0.00142546182754446,
0.));
#9071=DIRECTION('ref_axis',(-0.00142546182754446,0.999998984028773,0.));
#9072=DIRECTION('',(0.,0.,-1.));
#9073=DIRECTION('',(-0.00142546182754446,0.999998984028773,0.));
#9074=DIRECTION('',(0.,0.,-1.));
#9075=DIRECTION('center_axis',(0.00142546182757073,-0.999998984028773,0.));
#9076=DIRECTION('ref_axis',(-0.999998984028773,-0.00142546182757073,0.));
#9077=DIRECTION('',(0.,0.,-1.));
#9078=DIRECTION('',(-0.999998984028773,-0.00142546182757073,0.));
#9079=DIRECTION('center_axis',(0.999998984028773,0.00142546182757998,0.));
#9080=DIRECTION('ref_axis',(0.00142546182757998,-0.999998984028773,0.));
#9081=DIRECTION('',(0.,0.,1.));
#9082=DIRECTION('',(0.00142546182757998,-0.999998984028773,0.));
#9083=DIRECTION('center_axis',(0.,1.,0.));
#9084=DIRECTION('ref_axis',(-1.,0.,0.));
#9085=DIRECTION('',(1.,0.,0.));
#9086=DIRECTION('center_axis',(0.,1.,0.));
#9087=DIRECTION('ref_axis',(-1.,0.,0.));
#9088=DIRECTION('',(1.,0.,0.));
#9089=DIRECTION('center_axis',(0.,1.,0.));
#9090=DIRECTION('ref_axis',(-1.,0.,0.));
#9091=DIRECTION('',(1.,0.,0.));
#9092=DIRECTION('',(0.,0.,-1.));
#9093=DIRECTION('center_axis',(0.,-1.,0.));
#9094=DIRECTION('ref_axis',(1.,0.,0.));
#9095=DIRECTION('',(-1.,0.,0.));
#9096=DIRECTION('',(0.,0.,1.));
#9097=DIRECTION('',(0.,0.,1.));
#9098=DIRECTION('',(0.,0.,1.));
#9099=DIRECTION('center_axis',(0.,-1.,0.));
#9100=DIRECTION('ref_axis',(1.,0.,0.));
#9101=DIRECTION('',(-1.,0.,0.));
#9102=DIRECTION('center_axis',(0.,-1.,0.));
#9103=DIRECTION('ref_axis',(1.,0.,0.));
#9104=DIRECTION('',(-1.,0.,0.));
#9105=DIRECTION('center_axis',(0.,-1.,0.));
#9106=DIRECTION('ref_axis',(1.,0.,0.));
#9107=DIRECTION('',(0.,0.,-1.));
#9108=DIRECTION('',(-1.,0.,0.));
#9109=DIRECTION('center_axis',(0.,-1.,0.));
#9110=DIRECTION('ref_axis',(1.,0.,0.));
#9111=DIRECTION('',(-1.,0.,0.));
#9112=DIRECTION('center_axis',(0.,-1.,0.));
#9113=DIRECTION('ref_axis',(1.,0.,0.));
#9114=DIRECTION('',(-1.,0.,0.));
#9115=DIRECTION('',(0.,0.,1.));
#9116=DIRECTION('',(0.,0.,1.));
#9117=DIRECTION('center_axis',(0.,1.,0.));
#9118=DIRECTION('ref_axis',(-1.,0.,0.));
#9119=DIRECTION('',(1.,0.,0.));
#9120=DIRECTION('',(0.,0.,1.));
#9121=DIRECTION('',(0.,0.,1.));
#9122=DIRECTION('center_axis',(0.,0.,1.));
#9123=DIRECTION('ref_axis',(1.,0.,0.));
#9124=DIRECTION('',(0.,-1.,0.));
#9125=DIRECTION('',(0.,1.,0.));
#9126=DIRECTION('center_axis',(1.,0.,0.));
#9127=DIRECTION('ref_axis',(0.,1.,0.));
#9128=DIRECTION('',(0.,1.,0.));
#9129=DIRECTION('center_axis',(1.,0.,0.));
#9130=DIRECTION('ref_axis',(0.,-8.88178419700126E-16,-1.));
#9131=DIRECTION('',(0.,1.69176841847643E-16,1.));
#9132=DIRECTION('center_axis',(1.,0.,0.));
#9133=DIRECTION('ref_axis',(0.,1.,0.));
#9134=DIRECTION('',(0.,-1.,0.));
#9135=DIRECTION('center_axis',(1.,0.,0.));
#9136=DIRECTION('ref_axis',(0.,1.77635683940025E-15,1.));
#9137=DIRECTION('',(0.,1.69176841847643E-16,-1.));
#9138=DIRECTION('center_axis',(1.,0.,0.));
#9139=DIRECTION('ref_axis',(0.,-1.,8.88178419700126E-16));
#9140=DIRECTION('center_axis',(-1.,0.,0.));
#9141=DIRECTION('ref_axis',(0.,-1.,0.));
#9142=DIRECTION('',(0.,-1.,0.));
#9143=DIRECTION('center_axis',(1.,0.,0.));
#9144=DIRECTION('ref_axis',(0.,0.,-1.));
#9145=DIRECTION('',(0.,1.,0.));
#9146=DIRECTION('',(0.,0.,-1.));
#9147=DIRECTION('',(0.,-1.,0.));
#9148=DIRECTION('center_axis',(0.,-1.,0.));
#9149=DIRECTION('ref_axis',(0.,0.,-1.));
#9150=DIRECTION('',(0.,0.,-1.));
#9151=DIRECTION('',(1.,0.,0.));
#9152=DIRECTION('',(1.,0.,0.));
#9153=DIRECTION('center_axis',(0.,0.,-1.));
#9154=DIRECTION('ref_axis',(0.,1.,0.));
#9155=DIRECTION('',(0.,1.,0.));
#9156=DIRECTION('',(0.,1.,0.));
#9157=DIRECTION('',(1.,0.,0.));
#9158=DIRECTION('center_axis',(0.,1.,1.1842378929335E-16));
#9159=DIRECTION('ref_axis',(0.,-1.1842378929335E-16,1.));
#9160=DIRECTION('',(0.,-1.1842378929335E-16,1.));
#9161=DIRECTION('',(0.,-1.1842378929335E-16,1.));
#9162=DIRECTION('',(1.,0.,0.));
#9163=DIRECTION('center_axis',(0.,0.,1.));
#9164=DIRECTION('ref_axis',(0.,-1.,0.));
#9165=DIRECTION('',(0.,-1.,0.));
#9166=DIRECTION('',(0.,-1.,0.));
#9167=DIRECTION('',(0.,1.,0.));
#9168=DIRECTION('center_axis',(1.,0.,0.));
#9169=DIRECTION('ref_axis',(0.,0.,-1.));
#9170=DIRECTION('center_axis',(1.,0.,0.));
#9171=DIRECTION('ref_axis',(0.,1.,0.));
#9172=DIRECTION('center_axis',(-1.,0.,0.));
#9173=DIRECTION('ref_axis',(0.,-0.707106781186546,-0.707106781186549));
#9174=DIRECTION('',(0.,-1.,0.));
#9175=DIRECTION('center_axis',(-1.,0.,0.));
#9176=DIRECTION('ref_axis',(0.,0.707106781186546,-0.707106781186549));
#9177=DIRECTION('',(0.,-1.,0.));
#9178=DIRECTION('center_axis',(-1.,0.,0.));
#9179=DIRECTION('ref_axis',(0.,-1.,8.88178419700126E-16));
#9180=DIRECTION('',(0.,-1.69176841847643E-16,1.));
#9181=DIRECTION('center_axis',(-1.,0.,0.));
#9182=DIRECTION('ref_axis',(0.,1.77635683940025E-15,1.));
#9183=DIRECTION('',(0.,1.,0.));
#9184=DIRECTION('center_axis',(-1.,0.,0.));
#9185=DIRECTION('ref_axis',(0.,1.,0.));
#9186=DIRECTION('',(0.,-1.69176841847643E-16,-1.));
#9187=DIRECTION('center_axis',(-1.,0.,0.));
#9188=DIRECTION('ref_axis',(0.,-8.88178419700126E-16,-1.));
#9189=DIRECTION('center_axis',(-1.,0.,0.));
#9190=DIRECTION('ref_axis',(0.,-0.707106781186546,-0.707106781186549));
#9191=DIRECTION('center_axis',(1.,0.,0.));
#9192=DIRECTION('ref_axis',(0.,-0.707106781186546,-0.707106781186549));
#9193=DIRECTION('',(1.,0.,0.));
#9194=DIRECTION('center_axis',(0.,0.,1.));
#9195=DIRECTION('ref_axis',(1.,0.,0.));
#9196=DIRECTION('',(-1.,0.,0.));
#9197=DIRECTION('',(0.,1.,0.));
#9198=DIRECTION('center_axis',(1.,0.,0.));
#9199=DIRECTION('ref_axis',(0.,0.707106781186546,-0.707106781186549));
#9200=DIRECTION('center_axis',(1.,0.,0.));
#9201=DIRECTION('ref_axis',(0.,0.707106781186546,-0.707106781186549));
#9202=DIRECTION('center_axis',(-1.,0.,0.));
#9203=DIRECTION('ref_axis',(0.,1.,0.));
#9204=DIRECTION('',(-1.,0.,0.));
#9205=DIRECTION('',(-1.,0.,0.));
#9206=DIRECTION('center_axis',(0.,1.,-1.69176841847643E-16));
#9207=DIRECTION('ref_axis',(0.,-1.69176841847643E-16,-1.));
#9208=DIRECTION('',(-1.,0.,0.));
#9209=DIRECTION('center_axis',(-1.,0.,0.));
#9210=DIRECTION('ref_axis',(0.,-8.88178419700126E-16,-1.));
#9211=DIRECTION('',(-1.,0.,0.));
#9212=DIRECTION('center_axis',(0.,0.,-1.));
#9213=DIRECTION('ref_axis',(0.,-1.,0.));
#9214=DIRECTION('',(-1.,0.,0.));
#9215=DIRECTION('center_axis',(-1.,0.,0.));
#9216=DIRECTION('ref_axis',(0.,-1.,8.88178419700126E-16));
#9217=DIRECTION('',(-1.,0.,0.));
#9218=DIRECTION('center_axis',(0.,-1.,-1.69176841847643E-16));
#9219=DIRECTION('ref_axis',(0.,-1.69176841847643E-16,1.));
#9220=DIRECTION('',(-1.,0.,0.));
#9221=DIRECTION('center_axis',(-1.,0.,0.));
#9222=DIRECTION('ref_axis',(0.,1.77635683940025E-15,1.));
#9223=DIRECTION('',(-1.,0.,0.));
#9224=DIRECTION('center_axis',(0.,0.,1.));
#9225=DIRECTION('ref_axis',(0.,1.,0.));
#9226=DIRECTION('center_axis',(-1.,0.,0.));
#9227=DIRECTION('ref_axis',(0.,-1.,0.));
#9228=DIRECTION('center_axis',(-1.,0.,0.));
#9229=DIRECTION('ref_axis',(0.,-1.,0.));
#9230=DIRECTION('center_axis',(0.,-1.,0.));
#9231=DIRECTION('ref_axis',(1.,0.,0.));
#9232=DIRECTION('center_axis',(0.,-1.,0.));
#9233=DIRECTION('ref_axis',(1.,0.,0.));
#9234=DIRECTION('',(0.,1.,0.));
#9235=DIRECTION('center_axis',(0.,-1.,0.));
#9236=DIRECTION('ref_axis',(1.,0.,0.));
#9237=DIRECTION('center_axis',(0.,-1.,0.));
#9238=DIRECTION('ref_axis',(1.,0.,0.));
#9239=DIRECTION('center_axis',(0.,-1.,0.));
#9240=DIRECTION('ref_axis',(1.,0.,0.));
#9241=DIRECTION('center_axis',(0.,1.,0.));
#9242=DIRECTION('ref_axis',(1.,0.,0.));
#9243=DIRECTION('center_axis',(0.,-1.,0.));
#9244=DIRECTION('ref_axis',(1.,0.,0.));
#9245=DIRECTION('',(0.,-1.,0.));
#9246=DIRECTION('center_axis',(0.,1.,0.));
#9247=DIRECTION('ref_axis',(1.,0.,0.));
#9248=DIRECTION('center_axis',(0.,1.,0.));
#9249=DIRECTION('ref_axis',(-1.,0.,0.));
#9250=DIRECTION('center_axis',(0.,-1.,0.));
#9251=DIRECTION('ref_axis',(-1.,0.,0.));
#9252=DIRECTION('',(0.,1.,0.));
#9253=DIRECTION('center_axis',(0.,1.,0.));
#9254=DIRECTION('ref_axis',(-1.,0.,0.));
#9255=DIRECTION('',(0.,1.,0.));
#9256=DIRECTION('center_axis',(8.88178419700113E-15,0.,-1.));
#9257=DIRECTION('ref_axis',(-1.,0.,-8.88178419700113E-15));
#9258=DIRECTION('',(1.,0.,8.88178419700113E-15));
#9259=DIRECTION('',(-1.,0.,-8.88178419700113E-15));
#9260=DIRECTION('',(0.,1.,0.));
#9261=DIRECTION('center_axis',(0.,1.,0.));
#9262=DIRECTION('ref_axis',(0.,0.,-1.));
#9263=DIRECTION('center_axis',(0.,-1.,0.));
#9264=DIRECTION('ref_axis',(0.,0.,-1.));
#9265=DIRECTION('center_axis',(0.,1.,0.));
#9266=DIRECTION('ref_axis',(0.,0.,-1.));
#9267=DIRECTION('',(0.,1.,0.));
#9268=DIRECTION('center_axis',(1.,0.,0.));
#9269=DIRECTION('ref_axis',(0.,0.,-1.));
#9270=DIRECTION('',(0.,0.,-1.));
#9271=DIRECTION('',(0.,0.,-1.));
#9272=DIRECTION('',(0.,1.,0.));
#9273=DIRECTION('center_axis',(0.,0.,1.));
#9274=DIRECTION('ref_axis',(1.,0.,0.));
#9275=DIRECTION('',(1.,0.,0.));
#9276=DIRECTION('',(1.,0.,0.));
#9277=DIRECTION('',(0.,1.,0.));
#9278=DIRECTION('center_axis',(-1.,0.,0.));
#9279=DIRECTION('ref_axis',(0.,0.,1.));
#9280=DIRECTION('',(0.,0.,-1.));
#9281=DIRECTION('',(0.,0.,1.));
#9282=DIRECTION('center_axis',(0.,-1.,0.));
#9283=DIRECTION('ref_axis',(1.,0.,0.));
#9284=DIRECTION('center_axis',(0.,-1.,0.));
#9285=DIRECTION('ref_axis',(1.,0.,0.));
#9286=DIRECTION('center_axis',(0.,1.,0.));
#9287=DIRECTION('ref_axis',(1.,0.,0.));
#9288=DIRECTION('',(1.,0.,0.));
#9289=DIRECTION('',(0.,0.,-1.));
#9290=DIRECTION('',(1.,0.,0.));
#9291=DIRECTION('',(0.,0.,-1.));
#9292=DIRECTION('center_axis',(1.,0.,0.));
#9293=DIRECTION('ref_axis',(0.,-1.,0.));
#9294=DIRECTION('',(0.,-1.,0.));
#9295=DIRECTION('',(0.,-1.,0.));
#9296=DIRECTION('',(0.,0.,-1.));
#9297=DIRECTION('center_axis',(0.,-1.,0.));
#9298=DIRECTION('ref_axis',(-1.,0.,0.));
#9299=DIRECTION('',(-1.,0.,0.));
#9300=DIRECTION('',(-1.,0.,0.));
#9301=DIRECTION('',(0.,0.,-1.));
#9302=DIRECTION('center_axis',(-1.,0.,0.));
#9303=DIRECTION('ref_axis',(0.,1.,0.));
#9304=DIRECTION('',(0.,1.,0.));
#9305=DIRECTION('',(0.,1.,0.));
#9306=DIRECTION('center_axis',(0.,1.,0.));
#9307=DIRECTION('ref_axis',(1.,0.,0.));
#9308=DIRECTION('',(1.,0.,0.));
#9309=DIRECTION('',(0.,0.,-1.));
#9310=DIRECTION('',(1.,0.,0.));
#9311=DIRECTION('',(0.,0.,-1.));
#9312=DIRECTION('center_axis',(-1.,0.,0.));
#9313=DIRECTION('ref_axis',(0.,1.,0.));
#9314=DIRECTION('',(0.,1.,0.));
#9315=DIRECTION('',(0.,1.,0.));
#9316=DIRECTION('',(0.,0.,-1.));
#9317=DIRECTION('center_axis',(0.,-1.,0.));
#9318=DIRECTION('ref_axis',(-1.,0.,0.));
#9319=DIRECTION('',(-1.,0.,0.));
#9320=DIRECTION('',(-1.,0.,0.));
#9321=DIRECTION('',(0.,0.,-1.));
#9322=DIRECTION('center_axis',(1.,0.,0.));
#9323=DIRECTION('ref_axis',(0.,-1.,0.));
#9324=DIRECTION('',(0.,-1.,0.));
#9325=DIRECTION('',(0.,-1.,0.));
#9326=DIRECTION('center_axis',(0.,0.,-1.));
#9327=DIRECTION('ref_axis',(-1.,0.,0.));
#9328=DIRECTION('center_axis',(0.,0.,-1.));
#9329=DIRECTION('ref_axis',(1.,0.,0.));
#9330=DIRECTION('center_axis',(0.,1.,0.));
#9331=DIRECTION('ref_axis',(0.707106781186547,0.,0.707106781186547));
#9332=DIRECTION('center_axis',(2.1316282072803E-15,-1.,0.));
#9333=DIRECTION('ref_axis',(0.707106781186547,0.,0.707106781186547));
#9334=DIRECTION('',(0.,-1.,0.));
#9335=DIRECTION('center_axis',(0.,1.,0.));
#9336=DIRECTION('ref_axis',(0.707106781186547,0.,0.707106781186547));
#9337=DIRECTION('',(0.,1.,0.));
#9338=DIRECTION('center_axis',(0.,-1.,0.));
#9339=DIRECTION('ref_axis',(1.,0.,0.));
#9340=DIRECTION('',(1.,0.,0.));
#9341=DIRECTION('center_axis',(0.,1.,0.));
#9342=DIRECTION('ref_axis',(-0.707106781186547,0.,0.707106781186547));
#9343=DIRECTION('',(0.,0.,1.));
#9344=DIRECTION('',(1.,0.,0.));
#9345=DIRECTION('',(0.,0.,1.));
#9346=DIRECTION('center_axis',(0.,1.,0.));
#9347=DIRECTION('ref_axis',(1.,0.,0.));
#9348=DIRECTION('center_axis',(0.,0.,1.));
#9349=DIRECTION('ref_axis',(1.,0.,0.));
#9350=DIRECTION('',(-1.,-2.1316282072803E-15,0.));
#9351=DIRECTION('',(0.,1.,0.));
#9352=DIRECTION('center_axis',(0.,-1.,0.));
#9353=DIRECTION('ref_axis',(-0.707106781186547,0.,0.707106781186547));
#9354=DIRECTION('center_axis',(2.1316282072803E-15,-1.,0.));
#9355=DIRECTION('ref_axis',(-0.707106781186547,0.,0.707106781186547));
#9356=DIRECTION('',(0.,-1.,0.));
#9357=DIRECTION('center_axis',(0.,1.,0.));
#9358=DIRECTION('ref_axis',(1.,0.,0.));
#9359=DIRECTION('',(0.,1.,0.));
#9360=DIRECTION('center_axis',(2.1316282072803E-15,-1.,0.));
#9361=DIRECTION('ref_axis',(1.,0.,0.));
#9362=DIRECTION('center_axis',(-1.,0.,0.));
#9363=DIRECTION('ref_axis',(0.,-1.,0.));
#9364=DIRECTION('',(0.,0.,1.));
#9365=DIRECTION('',(0.,1.,0.));
#9366=DIRECTION('center_axis',(-2.1316282072803E-15,1.,0.));
#9367=DIRECTION('ref_axis',(-1.,-2.1316282072803E-15,0.));
#9368=DIRECTION('',(0.,0.,1.));
#9369=DIRECTION('',(-1.,-2.1316282072803E-15,0.));
#9370=DIRECTION('center_axis',(1.,0.,0.));
#9371=DIRECTION('ref_axis',(0.,1.,0.));
#9372=DIRECTION('',(0.,1.,0.));
#9373=DIRECTION('center_axis',(0.,0.,1.));
#9374=DIRECTION('ref_axis',(-1.,0.,0.));
#9375=DIRECTION('center_axis',(0.,-1.,0.));
#9376=DIRECTION('ref_axis',(-3.95275470994822E-17,1.19795803921355E-33,
-1.));
#9377=DIRECTION('center_axis',(-6.12323399573677E-17,-1.,0.));
#9378=DIRECTION('ref_axis',(-3.95275470994822E-17,0.,-1.));
#9379=DIRECTION('',(-1.14545802221265E-16,0.70710678118654,-0.707106781186555));
#9380=DIRECTION('center_axis',(6.12323399573677E-17,1.,0.));
#9381=DIRECTION('ref_axis',(-3.95275470994822E-17,2.42036420167635E-33,
-1.));
#9382=DIRECTION('center_axis',(-6.12323399573677E-17,-1.,0.));
#9383=DIRECTION('ref_axis',(-3.95275470994822E-17,0.,-1.));
#9384=DIRECTION('center_axis',(-6.12323399573677E-17,-1.,0.));
#9385=DIRECTION('ref_axis',(0.,0.,-1.));
#9386=DIRECTION('center_axis',(6.12323399573677E-17,1.,0.));
#9387=DIRECTION('ref_axis',(3.95275470994822E-17,0.,1.));
#9388=DIRECTION('center_axis',(6.12323399573677E-17,1.,0.));
#9389=DIRECTION('ref_axis',(1.,-6.12323399573677E-17,0.));
#9390=DIRECTION('',(6.12323399573677E-17,1.,0.));
#9391=DIRECTION('center_axis',(-6.12323399573677E-17,-1.,0.));
#9392=DIRECTION('ref_axis',(0.,0.,1.));
#9393=DIRECTION('center_axis',(1.,-6.12323399573677E-17,0.));
#9394=DIRECTION('ref_axis',(0.,0.,-1.));
#9395=DIRECTION('center_axis',(6.12323399573677E-17,1.,0.));
#9396=DIRECTION('ref_axis',(1.,-6.12323399573677E-17,0.));
#9397=DIRECTION('center_axis',(-6.12323399573677E-17,-1.,0.));
#9398=DIRECTION('ref_axis',(3.95275470994822E-17,0.,1.));
#9399=DIRECTION('center_axis',(6.12323399573677E-17,1.,0.));
#9400=DIRECTION('ref_axis',(1.,-6.12323399573677E-17,0.));
#9401=DIRECTION('',(7.10769537765714E-17,0.998107862395526,0.0614873566209618));
#9402=DIRECTION('center_axis',(-6.12323399573677E-17,-1.,0.));
#9403=DIRECTION('ref_axis',(0.,0.,1.));
#9404=DIRECTION('center_axis',(6.12323399573677E-17,1.,0.));
#9405=DIRECTION('ref_axis',(1.,-6.12323399573677E-17,0.));
#9406=DIRECTION('center_axis',(1.,-6.12323399573677E-17,0.));
#9407=DIRECTION('ref_axis',(0.,0.,-1.));
#9408=DIRECTION('center_axis',(0.,1.,0.));
#9409=DIRECTION('ref_axis',(-3.95275470994822E-17,-1.19795803921355E-33,
-1.));
#9410=DIRECTION('center_axis',(6.12323399573677E-17,-1.,0.));
#9411=DIRECTION('ref_axis',(-3.95275470994822E-17,0.,-1.));
#9412=DIRECTION('center_axis',(6.12323399573677E-17,-1.,0.));
#9413=DIRECTION('ref_axis',(-3.95275470994822E-17,0.,-1.));
#9414=DIRECTION('',(-1.14545802221265E-16,-0.70710678118654,-0.707106781186555));
#9415=DIRECTION('center_axis',(-6.12323399573677E-17,1.,0.));
#9416=DIRECTION('ref_axis',(-3.95275470994822E-17,-2.42036420167635E-33,
-1.));
#9417=DIRECTION('center_axis',(6.12323399573677E-17,-1.,0.));
#9418=DIRECTION('ref_axis',(0.,0.,-1.));
#9419=DIRECTION('center_axis',(-6.12323399573677E-17,1.,0.));
#9420=DIRECTION('ref_axis',(3.95275470994822E-17,0.,1.));
#9421=DIRECTION('center_axis',(-6.12323399573677E-17,1.,0.));
#9422=DIRECTION('ref_axis',(1.,6.12323399573677E-17,0.));
#9423=DIRECTION('',(6.12323399573677E-17,-1.,0.));
#9424=DIRECTION('center_axis',(-6.12323399573677E-17,1.,0.));
#9425=DIRECTION('ref_axis',(0.,0.,1.));
#9426=DIRECTION('center_axis',(-1.,-6.12323399573677E-17,0.));
#9427=DIRECTION('ref_axis',(0.,0.,-1.));
#9428=DIRECTION('center_axis',(-6.12323399573677E-17,1.,0.));
#9429=DIRECTION('ref_axis',(1.,6.12323399573677E-17,0.));
#9430=DIRECTION('center_axis',(-6.12323399573677E-17,1.,0.));
#9431=DIRECTION('ref_axis',(3.95275470994822E-17,0.,1.));
#9432=DIRECTION('center_axis',(-6.12323399573677E-17,1.,0.));
#9433=DIRECTION('ref_axis',(1.,6.12323399573677E-17,0.));
#9434=DIRECTION('',(7.10769537765714E-17,-0.998107862395526,0.0614873566209618));
#9435=DIRECTION('center_axis',(-6.12323399573677E-17,1.,0.));
#9436=DIRECTION('ref_axis',(0.,0.,1.));
#9437=DIRECTION('center_axis',(-6.12323399573677E-17,1.,0.));
#9438=DIRECTION('ref_axis',(1.,6.12323399573677E-17,0.));
#9439=DIRECTION('center_axis',(-1.,-6.12323399573677E-17,0.));
#9440=DIRECTION('ref_axis',(0.,0.,-1.));
#9441=DIRECTION('center_axis',(-6.12323399573677E-17,1.,0.));
#9442=DIRECTION('ref_axis',(3.95275470994822E-17,0.,1.));
#9443=DIRECTION('',(6.12323399573677E-17,-1.,0.));
#9444=DIRECTION('center_axis',(0.,0.,1.));
#9445=DIRECTION('ref_axis',(1.,0.,0.));
#9446=DIRECTION('center_axis',(0.,0.,-1.));
#9447=DIRECTION('ref_axis',(1.,0.,0.));
#9448=DIRECTION('',(0.,0.,-1.));
#9449=DIRECTION('center_axis',(0.,0.,1.));
#9450=DIRECTION('ref_axis',(1.,0.,0.));
#9451=DIRECTION('center_axis',(0.,0.,1.));
#9452=DIRECTION('ref_axis',(1.,0.,0.));
#9453=DIRECTION('center_axis',(0.,0.,-1.));
#9454=DIRECTION('ref_axis',(1.,0.,0.));
#9455=DIRECTION('',(0.,0.,-1.));
#9456=DIRECTION('center_axis',(0.,0.,1.));
#9457=DIRECTION('ref_axis',(1.,0.,0.));
#9458=DIRECTION('center_axis',(0.,0.,1.));
#9459=DIRECTION('ref_axis',(1.,0.,0.));
#9460=DIRECTION('center_axis',(0.,0.,-1.));
#9461=DIRECTION('ref_axis',(1.,0.,0.));
#9462=DIRECTION('',(0.,0.,-1.));
#9463=DIRECTION('center_axis',(0.,0.,1.));
#9464=DIRECTION('ref_axis',(1.,0.,0.));
#9465=DIRECTION('center_axis',(0.,0.,1.));
#9466=DIRECTION('ref_axis',(1.,0.,0.));
#9467=DIRECTION('center_axis',(0.,0.,-1.));
#9468=DIRECTION('ref_axis',(1.,0.,0.));
#9469=DIRECTION('',(0.,0.,-1.));
#9470=DIRECTION('center_axis',(0.,0.,1.));
#9471=DIRECTION('ref_axis',(1.,0.,0.));
#9472=DIRECTION('center_axis',(0.,0.,1.));
#9473=DIRECTION('ref_axis',(1.,0.,0.));
#9474=DIRECTION('center_axis',(0.,0.,-1.));
#9475=DIRECTION('ref_axis',(1.,0.,0.));
#9476=DIRECTION('',(0.,0.,-1.));
#9477=DIRECTION('center_axis',(0.,0.,1.));
#9478=DIRECTION('ref_axis',(1.,0.,0.));
#9479=DIRECTION('center_axis',(0.,0.,1.));
#9480=DIRECTION('ref_axis',(1.,0.,0.));
#9481=DIRECTION('center_axis',(0.,0.,-1.));
#9482=DIRECTION('ref_axis',(1.,0.,0.));
#9483=DIRECTION('',(0.,0.,-1.));
#9484=DIRECTION('center_axis',(0.,0.,1.));
#9485=DIRECTION('ref_axis',(1.,0.,0.));
#9486=DIRECTION('center_axis',(0.,0.,1.));
#9487=DIRECTION('ref_axis',(1.,0.,0.));
#9488=DIRECTION('center_axis',(0.,0.,-1.));
#9489=DIRECTION('ref_axis',(1.,0.,0.));
#9490=DIRECTION('',(0.,0.,-1.));
#9491=DIRECTION('center_axis',(0.,0.,1.));
#9492=DIRECTION('ref_axis',(1.,0.,0.));
#9493=DIRECTION('center_axis',(0.,0.,1.));
#9494=DIRECTION('ref_axis',(1.,0.,0.));
#9495=DIRECTION('center_axis',(0.,0.,-1.));
#9496=DIRECTION('ref_axis',(1.,0.,0.));
#9497=DIRECTION('',(0.,0.,-1.));
#9498=DIRECTION('center_axis',(0.,0.,1.));
#9499=DIRECTION('ref_axis',(1.,0.,0.));
#9500=DIRECTION('center_axis',(0.,0.,1.));
#9501=DIRECTION('ref_axis',(1.,0.,0.));
#9502=DIRECTION('center_axis',(0.,0.,-1.));
#9503=DIRECTION('ref_axis',(1.,0.,0.));
#9504=DIRECTION('',(0.,0.,-1.));
#9505=DIRECTION('center_axis',(0.,0.,1.));
#9506=DIRECTION('ref_axis',(1.,0.,0.));
#9507=DIRECTION('center_axis',(0.,0.,1.));
#9508=DIRECTION('ref_axis',(1.,0.,0.));
#9509=DIRECTION('center_axis',(0.,0.,-1.));
#9510=DIRECTION('ref_axis',(1.,0.,0.));
#9511=DIRECTION('',(0.,0.,-1.));
#9512=DIRECTION('center_axis',(0.,0.,1.));
#9513=DIRECTION('ref_axis',(1.,0.,0.));
#9514=DIRECTION('center_axis',(-3.30744324304628E-16,1.,0.));
#9515=DIRECTION('ref_axis',(-1.,-3.30744324304628E-16,0.));
#9516=DIRECTION('',(-1.,-3.30744324304628E-16,0.));
#9517=DIRECTION('',(0.,0.,1.));
#9518=DIRECTION('',(-1.,-3.30744324304628E-16,0.));
#9519=DIRECTION('',(0.,0.,1.));
#9520=DIRECTION('center_axis',(1.,0.,0.));
#9521=DIRECTION('ref_axis',(0.,1.,0.));
#9522=DIRECTION('',(0.,1.,0.));
#9523=DIRECTION('',(0.,1.,0.));
#9524=DIRECTION('',(0.,0.,1.));
#9525=DIRECTION('center_axis',(0.,-1.,0.));
#9526=DIRECTION('ref_axis',(1.,0.,0.));
#9527=DIRECTION('',(1.,0.,0.));
#9528=DIRECTION('',(1.,0.,0.));
#9529=DIRECTION('',(0.,0.,1.));
#9530=DIRECTION('center_axis',(-1.,-1.97372982155583E-16,0.));
#9531=DIRECTION('ref_axis',(1.97372982155583E-16,-1.,0.));
#9532=DIRECTION('',(-1.97372982155583E-16,1.,0.));
#9533=DIRECTION('',(1.97372982155583E-16,-1.,0.));
#9534=DIRECTION('center_axis',(0.,0.,-1.));
#9535=DIRECTION('ref_axis',(1.,0.,0.));
#9536=DIRECTION('center_axis',(0.,0.,-1.));
#9537=DIRECTION('ref_axis',(1.,0.,0.));
#9538=DIRECTION('center_axis',(1.,0.,0.));
#9539=DIRECTION('ref_axis',(0.,1.,0.));
#9540=DIRECTION('',(0.,1.,0.));
#9541=DIRECTION('',(0.,0.,1.));
#9542=DIRECTION('',(0.,1.,0.));
#9543=DIRECTION('',(0.,0.,1.));
#9544=DIRECTION('center_axis',(0.,-1.,0.));
#9545=DIRECTION('ref_axis',(1.,0.,0.));
#9546=DIRECTION('',(1.,0.,0.));
#9547=DIRECTION('',(1.,0.,0.));
#9548=DIRECTION('',(0.,0.,1.));
#9549=DIRECTION('center_axis',(-1.,0.,0.));
#9550=DIRECTION('ref_axis',(0.,-1.,0.));
#9551=DIRECTION('',(0.,-1.,0.));
#9552=DIRECTION('',(0.,-1.,0.));
#9553=DIRECTION('',(0.,0.,1.));
#9554=DIRECTION('center_axis',(0.,1.,0.));
#9555=DIRECTION('ref_axis',(-1.,0.,0.));
#9556=DIRECTION('',(-1.,0.,0.));
#9557=DIRECTION('',(-1.,0.,0.));
#9558=DIRECTION('center_axis',(0.,0.,1.));
#9559=DIRECTION('ref_axis',(1.,0.,0.));
#9560=DIRECTION('center_axis',(0.,0.,1.));
#9561=DIRECTION('ref_axis',(-1.,0.,0.));
#9562=DIRECTION('center_axis',(0.,-1.,0.));
#9563=DIRECTION('ref_axis',(0.999623968004717,0.,0.0274212069483693));
#9564=DIRECTION('center_axis',(0.,-1.,0.));
#9565=DIRECTION('ref_axis',(0.999623968004717,0.,0.0274212069483693));
#9566=DIRECTION('',(0.,-1.,0.));
#9567=DIRECTION('center_axis',(0.,1.,0.));
#9568=DIRECTION('ref_axis',(0.999623968004717,0.,0.0274212069483693));
#9569=DIRECTION('',(0.,-1.,0.));
#9570=DIRECTION('center_axis',(-0.0525061209096541,0.,0.998620602264454));
#9571=DIRECTION('ref_axis',(-0.998620602264454,0.,-0.0525061209096541));
#9572=DIRECTION('',(0.998620602264454,0.,0.0525061209096541));
#9573=DIRECTION('',(-0.998620602264454,0.,-0.0525061209096541));
#9574=DIRECTION('',(0.,-1.,0.));
#9575=DIRECTION('center_axis',(-0.692205199386787,0.,-0.721700742650233));
#9576=DIRECTION('ref_axis',(0.721700742650233,0.,-0.692205199386787));
#9577=DIRECTION('',(-0.721700742650233,0.,0.692205199386787));
#9578=DIRECTION('',(0.721700742650233,0.,-0.692205199386787));
#9579=DIRECTION('',(0.,-1.,0.));
#9580=DIRECTION('center_axis',(0.,-1.,0.));
#9581=DIRECTION('ref_axis',(0.999623968004717,0.,0.0274212069483693));
#9582=DIRECTION('center_axis',(0.,-1.,0.));
#9583=DIRECTION('ref_axis',(0.999623968004717,0.,0.0274212069483693));
#9584=DIRECTION('center_axis',(0.,1.,0.));
#9585=DIRECTION('ref_axis',(0.999623968004717,0.,0.0274212069483693));
#9586=DIRECTION('',(0.,-1.,0.));
#9587=DIRECTION('center_axis',(-0.0819283904154946,0.,0.99663821863499));
#9588=DIRECTION('ref_axis',(-0.99663821863499,0.,-0.0819283904154946));
#9589=DIRECTION('',(0.99663821863499,0.,0.0819283904154946));
#9590=DIRECTION('',(-0.99663821863499,0.,-0.0819283904154946));
#9591=DIRECTION('',(0.,-1.,0.));
#9592=DIRECTION('center_axis',(-0.670624325256657,0.,-0.741797151769979));
#9593=DIRECTION('ref_axis',(0.741797151769979,0.,-0.670624325256657));
#9594=DIRECTION('',(-0.741797151769979,0.,0.670624325256657));
#9595=DIRECTION('',(0.741797151769979,0.,-0.670624325256657));
#9596=DIRECTION('',(0.,-1.,0.));
#9597=DIRECTION('center_axis',(0.,-1.,0.));
#9598=DIRECTION('ref_axis',(0.999623968004717,0.,0.0274212069483693));
#9599=DIRECTION('center_axis',(0.,-1.,0.));
#9600=DIRECTION('ref_axis',(0.999623968004717,0.,0.0274212069483693));
#9601=DIRECTION('center_axis',(0.,1.,0.));
#9602=DIRECTION('ref_axis',(0.999623968004717,0.,0.0274212069483693));
#9603=DIRECTION('',(0.,-1.,0.));
#9604=DIRECTION('center_axis',(-0.111279415010421,0.,0.993789158622159));
#9605=DIRECTION('ref_axis',(-0.993789158622159,0.,-0.111279415010421));
#9606=DIRECTION('',(0.993789158622159,0.,0.111279415010421));
#9607=DIRECTION('',(-0.993789158622159,0.,-0.111279415010421));
#9608=DIRECTION('',(0.,-1.,0.));
#9609=DIRECTION('center_axis',(-0.648460276355639,0.,-0.761248494244007));
#9610=DIRECTION('ref_axis',(0.761248494244007,0.,-0.648460276355639));
#9611=DIRECTION('',(-0.761248494244007,0.,0.648460276355639));
#9612=DIRECTION('',(0.761248494244007,0.,-0.648460276355639));
#9613=DIRECTION('',(0.,-1.,0.));
#9614=DIRECTION('center_axis',(0.,-1.,0.));
#9615=DIRECTION('ref_axis',(0.999623968004717,0.,0.0274212069483693));
#9616=DIRECTION('center_axis',(0.,-1.,0.));
#9617=DIRECTION('ref_axis',(0.999623968004717,0.,0.0274212069483693));
#9618=DIRECTION('center_axis',(0.,1.,0.));
#9619=DIRECTION('ref_axis',(0.999623968004717,0.,0.0274212069483693));
#9620=DIRECTION('',(0.,-1.,0.));
#9621=DIRECTION('center_axis',(-0.140533671049676,0.,0.990075899767943));
#9622=DIRECTION('ref_axis',(-0.990075899767943,0.,-0.140533671049676));
#9623=DIRECTION('',(0.990075899767943,0.,0.140533671049676));
#9624=DIRECTION('',(-0.990075899767943,0.,-0.140533671049676));
#9625=DIRECTION('',(0.,-1.,0.));
#9626=DIRECTION('center_axis',(-0.625732326535951,0.,-0.780037855189032));
#9627=DIRECTION('ref_axis',(0.780037855189032,0.,-0.625732326535951));
#9628=DIRECTION('',(-0.780037855189032,0.,0.625732326535951));
#9629=DIRECTION('',(0.780037855189032,0.,-0.625732326535951));
#9630=DIRECTION('',(0.,-1.,0.));
#9631=DIRECTION('center_axis',(0.,-1.,0.));
#9632=DIRECTION('ref_axis',(0.999623968004717,0.,0.0274212069483693));
#9633=DIRECTION('center_axis',(0.,-1.,0.));
#9634=DIRECTION('ref_axis',(0.999623968004717,0.,0.0274212069483693));
#9635=DIRECTION('center_axis',(0.,1.,0.));
#9636=DIRECTION('ref_axis',(0.999623968004717,0.,0.0274212069483693));
#9637=DIRECTION('',(0.,-1.,0.));
#9638=DIRECTION('center_axis',(-0.169665719038418,0.,0.985501671121453));
#9639=DIRECTION('ref_axis',(-0.985501671121453,0.,-0.169665719038418));
#9640=DIRECTION('',(0.985501671121453,0.,0.169665719038418));
#9641=DIRECTION('',(-0.985501671121453,0.,-0.169665719038418));
#9642=DIRECTION('',(0.,-1.,0.));
#9643=DIRECTION('center_axis',(-0.602460240017931,0.,-0.798148895380766));
#9644=DIRECTION('ref_axis',(0.798148895380766,0.,-0.602460240017931));
#9645=DIRECTION('',(-0.798148895380766,0.,0.602460240017931));
#9646=DIRECTION('',(0.798148895380766,0.,-0.602460240017931));
#9647=DIRECTION('',(0.,-1.,0.));
#9648=DIRECTION('center_axis',(0.,-1.,0.));
#9649=DIRECTION('ref_axis',(0.999623968004717,0.,0.0274212069483693));
#9650=DIRECTION('center_axis',(0.,-1.,0.));
#9651=DIRECTION('ref_axis',(0.999623968004717,0.,0.0274212069483693));
#9652=DIRECTION('center_axis',(0.,1.,0.));
#9653=DIRECTION('ref_axis',(0.999623968004717,0.,0.0274212069483693));
#9654=DIRECTION('',(0.,-1.,0.));
#9655=DIRECTION('center_axis',(-0.198650225753898,0.,0.98007045043095));
#9656=DIRECTION('ref_axis',(-0.98007045043095,0.,-0.198650225753898));
#9657=DIRECTION('',(0.98007045043095,0.,0.198650225753898));
#9658=DIRECTION('',(-0.98007045043095,0.,-0.198650225753898));
#9659=DIRECTION('',(0.,-1.,0.));
#9660=DIRECTION('center_axis',(-0.578664254203079,0.,-0.815565865462499));
#9661=DIRECTION('ref_axis',(0.815565865462499,0.,-0.578664254203079));
#9662=DIRECTION('',(-0.815565865462499,0.,0.578664254203079));
#9663=DIRECTION('',(0.815565865462499,0.,-0.578664254203079));
#9664=DIRECTION('',(0.,-1.,0.));
#9665=DIRECTION('center_axis',(0.,-1.,0.));
#9666=DIRECTION('ref_axis',(0.999623968004717,0.,0.0274212069483693));
#9667=DIRECTION('center_axis',(0.,-1.,0.));
#9668=DIRECTION('ref_axis',(0.999623968004717,0.,0.0274212069483693));
#9669=DIRECTION('center_axis',(0.,1.,0.));
#9670=DIRECTION('ref_axis',(0.999623968004717,0.,0.0274212069483693));
#9671=DIRECTION('',(0.,-1.,0.));
#9672=DIRECTION('center_axis',(-0.227461986275232,0.,0.973786960684793));
#9673=DIRECTION('ref_axis',(-0.973786960684793,0.,-0.227461986275232));
#9674=DIRECTION('',(0.973786960684793,0.,0.227461986275232));
#9675=DIRECTION('',(-0.973786960684793,0.,-0.227461986275232));
#9676=DIRECTION('',(0.,-1.,0.));
#9677=DIRECTION('center_axis',(-0.554365062075605,0.,-0.832273619640747));
#9678=DIRECTION('ref_axis',(0.832273619640747,0.,-0.554365062075605));
#9679=DIRECTION('',(-0.832273619640747,0.,0.554365062075605));
#9680=DIRECTION('',(0.832273619640747,0.,-0.554365062075605));
#9681=DIRECTION('',(0.,-1.,0.));
#9682=DIRECTION('center_axis',(0.,-1.,0.));
#9683=DIRECTION('ref_axis',(0.999623968004717,0.,0.0274212069483693));
#9684=DIRECTION('center_axis',(0.,-1.,0.));
#9685=DIRECTION('ref_axis',(0.999623968004717,0.,0.0274212069483693));
#9686=DIRECTION('center_axis',(0.,1.,0.));
#9687=DIRECTION('ref_axis',(0.999623968004717,0.,0.0274212069483693));
#9688=DIRECTION('',(0.,-1.,0.));
#9689=DIRECTION('center_axis',(-0.256075945901581,0.,0.966656666004332));
#9690=DIRECTION('ref_axis',(-0.966656666004332,0.,-0.256075945901581));
#9691=DIRECTION('',(0.966656666004332,0.,0.256075945901581));
#9692=DIRECTION('',(-0.966656666004332,0.,-0.256075945901581));
#9693=DIRECTION('',(0.,-1.,0.));
#9694=DIRECTION('center_axis',(-0.529583794207826,0.,-0.848257628856023));
#9695=DIRECTION('ref_axis',(0.848257628856023,0.,-0.529583794207826));
#9696=DIRECTION('',(-0.848257628856023,0.,0.529583794207826));
#9697=DIRECTION('',(0.848257628856023,0.,-0.529583794207826));
#9698=DIRECTION('',(0.,-1.,0.));
#9699=DIRECTION('center_axis',(0.,-1.,0.));
#9700=DIRECTION('ref_axis',(0.999623968004717,0.,0.0274212069483693));
#9701=DIRECTION('center_axis',(0.,-1.,0.));
#9702=DIRECTION('ref_axis',(0.999623968004717,0.,0.0274212069483693));
#9703=DIRECTION('center_axis',(0.,1.,0.));
#9704=DIRECTION('ref_axis',(0.999623968004717,0.,0.0274212069483693));
#9705=DIRECTION('',(0.,-1.,0.));
#9706=DIRECTION('center_axis',(-0.284467221939737,0.,0.958685766892306));
#9707=DIRECTION('ref_axis',(-0.958685766892306,0.,-0.284467221939737));
#9708=DIRECTION('',(0.958685766892306,0.,0.284467221939737));
#9709=DIRECTION('',(-0.958685766892306,0.,-0.284467221939737));
#9710=DIRECTION('',(0.,-1.,0.));
#9711=DIRECTION('center_axis',(-0.504342000385018,0.,-0.863503993417308));
#9712=DIRECTION('ref_axis',(0.863503993417308,0.,-0.504342000385018));
#9713=DIRECTION('',(-0.863503993417308,0.,0.504342000385018));
#9714=DIRECTION('',(0.863503993417308,0.,-0.504342000385018));
#9715=DIRECTION('',(0.,-1.,0.));
#9716=DIRECTION('center_axis',(0.,-1.,0.));
#9717=DIRECTION('ref_axis',(0.999623968004717,0.,0.0274212069483693));
#9718=DIRECTION('center_axis',(0.,-1.,0.));
#9719=DIRECTION('ref_axis',(0.999623968004717,0.,0.0274212069483693));
#9720=DIRECTION('center_axis',(0.,1.,0.));
#9721=DIRECTION('ref_axis',(0.999623968004717,0.,0.0274212069483693));
#9722=DIRECTION('',(0.,-1.,0.));
#9723=DIRECTION('center_axis',(-0.312611125342075,0.,0.949881194840892));
#9724=DIRECTION('ref_axis',(-0.949881194840893,0.,-0.312611125342075));
#9725=DIRECTION('',(0.949881194840893,0.,0.312611125342075));
#9726=DIRECTION('',(-0.949881194840893,0.,-0.312611125342075));
#9727=DIRECTION('',(0.,-1.,0.));
#9728=DIRECTION('center_axis',(-0.478661630865733,0.,-0.877999455089214));
#9729=DIRECTION('ref_axis',(0.877999455089214,0.,-0.478661630865733));
#9730=DIRECTION('',(-0.877999455089214,0.,0.478661630865733));
#9731=DIRECTION('',(0.877999455089214,0.,-0.478661630865733));
#9732=DIRECTION('',(0.,-1.,0.));
#9733=DIRECTION('center_axis',(0.,-1.,0.));
#9734=DIRECTION('ref_axis',(0.999623968004717,0.,0.0274212069483693));
#9735=DIRECTION('center_axis',(0.,-1.,0.));
#9736=DIRECTION('ref_axis',(0.999623968004717,0.,0.0274212069483693));
#9737=DIRECTION('center_axis',(0.,1.,0.));
#9738=DIRECTION('ref_axis',(0.999623968004717,0.,0.0274212069483693));
#9739=DIRECTION('',(0.,-1.,0.));
#9740=DIRECTION('center_axis',(-0.340483182176174,0.,0.940250606304078));
#9741=DIRECTION('ref_axis',(-0.940250606304078,0.,-0.340483182176174));
#9742=DIRECTION('',(0.940250606304078,0.,0.340483182176174));
#9743=DIRECTION('',(-0.940250606304078,0.,-0.340483182176174));
#9744=DIRECTION('',(0.,-1.,0.));
#9745=DIRECTION('center_axis',(-0.452565017293854,0.,-0.891731408621348));
#9746=DIRECTION('ref_axis',(0.891731408621348,0.,-0.452565017293854));
#9747=DIRECTION('',(-0.891731408621348,0.,0.452565017293854));
#9748=DIRECTION('',(0.891731408621348,0.,-0.452565017293854));
#9749=DIRECTION('',(0.,-1.,0.));
#9750=DIRECTION('center_axis',(0.,-1.,0.));
#9751=DIRECTION('ref_axis',(0.999623968004717,0.,0.0274212069483693));
#9752=DIRECTION('center_axis',(0.,-1.,0.));
#9753=DIRECTION('ref_axis',(0.999623968004717,0.,0.0274212069483693));
#9754=DIRECTION('center_axis',(0.,1.,0.));
#9755=DIRECTION('ref_axis',(0.999623968004717,0.,0.0274212069483693));
#9756=DIRECTION('',(0.,-1.,0.));
#9757=DIRECTION('center_axis',(-0.368059154907328,0.,0.92980237603961));
#9758=DIRECTION('ref_axis',(-0.92980237603961,0.,-0.368059154907328));
#9759=DIRECTION('',(0.92980237603961,0.,0.368059154907328));
#9760=DIRECTION('',(-0.92980237603961,0.,-0.368059154907328));
#9761=DIRECTION('',(0.,-1.,0.));
#9762=DIRECTION('center_axis',(-0.426074853279003,0.,-0.904687912709834));
#9763=DIRECTION('ref_axis',(0.904687912709834,0.,-0.426074853279003));
#9764=DIRECTION('',(-0.904687912709834,0.,0.426074853279003));
#9765=DIRECTION('',(0.904687912709834,0.,-0.426074853279003));
#9766=DIRECTION('',(0.,-1.,0.));
#9767=DIRECTION('center_axis',(0.,-1.,0.));
#9768=DIRECTION('ref_axis',(0.999623968004717,0.,0.0274212069483693));
#9769=DIRECTION('center_axis',(0.,-1.,0.));
#9770=DIRECTION('ref_axis',(0.999623968004717,0.,0.0274212069483693));
#9771=DIRECTION('center_axis',(0.,1.,0.));
#9772=DIRECTION('ref_axis',(0.999623968004717,0.,0.0274212069483693));
#9773=DIRECTION('',(0.,-1.,0.));
#9774=DIRECTION('center_axis',(-0.395315063475503,0.,0.918545589826307));
#9775=DIRECTION('ref_axis',(-0.918545589826307,0.,-0.395315063475503));
#9776=DIRECTION('',(0.918545589826307,0.,0.395315063475503));
#9777=DIRECTION('',(-0.918545589826307,0.,-0.395315063475503));
#9778=DIRECTION('',(0.,-1.,0.));
#9779=DIRECTION('center_axis',(-0.399214174662183,0.,-0.916857700381467));
#9780=DIRECTION('ref_axis',(0.916857700381467,0.,-0.399214174662183));
#9781=DIRECTION('',(-0.916857700381467,0.,0.399214174662183));
#9782=DIRECTION('',(0.916857700381467,0.,-0.399214174662183));
#9783=DIRECTION('',(0.,-1.,0.));
#9784=DIRECTION('center_axis',(0.,-1.,0.));
#9785=DIRECTION('ref_axis',(0.999623968004717,0.,0.0274212069483693));
#9786=DIRECTION('center_axis',(0.,-1.,0.));
#9787=DIRECTION('ref_axis',(0.999623968004717,0.,0.0274212069483693));
#9788=DIRECTION('center_axis',(0.,1.,0.));
#9789=DIRECTION('ref_axis',(0.999623968004717,0.,0.0274212069483693));
#9790=DIRECTION('',(0.,-1.,0.));
#9791=DIRECTION('center_axis',(-0.422227206148395,0.,0.906490036563073));
#9792=DIRECTION('ref_axis',(-0.906490036563073,0.,-0.422227206148395));
#9793=DIRECTION('',(0.906490036563073,0.,0.422227206148395));
#9794=DIRECTION('',(-0.906490036563073,0.,-0.422227206148395));
#9795=DIRECTION('',(0.,-1.,0.));
#9796=DIRECTION('center_axis',(-0.372006339483818,0.,-0.928230188791471));
#9797=DIRECTION('ref_axis',(0.928230188791471,0.,-0.372006339483818));
#9798=DIRECTION('',(-0.928230188791471,0.,0.372006339483818));
#9799=DIRECTION('',(0.928230188791471,0.,-0.372006339483818));
#9800=DIRECTION('',(0.,-1.,0.));
#9801=DIRECTION('center_axis',(0.,-1.,0.));
#9802=DIRECTION('ref_axis',(0.999623968004717,0.,0.0274212069483693));
#9803=DIRECTION('center_axis',(0.,-1.,0.));
#9804=DIRECTION('ref_axis',(0.999623968004717,0.,0.0274212069483693));
#9805=DIRECTION('center_axis',(0.,1.,0.));
#9806=DIRECTION('ref_axis',(0.999623968004717,0.,0.0274212069483693));
#9807=DIRECTION('',(0.,-1.,0.));
#9808=DIRECTION('center_axis',(-0.448772180132445,0.,0.893646199756465));
#9809=DIRECTION('ref_axis',(-0.893646199756465,0.,-0.448772180132445));
#9810=DIRECTION('',(0.893646199756465,0.,0.448772180132445));
#9811=DIRECTION('',(-0.893646199756465,0.,-0.448772180132445));
#9812=DIRECTION('',(0.,-1.,0.));
#9813=DIRECTION('center_axis',(-0.344475007671606,0.,-0.938795488426338));
#9814=DIRECTION('ref_axis',(0.938795488426338,0.,-0.344475007671606));
#9815=DIRECTION('',(-0.938795488426338,0.,0.344475007671606));
#9816=DIRECTION('',(0.938795488426338,0.,-0.344475007671606));
#9817=DIRECTION('',(0.,-1.,0.));
#9818=DIRECTION('center_axis',(0.,-1.,0.));
#9819=DIRECTION('ref_axis',(0.999623968004717,0.,0.0274212069483693));
#9820=DIRECTION('center_axis',(0.,-1.,0.));
#9821=DIRECTION('ref_axis',(0.999623968004717,0.,0.0274212069483693));
#9822=DIRECTION('center_axis',(0.,1.,0.));
#9823=DIRECTION('ref_axis',(0.999623968004717,0.,0.0274212069483693));
#9824=DIRECTION('',(0.,-1.,0.));
#9825=DIRECTION('center_axis',(-0.474926901923913,0.,0.880025248404246));
#9826=DIRECTION('ref_axis',(-0.880025248404246,0.,-0.474926901923913));
#9827=DIRECTION('',(0.880025248404246,0.,0.474926901923913));
#9828=DIRECTION('',(-0.880025248404246,0.,-0.474926901923913));
#9829=DIRECTION('',(0.,-1.,0.));
#9830=DIRECTION('center_axis',(-0.316644120465846,0.,-0.948544411703749));
#9831=DIRECTION('ref_axis',(0.948544411703749,0.,-0.316644120465846));
#9832=DIRECTION('',(-0.948544411703749,0.,0.316644120465846));
#9833=DIRECTION('',(0.948544411703749,0.,-0.316644120465846));
#9834=DIRECTION('',(0.,-1.,0.));
#9835=DIRECTION('center_axis',(0.,-1.,0.));
#9836=DIRECTION('ref_axis',(0.999623968004717,0.,0.0274212069483693));
#9837=DIRECTION('center_axis',(0.,-1.,0.));
#9838=DIRECTION('ref_axis',(0.999623968004717,0.,0.0274212069483693));
#9839=DIRECTION('center_axis',(0.,1.,0.));
#9840=DIRECTION('ref_axis',(0.999623968004717,0.,0.0274212069483693));
#9841=DIRECTION('',(0.,-1.,0.));
#9842=DIRECTION('center_axis',(-0.500668627382283,0.,0.865639027282817));
#9843=DIRECTION('ref_axis',(-0.865639027282817,0.,-0.500668627382283));
#9844=DIRECTION('',(0.865639027282817,0.,0.500668627382283));
#9845=DIRECTION('',(-0.865639027282817,0.,-0.500668627382283));
#9846=DIRECTION('',(0.,-1.,0.));
#9847=DIRECTION('center_axis',(-0.28853787960014,0.,-0.957468480962092));
#9848=DIRECTION('ref_axis',(0.957468480962092,0.,-0.28853787960014));
#9849=DIRECTION('',(-0.957468480962092,0.,0.28853787960014));
#9850=DIRECTION('',(0.957468480962092,0.,-0.28853787960014));
#9851=DIRECTION('',(0.,-1.,0.));
#9852=DIRECTION('center_axis',(0.,-1.,0.));
#9853=DIRECTION('ref_axis',(0.999623968004717,0.,0.0274212069483693));
#9854=DIRECTION('center_axis',(0.,-1.,0.));
#9855=DIRECTION('ref_axis',(0.999623968004717,0.,0.0274212069483693));
#9856=DIRECTION('center_axis',(0.,1.,0.));
#9857=DIRECTION('ref_axis',(0.999623968004717,0.,0.0274212069483693));
#9858=DIRECTION('',(0.,-1.,0.));
#9859=DIRECTION('center_axis',(-0.525974971508558,0.,0.850500046647013));
#9860=DIRECTION('ref_axis',(-0.850500046647013,0.,-0.525974971508558));
#9861=DIRECTION('',(0.850500046647013,0.,0.525974971508558));
#9862=DIRECTION('',(-0.850500046647013,0.,-0.525974971508558));
#9863=DIRECTION('',(0.,-1.,0.));
#9864=DIRECTION('center_axis',(-0.260180726255583,0.,-0.965559935832633));
#9865=DIRECTION('ref_axis',(0.965559935832632,0.,-0.260180726255583));
#9866=DIRECTION('',(-0.965559935832632,0.,0.260180726255583));
#9867=DIRECTION('',(0.965559935832632,0.,-0.260180726255583));
#9868=DIRECTION('',(0.,-1.,0.));
#9869=DIRECTION('center_axis',(0.,-1.,0.));
#9870=DIRECTION('ref_axis',(0.999623968004717,0.,0.0274212069483693));
#9871=DIRECTION('center_axis',(0.,-1.,0.));
#9872=DIRECTION('ref_axis',(0.999623968004717,0.,0.0274212069483693));
#9873=DIRECTION('center_axis',(0.,1.,0.));
#9874=DIRECTION('ref_axis',(0.999623968004717,0.,0.0274212069483693));
#9875=DIRECTION('',(0.,-1.,0.));
#9876=DIRECTION('center_axis',(-0.55082392791126,0.,0.834621471351182));
#9877=DIRECTION('ref_axis',(-0.834621471351182,0.,-0.55082392791126));
#9878=DIRECTION('',(0.834621471351181,0.,0.55082392791126));
#9879=DIRECTION('',(-0.834621471351181,0.,-0.55082392791126));
#9880=DIRECTION('',(0.,-1.,0.));
#9881=DIRECTION('center_axis',(-0.231597319806702,0.,-0.972811739987934));
#9882=DIRECTION('ref_axis',(0.972811739987934,0.,-0.231597319806702));
#9883=DIRECTION('',(-0.972811739987934,0.,0.231597319806702));
#9884=DIRECTION('',(0.972811739987934,0.,-0.231597319806702));
#9885=DIRECTION('',(0.,-1.,0.));
#9886=DIRECTION('center_axis',(0.,-1.,0.));
#9887=DIRECTION('ref_axis',(0.999623968004717,0.,0.0274212069483693));
#9888=DIRECTION('center_axis',(0.,-1.,0.));
#9889=DIRECTION('ref_axis',(0.999623968004717,0.,0.0274212069483693));
#9890=DIRECTION('center_axis',(0.,1.,0.));
#9891=DIRECTION('ref_axis',(0.999623968004717,0.,0.0274212069483693));
#9892=DIRECTION('',(0.,-1.,0.));
#9893=DIRECTION('center_axis',(-0.575193887943173,0.,0.81801710940103));
#9894=DIRECTION('ref_axis',(-0.81801710940103,0.,-0.575193887943173));
#9895=DIRECTION('',(0.81801710940103,0.,0.575193887943173));
#9896=DIRECTION('',(-0.81801710940103,0.,-0.575193887943173));
#9897=DIRECTION('',(0.,-1.,0.));
#9898=DIRECTION('center_axis',(-0.202812516377679,0.,-0.979217587260642));
#9899=DIRECTION('ref_axis',(0.979217587260642,0.,-0.202812516377679));
#9900=DIRECTION('',(-0.979217587260642,0.,0.202812516377679));
#9901=DIRECTION('',(0.979217587260642,0.,-0.202812516377679));
#9902=DIRECTION('',(0.,-1.,0.));
#9903=DIRECTION('center_axis',(0.,-1.,0.));
#9904=DIRECTION('ref_axis',(0.999623968004717,0.,0.0274212069483693));
#9905=DIRECTION('center_axis',(0.,-1.,0.));
#9906=DIRECTION('ref_axis',(0.999623968004717,0.,0.0274212069483693));
#9907=DIRECTION('center_axis',(0.,1.,0.));
#9908=DIRECTION('ref_axis',(0.999623968004717,0.,0.0274212069483693));
#9909=DIRECTION('',(0.,-1.,0.));
#9910=DIRECTION('center_axis',(-0.599063659492227,0.,0.800701399946185));
#9911=DIRECTION('ref_axis',(-0.800701399946185,0.,-0.599063659492227));
#9912=DIRECTION('',(0.800701399946185,0.,0.599063659492227));
#9913=DIRECTION('',(-0.800701399946185,0.,-0.599063659492227));
#9914=DIRECTION('',(0.,-1.,0.));
#9915=DIRECTION('center_axis',(-0.173851347227467,0.,-0.984771907127328));
#9916=DIRECTION('ref_axis',(0.984771907127328,0.,-0.173851347227467));
#9917=DIRECTION('',(-0.984771907127328,0.,0.173851347227467));
#9918=DIRECTION('',(0.984771907127328,0.,-0.173851347227467));
#9919=DIRECTION('',(0.,-1.,0.));
#9920=DIRECTION('center_axis',(0.,-1.,0.));
#9921=DIRECTION('ref_axis',(0.999623968004717,0.,0.0274212069483693));
#9922=DIRECTION('center_axis',(0.,-1.,0.));
#9923=DIRECTION('ref_axis',(0.999623968004717,0.,0.0274212069483693));
#9924=DIRECTION('center_axis',(0.,1.,0.));
#9925=DIRECTION('ref_axis',(0.999623968004717,0.,0.0274212069483693));
#9926=DIRECTION('',(0.,-1.,0.));
#9927=DIRECTION('center_axis',(-0.622412485410153,0.,0.782689400723912));
#9928=DIRECTION('ref_axis',(-0.782689400723912,0.,-0.622412485410153));
#9929=DIRECTION('',(0.782689400723912,0.,0.622412485410153));
#9930=DIRECTION('',(-0.782689400723912,0.,-0.622412485410153));
#9931=DIRECTION('',(0.,-1.,0.));
#9932=DIRECTION('center_axis',(-0.144738996982611,0.,-0.989469869552615));
#9933=DIRECTION('ref_axis',(0.989469869552615,0.,-0.144738996982611));
#9934=DIRECTION('',(-0.989469869552615,0.,0.14473899698261));
#9935=DIRECTION('',(0.989469869552615,0.,-0.14473899698261));
#9936=DIRECTION('',(0.,-1.,0.));
#9937=DIRECTION('center_axis',(0.,-1.,0.));
#9938=DIRECTION('ref_axis',(0.999623968004717,0.,0.0274212069483693));
#9939=DIRECTION('center_axis',(0.,-1.,0.));
#9940=DIRECTION('ref_axis',(0.999623968004717,0.,0.0274212069483693));
#9941=DIRECTION('center_axis',(0.,1.,0.));
#9942=DIRECTION('ref_axis',(0.999623968004717,0.,0.0274212069483693));
#9943=DIRECTION('',(0.,-1.,0.));
#9944=DIRECTION('center_axis',(-0.645220061562882,0.,0.763996774964915));
#9945=DIRECTION('ref_axis',(-0.763996774964915,0.,-0.645220061562882));
#9946=DIRECTION('',(0.763996774964915,0.,0.645220061562882));
#9947=DIRECTION('',(-0.763996774964915,0.,-0.645220061562882));
#9948=DIRECTION('',(0.,-1.,0.));
#9949=DIRECTION('center_axis',(-0.115500781736699,0.,-0.993307389189375));
#9950=DIRECTION('ref_axis',(0.993307389189374,0.,-0.115500781736699));
#9951=DIRECTION('',(-0.993307389189374,0.,0.115500781736699));
#9952=DIRECTION('',(0.993307389189374,0.,-0.115500781736699));
#9953=DIRECTION('',(0.,-1.,0.));
#9954=DIRECTION('center_axis',(0.,-1.,0.));
#9955=DIRECTION('ref_axis',(0.999623968004717,0.,0.0274212069483693));
#9956=DIRECTION('center_axis',(0.,-1.,0.));
#9957=DIRECTION('ref_axis',(0.999623968004717,0.,0.0274212069483693));
#9958=DIRECTION('center_axis',(0.,1.,0.));
#9959=DIRECTION('ref_axis',(0.999623968004717,0.,0.0274212069483693));
#9960=DIRECTION('',(0.,-1.,0.));
#9961=DIRECTION('center_axis',(-0.667466554487044,0.,0.744639777772578));
#9962=DIRECTION('ref_axis',(-0.744639777772578,0.,-0.667466554487044));
#9963=DIRECTION('',(0.744639777772578,0.,0.667466554487044));
#9964=DIRECTION('',(-0.744639777772578,0.,-0.667466554487044));
#9965=DIRECTION('',(0.,-1.,0.));
#9966=DIRECTION('center_axis',(-0.0861621270355088,0.,-0.996281128931346));
#9967=DIRECTION('ref_axis',(0.996281128931346,0.,-0.0861621270355088));
#9968=DIRECTION('',(-0.996281128931346,0.,0.0861621270355088));
#9969=DIRECTION('',(0.996281128931346,0.,-0.0861621270355088));
#9970=DIRECTION('',(0.,-1.,0.));
#9971=DIRECTION('center_axis',(0.,-1.,0.));
#9972=DIRECTION('ref_axis',(0.999623968004717,0.,0.0274212069483693));
#9973=DIRECTION('center_axis',(0.,-1.,0.));
#9974=DIRECTION('ref_axis',(0.999623968004717,0.,0.0274212069483693));
#9975=DIRECTION('center_axis',(0.,1.,0.));
#9976=DIRECTION('ref_axis',(0.999623968004717,0.,0.0274212069483693));
#9977=DIRECTION('',(0.,-1.,0.));
#9978=DIRECTION('center_axis',(-0.689132618637105,0.,0.724635241987558));
#9979=DIRECTION('ref_axis',(-0.724635241987558,0.,-0.689132618637105));
#9980=DIRECTION('',(0.724635241987558,0.,0.689132618637105));
#9981=DIRECTION('',(-0.724635241987558,0.,-0.689132618637105));
#9982=DIRECTION('',(0.,-1.,0.));
#9983=DIRECTION('center_axis',(-0.0567485457669375,0.,-0.998388502815081));
#9984=DIRECTION('ref_axis',(0.998388502815081,0.,-0.0567485457669375));
#9985=DIRECTION('',(-0.998388502815081,0.,0.0567485457669375));
#9986=DIRECTION('',(0.998388502815081,0.,-0.0567485457669375));
#9987=DIRECTION('',(0.,-1.,0.));
#9988=DIRECTION('center_axis',(0.,-1.,0.));
#9989=DIRECTION('ref_axis',(0.999623968004717,0.,0.0274212069483693));
#9990=DIRECTION('center_axis',(0.,-1.,0.));
#9991=DIRECTION('ref_axis',(0.999623968004717,0.,0.0274212069483693));
#9992=DIRECTION('center_axis',(0.,1.,0.));
#9993=DIRECTION('ref_axis',(0.999623968004717,0.,0.0274212069483693));
#9994=DIRECTION('',(0.,-1.,0.));
#9995=DIRECTION('center_axis',(-0.710199413208278,0.,0.704000563549929));
#9996=DIRECTION('ref_axis',(-0.704000563549929,0.,-0.710199413208278));
#9997=DIRECTION('',(0.704000563549929,0.,0.710199413208278));
#9998=DIRECTION('',(-0.704000563549929,0.,-0.710199413208278));
#9999=DIRECTION('',(0.,-1.,0.));
#10000=DIRECTION('center_axis',(-0.027285615975013,0.,-0.999627678268696));
#10001=DIRECTION('ref_axis',(0.999627678268696,0.,-0.027285615975013));
#10002=DIRECTION('',(-0.999627678268696,0.,0.027285615975013));
#10003=DIRECTION('',(0.999627678268696,0.,-0.027285615975013));
#10004=DIRECTION('',(0.,-1.,0.));
#10005=DIRECTION('center_axis',(0.,-1.,0.));
#10006=DIRECTION('ref_axis',(0.999623968004717,0.,0.0274212069483693));
#10007=DIRECTION('center_axis',(0.,-1.,0.));
#10008=DIRECTION('ref_axis',(0.999623968004717,0.,0.0274212069483693));
#10009=DIRECTION('center_axis',(0.,1.,0.));
#10010=DIRECTION('ref_axis',(0.999623968004717,0.,0.0274212069483693));
#10011=DIRECTION('',(0.,-1.,0.));
#10012=DIRECTION('center_axis',(-0.730648618520486,0.,0.68275368637167));
#10013=DIRECTION('ref_axis',(-0.68275368637167,0.,-0.730648618520486));
#10014=DIRECTION('',(0.68275368637167,0.,0.730648618520486));
#10015=DIRECTION('',(-0.68275368637167,0.,-0.730648618520486));
#10016=DIRECTION('',(0.,-1.,0.));
#10017=DIRECTION('center_axis',(0.00220104138276979,0.,-0.999997577705482));
#10018=DIRECTION('ref_axis',(0.999997577705482,0.,0.00220104138276979));
#10019=DIRECTION('',(-0.999997577705482,0.,-0.00220104138276979));
#10020=DIRECTION('',(0.999997577705482,0.,0.00220104138276979));
#10021=DIRECTION('',(0.,-1.,0.));
#10022=DIRECTION('center_axis',(0.,-1.,0.));
#10023=DIRECTION('ref_axis',(0.999623968004717,0.,0.0274212069483693));
#10024=DIRECTION('center_axis',(0.,-1.,0.));
#10025=DIRECTION('ref_axis',(0.999623968004717,0.,0.0274212069483693));
#10026=DIRECTION('center_axis',(0.,1.,0.));
#10027=DIRECTION('ref_axis',(0.999623968004717,0.,0.0274212069483693));
#10028=DIRECTION('',(0.,-1.,0.));
#10029=DIRECTION('center_axis',(-0.750462451949122,0.,0.660913086732675));
#10030=DIRECTION('ref_axis',(-0.660913086732675,0.,-0.750462451949122));
#10031=DIRECTION('',(0.660913086732675,0.,0.750462451949122));
#10032=DIRECTION('',(-0.660913086732675,0.,-0.750462451949122));
#10033=DIRECTION('',(0.,-1.,0.));
#10034=DIRECTION('center_axis',(0.0316857847154353,0.,-0.999497879460966));
#10035=DIRECTION('ref_axis',(0.999497879460966,0.,0.0316857847154353));
#10036=DIRECTION('',(-0.999497879460966,0.,-0.0316857847154353));
#10037=DIRECTION('',(0.999497879460966,0.,0.0316857847154353));
#10038=DIRECTION('',(0.,-1.,0.));
#10039=DIRECTION('center_axis',(0.,-1.,0.));
#10040=DIRECTION('ref_axis',(0.999623968004717,0.,0.0274212069483693));
#10041=DIRECTION('center_axis',(0.,-1.,0.));
#10042=DIRECTION('ref_axis',(0.999623968004717,0.,0.0274212069483693));
#10043=DIRECTION('center_axis',(0.,1.,0.));
#10044=DIRECTION('ref_axis',(0.999623968004717,0.,0.0274212069483693));
#10045=DIRECTION('',(0.,-1.,0.));
#10046=DIRECTION('center_axis',(-0.769623683388845,0.,0.638497757213748));
#10047=DIRECTION('ref_axis',(-0.638497757213748,0.,-0.769623683388845));
#10048=DIRECTION('',(0.638497757213748,0.,0.769623683388845));
#10049=DIRECTION('',(-0.638497757213748,0.,-0.769623683388845));
#10050=DIRECTION('',(0.,-1.,0.));
#10051=DIRECTION('center_axis',(0.0611429740964354,0.,-0.998129018072635));
#10052=DIRECTION('ref_axis',(0.998129018072635,0.,0.0611429740964354));
#10053=DIRECTION('',(-0.998129018072635,0.,-0.0611429740964354));
#10054=DIRECTION('',(0.998129018072635,0.,0.0611429740964354));
#10055=DIRECTION('',(0.,-1.,0.));
#10056=DIRECTION('center_axis',(0.,-1.,0.));
#10057=DIRECTION('ref_axis',(0.999623968004717,0.,0.0274212069483693));
#10058=DIRECTION('center_axis',(0.,-1.,0.));
#10059=DIRECTION('ref_axis',(0.999623968004717,0.,0.0274212069483693));
#10060=DIRECTION('center_axis',(0.,1.,0.));
#10061=DIRECTION('ref_axis',(0.999623968004717,0.,0.0274212069483693));
#10062=DIRECTION('',(0.,-1.,0.));
#10063=DIRECTION('center_axis',(-0.788115650236864,0.,0.615527190180681));
#10064=DIRECTION('ref_axis',(-0.615527190180681,0.,-0.788115650236864));
#10065=DIRECTION('',(0.615527190180681,0.,0.788115650236864));
#10066=DIRECTION('',(-0.615527190180681,0.,-0.788115650236864));
#10067=DIRECTION('',(0.,-1.,0.));
#10068=DIRECTION('center_axis',(0.090546993560145,0.,-0.995892183902062));
#10069=DIRECTION('ref_axis',(0.995892183902062,0.,0.090546993560145));
#10070=DIRECTION('',(-0.995892183902062,0.,-0.090546993560145));
#10071=DIRECTION('',(0.995892183902062,0.,0.090546993560145));
#10072=DIRECTION('',(0.,-1.,0.));
#10073=DIRECTION('center_axis',(0.,-1.,0.));
#10074=DIRECTION('ref_axis',(0.593821760960482,0.,0.804596617075782));
#10075=DIRECTION('center_axis',(0.,-1.,0.));
#10076=DIRECTION('ref_axis',(0.593821760960482,0.,0.804596617075782));
#10077=DIRECTION('center_axis',(0.,-1.,0.));
#10078=DIRECTION('ref_axis',(0.593821760960482,0.,0.804596617075782));
#10079=DIRECTION('',(0.,-1.,0.));
#10080=DIRECTION('center_axis',(0.,-1.,0.));
#10081=DIRECTION('ref_axis',(0.99902261098266,0.,0.0442020672071824));
#10082=DIRECTION('center_axis',(0.,-1.,0.));
#10083=DIRECTION('ref_axis',(0.99902261098266,0.,0.0442020672071824));
#10084=DIRECTION('center_axis',(0.,-1.,0.));
#10085=DIRECTION('ref_axis',(0.99902261098266,0.,0.0442020672071824));
#10086=DIRECTION('',(0.,-1.,0.));
#10087=DIRECTION('center_axis',(0.998062130227952,0.,0.0622252698253919));
#10088=DIRECTION('ref_axis',(-0.0622252698253919,0.,0.998062130227952));
#10089=DIRECTION('',(0.0622252698253919,0.,-0.998062130227952));
#10090=DIRECTION('',(-0.0622252698253919,0.,0.998062130227952));
#10091=DIRECTION('',(0.,-1.,0.));
#10092=DIRECTION('center_axis',(0.,0.,-1.));
#10093=DIRECTION('ref_axis',(1.,0.,0.));
#10094=DIRECTION('',(1.,0.,0.));
#10095=DIRECTION('',(1.,0.,0.));
#10096=DIRECTION('',(0.,-1.,0.));
#10097=DIRECTION('center_axis',(-0.998062130227952,0.,-0.0622252698253964));
#10098=DIRECTION('ref_axis',(0.0622252698253964,0.,-0.998062130227952));
#10099=DIRECTION('',(0.0622252698253964,0.,-0.998062130227952));
#10100=DIRECTION('',(0.0622252698253964,0.,-0.998062130227952));
#10101=DIRECTION('center_axis',(0.,-1.,0.));
#10102=DIRECTION('ref_axis',(1.,0.,0.));
#10103=DIRECTION('center_axis',(0.,-1.,0.));
#10104=DIRECTION('ref_axis',(1.,0.,0.));
#10105=DIRECTION('center_axis',(0.,-1.,0.));
#10106=DIRECTION('ref_axis',(1.,0.,0.));
#10107=DIRECTION('center_axis',(0.,1.,0.));
#10108=DIRECTION('ref_axis',(1.,0.,0.));
#10109=DIRECTION('',(0.,1.,0.));
#10110=DIRECTION('center_axis',(0.,1.,0.));
#10111=DIRECTION('ref_axis',(1.,0.,0.));
#10112=DIRECTION('center_axis',(0.175232898227457,0.,-0.984527008963597));
#10113=DIRECTION('ref_axis',(0.984527008963597,0.,0.175232898227457));
#10114=DIRECTION('',(0.984527008963597,0.,0.175232898227457));
#10115=DIRECTION('',(0.,-1.,0.));
#10116=DIRECTION('',(0.984527008963597,0.,0.175232898227457));
#10117=DIRECTION('',(0.,-1.,0.));
#10118=DIRECTION('center_axis',(0.,-1.,0.));
#10119=DIRECTION('ref_axis',(-0.175232898227462,0.,0.984527008963596));
#10120=DIRECTION('center_axis',(0.,1.,0.));
#10121=DIRECTION('ref_axis',(-0.175232898227462,0.,0.984527008963596));
#10122=DIRECTION('center_axis',(0.,1.,0.));
#10123=DIRECTION('ref_axis',(-0.175232898227462,0.,0.984527008963596));
#10124=DIRECTION('',(0.,-1.,0.));
#10125=DIRECTION('center_axis',(-0.17523289822746,0.,0.984527008963596));
#10126=DIRECTION('ref_axis',(-0.984527008963596,0.,-0.17523289822746));
#10127=DIRECTION('',(-0.984527008963596,0.,-0.17523289822746));
#10128=DIRECTION('',(-0.984527008963596,0.,-0.17523289822746));
#10129=DIRECTION('',(0.,-1.,0.));
#10130=DIRECTION('center_axis',(0.,-1.,0.));
#10131=DIRECTION('ref_axis',(0.175232898227453,0.,-0.984527008963597));
#10132=DIRECTION('center_axis',(0.,1.,0.));
#10133=DIRECTION('ref_axis',(0.175232898227453,0.,-0.984527008963597));
#10134=DIRECTION('center_axis',(0.,1.,0.));
#10135=DIRECTION('ref_axis',(0.175232898227453,0.,-0.984527008963597));
#10136=DIRECTION('center_axis',(0.,-1.,0.));
#10137=DIRECTION('ref_axis',(0.999623968004717,0.,0.0274212069483693));
#10138=DIRECTION('center_axis',(0.,-1.,0.));
#10139=DIRECTION('ref_axis',(0.999623968004717,0.,0.0274212069483693));
#10140=DIRECTION('',(0.,-1.,0.));
#10141=DIRECTION('center_axis',(0.,1.,0.));
#10142=DIRECTION('ref_axis',(0.999623968004717,0.,0.0274212069483693));
#10143=DIRECTION('',(0.,-1.,0.));
#10144=DIRECTION('center_axis',(0.0277618334510882,0.,-0.999614566022041));
#10145=DIRECTION('ref_axis',(0.999614566022041,0.,0.0277618334510882));
#10146=DIRECTION('',(0.999614566022041,0.,0.0277618334510882));
#10147=DIRECTION('',(0.999614566022041,0.,0.0277618334510882));
#10148=DIRECTION('',(0.,-1.,0.));
#10149=DIRECTION('',(0.,-1.,0.));
#10150=DIRECTION('center_axis',(-0.170154517935073,0.,0.985417393811517));
#10151=DIRECTION('ref_axis',(-0.985417393811517,0.,-0.170154517935073));
#10152=DIRECTION('',(-0.985417393811517,0.,-0.170154517935073));
#10153=DIRECTION('',(-0.985417393811517,0.,-0.170154517935073));
#10154=DIRECTION('',(0.,-1.,0.));
#10155=DIRECTION('center_axis',(0.,-1.,0.));
#10156=DIRECTION('ref_axis',(0.529583794207886,0.,0.848257628855986));
#10157=DIRECTION('center_axis',(0.,-1.,0.));
#10158=DIRECTION('ref_axis',(0.529583794207886,0.,0.848257628855986));
#10159=DIRECTION('center_axis',(0.,-1.,0.));
#10160=DIRECTION('ref_axis',(0.529583794207886,0.,0.848257628855986));
#10161=DIRECTION('',(0.,-1.,0.));
#10162=DIRECTION('center_axis',(0.529583794207826,0.,0.848257628856023));
#10163=DIRECTION('ref_axis',(-0.848257628856023,0.,0.529583794207826));
#10164=DIRECTION('',(-0.848257628856023,0.,0.529583794207826));
#10165=DIRECTION('',(-0.848257628856023,0.,0.529583794207826));
#10166=DIRECTION('',(0.,-1.,0.));
#10167=DIRECTION('center_axis',(0.256075945901581,0.,-0.966656666004332));
#10168=DIRECTION('ref_axis',(0.966656666004332,0.,0.256075945901581));
#10169=DIRECTION('',(0.966656666004332,0.,0.256075945901581));
#10170=DIRECTION('',(0.966656666004332,0.,0.256075945901581));
#10171=DIRECTION('center_axis',(0.,-1.,0.));
#10172=DIRECTION('ref_axis',(1.,0.,0.));
#10173=DIRECTION('center_axis',(0.,-1.,0.));
#10174=DIRECTION('ref_axis',(1.,0.,0.));
#10175=DIRECTION('center_axis',(0.,1.,0.));
#10176=DIRECTION('ref_axis',(1.,0.,0.));
#10177=DIRECTION('center_axis',(0.,-1.,0.));
#10178=DIRECTION('ref_axis',(1.,0.,0.));
#10179=DIRECTION('',(0.,1.,0.));
#10180=DIRECTION('center_axis',(0.,1.,0.));
#10181=DIRECTION('ref_axis',(1.,0.,0.));
#10182=DIRECTION('center_axis',(0.,1.,0.));
#10183=DIRECTION('ref_axis',(-1.,0.,0.));
#10184=DIRECTION('center_axis',(0.,-1.,0.));
#10185=DIRECTION('ref_axis',(-1.,0.,0.));
#10186=DIRECTION('',(0.,-1.,0.));
#10187=DIRECTION('center_axis',(0.,1.,0.));
#10188=DIRECTION('ref_axis',(-1.,0.,0.));
#10189=DIRECTION('',(0.,-1.,0.));
#10190=DIRECTION('center_axis',(-8.88178419700113E-15,0.,1.));
#10191=DIRECTION('ref_axis',(-1.,0.,-8.88178419700113E-15));
#10192=DIRECTION('',(1.,0.,8.88178419700113E-15));
#10193=DIRECTION('',(0.,-1.,0.));
#10194=DIRECTION('',(-1.,0.,-8.88178419700113E-15));
#10195=DIRECTION('center_axis',(0.,1.,0.));
#10196=DIRECTION('ref_axis',(0.,0.,-1.));
#10197=DIRECTION('center_axis',(0.,-1.,0.));
#10198=DIRECTION('ref_axis',(0.,0.,-1.));
#10199=DIRECTION('',(0.,-1.,0.));
#10200=DIRECTION('center_axis',(0.,1.,0.));
#10201=DIRECTION('ref_axis',(0.,0.,-1.));
#10202=DIRECTION('center_axis',(-1.,0.,0.));
#10203=DIRECTION('ref_axis',(0.,0.,-1.));
#10204=DIRECTION('',(0.,0.,-1.));
#10205=DIRECTION('',(0.,-1.,0.));
#10206=DIRECTION('',(0.,0.,-1.));
#10207=DIRECTION('center_axis',(0.,0.,-1.));
#10208=DIRECTION('ref_axis',(1.,0.,0.));
#10209=DIRECTION('',(1.,0.,0.));
#10210=DIRECTION('',(0.,-1.,0.));
#10211=DIRECTION('',(1.,0.,0.));
#10212=DIRECTION('center_axis',(1.,0.,0.));
#10213=DIRECTION('ref_axis',(0.,0.,1.));
#10214=DIRECTION('',(0.,0.,-1.));
#10215=DIRECTION('',(0.,0.,1.));
#10216=DIRECTION('center_axis',(0.,-1.,0.));
#10217=DIRECTION('ref_axis',(1.,0.,0.));
#10218=DIRECTION('center_axis',(0.,-1.,0.));
#10219=DIRECTION('ref_axis',(1.,0.,0.));
#10220=DIRECTION('center_axis',(0.,1.,0.));
#10221=DIRECTION('ref_axis',(0.707106781186547,0.,0.707106781186547));
#10222=DIRECTION('center_axis',(-2.1316282072803E-15,-1.,0.));
#10223=DIRECTION('ref_axis',(0.707106781186547,0.,0.707106781186547));
#10224=DIRECTION('',(0.,-1.,0.));
#10225=DIRECTION('center_axis',(0.,1.,0.));
#10226=DIRECTION('ref_axis',(0.707106781186547,0.,0.707106781186547));
#10227=DIRECTION('',(0.,1.,0.));
#10228=DIRECTION('center_axis',(0.,-1.,0.));
#10229=DIRECTION('ref_axis',(1.,0.,0.));
#10230=DIRECTION('',(0.,0.,1.));
#10231=DIRECTION('',(1.,0.,0.));
#10232=DIRECTION('',(0.,0.,1.));
#10233=DIRECTION('center_axis',(0.,1.,0.));
#10234=DIRECTION('ref_axis',(-0.707106781186547,0.,0.707106781186547));
#10235=DIRECTION('',(1.,0.,0.));
#10236=DIRECTION('center_axis',(0.,1.,0.));
#10237=DIRECTION('ref_axis',(1.,0.,0.));
#10238=DIRECTION('center_axis',(0.,0.,-1.));
#10239=DIRECTION('ref_axis',(1.,0.,0.));
#10240=DIRECTION('',(0.,-1.,0.));
#10241=DIRECTION('',(-1.,2.1316282072803E-15,0.));
#10242=DIRECTION('center_axis',(0.,-1.,0.));
#10243=DIRECTION('ref_axis',(-0.707106781186547,0.,0.707106781186547));
#10244=DIRECTION('',(0.,1.,0.));
#10245=DIRECTION('center_axis',(-2.1316282072803E-15,-1.,0.));
#10246=DIRECTION('ref_axis',(-0.707106781186547,0.,0.707106781186547));
#10247=DIRECTION('center_axis',(0.,1.,0.));
#10248=DIRECTION('ref_axis',(1.,0.,0.));
#10249=DIRECTION('',(0.,-1.,0.));
#10250=DIRECTION('center_axis',(-2.1316282072803E-15,-1.,0.));
#10251=DIRECTION('ref_axis',(1.,0.,0.));
#10252=DIRECTION('center_axis',(1.,0.,0.));
#10253=DIRECTION('ref_axis',(0.,1.,0.));
#10254=DIRECTION('',(0.,-1.,0.));
#10255=DIRECTION('',(0.,0.,1.));
#10256=DIRECTION('center_axis',(2.1316282072803E-15,1.,0.));
#10257=DIRECTION('ref_axis',(-1.,2.1316282072803E-15,0.));
#10258=DIRECTION('',(-1.,2.1316282072803E-15,0.));
#10259=DIRECTION('',(0.,0.,1.));
#10260=DIRECTION('center_axis',(-1.,0.,0.));
#10261=DIRECTION('ref_axis',(0.,-1.,0.));
#10262=DIRECTION('',(0.,-1.,0.));
#10263=DIRECTION('center_axis',(0.,0.,-1.));
#10264=DIRECTION('ref_axis',(-1.,0.,0.));
#10265=DIRECTION('center_axis',(0.,-1.,0.));
#10266=DIRECTION('ref_axis',(1.,0.,0.));
#10267=DIRECTION('center_axis',(0.,-1.,0.));
#10268=DIRECTION('ref_axis',(1.,0.,0.));
#10269=DIRECTION('',(0.,-1.,0.));
#10270=DIRECTION('center_axis',(0.,-1.,0.));
#10271=DIRECTION('ref_axis',(1.,0.,0.));
#10272=DIRECTION('center_axis',(0.,-1.,0.));
#10273=DIRECTION('ref_axis',(1.,0.,0.));
#10274=DIRECTION('center_axis',(0.,-1.,0.));
#10275=DIRECTION('ref_axis',(1.,0.,0.));
#10276=DIRECTION('center_axis',(0.,0.,-1.));
#10277=DIRECTION('ref_axis',(1.,0.,0.));
#10278=DIRECTION('center_axis',(0.,0.,1.));
#10279=DIRECTION('ref_axis',(1.,0.,0.));
#10280=DIRECTION('',(0.,0.,-1.));
#10281=DIRECTION('center_axis',(0.,0.,-1.));
#10282=DIRECTION('ref_axis',(1.,0.,0.));
#10283=DIRECTION('center_axis',(0.,0.,-1.));
#10284=DIRECTION('ref_axis',(1.,0.,0.));
#10285=DIRECTION('center_axis',(0.,0.,1.));
#10286=DIRECTION('ref_axis',(1.,0.,0.));
#10287=DIRECTION('',(0.,0.,-1.));
#10288=DIRECTION('center_axis',(0.,0.,-1.));
#10289=DIRECTION('ref_axis',(1.,0.,0.));
#10290=DIRECTION('center_axis',(0.,0.,-1.));
#10291=DIRECTION('ref_axis',(1.,0.,0.));
#10292=DIRECTION('center_axis',(0.,0.,1.));
#10293=DIRECTION('ref_axis',(1.,0.,0.));
#10294=DIRECTION('',(0.,0.,-1.));
#10295=DIRECTION('center_axis',(0.,0.,-1.));
#10296=DIRECTION('ref_axis',(1.,0.,0.));
#10297=DIRECTION('center_axis',(0.,0.,-1.));
#10298=DIRECTION('ref_axis',(1.,0.,0.));
#10299=DIRECTION('center_axis',(0.,0.,1.));
#10300=DIRECTION('ref_axis',(1.,0.,0.));
#10301=DIRECTION('',(0.,0.,-1.));
#10302=DIRECTION('center_axis',(0.,0.,-1.));
#10303=DIRECTION('ref_axis',(1.,0.,0.));
#10304=DIRECTION('center_axis',(0.,0.,-1.));
#10305=DIRECTION('ref_axis',(1.,0.,0.));
#10306=DIRECTION('center_axis',(0.,0.,1.));
#10307=DIRECTION('ref_axis',(1.,0.,0.));
#10308=DIRECTION('',(0.,0.,-1.));
#10309=DIRECTION('center_axis',(0.,0.,-1.));
#10310=DIRECTION('ref_axis',(1.,0.,0.));
#10311=DIRECTION('center_axis',(0.,0.,-1.));
#10312=DIRECTION('ref_axis',(1.,0.,0.));
#10313=DIRECTION('center_axis',(0.,0.,1.));
#10314=DIRECTION('ref_axis',(1.,0.,0.));
#10315=DIRECTION('',(0.,0.,-1.));
#10316=DIRECTION('center_axis',(0.,0.,-1.));
#10317=DIRECTION('ref_axis',(1.,0.,0.));
#10318=DIRECTION('center_axis',(0.,0.,-1.));
#10319=DIRECTION('ref_axis',(1.,0.,0.));
#10320=DIRECTION('center_axis',(0.,0.,1.));
#10321=DIRECTION('ref_axis',(1.,0.,0.));
#10322=DIRECTION('',(0.,0.,-1.));
#10323=DIRECTION('center_axis',(0.,0.,-1.));
#10324=DIRECTION('ref_axis',(1.,0.,0.));
#10325=DIRECTION('center_axis',(0.,0.,-1.));
#10326=DIRECTION('ref_axis',(1.,0.,0.));
#10327=DIRECTION('center_axis',(0.,0.,1.));
#10328=DIRECTION('ref_axis',(1.,0.,0.));
#10329=DIRECTION('',(0.,0.,-1.));
#10330=DIRECTION('center_axis',(0.,0.,-1.));
#10331=DIRECTION('ref_axis',(1.,0.,0.));
#10332=DIRECTION('center_axis',(0.,0.,-1.));
#10333=DIRECTION('ref_axis',(1.,0.,0.));
#10334=DIRECTION('center_axis',(0.,0.,1.));
#10335=DIRECTION('ref_axis',(1.,0.,0.));
#10336=DIRECTION('',(0.,0.,-1.));
#10337=DIRECTION('center_axis',(0.,0.,-1.));
#10338=DIRECTION('ref_axis',(1.,0.,0.));
#10339=DIRECTION('center_axis',(0.,0.,-1.));
#10340=DIRECTION('ref_axis',(1.,0.,0.));
#10341=DIRECTION('center_axis',(0.,0.,1.));
#10342=DIRECTION('ref_axis',(1.,0.,0.));
#10343=DIRECTION('',(0.,0.,-1.));
#10344=DIRECTION('center_axis',(0.,0.,-1.));
#10345=DIRECTION('ref_axis',(1.,0.,0.));
#10346=DIRECTION('center_axis',(3.30744324304628E-16,1.,0.));
#10347=DIRECTION('ref_axis',(-1.,3.30744324304628E-16,0.));
#10348=DIRECTION('',(-1.,3.30744324304628E-16,0.));
#10349=DIRECTION('',(0.,0.,1.));
#10350=DIRECTION('',(-1.,3.30744324304628E-16,0.));
#10351=DIRECTION('',(0.,0.,1.));
#10352=DIRECTION('center_axis',(-1.,0.,0.));
#10353=DIRECTION('ref_axis',(0.,-1.,0.));
#10354=DIRECTION('',(0.,-1.,0.));
#10355=DIRECTION('',(0.,0.,1.));
#10356=DIRECTION('',(0.,-1.,0.));
#10357=DIRECTION('center_axis',(0.,-1.,0.));
#10358=DIRECTION('ref_axis',(1.,0.,0.));
#10359=DIRECTION('',(1.,0.,0.));
#10360=DIRECTION('',(0.,0.,1.));
#10361=DIRECTION('',(1.,0.,0.));
#10362=DIRECTION('center_axis',(1.,-1.97372982155583E-16,0.));
#10363=DIRECTION('ref_axis',(1.97372982155583E-16,1.,0.));
#10364=DIRECTION('',(-1.97372982155583E-16,-1.,0.));
#10365=DIRECTION('',(1.97372982155583E-16,1.,0.));
#10366=DIRECTION('center_axis',(0.,0.,1.));
#10367=DIRECTION('ref_axis',(1.,0.,0.));
#10368=DIRECTION('center_axis',(0.,0.,1.));
#10369=DIRECTION('ref_axis',(1.,0.,0.));
#10370=DIRECTION('center_axis',(0.,-1.,0.));
#10371=DIRECTION('ref_axis',(0.999623968004717,0.,0.0274212069483693));
#10372=DIRECTION('center_axis',(0.,-1.,0.));
#10373=DIRECTION('ref_axis',(0.999623968004717,0.,0.0274212069483693));
#10374=DIRECTION('',(0.,1.,0.));
#10375=DIRECTION('center_axis',(0.,1.,0.));
#10376=DIRECTION('ref_axis',(0.999623968004717,0.,0.0274212069483693));
#10377=DIRECTION('',(0.,1.,0.));
#10378=DIRECTION('center_axis',(0.0525061209096541,0.,-0.998620602264454));
#10379=DIRECTION('ref_axis',(-0.998620602264454,0.,-0.0525061209096541));
#10380=DIRECTION('',(0.998620602264454,0.,0.0525061209096541));
#10381=DIRECTION('',(0.,1.,0.));
#10382=DIRECTION('',(-0.998620602264454,0.,-0.0525061209096541));
#10383=DIRECTION('center_axis',(0.692205199386787,0.,0.721700742650233));
#10384=DIRECTION('ref_axis',(0.721700742650233,0.,-0.692205199386787));
#10385=DIRECTION('',(-0.721700742650233,0.,0.692205199386787));
#10386=DIRECTION('',(0.,1.,0.));
#10387=DIRECTION('',(0.721700742650233,0.,-0.692205199386787));
#10388=DIRECTION('center_axis',(0.,-1.,0.));
#10389=DIRECTION('ref_axis',(0.999623968004717,0.,0.0274212069483693));
#10390=DIRECTION('center_axis',(0.,-1.,0.));
#10391=DIRECTION('ref_axis',(0.999623968004717,0.,0.0274212069483693));
#10392=DIRECTION('',(0.,1.,0.));
#10393=DIRECTION('center_axis',(0.,1.,0.));
#10394=DIRECTION('ref_axis',(0.999623968004717,0.,0.0274212069483693));
#10395=DIRECTION('center_axis',(0.0819283904154946,0.,-0.99663821863499));
#10396=DIRECTION('ref_axis',(-0.99663821863499,0.,-0.0819283904154946));
#10397=DIRECTION('',(0.99663821863499,0.,0.0819283904154946));
#10398=DIRECTION('',(0.,1.,0.));
#10399=DIRECTION('',(-0.99663821863499,0.,-0.0819283904154946));
#10400=DIRECTION('center_axis',(0.670624325256657,0.,0.741797151769979));
#10401=DIRECTION('ref_axis',(0.741797151769979,0.,-0.670624325256657));
#10402=DIRECTION('',(-0.741797151769979,0.,0.670624325256657));
#10403=DIRECTION('',(0.,1.,0.));
#10404=DIRECTION('',(0.741797151769979,0.,-0.670624325256657));
#10405=DIRECTION('center_axis',(0.,-1.,0.));
#10406=DIRECTION('ref_axis',(0.999623968004717,0.,0.0274212069483693));
#10407=DIRECTION('center_axis',(0.,-1.,0.));
#10408=DIRECTION('ref_axis',(0.999623968004717,0.,0.0274212069483693));
#10409=DIRECTION('',(0.,1.,0.));
#10410=DIRECTION('center_axis',(0.,1.,0.));
#10411=DIRECTION('ref_axis',(0.999623968004717,0.,0.0274212069483693));
#10412=DIRECTION('center_axis',(0.111279415010421,0.,-0.993789158622159));
#10413=DIRECTION('ref_axis',(-0.993789158622159,0.,-0.111279415010421));
#10414=DIRECTION('',(0.993789158622159,0.,0.111279415010421));
#10415=DIRECTION('',(0.,1.,0.));
#10416=DIRECTION('',(-0.993789158622159,0.,-0.111279415010421));
#10417=DIRECTION('center_axis',(0.648460276355639,0.,0.761248494244007));
#10418=DIRECTION('ref_axis',(0.761248494244007,0.,-0.648460276355639));
#10419=DIRECTION('',(-0.761248494244007,0.,0.648460276355639));
#10420=DIRECTION('',(0.,1.,0.));
#10421=DIRECTION('',(0.761248494244007,0.,-0.648460276355639));
#10422=DIRECTION('center_axis',(0.,-1.,0.));
#10423=DIRECTION('ref_axis',(0.999623968004717,0.,0.0274212069483693));
#10424=DIRECTION('center_axis',(0.,-1.,0.));
#10425=DIRECTION('ref_axis',(0.999623968004717,0.,0.0274212069483693));
#10426=DIRECTION('',(0.,1.,0.));
#10427=DIRECTION('center_axis',(0.,1.,0.));
#10428=DIRECTION('ref_axis',(0.999623968004717,0.,0.0274212069483693));
#10429=DIRECTION('center_axis',(0.140533671049676,0.,-0.990075899767943));
#10430=DIRECTION('ref_axis',(-0.990075899767943,0.,-0.140533671049676));
#10431=DIRECTION('',(0.990075899767943,0.,0.140533671049676));
#10432=DIRECTION('',(0.,1.,0.));
#10433=DIRECTION('',(-0.990075899767943,0.,-0.140533671049676));
#10434=DIRECTION('center_axis',(0.625732326535951,0.,0.780037855189032));
#10435=DIRECTION('ref_axis',(0.780037855189032,0.,-0.625732326535951));
#10436=DIRECTION('',(-0.780037855189032,0.,0.625732326535951));
#10437=DIRECTION('',(0.,1.,0.));
#10438=DIRECTION('',(0.780037855189032,0.,-0.625732326535951));
#10439=DIRECTION('center_axis',(0.,-1.,0.));
#10440=DIRECTION('ref_axis',(0.999623968004717,0.,0.0274212069483693));
#10441=DIRECTION('center_axis',(0.,-1.,0.));
#10442=DIRECTION('ref_axis',(0.999623968004717,0.,0.0274212069483693));
#10443=DIRECTION('',(0.,1.,0.));
#10444=DIRECTION('center_axis',(0.,1.,0.));
#10445=DIRECTION('ref_axis',(0.999623968004717,0.,0.0274212069483693));
#10446=DIRECTION('center_axis',(0.169665719038418,0.,-0.985501671121453));
#10447=DIRECTION('ref_axis',(-0.985501671121453,0.,-0.169665719038418));
#10448=DIRECTION('',(0.985501671121453,0.,0.169665719038418));
#10449=DIRECTION('',(0.,1.,0.));
#10450=DIRECTION('',(-0.985501671121453,0.,-0.169665719038418));
#10451=DIRECTION('center_axis',(0.602460240017931,0.,0.798148895380766));
#10452=DIRECTION('ref_axis',(0.798148895380766,0.,-0.602460240017931));
#10453=DIRECTION('',(-0.798148895380766,0.,0.602460240017931));
#10454=DIRECTION('',(0.,1.,0.));
#10455=DIRECTION('',(0.798148895380766,0.,-0.602460240017931));
#10456=DIRECTION('center_axis',(0.,-1.,0.));
#10457=DIRECTION('ref_axis',(0.999623968004717,0.,0.0274212069483693));
#10458=DIRECTION('center_axis',(0.,-1.,0.));
#10459=DIRECTION('ref_axis',(0.999623968004717,0.,0.0274212069483693));
#10460=DIRECTION('',(0.,1.,0.));
#10461=DIRECTION('center_axis',(0.,1.,0.));
#10462=DIRECTION('ref_axis',(0.999623968004717,0.,0.0274212069483693));
#10463=DIRECTION('center_axis',(0.198650225753898,0.,-0.98007045043095));
#10464=DIRECTION('ref_axis',(-0.98007045043095,0.,-0.198650225753898));
#10465=DIRECTION('',(0.98007045043095,0.,0.198650225753898));
#10466=DIRECTION('',(0.,1.,0.));
#10467=DIRECTION('',(-0.98007045043095,0.,-0.198650225753898));
#10468=DIRECTION('center_axis',(0.578664254203079,0.,0.815565865462499));
#10469=DIRECTION('ref_axis',(0.815565865462499,0.,-0.578664254203079));
#10470=DIRECTION('',(-0.815565865462499,0.,0.578664254203079));
#10471=DIRECTION('',(0.,1.,0.));
#10472=DIRECTION('',(0.815565865462499,0.,-0.578664254203079));
#10473=DIRECTION('center_axis',(0.,-1.,0.));
#10474=DIRECTION('ref_axis',(0.999623968004717,0.,0.0274212069483693));
#10475=DIRECTION('center_axis',(0.,-1.,0.));
#10476=DIRECTION('ref_axis',(0.999623968004717,0.,0.0274212069483693));
#10477=DIRECTION('',(0.,1.,0.));
#10478=DIRECTION('center_axis',(0.,1.,0.));
#10479=DIRECTION('ref_axis',(0.999623968004717,0.,0.0274212069483693));
#10480=DIRECTION('center_axis',(0.227461986275232,0.,-0.973786960684793));
#10481=DIRECTION('ref_axis',(-0.973786960684793,0.,-0.227461986275232));
#10482=DIRECTION('',(0.973786960684793,0.,0.227461986275232));
#10483=DIRECTION('',(0.,1.,0.));
#10484=DIRECTION('',(-0.973786960684793,0.,-0.227461986275232));
#10485=DIRECTION('center_axis',(0.554365062075605,0.,0.832273619640747));
#10486=DIRECTION('ref_axis',(0.832273619640747,0.,-0.554365062075605));
#10487=DIRECTION('',(-0.832273619640747,0.,0.554365062075605));
#10488=DIRECTION('',(0.,1.,0.));
#10489=DIRECTION('',(0.832273619640747,0.,-0.554365062075605));
#10490=DIRECTION('center_axis',(0.,-1.,0.));
#10491=DIRECTION('ref_axis',(0.999623968004717,0.,0.0274212069483693));
#10492=DIRECTION('center_axis',(0.,-1.,0.));
#10493=DIRECTION('ref_axis',(0.999623968004717,0.,0.0274212069483693));
#10494=DIRECTION('',(0.,1.,0.));
#10495=DIRECTION('center_axis',(0.,1.,0.));
#10496=DIRECTION('ref_axis',(0.999623968004717,0.,0.0274212069483693));
#10497=DIRECTION('center_axis',(0.256075945901581,0.,-0.966656666004332));
#10498=DIRECTION('ref_axis',(-0.966656666004332,0.,-0.256075945901581));
#10499=DIRECTION('',(0.966656666004332,0.,0.256075945901581));
#10500=DIRECTION('',(0.,1.,0.));
#10501=DIRECTION('',(-0.966656666004332,0.,-0.256075945901581));
#10502=DIRECTION('center_axis',(0.529583794207826,0.,0.848257628856023));
#10503=DIRECTION('ref_axis',(0.848257628856023,0.,-0.529583794207826));
#10504=DIRECTION('',(-0.848257628856023,0.,0.529583794207826));
#10505=DIRECTION('',(0.,1.,0.));
#10506=DIRECTION('',(0.848257628856023,0.,-0.529583794207826));
#10507=DIRECTION('center_axis',(0.,-1.,0.));
#10508=DIRECTION('ref_axis',(0.999623968004717,0.,0.0274212069483693));
#10509=DIRECTION('center_axis',(0.,-1.,0.));
#10510=DIRECTION('ref_axis',(0.999623968004717,0.,0.0274212069483693));
#10511=DIRECTION('',(0.,1.,0.));
#10512=DIRECTION('center_axis',(0.,1.,0.));
#10513=DIRECTION('ref_axis',(0.999623968004717,0.,0.0274212069483693));
#10514=DIRECTION('center_axis',(0.284467221939737,0.,-0.958685766892306));
#10515=DIRECTION('ref_axis',(-0.958685766892306,0.,-0.284467221939737));
#10516=DIRECTION('',(0.958685766892306,0.,0.284467221939737));
#10517=DIRECTION('',(0.,1.,0.));
#10518=DIRECTION('',(-0.958685766892306,0.,-0.284467221939737));
#10519=DIRECTION('center_axis',(0.504342000385018,0.,0.863503993417308));
#10520=DIRECTION('ref_axis',(0.863503993417308,0.,-0.504342000385018));
#10521=DIRECTION('',(-0.863503993417308,0.,0.504342000385018));
#10522=DIRECTION('',(0.,1.,0.));
#10523=DIRECTION('',(0.863503993417308,0.,-0.504342000385018));
#10524=DIRECTION('center_axis',(0.,-1.,0.));
#10525=DIRECTION('ref_axis',(0.999623968004717,0.,0.0274212069483693));
#10526=DIRECTION('center_axis',(0.,-1.,0.));
#10527=DIRECTION('ref_axis',(0.999623968004717,0.,0.0274212069483693));
#10528=DIRECTION('',(0.,1.,0.));
#10529=DIRECTION('center_axis',(0.,1.,0.));
#10530=DIRECTION('ref_axis',(0.999623968004717,0.,0.0274212069483693));
#10531=DIRECTION('center_axis',(0.312611125342075,0.,-0.949881194840892));
#10532=DIRECTION('ref_axis',(-0.949881194840893,0.,-0.312611125342075));
#10533=DIRECTION('',(0.949881194840893,0.,0.312611125342075));
#10534=DIRECTION('',(0.,1.,0.));
#10535=DIRECTION('',(-0.949881194840893,0.,-0.312611125342075));
#10536=DIRECTION('center_axis',(0.478661630865733,0.,0.877999455089214));
#10537=DIRECTION('ref_axis',(0.877999455089214,0.,-0.478661630865733));
#10538=DIRECTION('',(-0.877999455089214,0.,0.478661630865733));
#10539=DIRECTION('',(0.,1.,0.));
#10540=DIRECTION('',(0.877999455089214,0.,-0.478661630865733));
#10541=DIRECTION('center_axis',(0.,-1.,0.));
#10542=DIRECTION('ref_axis',(0.999623968004717,0.,0.0274212069483693));
#10543=DIRECTION('center_axis',(0.,-1.,0.));
#10544=DIRECTION('ref_axis',(0.999623968004717,0.,0.0274212069483693));
#10545=DIRECTION('',(0.,1.,0.));
#10546=DIRECTION('center_axis',(0.,1.,0.));
#10547=DIRECTION('ref_axis',(0.999623968004717,0.,0.0274212069483693));
#10548=DIRECTION('center_axis',(0.340483182176174,0.,-0.940250606304078));
#10549=DIRECTION('ref_axis',(-0.940250606304078,0.,-0.340483182176174));
#10550=DIRECTION('',(0.940250606304078,0.,0.340483182176174));
#10551=DIRECTION('',(0.,1.,0.));
#10552=DIRECTION('',(-0.940250606304078,0.,-0.340483182176174));
#10553=DIRECTION('center_axis',(0.452565017293854,0.,0.891731408621348));
#10554=DIRECTION('ref_axis',(0.891731408621348,0.,-0.452565017293854));
#10555=DIRECTION('',(-0.891731408621348,0.,0.452565017293854));
#10556=DIRECTION('',(0.,1.,0.));
#10557=DIRECTION('',(0.891731408621348,0.,-0.452565017293854));
#10558=DIRECTION('center_axis',(0.,-1.,0.));
#10559=DIRECTION('ref_axis',(0.999623968004717,0.,0.0274212069483693));
#10560=DIRECTION('center_axis',(0.,-1.,0.));
#10561=DIRECTION('ref_axis',(0.999623968004717,0.,0.0274212069483693));
#10562=DIRECTION('',(0.,1.,0.));
#10563=DIRECTION('center_axis',(0.,1.,0.));
#10564=DIRECTION('ref_axis',(0.999623968004717,0.,0.0274212069483693));
#10565=DIRECTION('center_axis',(0.368059154907328,0.,-0.92980237603961));
#10566=DIRECTION('ref_axis',(-0.92980237603961,0.,-0.368059154907328));
#10567=DIRECTION('',(0.92980237603961,0.,0.368059154907328));
#10568=DIRECTION('',(0.,1.,0.));
#10569=DIRECTION('',(-0.92980237603961,0.,-0.368059154907328));
#10570=DIRECTION('center_axis',(0.426074853279003,0.,0.904687912709834));
#10571=DIRECTION('ref_axis',(0.904687912709834,0.,-0.426074853279003));
#10572=DIRECTION('',(-0.904687912709834,0.,0.426074853279003));
#10573=DIRECTION('',(0.,1.,0.));
#10574=DIRECTION('',(0.904687912709834,0.,-0.426074853279003));
#10575=DIRECTION('center_axis',(0.,-1.,0.));
#10576=DIRECTION('ref_axis',(0.999623968004717,0.,0.0274212069483693));
#10577=DIRECTION('center_axis',(0.,-1.,0.));
#10578=DIRECTION('ref_axis',(0.999623968004717,0.,0.0274212069483693));
#10579=DIRECTION('',(0.,1.,0.));
#10580=DIRECTION('center_axis',(0.,1.,0.));
#10581=DIRECTION('ref_axis',(0.999623968004717,0.,0.0274212069483693));
#10582=DIRECTION('center_axis',(0.395315063475503,0.,-0.918545589826307));
#10583=DIRECTION('ref_axis',(-0.918545589826307,0.,-0.395315063475503));
#10584=DIRECTION('',(0.918545589826307,0.,0.395315063475503));
#10585=DIRECTION('',(0.,1.,0.));
#10586=DIRECTION('',(-0.918545589826307,0.,-0.395315063475503));
#10587=DIRECTION('center_axis',(0.399214174662183,0.,0.916857700381467));
#10588=DIRECTION('ref_axis',(0.916857700381467,0.,-0.399214174662183));
#10589=DIRECTION('',(-0.916857700381467,0.,0.399214174662183));
#10590=DIRECTION('',(0.,1.,0.));
#10591=DIRECTION('',(0.916857700381467,0.,-0.399214174662183));
#10592=DIRECTION('center_axis',(0.,-1.,0.));
#10593=DIRECTION('ref_axis',(0.999623968004717,0.,0.0274212069483693));
#10594=DIRECTION('center_axis',(0.,-1.,0.));
#10595=DIRECTION('ref_axis',(0.999623968004717,0.,0.0274212069483693));
#10596=DIRECTION('',(0.,1.,0.));
#10597=DIRECTION('center_axis',(0.,1.,0.));
#10598=DIRECTION('ref_axis',(0.999623968004717,0.,0.0274212069483693));
#10599=DIRECTION('center_axis',(0.422227206148395,0.,-0.906490036563073));
#10600=DIRECTION('ref_axis',(-0.906490036563073,0.,-0.422227206148395));
#10601=DIRECTION('',(0.906490036563073,0.,0.422227206148395));
#10602=DIRECTION('',(0.,1.,0.));
#10603=DIRECTION('',(-0.906490036563073,0.,-0.422227206148395));
#10604=DIRECTION('center_axis',(0.372006339483818,0.,0.928230188791471));
#10605=DIRECTION('ref_axis',(0.928230188791471,0.,-0.372006339483818));
#10606=DIRECTION('',(-0.928230188791471,0.,0.372006339483818));
#10607=DIRECTION('',(0.,1.,0.));
#10608=DIRECTION('',(0.928230188791471,0.,-0.372006339483818));
#10609=DIRECTION('center_axis',(0.,-1.,0.));
#10610=DIRECTION('ref_axis',(0.999623968004717,0.,0.0274212069483693));
#10611=DIRECTION('center_axis',(0.,-1.,0.));
#10612=DIRECTION('ref_axis',(0.999623968004717,0.,0.0274212069483693));
#10613=DIRECTION('',(0.,1.,0.));
#10614=DIRECTION('center_axis',(0.,1.,0.));
#10615=DIRECTION('ref_axis',(0.999623968004717,0.,0.0274212069483693));
#10616=DIRECTION('center_axis',(0.448772180132445,0.,-0.893646199756465));
#10617=DIRECTION('ref_axis',(-0.893646199756465,0.,-0.448772180132445));
#10618=DIRECTION('',(0.893646199756465,0.,0.448772180132445));
#10619=DIRECTION('',(0.,1.,0.));
#10620=DIRECTION('',(-0.893646199756465,0.,-0.448772180132445));
#10621=DIRECTION('center_axis',(0.344475007671606,0.,0.938795488426338));
#10622=DIRECTION('ref_axis',(0.938795488426338,0.,-0.344475007671606));
#10623=DIRECTION('',(-0.938795488426338,0.,0.344475007671606));
#10624=DIRECTION('',(0.,1.,0.));
#10625=DIRECTION('',(0.938795488426338,0.,-0.344475007671606));
#10626=DIRECTION('center_axis',(0.,-1.,0.));
#10627=DIRECTION('ref_axis',(0.999623968004717,0.,0.0274212069483693));
#10628=DIRECTION('center_axis',(0.,-1.,0.));
#10629=DIRECTION('ref_axis',(0.999623968004717,0.,0.0274212069483693));
#10630=DIRECTION('',(0.,1.,0.));
#10631=DIRECTION('center_axis',(0.,1.,0.));
#10632=DIRECTION('ref_axis',(0.999623968004717,0.,0.0274212069483693));
#10633=DIRECTION('center_axis',(0.474926901923913,0.,-0.880025248404246));
#10634=DIRECTION('ref_axis',(-0.880025248404246,0.,-0.474926901923913));
#10635=DIRECTION('',(0.880025248404246,0.,0.474926901923913));
#10636=DIRECTION('',(0.,1.,0.));
#10637=DIRECTION('',(-0.880025248404246,0.,-0.474926901923913));
#10638=DIRECTION('center_axis',(0.316644120465846,0.,0.948544411703749));
#10639=DIRECTION('ref_axis',(0.948544411703749,0.,-0.316644120465846));
#10640=DIRECTION('',(-0.948544411703749,0.,0.316644120465846));
#10641=DIRECTION('',(0.,1.,0.));
#10642=DIRECTION('',(0.948544411703749,0.,-0.316644120465846));
#10643=DIRECTION('center_axis',(0.,-1.,0.));
#10644=DIRECTION('ref_axis',(0.999623968004717,0.,0.0274212069483693));
#10645=DIRECTION('center_axis',(0.,-1.,0.));
#10646=DIRECTION('ref_axis',(0.999623968004717,0.,0.0274212069483693));
#10647=DIRECTION('',(0.,1.,0.));
#10648=DIRECTION('center_axis',(0.,1.,0.));
#10649=DIRECTION('ref_axis',(0.999623968004717,0.,0.0274212069483693));
#10650=DIRECTION('center_axis',(0.500668627382283,0.,-0.865639027282817));
#10651=DIRECTION('ref_axis',(-0.865639027282817,0.,-0.500668627382283));
#10652=DIRECTION('',(0.865639027282817,0.,0.500668627382283));
#10653=DIRECTION('',(0.,1.,0.));
#10654=DIRECTION('',(-0.865639027282817,0.,-0.500668627382283));
#10655=DIRECTION('center_axis',(0.28853787960014,0.,0.957468480962092));
#10656=DIRECTION('ref_axis',(0.957468480962092,0.,-0.28853787960014));
#10657=DIRECTION('',(-0.957468480962092,0.,0.28853787960014));
#10658=DIRECTION('',(0.,1.,0.));
#10659=DIRECTION('',(0.957468480962092,0.,-0.28853787960014));
#10660=DIRECTION('center_axis',(0.,-1.,0.));
#10661=DIRECTION('ref_axis',(0.999623968004717,0.,0.0274212069483693));
#10662=DIRECTION('center_axis',(0.,-1.,0.));
#10663=DIRECTION('ref_axis',(0.999623968004717,0.,0.0274212069483693));
#10664=DIRECTION('',(0.,1.,0.));
#10665=DIRECTION('center_axis',(0.,1.,0.));
#10666=DIRECTION('ref_axis',(0.999623968004717,0.,0.0274212069483693));
#10667=DIRECTION('center_axis',(0.525974971508558,0.,-0.850500046647013));
#10668=DIRECTION('ref_axis',(-0.850500046647013,0.,-0.525974971508558));
#10669=DIRECTION('',(0.850500046647013,0.,0.525974971508558));
#10670=DIRECTION('',(0.,1.,0.));
#10671=DIRECTION('',(-0.850500046647013,0.,-0.525974971508558));
#10672=DIRECTION('center_axis',(0.260180726255583,0.,0.965559935832633));
#10673=DIRECTION('ref_axis',(0.965559935832632,0.,-0.260180726255583));
#10674=DIRECTION('',(-0.965559935832632,0.,0.260180726255583));
#10675=DIRECTION('',(0.,1.,0.));
#10676=DIRECTION('',(0.965559935832632,0.,-0.260180726255583));
#10677=DIRECTION('center_axis',(0.,-1.,0.));
#10678=DIRECTION('ref_axis',(0.999623968004717,0.,0.0274212069483693));
#10679=DIRECTION('center_axis',(0.,-1.,0.));
#10680=DIRECTION('ref_axis',(0.999623968004717,0.,0.0274212069483693));
#10681=DIRECTION('',(0.,1.,0.));
#10682=DIRECTION('center_axis',(0.,1.,0.));
#10683=DIRECTION('ref_axis',(0.999623968004717,0.,0.0274212069483693));
#10684=DIRECTION('center_axis',(0.55082392791126,0.,-0.834621471351182));
#10685=DIRECTION('ref_axis',(-0.834621471351182,0.,-0.55082392791126));
#10686=DIRECTION('',(0.834621471351181,0.,0.55082392791126));
#10687=DIRECTION('',(0.,1.,0.));
#10688=DIRECTION('',(-0.834621471351181,0.,-0.55082392791126));
#10689=DIRECTION('center_axis',(0.231597319806702,0.,0.972811739987934));
#10690=DIRECTION('ref_axis',(0.972811739987934,0.,-0.231597319806702));
#10691=DIRECTION('',(-0.972811739987934,0.,0.231597319806702));
#10692=DIRECTION('',(0.,1.,0.));
#10693=DIRECTION('',(0.972811739987934,0.,-0.231597319806702));
#10694=DIRECTION('center_axis',(0.,-1.,0.));
#10695=DIRECTION('ref_axis',(0.999623968004717,0.,0.0274212069483693));
#10696=DIRECTION('center_axis',(0.,-1.,0.));
#10697=DIRECTION('ref_axis',(0.999623968004717,0.,0.0274212069483693));
#10698=DIRECTION('',(0.,1.,0.));
#10699=DIRECTION('center_axis',(0.,1.,0.));
#10700=DIRECTION('ref_axis',(0.999623968004717,0.,0.0274212069483693));
#10701=DIRECTION('center_axis',(0.575193887943173,0.,-0.81801710940103));
#10702=DIRECTION('ref_axis',(-0.81801710940103,0.,-0.575193887943173));
#10703=DIRECTION('',(0.81801710940103,0.,0.575193887943173));
#10704=DIRECTION('',(0.,1.,0.));
#10705=DIRECTION('',(-0.81801710940103,0.,-0.575193887943173));
#10706=DIRECTION('center_axis',(0.202812516377679,0.,0.979217587260642));
#10707=DIRECTION('ref_axis',(0.979217587260642,0.,-0.202812516377679));
#10708=DIRECTION('',(-0.979217587260642,0.,0.202812516377679));
#10709=DIRECTION('',(0.,1.,0.));
#10710=DIRECTION('',(0.979217587260642,0.,-0.202812516377679));
#10711=DIRECTION('center_axis',(0.,-1.,0.));
#10712=DIRECTION('ref_axis',(0.999623968004717,0.,0.0274212069483693));
#10713=DIRECTION('center_axis',(0.,-1.,0.));
#10714=DIRECTION('ref_axis',(0.999623968004717,0.,0.0274212069483693));
#10715=DIRECTION('',(0.,1.,0.));
#10716=DIRECTION('center_axis',(0.,1.,0.));
#10717=DIRECTION('ref_axis',(0.999623968004717,0.,0.0274212069483693));
#10718=DIRECTION('center_axis',(0.599063659492227,0.,-0.800701399946185));
#10719=DIRECTION('ref_axis',(-0.800701399946185,0.,-0.599063659492227));
#10720=DIRECTION('',(0.800701399946185,0.,0.599063659492227));
#10721=DIRECTION('',(0.,1.,0.));
#10722=DIRECTION('',(-0.800701399946185,0.,-0.599063659492227));
#10723=DIRECTION('center_axis',(0.173851347227467,0.,0.984771907127328));
#10724=DIRECTION('ref_axis',(0.984771907127328,0.,-0.173851347227467));
#10725=DIRECTION('',(-0.984771907127328,0.,0.173851347227467));
#10726=DIRECTION('',(0.,1.,0.));
#10727=DIRECTION('',(0.984771907127328,0.,-0.173851347227467));
#10728=DIRECTION('center_axis',(0.,-1.,0.));
#10729=DIRECTION('ref_axis',(0.999623968004717,0.,0.0274212069483693));
#10730=DIRECTION('center_axis',(0.,-1.,0.));
#10731=DIRECTION('ref_axis',(0.999623968004717,0.,0.0274212069483693));
#10732=DIRECTION('',(0.,1.,0.));
#10733=DIRECTION('center_axis',(0.,1.,0.));
#10734=DIRECTION('ref_axis',(0.999623968004717,0.,0.0274212069483693));
#10735=DIRECTION('center_axis',(0.622412485410153,0.,-0.782689400723912));
#10736=DIRECTION('ref_axis',(-0.782689400723912,0.,-0.622412485410153));
#10737=DIRECTION('',(0.782689400723912,0.,0.622412485410153));
#10738=DIRECTION('',(0.,1.,0.));
#10739=DIRECTION('',(-0.782689400723912,0.,-0.622412485410153));
#10740=DIRECTION('center_axis',(0.144738996982611,0.,0.989469869552615));
#10741=DIRECTION('ref_axis',(0.989469869552615,0.,-0.144738996982611));
#10742=DIRECTION('',(-0.989469869552615,0.,0.14473899698261));
#10743=DIRECTION('',(0.,1.,0.));
#10744=DIRECTION('',(0.989469869552615,0.,-0.14473899698261));
#10745=DIRECTION('center_axis',(0.,-1.,0.));
#10746=DIRECTION('ref_axis',(0.999623968004717,0.,0.0274212069483693));
#10747=DIRECTION('center_axis',(0.,-1.,0.));
#10748=DIRECTION('ref_axis',(0.999623968004717,0.,0.0274212069483693));
#10749=DIRECTION('',(0.,1.,0.));
#10750=DIRECTION('center_axis',(0.,1.,0.));
#10751=DIRECTION('ref_axis',(0.999623968004717,0.,0.0274212069483693));
#10752=DIRECTION('center_axis',(0.645220061562882,0.,-0.763996774964915));
#10753=DIRECTION('ref_axis',(-0.763996774964915,0.,-0.645220061562882));
#10754=DIRECTION('',(0.763996774964915,0.,0.645220061562882));
#10755=DIRECTION('',(0.,1.,0.));
#10756=DIRECTION('',(-0.763996774964915,0.,-0.645220061562882));
#10757=DIRECTION('center_axis',(0.115500781736699,0.,0.993307389189375));
#10758=DIRECTION('ref_axis',(0.993307389189374,0.,-0.115500781736699));
#10759=DIRECTION('',(-0.993307389189374,0.,0.115500781736699));
#10760=DIRECTION('',(0.,1.,0.));
#10761=DIRECTION('',(0.993307389189374,0.,-0.115500781736699));
#10762=DIRECTION('center_axis',(0.,-1.,0.));
#10763=DIRECTION('ref_axis',(0.999623968004717,0.,0.0274212069483693));
#10764=DIRECTION('center_axis',(0.,-1.,0.));
#10765=DIRECTION('ref_axis',(0.999623968004717,0.,0.0274212069483693));
#10766=DIRECTION('',(0.,1.,0.));
#10767=DIRECTION('center_axis',(0.,1.,0.));
#10768=DIRECTION('ref_axis',(0.999623968004717,0.,0.0274212069483693));
#10769=DIRECTION('center_axis',(0.667466554487044,0.,-0.744639777772578));
#10770=DIRECTION('ref_axis',(-0.744639777772578,0.,-0.667466554487044));
#10771=DIRECTION('',(0.744639777772578,0.,0.667466554487044));
#10772=DIRECTION('',(0.,1.,0.));
#10773=DIRECTION('',(-0.744639777772578,0.,-0.667466554487044));
#10774=DIRECTION('center_axis',(0.0861621270355088,0.,0.996281128931346));
#10775=DIRECTION('ref_axis',(0.996281128931346,0.,-0.0861621270355088));
#10776=DIRECTION('',(-0.996281128931346,0.,0.0861621270355088));
#10777=DIRECTION('',(0.,1.,0.));
#10778=DIRECTION('',(0.996281128931346,0.,-0.0861621270355088));
#10779=DIRECTION('center_axis',(0.,-1.,0.));
#10780=DIRECTION('ref_axis',(0.999623968004717,0.,0.0274212069483693));
#10781=DIRECTION('center_axis',(0.,-1.,0.));
#10782=DIRECTION('ref_axis',(0.999623968004717,0.,0.0274212069483693));
#10783=DIRECTION('',(0.,1.,0.));
#10784=DIRECTION('center_axis',(0.,1.,0.));
#10785=DIRECTION('ref_axis',(0.999623968004717,0.,0.0274212069483693));
#10786=DIRECTION('center_axis',(0.689132618637105,0.,-0.724635241987558));
#10787=DIRECTION('ref_axis',(-0.724635241987558,0.,-0.689132618637105));
#10788=DIRECTION('',(0.724635241987558,0.,0.689132618637105));
#10789=DIRECTION('',(0.,1.,0.));
#10790=DIRECTION('',(-0.724635241987558,0.,-0.689132618637105));
#10791=DIRECTION('center_axis',(0.0567485457669375,0.,0.998388502815081));
#10792=DIRECTION('ref_axis',(0.998388502815081,0.,-0.0567485457669375));
#10793=DIRECTION('',(-0.998388502815081,0.,0.0567485457669375));
#10794=DIRECTION('',(0.,1.,0.));
#10795=DIRECTION('',(0.998388502815081,0.,-0.0567485457669375));
#10796=DIRECTION('center_axis',(0.,-1.,0.));
#10797=DIRECTION('ref_axis',(0.999623968004717,0.,0.0274212069483693));
#10798=DIRECTION('center_axis',(0.,-1.,0.));
#10799=DIRECTION('ref_axis',(0.999623968004717,0.,0.0274212069483693));
#10800=DIRECTION('',(0.,1.,0.));
#10801=DIRECTION('center_axis',(0.,1.,0.));
#10802=DIRECTION('ref_axis',(0.999623968004717,0.,0.0274212069483693));
#10803=DIRECTION('center_axis',(0.710199413208278,0.,-0.704000563549929));
#10804=DIRECTION('ref_axis',(-0.704000563549929,0.,-0.710199413208278));
#10805=DIRECTION('',(0.704000563549929,0.,0.710199413208278));
#10806=DIRECTION('',(0.,1.,0.));
#10807=DIRECTION('',(-0.704000563549929,0.,-0.710199413208278));
#10808=DIRECTION('center_axis',(0.027285615975013,0.,0.999627678268696));
#10809=DIRECTION('ref_axis',(0.999627678268696,0.,-0.027285615975013));
#10810=DIRECTION('',(-0.999627678268696,0.,0.027285615975013));
#10811=DIRECTION('',(0.,1.,0.));
#10812=DIRECTION('',(0.999627678268696,0.,-0.027285615975013));
#10813=DIRECTION('center_axis',(0.,-1.,0.));
#10814=DIRECTION('ref_axis',(0.999623968004717,0.,0.0274212069483693));
#10815=DIRECTION('center_axis',(0.,-1.,0.));
#10816=DIRECTION('ref_axis',(0.999623968004717,0.,0.0274212069483693));
#10817=DIRECTION('',(0.,1.,0.));
#10818=DIRECTION('center_axis',(0.,1.,0.));
#10819=DIRECTION('ref_axis',(0.999623968004717,0.,0.0274212069483693));
#10820=DIRECTION('center_axis',(0.730648618520486,0.,-0.68275368637167));
#10821=DIRECTION('ref_axis',(-0.68275368637167,0.,-0.730648618520486));
#10822=DIRECTION('',(0.68275368637167,0.,0.730648618520486));
#10823=DIRECTION('',(0.,1.,0.));
#10824=DIRECTION('',(-0.68275368637167,0.,-0.730648618520486));
#10825=DIRECTION('center_axis',(-0.00220104138276979,0.,0.999997577705482));
#10826=DIRECTION('ref_axis',(0.999997577705482,0.,0.00220104138276979));
#10827=DIRECTION('',(-0.999997577705482,0.,-0.00220104138276979));
#10828=DIRECTION('',(0.,1.,0.));
#10829=DIRECTION('',(0.999997577705482,0.,0.00220104138276979));
#10830=DIRECTION('center_axis',(0.,-1.,0.));
#10831=DIRECTION('ref_axis',(0.999623968004717,0.,0.0274212069483693));
#10832=DIRECTION('center_axis',(0.,-1.,0.));
#10833=DIRECTION('ref_axis',(0.999623968004717,0.,0.0274212069483693));
#10834=DIRECTION('',(0.,1.,0.));
#10835=DIRECTION('center_axis',(0.,1.,0.));
#10836=DIRECTION('ref_axis',(0.999623968004717,0.,0.0274212069483693));
#10837=DIRECTION('center_axis',(0.750462451949122,0.,-0.660913086732675));
#10838=DIRECTION('ref_axis',(-0.660913086732675,0.,-0.750462451949122));
#10839=DIRECTION('',(0.660913086732675,0.,0.750462451949122));
#10840=DIRECTION('',(0.,1.,0.));
#10841=DIRECTION('',(-0.660913086732675,0.,-0.750462451949122));
#10842=DIRECTION('center_axis',(-0.0316857847154353,0.,0.999497879460966));
#10843=DIRECTION('ref_axis',(0.999497879460966,0.,0.0316857847154353));
#10844=DIRECTION('',(-0.999497879460966,0.,-0.0316857847154353));
#10845=DIRECTION('',(0.,1.,0.));
#10846=DIRECTION('',(0.999497879460966,0.,0.0316857847154353));
#10847=DIRECTION('center_axis',(0.,-1.,0.));
#10848=DIRECTION('ref_axis',(0.999623968004717,0.,0.0274212069483693));
#10849=DIRECTION('center_axis',(0.,-1.,0.));
#10850=DIRECTION('ref_axis',(0.999623968004717,0.,0.0274212069483693));
#10851=DIRECTION('',(0.,1.,0.));
#10852=DIRECTION('center_axis',(0.,1.,0.));
#10853=DIRECTION('ref_axis',(0.999623968004717,0.,0.0274212069483693));
#10854=DIRECTION('center_axis',(0.769623683388845,0.,-0.638497757213748));
#10855=DIRECTION('ref_axis',(-0.638497757213748,0.,-0.769623683388845));
#10856=DIRECTION('',(0.638497757213748,0.,0.769623683388845));
#10857=DIRECTION('',(0.,1.,0.));
#10858=DIRECTION('',(-0.638497757213748,0.,-0.769623683388845));
#10859=DIRECTION('center_axis',(-0.0611429740964354,0.,0.998129018072635));
#10860=DIRECTION('ref_axis',(0.998129018072635,0.,0.0611429740964354));
#10861=DIRECTION('',(-0.998129018072635,0.,-0.0611429740964354));
#10862=DIRECTION('',(0.,1.,0.));
#10863=DIRECTION('',(0.998129018072635,0.,0.0611429740964354));
#10864=DIRECTION('center_axis',(0.,-1.,0.));
#10865=DIRECTION('ref_axis',(0.999623968004717,0.,0.0274212069483693));
#10866=DIRECTION('center_axis',(0.,-1.,0.));
#10867=DIRECTION('ref_axis',(0.999623968004717,0.,0.0274212069483693));
#10868=DIRECTION('',(0.,1.,0.));
#10869=DIRECTION('center_axis',(0.,1.,0.));
#10870=DIRECTION('ref_axis',(0.999623968004717,0.,0.0274212069483693));
#10871=DIRECTION('center_axis',(0.788115650236864,0.,-0.615527190180681));
#10872=DIRECTION('ref_axis',(-0.615527190180681,0.,-0.788115650236864));
#10873=DIRECTION('',(0.615527190180681,0.,0.788115650236864));
#10874=DIRECTION('',(0.,1.,0.));
#10875=DIRECTION('',(-0.615527190180681,0.,-0.788115650236864));
#10876=DIRECTION('center_axis',(-0.090546993560145,0.,0.995892183902062));
#10877=DIRECTION('ref_axis',(0.995892183902062,0.,0.090546993560145));
#10878=DIRECTION('',(-0.995892183902062,0.,-0.090546993560145));
#10879=DIRECTION('',(0.,1.,0.));
#10880=DIRECTION('',(0.995892183902062,0.,0.090546993560145));
#10881=DIRECTION('center_axis',(0.,-1.,0.));
#10882=DIRECTION('ref_axis',(0.593821760960482,0.,0.804596617075782));
#10883=DIRECTION('center_axis',(0.,-1.,0.));
#10884=DIRECTION('ref_axis',(0.593821760960482,0.,0.804596617075782));
#10885=DIRECTION('',(0.,1.,0.));
#10886=DIRECTION('center_axis',(0.,-1.,0.));
#10887=DIRECTION('ref_axis',(0.593821760960482,0.,0.804596617075782));
#10888=DIRECTION('center_axis',(0.,-1.,0.));
#10889=DIRECTION('ref_axis',(0.99902261098266,0.,0.0442020672071824));
#10890=DIRECTION('center_axis',(0.,-1.,0.));
#10891=DIRECTION('ref_axis',(0.99902261098266,0.,0.0442020672071824));
#10892=DIRECTION('',(0.,1.,0.));
#10893=DIRECTION('center_axis',(0.,-1.,0.));
#10894=DIRECTION('ref_axis',(0.99902261098266,0.,0.0442020672071824));
#10895=DIRECTION('center_axis',(-0.998062130227952,0.,-0.0622252698253919));
#10896=DIRECTION('ref_axis',(-0.0622252698253919,0.,0.998062130227952));
#10897=DIRECTION('',(0.0622252698253919,0.,-0.998062130227952));
#10898=DIRECTION('',(0.,1.,0.));
#10899=DIRECTION('',(-0.0622252698253919,0.,0.998062130227952));
#10900=DIRECTION('center_axis',(0.,0.,1.));
#10901=DIRECTION('ref_axis',(1.,0.,0.));
#10902=DIRECTION('',(1.,0.,0.));
#10903=DIRECTION('',(0.,1.,0.));
#10904=DIRECTION('',(1.,0.,0.));
#10905=DIRECTION('center_axis',(0.998062130227952,0.,0.0622252698253964));
#10906=DIRECTION('ref_axis',(0.0622252698253964,0.,-0.998062130227952));
#10907=DIRECTION('',(0.0622252698253964,0.,-0.998062130227952));
#10908=DIRECTION('',(0.0622252698253964,0.,-0.998062130227952));
#10909=DIRECTION('center_axis',(0.,-1.,0.));
#10910=DIRECTION('ref_axis',(1.,0.,0.));
#10911=DIRECTION('center_axis',(0.,-1.,0.));
#10912=DIRECTION('ref_axis',(1.,0.,0.));
#10913=DIRECTION('center_axis',(0.,-1.,0.));
#10914=DIRECTION('ref_axis',(1.,0.,0.));
#10915=DIRECTION('center_axis',(0.,1.,0.));
#10916=DIRECTION('ref_axis',(1.,0.,0.));
#10917=DIRECTION('',(0.,-1.,0.));
#10918=DIRECTION('center_axis',(0.,1.,0.));
#10919=DIRECTION('ref_axis',(1.,0.,0.));
#10920=DIRECTION('center_axis',(-0.175232898227457,0.,0.984527008963597));
#10921=DIRECTION('ref_axis',(0.984527008963597,0.,0.175232898227457));
#10922=DIRECTION('',(0.984527008963597,0.,0.175232898227457));
#10923=DIRECTION('',(0.,1.,0.));
#10924=DIRECTION('',(0.984527008963597,0.,0.175232898227457));
#10925=DIRECTION('',(0.,1.,0.));
#10926=DIRECTION('center_axis',(0.,-1.,0.));
#10927=DIRECTION('ref_axis',(-0.175232898227462,0.,0.984527008963596));
#10928=DIRECTION('center_axis',(0.,1.,0.));
#10929=DIRECTION('ref_axis',(-0.175232898227462,0.,0.984527008963596));
#10930=DIRECTION('',(0.,1.,0.));
#10931=DIRECTION('center_axis',(0.,1.,0.));
#10932=DIRECTION('ref_axis',(-0.175232898227462,0.,0.984527008963596));
#10933=DIRECTION('center_axis',(0.17523289822746,0.,-0.984527008963596));
#10934=DIRECTION('ref_axis',(-0.984527008963596,0.,-0.17523289822746));
#10935=DIRECTION('',(-0.984527008963596,0.,-0.17523289822746));
#10936=DIRECTION('',(0.,1.,0.));
#10937=DIRECTION('',(-0.984527008963596,0.,-0.17523289822746));
#10938=DIRECTION('center_axis',(0.,-1.,0.));
#10939=DIRECTION('ref_axis',(0.175232898227453,0.,-0.984527008963597));
#10940=DIRECTION('center_axis',(0.,1.,0.));
#10941=DIRECTION('ref_axis',(0.175232898227453,0.,-0.984527008963597));
#10942=DIRECTION('center_axis',(0.,1.,0.));
#10943=DIRECTION('ref_axis',(0.175232898227453,0.,-0.984527008963597));
#10944=DIRECTION('center_axis',(0.,-1.,0.));
#10945=DIRECTION('ref_axis',(0.999623968004717,0.,0.0274212069483693));
#10946=DIRECTION('center_axis',(0.,-1.,0.));
#10947=DIRECTION('ref_axis',(0.999623968004717,0.,0.0274212069483693));
#10948=DIRECTION('',(0.,1.,0.));
#10949=DIRECTION('center_axis',(0.,1.,0.));
#10950=DIRECTION('ref_axis',(0.999623968004717,0.,0.0274212069483693));
#10951=DIRECTION('',(0.,1.,0.));
#10952=DIRECTION('center_axis',(-0.0277618334510882,0.,0.999614566022041));
#10953=DIRECTION('ref_axis',(0.999614566022041,0.,0.0277618334510882));
#10954=DIRECTION('',(0.999614566022041,0.,0.0277618334510882));
#10955=DIRECTION('',(0.,1.,0.));
#10956=DIRECTION('',(0.999614566022041,0.,0.0277618334510882));
#10957=DIRECTION('',(0.,1.,0.));
#10958=DIRECTION('center_axis',(0.170154517935073,0.,-0.985417393811517));
#10959=DIRECTION('ref_axis',(-0.985417393811517,0.,-0.170154517935073));
#10960=DIRECTION('',(-0.985417393811517,0.,-0.170154517935073));
#10961=DIRECTION('',(0.,1.,0.));
#10962=DIRECTION('',(-0.985417393811517,0.,-0.170154517935073));
#10963=DIRECTION('center_axis',(0.,-1.,0.));
#10964=DIRECTION('ref_axis',(0.529583794207886,0.,0.848257628855986));
#10965=DIRECTION('center_axis',(0.,-1.,0.));
#10966=DIRECTION('ref_axis',(0.529583794207886,0.,0.848257628855986));
#10967=DIRECTION('',(0.,1.,0.));
#10968=DIRECTION('center_axis',(0.,-1.,0.));
#10969=DIRECTION('ref_axis',(0.529583794207886,0.,0.848257628855986));
#10970=DIRECTION('center_axis',(-0.529583794207826,0.,-0.848257628856023));
#10971=DIRECTION('ref_axis',(-0.848257628856023,0.,0.529583794207826));
#10972=DIRECTION('',(-0.848257628856023,0.,0.529583794207826));
#10973=DIRECTION('',(0.,1.,0.));
#10974=DIRECTION('',(-0.848257628856023,0.,0.529583794207826));
#10975=DIRECTION('center_axis',(-0.256075945901581,0.,0.966656666004332));
#10976=DIRECTION('ref_axis',(0.966656666004332,0.,0.256075945901581));
#10977=DIRECTION('',(0.966656666004332,0.,0.256075945901581));
#10978=DIRECTION('',(0.966656666004332,0.,0.256075945901581));
#10979=DIRECTION('center_axis',(0.,-1.,0.));
#10980=DIRECTION('ref_axis',(1.,0.,0.));
#10981=DIRECTION('center_axis',(0.,-1.,0.));
#10982=DIRECTION('ref_axis',(1.,0.,0.));
#10983=DIRECTION('center_axis',(0.,0.,1.));
#10984=DIRECTION('ref_axis',(1.,0.,0.));
#10985=DIRECTION('',(0.,-1.,0.));
#10986=DIRECTION('',(-1.,0.,0.));
#10987=DIRECTION('',(0.,1.,0.));
#10988=DIRECTION('',(1.,0.,0.));
#10989=DIRECTION('',(0.,1.,0.));
#10990=DIRECTION('',(-1.,0.,0.));
#10991=DIRECTION('',(0.,-1.,0.));
#10992=DIRECTION('',(1.,0.,0.));
#10993=DIRECTION('center_axis',(1.,0.,0.));
#10994=DIRECTION('ref_axis',(0.,1.,0.));
#10995=DIRECTION('center_axis',(-1.,0.,0.));
#10996=DIRECTION('ref_axis',(0.,0.707106781186547,0.707106781186547));
#10997=DIRECTION('',(0.,1.,0.));
#10998=DIRECTION('center_axis',(-1.,0.,0.));
#10999=DIRECTION('ref_axis',(0.,-0.707106781186547,0.707106781186547));
#11000=DIRECTION('center_axis',(1.,0.,0.));
#11001=DIRECTION('ref_axis',(0.,1.,0.));
#11002=DIRECTION('',(0.,0.,-1.));
#11003=DIRECTION('',(0.,-1.,0.));
#11004=DIRECTION('',(0.,0.,-1.));
#11005=DIRECTION('center_axis',(0.,-1.,0.));
#11006=DIRECTION('ref_axis',(1.,0.,0.));
#11007=DIRECTION('',(0.,0.,1.));
#11008=DIRECTION('',(-1.,0.,0.));
#11009=DIRECTION('center_axis',(-1.,0.,0.));
#11010=DIRECTION('ref_axis',(0.,-1.,0.));
#11011=DIRECTION('center_axis',(1.,0.,0.));
#11012=DIRECTION('ref_axis',(0.,-0.707106781186547,0.707106781186547));
#11013=DIRECTION('',(0.,-1.,0.));
#11014=DIRECTION('center_axis',(1.,0.,0.));
#11015=DIRECTION('ref_axis',(0.,0.707106781186547,0.707106781186547));
#11016=DIRECTION('center_axis',(-1.,0.,0.));
#11017=DIRECTION('ref_axis',(0.,0.707106781186547,0.707106781186547));
#11018=DIRECTION('',(1.,0.,0.));
#11019=DIRECTION('center_axis',(0.,0.,1.));
#11020=DIRECTION('ref_axis',(1.,0.,0.));
#11021=DIRECTION('',(-1.,0.,0.));
#11022=DIRECTION('center_axis',(1.,0.,0.));
#11023=DIRECTION('ref_axis',(0.,-0.707106781186547,0.707106781186547));
#11024=DIRECTION('center_axis',(-1.,0.,0.));
#11025=DIRECTION('ref_axis',(0.,-1.,0.));
#11026=DIRECTION('',(0.,0.,-1.));
#11027=DIRECTION('',(0.,1.,0.));
#11028=DIRECTION('center_axis',(0.,1.,0.));
#11029=DIRECTION('ref_axis',(-1.,0.,0.));
#11030=DIRECTION('',(1.,0.,0.));
#11031=DIRECTION('center_axis',(0.,0.,1.));
#11032=DIRECTION('ref_axis',(1.,0.,0.));
#11033=DIRECTION('center_axis',(1.,0.,0.));
#11034=DIRECTION('ref_axis',(0.,1.,0.));
#11035=DIRECTION('center_axis',(-1.,0.,0.));
#11036=DIRECTION('ref_axis',(0.,1.,0.));
#11037=DIRECTION('',(-1.,0.,0.));
#11038=DIRECTION('center_axis',(-1.,0.,0.));
#11039=DIRECTION('ref_axis',(0.,1.,0.));
#11040=DIRECTION('center_axis',(0.,-1.,0.));
#11041=DIRECTION('ref_axis',(0.,0.,-1.));
#11042=DIRECTION('',(0.,0.,-1.));
#11043=DIRECTION('',(1.,0.,0.));
#11044=DIRECTION('',(0.,0.,-1.));
#11045=DIRECTION('',(1.,0.,0.));
#11046=DIRECTION('center_axis',(1.,0.,0.));
#11047=DIRECTION('ref_axis',(0.,0.,1.));
#11048=DIRECTION('center_axis',(1.,0.,0.));
#11049=DIRECTION('ref_axis',(0.,0.,1.));
#11050=DIRECTION('center_axis',(1.,0.,0.));
#11051=DIRECTION('ref_axis',(0.,0.,1.));
#11052=DIRECTION('',(1.,0.,0.));
#11053=DIRECTION('center_axis',(0.,0.,1.));
#11054=DIRECTION('ref_axis',(0.,-1.,0.));
#11055=DIRECTION('',(0.,-1.,0.));
#11056=DIRECTION('',(0.,-1.,0.));
#11057=DIRECTION('',(1.,0.,0.));
#11058=DIRECTION('center_axis',(0.,1.,0.));
#11059=DIRECTION('ref_axis',(0.,0.,1.));
#11060=DIRECTION('',(0.,0.,1.));
#11061=DIRECTION('',(0.,0.,1.));
#11062=DIRECTION('',(1.,0.,0.));
#11063=DIRECTION('center_axis',(0.,0.,-1.));
#11064=DIRECTION('ref_axis',(0.,1.,0.));
#11065=DIRECTION('',(0.,1.,0.));
#11066=DIRECTION('',(0.,1.,0.));
#11067=DIRECTION('',(1.,0.,0.));
#11068=DIRECTION('center_axis',(1.,0.,0.));
#11069=DIRECTION('ref_axis',(0.,-1.,1.97372982155584E-15));
#11070=DIRECTION('center_axis',(1.,0.,0.));
#11071=DIRECTION('ref_axis',(0.,-1.,1.97372982155584E-15));
#11072=DIRECTION('center_axis',(1.,0.,0.));
#11073=DIRECTION('ref_axis',(0.,-1.,1.97372982155584E-15));
#11074=DIRECTION('center_axis',(1.,0.,0.));
#11075=DIRECTION('ref_axis',(0.,1.,0.));
#11076=DIRECTION('center_axis',(1.,0.,0.));
#11077=DIRECTION('ref_axis',(0.,1.,0.));
#11078=DIRECTION('center_axis',(-1.,0.,0.));
#11079=DIRECTION('ref_axis',(0.,-1.,0.));
#11080=DIRECTION('center_axis',(1.,0.,0.));
#11081=DIRECTION('ref_axis',(0.,-1.,0.));
#11082=DIRECTION('',(-1.,0.,0.));
#11083=DIRECTION('center_axis',(1.,0.,0.));
#11084=DIRECTION('ref_axis',(0.,-1.,0.));
#11085=DIRECTION('center_axis',(0.,-1.,0.));
#11086=DIRECTION('ref_axis',(0.,0.,-1.));
#11087=DIRECTION('',(0.,0.,-1.));
#11088=DIRECTION('',(1.,0.,0.));
#11089=DIRECTION('',(0.,0.,-1.));
#11090=DIRECTION('',(1.,0.,0.));
#11091=DIRECTION('center_axis',(-1.,0.,0.));
#11092=DIRECTION('ref_axis',(0.,0.,1.));
#11093=DIRECTION('center_axis',(-1.,0.,0.));
#11094=DIRECTION('ref_axis',(0.,0.,1.));
#11095=DIRECTION('',(1.,0.,0.));
#11096=DIRECTION('center_axis',(-1.,0.,0.));
#11097=DIRECTION('ref_axis',(0.,0.,1.));
#11098=DIRECTION('center_axis',(0.,0.,-1.));
#11099=DIRECTION('ref_axis',(0.,1.,0.));
#11100=DIRECTION('',(0.,1.,0.));
#11101=DIRECTION('',(1.,0.,0.));
#11102=DIRECTION('',(0.,1.,0.));
#11103=DIRECTION('center_axis',(0.,1.,0.));
#11104=DIRECTION('ref_axis',(0.,0.,1.));
#11105=DIRECTION('',(0.,0.,1.));
#11106=DIRECTION('',(1.,0.,0.));
#11107=DIRECTION('',(0.,0.,1.));
#11108=DIRECTION('center_axis',(0.,0.,1.));
#11109=DIRECTION('ref_axis',(0.,-1.,0.));
#11110=DIRECTION('',(0.,-1.,0.));
#11111=DIRECTION('',(1.,0.,0.));
#11112=DIRECTION('',(0.,-1.,0.));
#11113=DIRECTION('center_axis',(-1.,0.,0.));
#11114=DIRECTION('ref_axis',(0.,1.,1.97372982155584E-15));
#11115=DIRECTION('center_axis',(-1.,0.,0.));
#11116=DIRECTION('ref_axis',(0.,1.,1.97372982155584E-15));
#11117=DIRECTION('center_axis',(-1.,0.,0.));
#11118=DIRECTION('ref_axis',(0.,1.,1.97372982155584E-15));
#11119=DIRECTION('center_axis',(-1.,0.,0.));
#11120=DIRECTION('ref_axis',(0.,-1.,0.));
#11121=DIRECTION('center_axis',(-1.,0.,0.));
#11122=DIRECTION('ref_axis',(0.,-1.,0.));
#11123=DIRECTION('center_axis',(1.,0.,-1.22464679914735E-16));
#11124=DIRECTION('ref_axis',(0.,1.,0.));
#11125=DIRECTION('center_axis',(-1.,0.,1.22464679914735E-16));
#11126=DIRECTION('ref_axis',(0.,1.,0.));
#11127=DIRECTION('',(1.,0.,-1.22464679914735E-16));
#11128=DIRECTION('center_axis',(-1.,0.,1.22464679914735E-16));
#11129=DIRECTION('ref_axis',(0.,1.,0.));
#11130=DIRECTION('center_axis',(0.,1.,0.));
#11131=DIRECTION('ref_axis',(-1.22464679914735E-16,0.,-1.));
#11132=DIRECTION('',(-1.22464679914735E-16,0.,-1.));
#11133=DIRECTION('',(-1.,0.,1.22464679914735E-16));
#11134=DIRECTION('',(-1.22464679914735E-16,0.,-1.));
#11135=DIRECTION('',(-1.,0.,1.22464679914735E-16));
#11136=DIRECTION('center_axis',(1.,0.,-1.22464679914735E-16));
#11137=DIRECTION('ref_axis',(1.22464679914735E-16,0.,1.));
#11138=DIRECTION('center_axis',(1.,0.,-1.22464679914735E-16));
#11139=DIRECTION('ref_axis',(1.22464679914735E-16,0.,1.));
#11140=DIRECTION('',(-1.,0.,1.22464679914735E-16));
#11141=DIRECTION('center_axis',(1.,0.,-1.22464679914735E-16));
#11142=DIRECTION('ref_axis',(1.22464679914735E-16,0.,1.));
#11143=DIRECTION('center_axis',(-1.22464679914735E-16,0.,-1.));
#11144=DIRECTION('ref_axis',(0.,-1.,0.));
#11145=DIRECTION('',(0.,-1.,0.));
#11146=DIRECTION('',(-1.,0.,1.22464679914735E-16));
#11147=DIRECTION('',(0.,-1.,0.));
#11148=DIRECTION('center_axis',(0.,-1.,0.));
#11149=DIRECTION('ref_axis',(1.22464679914735E-16,0.,1.));
#11150=DIRECTION('',(1.22464679914735E-16,0.,1.));
#11151=DIRECTION('',(-1.,0.,1.22464679914735E-16));
#11152=DIRECTION('',(1.22464679914735E-16,0.,1.));
#11153=DIRECTION('center_axis',(1.22464679914735E-16,0.,1.));
#11154=DIRECTION('ref_axis',(0.,1.,0.));
#11155=DIRECTION('',(0.,1.,0.));
#11156=DIRECTION('',(-1.,0.,1.22464679914735E-16));
#11157=DIRECTION('',(0.,1.,0.));
#11158=DIRECTION('center_axis',(1.,0.,-1.22464679914735E-16));
#11159=DIRECTION('ref_axis',(2.41712190835004E-31,-1.,1.97372982155584E-15));
#11160=DIRECTION('center_axis',(1.,0.,-1.22464679914735E-16));
#11161=DIRECTION('ref_axis',(2.41712190835004E-31,-1.,1.97372982155584E-15));
#11162=DIRECTION('center_axis',(1.,0.,-1.22464679914735E-16));
#11163=DIRECTION('ref_axis',(2.41712190835004E-31,-1.,1.97372982155584E-15));
#11164=DIRECTION('center_axis',(1.,0.,-1.22464679914735E-16));
#11165=DIRECTION('ref_axis',(0.,1.,0.));
#11166=DIRECTION('center_axis',(1.,0.,-1.22464679914735E-16));
#11167=DIRECTION('ref_axis',(0.,1.,0.));
#11168=DIRECTION('center_axis',(-1.,0.,1.22464679914735E-16));
#11169=DIRECTION('ref_axis',(0.,-1.,0.));
#11170=DIRECTION('center_axis',(1.,0.,-1.22464679914735E-16));
#11171=DIRECTION('ref_axis',(0.,-1.,0.));
#11172=DIRECTION('',(1.,0.,-1.22464679914735E-16));
#11173=DIRECTION('center_axis',(1.,0.,-1.22464679914735E-16));
#11174=DIRECTION('ref_axis',(0.,-1.,0.));
#11175=DIRECTION('center_axis',(0.,1.,0.));
#11176=DIRECTION('ref_axis',(-1.22464679914735E-16,0.,-1.));
#11177=DIRECTION('',(-1.22464679914735E-16,0.,-1.));
#11178=DIRECTION('',(-1.,0.,1.22464679914735E-16));
#11179=DIRECTION('',(-1.22464679914735E-16,0.,-1.));
#11180=DIRECTION('',(-1.,0.,1.22464679914735E-16));
#11181=DIRECTION('center_axis',(-1.,0.,1.22464679914735E-16));
#11182=DIRECTION('ref_axis',(1.22464679914735E-16,0.,1.));
#11183=DIRECTION('center_axis',(-1.,0.,1.22464679914735E-16));
#11184=DIRECTION('ref_axis',(1.22464679914735E-16,0.,1.));
#11185=DIRECTION('center_axis',(-1.,0.,1.22464679914735E-16));
#11186=DIRECTION('ref_axis',(1.22464679914735E-16,0.,1.));
#11187=DIRECTION('',(-1.,0.,1.22464679914735E-16));
#11188=DIRECTION('center_axis',(1.22464679914735E-16,0.,1.));
#11189=DIRECTION('ref_axis',(0.,1.,0.));
#11190=DIRECTION('',(0.,1.,0.));
#11191=DIRECTION('',(0.,1.,0.));
#11192=DIRECTION('',(-1.,0.,1.22464679914735E-16));
#11193=DIRECTION('center_axis',(0.,-1.,0.));
#11194=DIRECTION('ref_axis',(1.22464679914735E-16,0.,1.));
#11195=DIRECTION('',(1.22464679914735E-16,0.,1.));
#11196=DIRECTION('',(1.22464679914735E-16,0.,1.));
#11197=DIRECTION('',(-1.,0.,1.22464679914735E-16));
#11198=DIRECTION('center_axis',(-1.22464679914735E-16,0.,-1.));
#11199=DIRECTION('ref_axis',(0.,-1.,0.));
#11200=DIRECTION('',(0.,-1.,0.));
#11201=DIRECTION('',(0.,-1.,0.));
#11202=DIRECTION('',(-1.,0.,1.22464679914735E-16));
#11203=DIRECTION('center_axis',(-1.,0.,1.22464679914735E-16));
#11204=DIRECTION('ref_axis',(2.41712190835004E-31,1.,1.97372982155584E-15));
#11205=DIRECTION('center_axis',(-1.,0.,1.22464679914735E-16));
#11206=DIRECTION('ref_axis',(2.41712190835004E-31,1.,1.97372982155584E-15));
#11207=DIRECTION('center_axis',(-1.,0.,1.22464679914735E-16));
#11208=DIRECTION('ref_axis',(2.41712190835004E-31,1.,1.97372982155584E-15));
#11209=DIRECTION('center_axis',(-1.,0.,1.22464679914735E-16));
#11210=DIRECTION('ref_axis',(0.,-1.,0.));
#11211=DIRECTION('center_axis',(-1.,0.,1.22464679914735E-16));
#11212=DIRECTION('ref_axis',(0.,-1.,0.));
#11213=CARTESIAN_POINT('',(0.,0.,0.));
#11214=CARTESIAN_POINT('Origin',(-186.199846578373,86.,165.));
#11215=CARTESIAN_POINT('',(-186.199846578373,86.,165.));
#11216=CARTESIAN_POINT('',(-186.199846578373,85.,165.));
#11217=CARTESIAN_POINT('',(-186.199846578373,43.,165.));
#11218=CARTESIAN_POINT('',(-186.199846578373,86.,5.));
#11219=CARTESIAN_POINT('',(-186.199846578373,86.,165.));
#11220=CARTESIAN_POINT('',(-186.199846578373,85.,5.));
#11221=CARTESIAN_POINT('',(-186.199846578373,85.,5.));
#11222=CARTESIAN_POINT('',(-186.199846578373,85.,82.5));
#11223=CARTESIAN_POINT('Origin',(-236.199846578373,86.,165.));
#11224=CARTESIAN_POINT('',(-236.199846578373,86.,165.));
#11225=CARTESIAN_POINT('',(-143.787791054219,86.,165.));
#11226=CARTESIAN_POINT('',(-236.199846578373,86.,5.));
#11227=CARTESIAN_POINT('',(-236.199846578373,86.,165.));
#11228=CARTESIAN_POINT('',(-186.199846578373,86.,5.));
#11229=CARTESIAN_POINT('Origin',(-236.199846578373,85.,165.));
#11230=CARTESIAN_POINT('',(-236.199846578373,85.,165.));
#11231=CARTESIAN_POINT('',(-236.199846578373,42.5,165.));
#11232=CARTESIAN_POINT('',(-236.199846578373,85.,5.));
#11233=CARTESIAN_POINT('',(-236.199846578373,85.,82.5));
#11234=CARTESIAN_POINT('',(-236.199846578373,86.,5.));
#11235=CARTESIAN_POINT('Origin',(152.248528939873,85.,0.));
#11236=CARTESIAN_POINT('',(-84.253360086445,85.,5.));
#11237=CARTESIAN_POINT('',(50.4363967049046,85.,5.));
#11238=CARTESIAN_POINT('',(-84.253360086445,85.,165.));
#11239=CARTESIAN_POINT('',(-84.253360086445,85.,82.5));
#11240=CARTESIAN_POINT('',(50.4363967049046,85.,165.));
#11241=CARTESIAN_POINT('Origin',(152.248528939873,85.,0.));
#11242=CARTESIAN_POINT('',(-250.,85.,165.));
#11243=CARTESIAN_POINT('',(50.4363967049046,85.,165.));
#11244=CARTESIAN_POINT('',(-250.,85.,162.5));
#11245=CARTESIAN_POINT('',(-250.,85.,0.));
#11246=CARTESIAN_POINT('',(-250.,85.,12.5));
#11247=CARTESIAN_POINT('',(-250.,85.,0.));
#11248=CARTESIAN_POINT('',(-250.,85.,5.));
#11249=CARTESIAN_POINT('',(-250.,85.,0.));
#11250=CARTESIAN_POINT('',(50.4363967049046,85.,5.));
#11251=CARTESIAN_POINT('Origin',(-51.3757355300636,-8.88178419700125E-15,
165.));
#11252=CARTESIAN_POINT('',(-255.,90.,165.));
#11253=CARTESIAN_POINT('',(-255.,-90.,165.));
#11254=CARTESIAN_POINT('',(-255.,45.,165.));
#11255=CARTESIAN_POINT('',(152.248528939873,-90.,165.));
#11256=CARTESIAN_POINT('',(-153.187867765032,-90.,165.));
#11257=CARTESIAN_POINT('',(152.248528939873,90.,165.));
#11258=CARTESIAN_POINT('',(152.248528939873,-45.,165.));
#11259=CARTESIAN_POINT('',(50.4363967049046,90.,165.));
#11260=CARTESIAN_POINT('',(-84.253360086445,86.,165.));
#11261=CARTESIAN_POINT('',(-84.253360086445,42.5,165.));
#11262=CARTESIAN_POINT('',(-78.253360086445,86.,165.));
#11263=CARTESIAN_POINT('',(-67.8145478082543,86.,165.));
#11264=CARTESIAN_POINT('',(-78.253360086445,85.,165.));
#11265=CARTESIAN_POINT('',(-78.253360086445,43.,165.));
#11266=CARTESIAN_POINT('',(-60.5,85.,165.));
#11267=CARTESIAN_POINT('',(50.4363967049046,85.,165.));
#11268=CARTESIAN_POINT('',(-60.5,86.25,165.));
#11269=CARTESIAN_POINT('',(-60.5,42.5,165.));
#11270=CARTESIAN_POINT('',(-54.5,86.25,165.));
#11271=CARTESIAN_POINT('',(-55.9378677650318,86.25,165.));
#11272=CARTESIAN_POINT('',(-54.5,85.,165.));
#11273=CARTESIAN_POINT('',(-54.5,43.125,165.));
#11274=CARTESIAN_POINT('',(52.3608092818925,85.,165.));
#11275=CARTESIAN_POINT('',(50.4363967049046,85.,165.));
#11276=CARTESIAN_POINT('',(52.3608092818925,86.5,165.));
#11277=CARTESIAN_POINT('',(52.3608092818925,42.5,165.));
#11278=CARTESIAN_POINT('',(58.3608092818925,86.5,165.));
#11279=CARTESIAN_POINT('',(0.492536875914431,86.5,165.));
#11280=CARTESIAN_POINT('',(58.3608092818925,85.,165.));
#11281=CARTESIAN_POINT('',(58.3608092818925,43.25,165.));
#11282=CARTESIAN_POINT('',(147.248528939873,85.,165.));
#11283=CARTESIAN_POINT('',(50.4363967049046,85.,165.));
#11284=CARTESIAN_POINT('',(147.248528939873,-85.,165.));
#11285=CARTESIAN_POINT('',(147.248528939873,-45.,165.));
#11286=CARTESIAN_POINT('',(58.4823248291351,-85.,165.));
#11287=CARTESIAN_POINT('',(-153.187867765032,-85.,165.));
#11288=CARTESIAN_POINT('',(58.4837605615345,-86.0072040604398,165.));
#11289=CARTESIAN_POINT('',(58.421631150441,-42.4217872013132,165.));
#11290=CARTESIAN_POINT('',(52.4837666573618,-86.0157568314052,165.));
#11291=CARTESIAN_POINT('',(3.61542406062876,-86.085416859126,165.));
#11292=CARTESIAN_POINT('',(52.4823187333015,-85.,165.));
#11293=CARTESIAN_POINT('',(52.422355112468,-42.9339420024986,165.));
#11294=CARTESIAN_POINT('',(-54.3785991162088,-85.,165.));
#11295=CARTESIAN_POINT('',(-153.187867765032,-85.,165.));
#11296=CARTESIAN_POINT('',(-54.37729042248,-85.9180830898926,165.));
#11297=CARTESIAN_POINT('',(-54.4391781315098,-42.5022265890438,165.));
#11298=CARTESIAN_POINT('',(-60.3772843266527,-85.9266358608581,165.));
#11299=CARTESIAN_POINT('',(-52.8152796141067,-85.9158565008489,165.));
#11300=CARTESIAN_POINT('',(-60.3786052120424,-85.,165.));
#11301=CARTESIAN_POINT('',(-60.4385176888169,-42.9698209049554,165.));
#11302=CARTESIAN_POINT('',(-78.1319833354087,-85.,165.));
#11303=CARTESIAN_POINT('',(-153.187867765032,-85.,165.));
#11304=CARTESIAN_POINT('',(-78.1309827416515,-85.7019428519652,165.));
#11305=CARTESIAN_POINT('',(-78.192538217967,-42.5191563430838,165.));
#11306=CARTESIAN_POINT('',(-84.1309766458242,-85.7104956229306,165.));
#11307=CARTESIAN_POINT('',(-64.6923039564211,-85.6827865088816,165.));
#11308=CARTESIAN_POINT('',(-84.1319894312423,-85.,165.));
#11309=CARTESIAN_POINT('',(-84.1920318252611,-42.8786805400318,165.));
#11310=CARTESIAN_POINT('',(-186.078579497973,-85.,165.));
#11311=CARTESIAN_POINT('',(-153.187867765032,-85.,165.));
#11312=CARTESIAN_POINT('',(-186.077359563056,-85.8558164478797,165.));
#11313=CARTESIAN_POINT('',(-186.139024709951,-42.5960931410416,165.));
#11314=CARTESIAN_POINT('',(-236.077308764494,-85.9270895392582,165.));
#11315=CARTESIAN_POINT('',(-118.665492367123,-85.7597233068388,165.));
#11316=CARTESIAN_POINT('',(-236.078630296586,-85.,165.));
#11317=CARTESIAN_POINT('',(-236.13836394393,-43.0952744563569,165.));
#11318=CARTESIAN_POINT('',(-250.,-85.,165.));
#11319=CARTESIAN_POINT('',(-153.187867765032,-85.,165.));
#11320=CARTESIAN_POINT('',(-250.,45.,165.));
#11321=CARTESIAN_POINT('Origin',(52.3608092818925,86.5,165.));
#11322=CARTESIAN_POINT('',(52.3608092818925,86.5,5.));
#11323=CARTESIAN_POINT('',(52.3608092818925,86.5,165.));
#11324=CARTESIAN_POINT('',(58.3608092818925,86.5,5.));
#11325=CARTESIAN_POINT('',(52.3608092818925,86.5,5.));
#11326=CARTESIAN_POINT('',(58.3608092818925,86.5,165.));
#11327=CARTESIAN_POINT('Origin',(52.3608092818925,85.,165.));
#11328=CARTESIAN_POINT('',(52.3608092818925,85.,5.));
#11329=CARTESIAN_POINT('',(52.3608092818925,85.,82.5));
#11330=CARTESIAN_POINT('',(52.3608092818925,85.,5.));
#11331=CARTESIAN_POINT('Origin',(58.3608092818925,86.5,165.));
#11332=CARTESIAN_POINT('',(58.3608092818925,85.,5.));
#11333=CARTESIAN_POINT('',(58.3608092818925,86.5,5.));
#11334=CARTESIAN_POINT('',(58.3608092818925,85.,82.5));
#11335=CARTESIAN_POINT('Origin',(-78.253360086445,86.,165.));
#11336=CARTESIAN_POINT('',(-78.253360086445,86.,5.));
#11337=CARTESIAN_POINT('',(-78.253360086445,86.,165.));
#11338=CARTESIAN_POINT('',(-78.253360086445,85.,5.));
#11339=CARTESIAN_POINT('',(-78.253360086445,86.,5.));
#11340=CARTESIAN_POINT('',(-78.253360086445,85.,82.5));
#11341=CARTESIAN_POINT('Origin',(-84.253360086445,86.,165.));
#11342=CARTESIAN_POINT('',(-84.253360086445,86.,5.));
#11343=CARTESIAN_POINT('',(-84.253360086445,86.,165.));
#11344=CARTESIAN_POINT('',(-84.253360086445,86.,5.));
#11345=CARTESIAN_POINT('Origin',(-84.253360086445,85.,165.));
#11346=CARTESIAN_POINT('',(-84.253360086445,85.,5.));
#11347=CARTESIAN_POINT('Origin',(-54.5,86.25,165.));
#11348=CARTESIAN_POINT('',(-54.5,86.25,5.));
#11349=CARTESIAN_POINT('',(-54.5,86.25,165.));
#11350=CARTESIAN_POINT('',(-54.5,85.,5.));
#11351=CARTESIAN_POINT('',(-54.5,86.25,5.));
#11352=CARTESIAN_POINT('',(-54.5,85.,82.5));
#11353=CARTESIAN_POINT('Origin',(-60.5,86.25,165.));
#11354=CARTESIAN_POINT('',(-60.5,86.25,5.));
#11355=CARTESIAN_POINT('',(-60.5,86.25,165.));
#11356=CARTESIAN_POINT('',(-60.5,86.25,5.));
#11357=CARTESIAN_POINT('Origin',(-60.5,85.,165.));
#11358=CARTESIAN_POINT('',(-60.5,85.,5.));
#11359=CARTESIAN_POINT('',(-60.5,85.,82.5));
#11360=CARTESIAN_POINT('',(-60.5,85.,5.));
#11361=CARTESIAN_POINT('Origin',(52.4837666573618,-86.0157568314052,165.));
#11362=CARTESIAN_POINT('',(52.4837666573618,-86.0157568314052,5.));
#11363=CARTESIAN_POINT('',(52.4837666573618,-86.0157568314052,165.));
#11364=CARTESIAN_POINT('',(52.4823187333015,-85.,5.));
#11365=CARTESIAN_POINT('',(52.4816284646204,-84.5157583553621,5.));
#11366=CARTESIAN_POINT('',(52.4823187333015,-85.,82.5));
#11367=CARTESIAN_POINT('Origin',(58.4837605615345,-86.0072040604398,165.));
#11368=CARTESIAN_POINT('',(58.4837605615345,-86.0072040604398,5.));
#11369=CARTESIAN_POINT('',(58.4837605615345,-86.0072040604398,165.));
#11370=CARTESIAN_POINT('',(52.4837666573618,-86.0157568314052,5.));
#11371=CARTESIAN_POINT('Origin',(58.4823248291351,-85.,165.));
#11372=CARTESIAN_POINT('',(58.4823248291351,-85.,5.));
#11373=CARTESIAN_POINT('',(58.4823248291351,-85.,82.5));
#11374=CARTESIAN_POINT('',(58.4837605615345,-86.0072040604398,5.));
#11375=CARTESIAN_POINT('Origin',(-84.1309766458242,-85.7104956229306,165.));
#11376=CARTESIAN_POINT('',(-84.1309766458242,-85.7104956229306,5.));
#11377=CARTESIAN_POINT('',(-84.1309766458242,-85.7104956229306,165.));
#11378=CARTESIAN_POINT('',(-84.1319894312423,-85.,5.));
#11379=CARTESIAN_POINT('',(-84.1324021076517,-84.7104966389018,5.));
#11380=CARTESIAN_POINT('',(-84.1319894312423,-85.,82.5));
#11381=CARTESIAN_POINT('Origin',(-78.1309827416515,-85.7019428519652,165.));
#11382=CARTESIAN_POINT('',(-78.1309827416515,-85.7019428519652,5.));
#11383=CARTESIAN_POINT('',(-78.1309827416515,-85.7019428519652,165.));
#11384=CARTESIAN_POINT('',(-84.1309766458242,-85.7104956229306,5.));
#11385=CARTESIAN_POINT('Origin',(-78.1319833354087,-85.,165.));
#11386=CARTESIAN_POINT('',(-78.1319833354087,-85.,5.));
#11387=CARTESIAN_POINT('',(-78.1319833354087,-85.,82.5));
#11388=CARTESIAN_POINT('',(-78.1309827416515,-85.7019428519652,5.));
#11389=CARTESIAN_POINT('Origin',(-60.3772843266527,-85.9266358608581,165.));
#11390=CARTESIAN_POINT('',(-60.3772843266527,-85.9266358608581,5.));
#11391=CARTESIAN_POINT('',(-60.3772843266527,-85.9266358608581,165.));
#11392=CARTESIAN_POINT('',(-60.3786052120424,-85.,5.));
#11393=CARTESIAN_POINT('',(-60.3790661539371,-84.6766371308221,5.));
#11394=CARTESIAN_POINT('',(-60.3786052120423,-85.,82.5));
#11395=CARTESIAN_POINT('Origin',(-54.37729042248,-85.9180830898926,165.));
#11396=CARTESIAN_POINT('',(-54.37729042248,-85.9180830898926,5.));
#11397=CARTESIAN_POINT('',(-54.37729042248,-85.9180830898926,165.));
#11398=CARTESIAN_POINT('',(-60.3772843266527,-85.9266358608581,5.));
#11399=CARTESIAN_POINT('Origin',(-54.3785991162088,-85.,165.));
#11400=CARTESIAN_POINT('',(-54.3785991162088,-85.,5.));
#11401=CARTESIAN_POINT('',(-54.3785991162088,-85.,82.5));
#11402=CARTESIAN_POINT('',(-54.37729042248,-85.9180830898926,5.));
#11403=CARTESIAN_POINT('Origin',(-236.077308764494,-85.9270895392582,165.));
#11404=CARTESIAN_POINT('',(-236.077308764494,-85.9270895392582,5.));
#11405=CARTESIAN_POINT('',(-236.077308764494,-85.9270895392582,165.));
#11406=CARTESIAN_POINT('',(-236.078630296586,-85.,5.));
#11407=CARTESIAN_POINT('',(-236.077308764494,-85.9270895392582,5.));
#11408=CARTESIAN_POINT('',(-236.078630296586,-85.,82.5));
#11409=CARTESIAN_POINT('Origin',(-186.077359563056,-85.8558164478797,165.));
#11410=CARTESIAN_POINT('',(-186.077359563056,-85.8558164478797,5.));
#11411=CARTESIAN_POINT('',(-186.077359563056,-85.8558164478797,165.));
#11412=CARTESIAN_POINT('',(-186.077359563056,-85.8558164478797,5.));
#11413=CARTESIAN_POINT('Origin',(-186.078579497973,-85.,165.));
#11414=CARTESIAN_POINT('',(-186.078579497973,-85.,5.));
#11415=CARTESIAN_POINT('',(-186.078579497973,-85.,82.5));
#11416=CARTESIAN_POINT('',(-186.078785024883,-84.855817463851,5.));
#11417=CARTESIAN_POINT('Origin',(152.248528939873,85.,0.));
#11418=CARTESIAN_POINT('',(50.4363967049046,85.,5.));
#11419=CARTESIAN_POINT('Origin',(152.248528939873,85.,0.));
#11420=CARTESIAN_POINT('',(50.4363967049046,85.,5.));
#11421=CARTESIAN_POINT('Origin',(152.248528939873,85.,0.));
#11422=CARTESIAN_POINT('',(147.248528939873,85.,5.));
#11423=CARTESIAN_POINT('',(50.4363967049046,85.,5.));
#11424=CARTESIAN_POINT('',(147.248528939873,85.,0.));
#11425=CARTESIAN_POINT('Origin',(-255.,-85.,0.));
#11426=CARTESIAN_POINT('',(-250.,-85.,5.));
#11427=CARTESIAN_POINT('',(-153.187867765032,-85.,5.));
#11428=CARTESIAN_POINT('',(-250.,-85.,12.5));
#11429=CARTESIAN_POINT('',(-250.,-85.,0.));
#11430=CARTESIAN_POINT('',(-250.,-85.,162.5));
#11431=CARTESIAN_POINT('',(-250.,-85.,0.));
#11432=CARTESIAN_POINT('',(-250.,-85.,0.));
#11433=CARTESIAN_POINT('Origin',(-255.,-85.,0.));
#11434=CARTESIAN_POINT('',(-153.187867765032,-85.,5.));
#11435=CARTESIAN_POINT('Origin',(-255.,-85.,0.));
#11436=CARTESIAN_POINT('',(-153.187867765032,-85.,5.));
#11437=CARTESIAN_POINT('Origin',(-255.,-85.,0.));
#11438=CARTESIAN_POINT('',(147.248528939873,-85.,5.));
#11439=CARTESIAN_POINT('',(147.248528939873,-85.,0.));
#11440=CARTESIAN_POINT('',(-153.187867765032,-85.,5.));
#11441=CARTESIAN_POINT('Origin',(-255.,-85.,0.));
#11442=CARTESIAN_POINT('',(-153.187867765032,-85.,5.));
#11443=CARTESIAN_POINT('Origin',(-255.,-90.,0.));
#11444=CARTESIAN_POINT('',(152.248528939873,-90.,2.));
#11445=CARTESIAN_POINT('',(-255.,-90.,2.));
#11446=CARTESIAN_POINT('',(-153.187867765032,-90.,2.));
#11447=CARTESIAN_POINT('',(152.248528939873,-90.,0.));
#11448=CARTESIAN_POINT('',(-255.,-90.,0.));
#11449=CARTESIAN_POINT('Origin',(152.248528939873,90.,0.));
#11450=CARTESIAN_POINT('',(-255.,90.,2.));
#11451=CARTESIAN_POINT('',(152.248528939873,90.,2.));
#11452=CARTESIAN_POINT('',(50.4363967049046,90.,2.));
#11453=CARTESIAN_POINT('',(-255.,90.,0.));
#11454=CARTESIAN_POINT('',(152.248528939873,90.,0.));
#11455=CARTESIAN_POINT('Origin',(-51.3757355300636,-1.77635683940025E-14,
5.));
#11456=CARTESIAN_POINT('',(147.248528939873,-45.,5.));
#11457=CARTESIAN_POINT('',(-250.,45.,5.));
#11458=CARTESIAN_POINT('Origin',(147.248528939873,-90.,0.));
#11459=CARTESIAN_POINT('',(147.248528939873,-65.,25.));
#11460=CARTESIAN_POINT('',(147.248528939873,65.,25.));
#11461=CARTESIAN_POINT('',(147.248528939873,-12.5,25.));
#11462=CARTESIAN_POINT('',(147.248528939873,75.,35.));
#11463=CARTESIAN_POINT('Origin',(147.248528939873,65.,35.));
#11464=CARTESIAN_POINT('',(147.248528939873,75.,140.));
#11465=CARTESIAN_POINT('',(147.248528939873,75.,70.));
#11466=CARTESIAN_POINT('',(147.248528939873,65.,150.));
#11467=CARTESIAN_POINT('Origin',(147.248528939873,65.,140.));
#11468=CARTESIAN_POINT('',(147.248528939873,-65.,150.));
#11469=CARTESIAN_POINT('',(147.248528939873,-77.5,150.));
#11470=CARTESIAN_POINT('',(147.248528939873,-75.,140.));
#11471=CARTESIAN_POINT('Origin',(147.248528939873,-65.,140.));
#11472=CARTESIAN_POINT('',(147.248528939873,-75.,35.));
#11473=CARTESIAN_POINT('',(147.248528939873,-75.,17.5));
#11474=CARTESIAN_POINT('Origin',(147.248528939873,-65.,35.));
#11475=CARTESIAN_POINT('Origin',(-250.,90.,0.));
#11476=CARTESIAN_POINT('',(-250.,1.24999999999999,12.5));
#11477=CARTESIAN_POINT('Origin',(-250.,0.,87.5));
#11478=CARTESIAN_POINT('',(-250.,-87.5,12.5));
#11479=CARTESIAN_POINT('',(-250.,87.5,12.5));
#11480=CARTESIAN_POINT('',(-250.,-87.5,162.5));
#11481=CARTESIAN_POINT('',(-250.,-87.5,12.5));
#11482=CARTESIAN_POINT('',(-250.,-87.5,162.5));
#11483=CARTESIAN_POINT('Origin',(-255.,-87.5,162.5));
#11484=CARTESIAN_POINT('',(-255.,-87.5,162.5));
#11485=CARTESIAN_POINT('',(-255.,-87.5,12.5));
#11486=CARTESIAN_POINT('',(-255.,-87.5,81.25));
#11487=CARTESIAN_POINT('',(-255.,-87.5,162.5));
#11488=CARTESIAN_POINT('',(-255.,-87.5,12.5));
#11489=CARTESIAN_POINT('Origin',(-255.,-87.5,12.5));
#11490=CARTESIAN_POINT('',(-255.,87.5,12.5));
#11491=CARTESIAN_POINT('',(-255.,1.24999999999999,12.5));
#11492=CARTESIAN_POINT('',(-250.,87.5,12.5));
#11493=CARTESIAN_POINT('',(-250.,87.5,12.5));
#11494=CARTESIAN_POINT('',(-255.,87.5,12.5));
#11495=CARTESIAN_POINT('Origin',(-255.,87.5,12.5));
#11496=CARTESIAN_POINT('',(-255.,87.5,162.5));
#11497=CARTESIAN_POINT('',(-255.,87.5,6.24999999999999));
#11498=CARTESIAN_POINT('',(-250.,87.5,162.5));
#11499=CARTESIAN_POINT('',(-250.,87.5,162.5));
#11500=CARTESIAN_POINT('',(-255.,87.5,162.5));
#11501=CARTESIAN_POINT('Origin',(-255.,87.5,162.5));
#11502=CARTESIAN_POINT('',(-255.,88.75,162.5));
#11503=CARTESIAN_POINT('',(-250.,-87.5,162.5));
#11504=CARTESIAN_POINT('',(-250.,88.75,162.5));
#11505=CARTESIAN_POINT('Origin',(-250.,0.,87.5));
#11506=CARTESIAN_POINT('Origin',(152.248528939873,-90.,0.));
#11507=CARTESIAN_POINT('',(152.248528939873,-88.,0.));
#11508=CARTESIAN_POINT('Origin',(152.248528939873,-88.,2.));
#11509=CARTESIAN_POINT('',(152.248528939873,88.,0.));
#11510=CARTESIAN_POINT('',(152.248528939873,90.,0.));
#11511=CARTESIAN_POINT('Origin',(152.248528939873,88.,2.));
#11512=CARTESIAN_POINT('',(152.248528939873,65.,25.));
#11513=CARTESIAN_POINT('',(152.248528939873,-65.,25.));
#11514=CARTESIAN_POINT('',(152.248528939873,-12.5,25.));
#11515=CARTESIAN_POINT('',(152.248528939873,-75.,35.));
#11516=CARTESIAN_POINT('Origin',(152.248528939873,-65.,35.));
#11517=CARTESIAN_POINT('',(152.248528939873,-75.,140.));
#11518=CARTESIAN_POINT('',(152.248528939873,-75.,17.5));
#11519=CARTESIAN_POINT('',(152.248528939873,-65.,150.));
#11520=CARTESIAN_POINT('Origin',(152.248528939873,-65.,140.));
#11521=CARTESIAN_POINT('',(152.248528939873,65.,150.));
#11522=CARTESIAN_POINT('',(152.248528939873,-77.5,150.));
#11523=CARTESIAN_POINT('',(152.248528939873,75.,140.));
#11524=CARTESIAN_POINT('Origin',(152.248528939873,65.,140.));
#11525=CARTESIAN_POINT('',(152.248528939873,75.,35.));
#11526=CARTESIAN_POINT('',(152.248528939873,75.,70.));
#11527=CARTESIAN_POINT('Origin',(152.248528939873,65.,35.));
#11528=CARTESIAN_POINT('Origin',(-153.187867765032,-88.,2.));
#11529=CARTESIAN_POINT('',(-255.,-88.,0.));
#11530=CARTESIAN_POINT('Origin',(-255.,-88.,2.));
#11531=CARTESIAN_POINT('',(-153.187867765032,-88.,0.));
#11532=CARTESIAN_POINT('Origin',(-51.3757355300636,-1.77635683940025E-14,
0.));
#11533=CARTESIAN_POINT('',(-255.,88.,0.));
#11534=CARTESIAN_POINT('',(50.4363967049046,88.,0.));
#11535=CARTESIAN_POINT('',(-255.,-90.,0.));
#11536=CARTESIAN_POINT('Origin',(50.4363967049046,88.,2.));
#11537=CARTESIAN_POINT('Origin',(-255.,88.,2.));
#11538=CARTESIAN_POINT('Origin',(152.248528939873,65.,140.));
#11539=CARTESIAN_POINT('',(152.248528939873,75.,140.));
#11540=CARTESIAN_POINT('',(152.248528939873,65.,150.));
#11541=CARTESIAN_POINT('Origin',(152.248528939873,75.,140.));
#11542=CARTESIAN_POINT('',(152.248528939873,75.,35.));
#11543=CARTESIAN_POINT('Origin',(152.248528939873,65.,35.));
#11544=CARTESIAN_POINT('',(152.248528939873,65.,25.));
#11545=CARTESIAN_POINT('Origin',(152.248528939873,65.,25.));
#11546=CARTESIAN_POINT('',(152.248528939873,-65.,25.));
#11547=CARTESIAN_POINT('Origin',(152.248528939873,-65.,35.));
#11548=CARTESIAN_POINT('',(152.248528939873,-75.,35.));
#11549=CARTESIAN_POINT('Origin',(152.248528939873,-75.,35.));
#11550=CARTESIAN_POINT('',(152.248528939873,-75.,140.));
#11551=CARTESIAN_POINT('Origin',(152.248528939873,-65.,140.));
#11552=CARTESIAN_POINT('',(152.248528939873,-65.,150.));
#11553=CARTESIAN_POINT('Origin',(152.248528939873,-65.,150.));
#11554=CARTESIAN_POINT('Origin',(-250.,90.,0.));
#11555=CARTESIAN_POINT('Origin',(-255.,90.,0.));
#11556=CARTESIAN_POINT('Origin',(106.721371139152,-90.,117.486447801949));
#11557=CARTESIAN_POINT('',(105.121371139152,-102.,117.486447801949));
#11558=CARTESIAN_POINT('Origin',(106.721371139152,-102.,117.486447801949));
#11559=CARTESIAN_POINT('',(105.121371139152,-90.,117.486447801949));
#11560=CARTESIAN_POINT('',(105.121371139152,-90.,117.486447801949));
#11561=CARTESIAN_POINT('Origin',(106.721371139152,-90.,117.486447801949));
#11562=CARTESIAN_POINT('Origin',(106.721371139152,-102.,117.486447801949));
#11563=CARTESIAN_POINT('Origin',(106.721371139152,-90.,117.486447801949));
#11564=CARTESIAN_POINT('Origin',(-248.75,-90.,-11.));
#11565=CARTESIAN_POINT('',(-253.75,-80.,-11.));
#11566=CARTESIAN_POINT('Origin',(-248.75,-80.,-11.));
#11567=CARTESIAN_POINT('',(-253.75,-90.,-11.));
#11568=CARTESIAN_POINT('',(-253.75,-90.,-11.));
#11569=CARTESIAN_POINT('Origin',(-248.75,-90.,-11.));
#11570=CARTESIAN_POINT('Origin',(-249.,-90.,-12.));
#11571=CARTESIAN_POINT('',(-255.,-90.,-12.));
#11572=CARTESIAN_POINT('',(-249.,-90.,-18.));
#11573=CARTESIAN_POINT('Origin',(-249.,-90.,-12.));
#11574=CARTESIAN_POINT('',(-255.,-80.,-12.));
#11575=CARTESIAN_POINT('',(-255.,-90.,-12.));
#11576=CARTESIAN_POINT('',(-249.,-80.,-18.));
#11577=CARTESIAN_POINT('Origin',(-249.,-80.,-12.));
#11578=CARTESIAN_POINT('',(-249.,-90.,-18.));
#11579=CARTESIAN_POINT('Origin',(-248.5,-90.,-18.));
#11580=CARTESIAN_POINT('',(-248.5,-90.,-18.));
#11581=CARTESIAN_POINT('',(-249.,-90.,-18.));
#11582=CARTESIAN_POINT('',(-248.5,-80.,-18.));
#11583=CARTESIAN_POINT('',(-249.,-80.,-18.));
#11584=CARTESIAN_POINT('',(-248.5,-90.,-18.));
#11585=CARTESIAN_POINT('Origin',(-248.5,-90.,-12.));
#11586=CARTESIAN_POINT('',(-242.5,-90.,-12.));
#11587=CARTESIAN_POINT('Origin',(-248.5,-90.,-12.));
#11588=CARTESIAN_POINT('',(-242.5,-80.,-12.));
#11589=CARTESIAN_POINT('Origin',(-248.5,-80.,-12.));
#11590=CARTESIAN_POINT('',(-242.5,-90.,-12.));
#11591=CARTESIAN_POINT('Origin',(-242.5,-90.,0.));
#11592=CARTESIAN_POINT('',(-242.5,-90.,0.));
#11593=CARTESIAN_POINT('',(-242.5,-90.,0.));
#11594=CARTESIAN_POINT('',(-242.5,-80.,0.));
#11595=CARTESIAN_POINT('',(-242.5,-80.,0.));
#11596=CARTESIAN_POINT('',(-242.5,-90.,0.));
#11597=CARTESIAN_POINT('Origin',(-255.,-90.,0.));
#11598=CARTESIAN_POINT('',(-255.,-90.,0.));
#11599=CARTESIAN_POINT('',(-255.,-90.,0.));
#11600=CARTESIAN_POINT('',(-255.,-80.,0.));
#11601=CARTESIAN_POINT('',(-255.,-80.,0.));
#11602=CARTESIAN_POINT('',(-255.,-90.,0.));
#11603=CARTESIAN_POINT('Origin',(-255.,-90.,-12.));
#11604=CARTESIAN_POINT('',(-255.,-90.,0.));
#11605=CARTESIAN_POINT('',(-255.,-80.,0.));
#11606=CARTESIAN_POINT('Origin',(-248.75,-90.,-9.));
#11607=CARTESIAN_POINT('Origin',(-248.75,-80.,-9.));
#11608=CARTESIAN_POINT('Origin',(-249.,-90.,-18.));
#11609=CARTESIAN_POINT('',(-249.,-90.,-18.));
#11610=CARTESIAN_POINT('',(-248.5,-90.,-18.));
#11611=CARTESIAN_POINT('',(-248.5,-90.,-18.));
#11612=CARTESIAN_POINT('',(-248.5,-90.,-23.));
#11613=CARTESIAN_POINT('',(-248.5,-90.,-18.));
#11614=CARTESIAN_POINT('',(-249.,-90.,-23.));
#11615=CARTESIAN_POINT('',(-248.5,-90.,-23.));
#11616=CARTESIAN_POINT('',(-249.,-90.,-18.));
#11617=CARTESIAN_POINT('Origin',(-249.,-80.,-18.));
#11618=CARTESIAN_POINT('',(-249.,-80.,-18.));
#11619=CARTESIAN_POINT('',(-249.,-90.,-18.));
#11620=CARTESIAN_POINT('',(-249.,-80.,-23.));
#11621=CARTESIAN_POINT('',(-249.,-90.,-23.));
#11622=CARTESIAN_POINT('',(-249.,-80.,-18.));
#11623=CARTESIAN_POINT('Origin',(-248.5,-80.,-18.));
#11624=CARTESIAN_POINT('',(-248.5,-80.,-18.));
#11625=CARTESIAN_POINT('',(-249.,-80.,-18.));
#11626=CARTESIAN_POINT('',(-248.5,-80.,-23.));
#11627=CARTESIAN_POINT('',(-249.,-80.,-23.));
#11628=CARTESIAN_POINT('',(-248.5,-80.,-18.));
#11629=CARTESIAN_POINT('Origin',(-248.5,-90.,-18.));
#11630=CARTESIAN_POINT('',(-248.5,-80.,-18.));
#11631=CARTESIAN_POINT('',(-248.5,-80.,-23.));
#11632=CARTESIAN_POINT('Origin',(-275.,100.,-18.));
#11633=CARTESIAN_POINT('',(-275.,100.,-18.));
#11634=CARTESIAN_POINT('',(200.,100.,-18.));
#11635=CARTESIAN_POINT('',(-275.,100.,-18.));
#11636=CARTESIAN_POINT('',(200.,100.,-23.));
#11637=CARTESIAN_POINT('',(200.,100.,-18.));
#11638=CARTESIAN_POINT('',(-275.,100.,-23.));
#11639=CARTESIAN_POINT('',(-275.,100.,-23.));
#11640=CARTESIAN_POINT('',(-275.,100.,-18.));
#11641=CARTESIAN_POINT('Origin',(-275.,-100.,-18.));
#11642=CARTESIAN_POINT('',(-275.,-100.,-18.));
#11643=CARTESIAN_POINT('',(-275.,-100.,-18.));
#11644=CARTESIAN_POINT('',(-275.,-100.,-23.));
#11645=CARTESIAN_POINT('',(-275.,-100.,-23.));
#11646=CARTESIAN_POINT('',(-275.,-100.,-18.));
#11647=CARTESIAN_POINT('Origin',(200.,-100.,-18.));
#11648=CARTESIAN_POINT('',(200.,-100.,-18.));
#11649=CARTESIAN_POINT('',(200.,-100.,-18.));
#11650=CARTESIAN_POINT('',(200.,-100.,-23.));
#11651=CARTESIAN_POINT('',(200.,-100.,-23.));
#11652=CARTESIAN_POINT('',(200.,-100.,-18.));
#11653=CARTESIAN_POINT('Origin',(200.,100.,-18.));
#11654=CARTESIAN_POINT('',(200.,100.,-18.));
#11655=CARTESIAN_POINT('',(200.,100.,-23.));
#11656=CARTESIAN_POINT('Origin',(-37.5,0.,-23.));
#11657=CARTESIAN_POINT('Origin',(-37.5,0.,-18.));
#11658=CARTESIAN_POINT('Origin',(-247.5,-40.,-10.5));
#11659=CARTESIAN_POINT('',(-242.5,-70.,-10.5));
#11660=CARTESIAN_POINT('',(-247.5,-70.,-5.49999999999999));
#11661=CARTESIAN_POINT('Origin',(-247.5,-70.,-10.5));
#11662=CARTESIAN_POINT('',(-247.5,-80.,-5.49999999999999));
#11663=CARTESIAN_POINT('',(-247.5,-40.,-5.49999999999999));
#11664=CARTESIAN_POINT('',(-242.5,-80.,-10.5));
#11665=CARTESIAN_POINT('Origin',(-247.5,-80.,-10.5));
#11666=CARTESIAN_POINT('',(-242.5,-40.,-10.5));
#11667=CARTESIAN_POINT('Origin',(-255.,-80.,-18.));
#11668=CARTESIAN_POINT('',(-250.,-80.,-5.49999999999999));
#11669=CARTESIAN_POINT('',(-255.,-80.,-5.49999999999999));
#11670=CARTESIAN_POINT('',(-255.,-80.,-10.5));
#11671=CARTESIAN_POINT('Origin',(-250.,-80.,-10.5));
#11672=CARTESIAN_POINT('',(-255.,-80.,-18.));
#11673=CARTESIAN_POINT('',(-255.,-80.,-18.));
#11674=CARTESIAN_POINT('',(-242.5,-80.,-18.));
#11675=CARTESIAN_POINT('',(-255.,-80.,-18.));
#11676=CARTESIAN_POINT('',(-242.5,-80.,-18.));
#11677=CARTESIAN_POINT('',(-253.75,-80.,-11.));
#11678=CARTESIAN_POINT('Origin',(-248.75,-80.,-11.));
#11679=CARTESIAN_POINT('Origin',(-37.5,0.,-5.49999999999999));
#11680=CARTESIAN_POINT('',(-250.,-70.,-5.49999999999999));
#11681=CARTESIAN_POINT('',(-242.5,-70.,-5.49999999999999));
#11682=CARTESIAN_POINT('',(-250.,-35.,-5.49999999999999));
#11683=CARTESIAN_POINT('Origin',(-250.,-35.,-10.5));
#11684=CARTESIAN_POINT('',(-255.,-70.,-10.5));
#11685=CARTESIAN_POINT('Origin',(-250.,-70.,-10.5));
#11686=CARTESIAN_POINT('',(-255.,-35.,-10.5));
#11687=CARTESIAN_POINT('Origin',(-248.75,-80.,-11.));
#11688=CARTESIAN_POINT('',(-253.75,-70.,-11.));
#11689=CARTESIAN_POINT('',(-253.75,-80.,-11.));
#11690=CARTESIAN_POINT('Origin',(-248.75,-70.,-11.));
#11691=CARTESIAN_POINT('Origin',(-255.,-70.,-18.));
#11692=CARTESIAN_POINT('',(-255.,-70.,-18.));
#11693=CARTESIAN_POINT('',(-255.,-70.,-18.));
#11694=CARTESIAN_POINT('',(-255.,-80.,-18.));
#11695=CARTESIAN_POINT('Origin',(-242.5,-70.,-18.));
#11696=CARTESIAN_POINT('',(-242.5,-70.,-18.));
#11697=CARTESIAN_POINT('',(-242.5,-70.,-18.));
#11698=CARTESIAN_POINT('',(-242.5,-70.,-18.));
#11699=CARTESIAN_POINT('Origin',(-242.5,-80.,-18.));
#11700=CARTESIAN_POINT('',(-242.5,-80.,-18.));
#11701=CARTESIAN_POINT('Origin',(-37.5,0.,-18.));
#11702=CARTESIAN_POINT('Origin',(-248.75,89.95,-11.));
#11703=CARTESIAN_POINT('',(-248.75,89.9,-6.));
#11704=CARTESIAN_POINT('',(-248.75,89.9,-16.));
#11705=CARTESIAN_POINT('Origin',(-248.75,89.9,-11.));
#11706=CARTESIAN_POINT('',(-248.75,90.,-6.1));
#11707=CARTESIAN_POINT('',(-248.75,89.95,-6.05));
#11708=CARTESIAN_POINT('Origin',(-248.75,90.,-11.));
#11709=CARTESIAN_POINT('Origin',(-248.75,89.9,-11.));
#11710=CARTESIAN_POINT('Origin',(-248.75,90.,-6.));
#11711=CARTESIAN_POINT('Origin',(-248.75,80.0153869172849,-11.));
#11712=CARTESIAN_POINT('',(-248.75,70.0307738345698,-16.));
#11713=CARTESIAN_POINT('Origin',(-248.75,70.0307738345698,-11.));
#11714=CARTESIAN_POINT('',(-248.75,80.0153869172849,-16.));
#11715=CARTESIAN_POINT('Origin',(-248.75,70.0307738345697,-11.));
#11716=CARTESIAN_POINT('',(-248.75,69.9692864779488,-16.0018921376045));
#11717=CARTESIAN_POINT('Origin',(-248.75,70.0307738345697,-16.9999999999994));
#11718=CARTESIAN_POINT('Origin',(-248.75,69.9692864779488,-11.));
#11719=CARTESIAN_POINT('Origin',(-248.75,67.3319001854056,-11.));
#11720=CARTESIAN_POINT('',(-248.75,64.6945138928624,-16.3268388044459));
#11721=CARTESIAN_POINT('Origin',(-248.75,64.6945138928624,-11.));
#11722=CARTESIAN_POINT('',(-248.75,67.3319001854056,-16.1643654710252));
#11723=CARTESIAN_POINT('Origin',(-248.75,64.6330265362415,-11.));
#11724=CARTESIAN_POINT('',(-248.75,64.6330265362415,-16.3287309420504));
#11725=CARTESIAN_POINT('Origin',(-248.75,64.6330265362415,-11.));
#11726=CARTESIAN_POINT('Origin',(-248.75,64.6330265362415,-15.3287309420502));
#11727=CARTESIAN_POINT('Origin',(-248.75,-89.95,-11.));
#11728=CARTESIAN_POINT('',(-248.75,-89.9,-6.));
#11729=CARTESIAN_POINT('',(-248.75,-89.9,-16.));
#11730=CARTESIAN_POINT('Origin',(-248.75,-89.9,-11.));
#11731=CARTESIAN_POINT('Origin',(-248.75,-89.9,-11.));
#11732=CARTESIAN_POINT('',(-248.75,-90.,-6.1));
#11733=CARTESIAN_POINT('',(-248.75,-89.95,-6.05));
#11734=CARTESIAN_POINT('Origin',(-248.75,-90.,-11.));
#11735=CARTESIAN_POINT('Origin',(-248.75,-90.,-6.));
#11736=CARTESIAN_POINT('Origin',(-248.75,-80.0153869172849,-11.));
#11737=CARTESIAN_POINT('',(-248.75,-70.0307738345698,-16.));
#11738=CARTESIAN_POINT('Origin',(-248.75,-70.0307738345698,-11.));
#11739=CARTESIAN_POINT('',(-248.75,-80.0153869172849,-16.));
#11740=CARTESIAN_POINT('Origin',(-248.75,-70.0307738345697,-11.));
#11741=CARTESIAN_POINT('',(-248.75,-69.9692864779488,-16.0018921376045));
#11742=CARTESIAN_POINT('Origin',(-248.75,-70.0307738345697,-16.9999999999994));
#11743=CARTESIAN_POINT('Origin',(-248.75,-69.9692864779488,-11.));
#11744=CARTESIAN_POINT('Origin',(-248.75,-67.3319001854056,-11.));
#11745=CARTESIAN_POINT('',(-248.75,-64.6945138928624,-16.3268388044459));
#11746=CARTESIAN_POINT('Origin',(-248.75,-64.6945138928624,-11.));
#11747=CARTESIAN_POINT('',(-248.75,-67.3319001854056,-16.1643654710252));
#11748=CARTESIAN_POINT('Origin',(-248.75,-64.6330265362415,-11.));
#11749=CARTESIAN_POINT('',(-248.75,-64.6330265362415,-16.3287309420504));
#11750=CARTESIAN_POINT('Origin',(-248.75,-64.6330265362415,-11.));
#11751=CARTESIAN_POINT('Origin',(-248.75,-64.6330265362415,-15.3287309420502));
#11752=CARTESIAN_POINT('Origin',(-248.75,-32.3165132681207,-11.));
#11753=CARTESIAN_POINT('',(-248.75,-32.3165132681207,-16.3287309420504));
#11754=CARTESIAN_POINT('Origin',(192.061679750949,-65.25,-18.));
#11755=CARTESIAN_POINT('',(190.561679750949,-65.25,-13.));
#11756=CARTESIAN_POINT('Origin',(192.061679750949,-65.25,-13.));
#11757=CARTESIAN_POINT('',(190.561679750949,-65.25,-18.));
#11758=CARTESIAN_POINT('',(190.561679750949,-65.25,-18.));
#11759=CARTESIAN_POINT('Origin',(192.061679750949,-65.25,-18.));
#11760=CARTESIAN_POINT('Origin',(192.061679750949,-23.75,-18.));
#11761=CARTESIAN_POINT('',(190.561679750949,-23.75,-13.));
#11762=CARTESIAN_POINT('Origin',(192.061679750949,-23.75,-13.));
#11763=CARTESIAN_POINT('',(190.561679750949,-23.75,-18.));
#11764=CARTESIAN_POINT('',(190.561679750949,-23.75,-18.));
#11765=CARTESIAN_POINT('Origin',(192.061679750949,-23.75,-18.));
#11766=CARTESIAN_POINT('Origin',(192.061679750949,-86.,-18.));
#11767=CARTESIAN_POINT('',(190.561679750949,-86.,-13.));
#11768=CARTESIAN_POINT('Origin',(192.061679750949,-86.,-13.));
#11769=CARTESIAN_POINT('',(190.561679750949,-86.,-18.));
#11770=CARTESIAN_POINT('',(190.561679750949,-86.,-18.));
#11771=CARTESIAN_POINT('Origin',(192.061679750949,-86.,-18.));
#11772=CARTESIAN_POINT('Origin',(160.102417601881,-44.5,-18.));
#11773=CARTESIAN_POINT('',(158.602417601881,-44.5,-13.));
#11774=CARTESIAN_POINT('Origin',(160.102417601881,-44.5,-13.));
#11775=CARTESIAN_POINT('',(158.602417601881,-44.5,-18.));
#11776=CARTESIAN_POINT('',(158.602417601881,-44.5,-18.));
#11777=CARTESIAN_POINT('Origin',(160.102417601881,-44.5,-18.));
#11778=CARTESIAN_POINT('Origin',(192.061679750949,-3.00000000000001,-18.));
#11779=CARTESIAN_POINT('',(190.561679750949,-3.00000000000001,-13.));
#11780=CARTESIAN_POINT('Origin',(192.061679750949,-3.00000000000001,-13.));
#11781=CARTESIAN_POINT('',(190.561679750949,-3.00000000000001,-18.));
#11782=CARTESIAN_POINT('',(190.561679750949,-3.00000000000001,-18.));
#11783=CARTESIAN_POINT('Origin',(192.061679750949,-3.00000000000001,-18.));
#11784=CARTESIAN_POINT('Origin',(160.102417601881,-86.,-18.));
#11785=CARTESIAN_POINT('',(158.602417601881,-86.,-13.));
#11786=CARTESIAN_POINT('Origin',(160.102417601881,-86.,-13.));
#11787=CARTESIAN_POINT('',(158.602417601881,-86.,-18.));
#11788=CARTESIAN_POINT('',(158.602417601881,-86.,-18.));
#11789=CARTESIAN_POINT('Origin',(160.102417601881,-86.,-18.));
#11790=CARTESIAN_POINT('Origin',(192.061679750949,-44.5,-18.));
#11791=CARTESIAN_POINT('',(190.561679750949,-44.5,-13.));
#11792=CARTESIAN_POINT('Origin',(192.061679750949,-44.5,-13.));
#11793=CARTESIAN_POINT('',(190.561679750949,-44.5,-18.));
#11794=CARTESIAN_POINT('',(190.561679750949,-44.5,-18.));
#11795=CARTESIAN_POINT('Origin',(192.061679750949,-44.5,-18.));
#11796=CARTESIAN_POINT('Origin',(160.102417601881,-23.75,-18.));
#11797=CARTESIAN_POINT('',(158.602417601881,-23.75,-13.));
#11798=CARTESIAN_POINT('Origin',(160.102417601881,-23.75,-13.));
#11799=CARTESIAN_POINT('',(158.602417601881,-23.75,-18.));
#11800=CARTESIAN_POINT('',(158.602417601881,-23.75,-18.));
#11801=CARTESIAN_POINT('Origin',(160.102417601881,-23.75,-18.));
#11802=CARTESIAN_POINT('Origin',(160.102417601881,-3.00000000000001,-18.));
#11803=CARTESIAN_POINT('',(158.602417601881,-3.00000000000001,-13.));
#11804=CARTESIAN_POINT('Origin',(160.102417601881,-3.00000000000001,-13.));
#11805=CARTESIAN_POINT('',(158.602417601881,-3.00000000000001,-18.));
#11806=CARTESIAN_POINT('',(158.602417601881,-3.00000000000001,-18.));
#11807=CARTESIAN_POINT('Origin',(160.102417601881,-3.00000000000001,-18.));
#11808=CARTESIAN_POINT('Origin',(160.102417601881,-65.25,-18.));
#11809=CARTESIAN_POINT('',(158.602417601881,-65.25,-13.));
#11810=CARTESIAN_POINT('Origin',(160.102417601881,-65.25,-13.));
#11811=CARTESIAN_POINT('',(158.602417601881,-65.25,-18.));
#11812=CARTESIAN_POINT('',(158.602417601881,-65.25,-18.));
#11813=CARTESIAN_POINT('Origin',(160.102417601881,-65.25,-18.));
#11814=CARTESIAN_POINT('Origin',(197.061679750949,-4.44089209850063E-15,
-18.));
#11815=CARTESIAN_POINT('',(197.061679750949,-4.44089209850063E-15,-18.));
#11816=CARTESIAN_POINT('',(155.102417601881,-1.83186799063151E-14,-18.));
#11817=CARTESIAN_POINT('',(197.061679750949,-4.44089209850063E-15,-18.));
#11818=CARTESIAN_POINT('',(155.102417601881,-1.77635683940025E-14,-13.));
#11819=CARTESIAN_POINT('',(155.102417601881,-1.83186799063151E-14,-18.));
#11820=CARTESIAN_POINT('',(197.061679750949,-8.88178419700125E-15,-13.));
#11821=CARTESIAN_POINT('',(197.061679750949,-4.44089209850063E-15,-13.));
#11822=CARTESIAN_POINT('',(197.061679750949,-4.44089209850063E-15,-18.));
#11823=CARTESIAN_POINT('Origin',(197.061679750949,-90.,-18.));
#11824=CARTESIAN_POINT('',(197.061679750949,-90.,-18.));
#11825=CARTESIAN_POINT('',(197.061679750949,-90.,-18.));
#11826=CARTESIAN_POINT('',(197.061679750949,-90.,-13.));
#11827=CARTESIAN_POINT('',(197.061679750949,-90.,-13.));
#11828=CARTESIAN_POINT('',(197.061679750949,-90.,-18.));
#11829=CARTESIAN_POINT('Origin',(155.102417601881,-90.,-18.));
#11830=CARTESIAN_POINT('',(155.102417601881,-90.,-18.));
#11831=CARTESIAN_POINT('',(155.102417601881,-90.,-18.));
#11832=CARTESIAN_POINT('',(155.102417601881,-90.,-13.));
#11833=CARTESIAN_POINT('',(155.102417601881,-90.,-13.));
#11834=CARTESIAN_POINT('',(155.102417601881,-90.,-18.));
#11835=CARTESIAN_POINT('Origin',(155.102417601881,-1.77635683940025E-14,
-18.));
#11836=CARTESIAN_POINT('',(155.102417601881,-90.,-18.));
#11837=CARTESIAN_POINT('',(155.102417601881,-90.,-13.));
#11838=CARTESIAN_POINT('Origin',(176.082048676415,-45.,-18.));
#11839=CARTESIAN_POINT('Origin',(176.082048676415,-45.,-13.));
#11840=CARTESIAN_POINT('Origin',(-250.,-87.5,12.5));
#11841=CARTESIAN_POINT('',(-250.,-87.5,12.5));
#11842=CARTESIAN_POINT('',(-250.,87.5,12.5));
#11843=CARTESIAN_POINT('',(-250.,-87.5,12.5));
#11844=CARTESIAN_POINT('',(-250.,87.5,162.5));
#11845=CARTESIAN_POINT('',(-250.,87.5,12.5));
#11846=CARTESIAN_POINT('',(-250.,-87.5,162.5));
#11847=CARTESIAN_POINT('',(-250.,-87.5,162.5));
#11848=CARTESIAN_POINT('',(-250.,-87.5,12.5));
#11849=CARTESIAN_POINT('Origin',(-255.,-87.5,12.5));
#11850=CARTESIAN_POINT('',(-255.,-87.5,12.5));
#11851=CARTESIAN_POINT('',(-255.,-87.5,12.5));
#11852=CARTESIAN_POINT('',(-255.,-87.5,162.5));
#11853=CARTESIAN_POINT('',(-255.,-87.5,162.5));
#11854=CARTESIAN_POINT('',(-255.,-87.5,12.5));
#11855=CARTESIAN_POINT('Origin',(-255.,87.5,12.5));
#11856=CARTESIAN_POINT('',(-255.,87.5,12.5));
#11857=CARTESIAN_POINT('',(-255.,87.5,12.5));
#11858=CARTESIAN_POINT('',(-255.,87.5,162.5));
#11859=CARTESIAN_POINT('',(-255.,87.5,162.5));
#11860=CARTESIAN_POINT('',(-255.,87.5,12.5));
#11861=CARTESIAN_POINT('Origin',(-250.,87.5,12.5));
#11862=CARTESIAN_POINT('',(-250.,87.5,12.5));
#11863=CARTESIAN_POINT('',(-250.,87.5,162.5));
#11864=CARTESIAN_POINT('Origin',(-252.5,0.,162.5));
#11865=CARTESIAN_POINT('Origin',(-252.5,0.,12.5));
#11866=CARTESIAN_POINT('Origin',(-248.75,-90.,-11.));
#11867=CARTESIAN_POINT('',(152.248528939873,-90.,0.));
#11868=CARTESIAN_POINT('',(151.8027320857,-90.,10.8707345748896));
#11869=CARTESIAN_POINT('Origin',(-248.75,-90.,-11.));
#11870=CARTESIAN_POINT('',(152.248528939873,-100.,0.));
#11871=CARTESIAN_POINT('',(152.248528939873,-90.,0.));
#11872=CARTESIAN_POINT('',(151.8027320857,-100.,10.8707345748896));
#11873=CARTESIAN_POINT('Origin',(-248.75,-100.,-11.));
#11874=CARTESIAN_POINT('',(151.8027320857,-90.,10.8707345748896));
#11875=CARTESIAN_POINT('Origin',(161.693123921149,-90.,11.3907580035856));
#11876=CARTESIAN_POINT('',(161.693123921149,-90.,11.3907580035856));
#11877=CARTESIAN_POINT('',(151.8027320857,-90.,10.8707345748896));
#11878=CARTESIAN_POINT('',(161.693123921149,-100.,11.3907580035856));
#11879=CARTESIAN_POINT('',(151.8027320857,-100.,10.8707345748896));
#11880=CARTESIAN_POINT('',(161.693123921149,-90.,11.3907580035856));
#11881=CARTESIAN_POINT('Origin',(151.074544028459,-90.,21.5753619224238));
#11882=CARTESIAN_POINT('',(151.074544028459,-90.,21.5753619224238));
#11883=CARTESIAN_POINT('',(161.693123921149,-90.,11.3907580035856));
#11884=CARTESIAN_POINT('',(151.074544028459,-100.,21.5753619224238));
#11885=CARTESIAN_POINT('',(161.693123921149,-100.,11.3907580035856));
#11886=CARTESIAN_POINT('',(151.074544028459,-90.,21.5753619224238));
#11887=CARTESIAN_POINT('Origin',(-248.75,-90.,-11.));
#11888=CARTESIAN_POINT('',(150.983696312218,-90.,22.6718316213249));
#11889=CARTESIAN_POINT('Origin',(-248.75,-90.,-11.));
#11890=CARTESIAN_POINT('',(150.983696312218,-100.,22.6718316213249));
#11891=CARTESIAN_POINT('Origin',(-248.75,-100.,-11.));
#11892=CARTESIAN_POINT('',(150.983696312218,-90.,22.6718316213249));
#11893=CARTESIAN_POINT('Origin',(160.854454514214,-90.,23.4832547802498));
#11894=CARTESIAN_POINT('',(160.854454514214,-90.,23.4832547802498));
#11895=CARTESIAN_POINT('',(150.983696312218,-90.,22.6718316213249));
#11896=CARTESIAN_POINT('',(160.854454514214,-100.,23.4832547802498));
#11897=CARTESIAN_POINT('',(150.983696312218,-100.,22.6718316213249));
#11898=CARTESIAN_POINT('',(160.854454514214,-90.,23.4832547802498));
#11899=CARTESIAN_POINT('Origin',(149.940190672232,-90.,33.3503334111641));
#11900=CARTESIAN_POINT('',(149.940190672232,-90.,33.3503334111641));
#11901=CARTESIAN_POINT('',(160.854454514214,-90.,23.4832547802498));
#11902=CARTESIAN_POINT('',(149.940190672232,-100.,33.3503334111641));
#11903=CARTESIAN_POINT('',(160.854454514214,-100.,23.4832547802498));
#11904=CARTESIAN_POINT('',(149.940190672232,-90.,33.3503334111641));
#11905=CARTESIAN_POINT('Origin',(-248.75,-90.,-11.));
#11906=CARTESIAN_POINT('',(149.817052201276,-90.,34.4436476501298));
#11907=CARTESIAN_POINT('Origin',(-248.75,-90.,-11.));
#11908=CARTESIAN_POINT('',(149.817052201276,-100.,34.4436476501298));
#11909=CARTESIAN_POINT('Origin',(-248.75,-100.,-11.));
#11910=CARTESIAN_POINT('',(149.817052201276,-90.,34.4436476501298));
#11911=CARTESIAN_POINT('Origin',(159.659593160582,-90.,35.5457649258769));
#11912=CARTESIAN_POINT('',(159.659593160582,-90.,35.5457649258769));
#11913=CARTESIAN_POINT('',(149.817052201276,-90.,34.4436476501298));
#11914=CARTESIAN_POINT('',(159.659593160582,-100.,35.5457649258769));
#11915=CARTESIAN_POINT('',(149.817052201276,-100.,34.4436476501298));
#11916=CARTESIAN_POINT('',(159.659593160582,-90.,35.5457649258769));
#11917=CARTESIAN_POINT('Origin',(148.459136410827,-90.,45.0867378593844));
#11918=CARTESIAN_POINT('',(148.459136410827,-90.,45.0867378593844));
#11919=CARTESIAN_POINT('',(159.659593160582,-90.,35.5457649258769));
#11920=CARTESIAN_POINT('',(148.459136410827,-100.,45.0867378593844));
#11921=CARTESIAN_POINT('',(159.659593160582,-100.,35.5457649258769));
#11922=CARTESIAN_POINT('',(148.459136410827,-90.,45.0867378593844));
#11923=CARTESIAN_POINT('Origin',(-248.75,-90.,-11.));
#11924=CARTESIAN_POINT('',(148.303814266343,-90.,46.1759458925845));
#11925=CARTESIAN_POINT('Origin',(-248.75,-90.,-11.));
#11926=CARTESIAN_POINT('',(148.303814266343,-100.,46.1759458925845));
#11927=CARTESIAN_POINT('Origin',(-248.75,-100.,-11.));
#11928=CARTESIAN_POINT('',(148.303814266343,-90.,46.1759458925845));
#11929=CARTESIAN_POINT('Origin',(158.10957891143,-90.,47.5677988842048));
#11930=CARTESIAN_POINT('',(158.10957891143,-90.,47.5677988842048));
#11931=CARTESIAN_POINT('',(148.303814266343,-90.,46.1759458925845));
#11932=CARTESIAN_POINT('',(158.10957891143,-100.,47.5677988842048));
#11933=CARTESIAN_POINT('',(148.303814266343,-100.,46.1759458925845));
#11934=CARTESIAN_POINT('',(158.10957891143,-90.,47.5677988842048));
#11935=CARTESIAN_POINT('Origin',(146.632669168715,-90.,56.7743692922678));
#11936=CARTESIAN_POINT('',(146.632669168715,-90.,56.7743692922678));
#11937=CARTESIAN_POINT('',(158.10957891143,-90.,47.5677988842048));
#11938=CARTESIAN_POINT('',(146.632669168715,-100.,56.7743692922678));
#11939=CARTESIAN_POINT('',(158.10957891143,-100.,47.5677988842048));
#11940=CARTESIAN_POINT('',(146.632669168715,-90.,56.7743692922678));
#11941=CARTESIAN_POINT('Origin',(-248.75,-90.,-11.));
#11942=CARTESIAN_POINT('',(146.445298418808,-90.,57.8585239446278));
#11943=CARTESIAN_POINT('Origin',(-248.75,-90.,-11.));
#11944=CARTESIAN_POINT('',(146.445298418808,-100.,57.8585239446278));
#11945=CARTESIAN_POINT('Origin',(-248.75,-100.,-11.));
#11946=CARTESIAN_POINT('',(146.445298418808,-90.,57.8585239446278));
#11947=CARTESIAN_POINT('Origin',(156.205759658822,-90.,59.5389022970552));
#11948=CARTESIAN_POINT('',(156.205759658822,-90.,59.5389022970552));
#11949=CARTESIAN_POINT('',(146.445298418808,-90.,57.8585239446278));
#11950=CARTESIAN_POINT('',(156.205759658822,-100.,59.5389022970552));
#11951=CARTESIAN_POINT('',(146.445298418808,-100.,57.8585239446278));
#11952=CARTESIAN_POINT('',(156.205759658822,-90.,59.5389022970552));
#11953=CARTESIAN_POINT('Origin',(144.462377241422,-90.,68.4030641480012));
#11954=CARTESIAN_POINT('',(144.462377241422,-90.,68.4030641480012));
#11955=CARTESIAN_POINT('',(156.205759658822,-90.,59.5389022970552));
#11956=CARTESIAN_POINT('',(144.462377241422,-100.,68.4030641480012));
#11957=CARTESIAN_POINT('',(156.205759658822,-100.,59.5389022970552));
#11958=CARTESIAN_POINT('',(144.462377241422,-90.,68.4030641480012));
#11959=CARTESIAN_POINT('Origin',(-248.75,-90.,-11.));
#11960=CARTESIAN_POINT('',(144.243120823656,-90.,69.4812226388656));
#11961=CARTESIAN_POINT('Origin',(-248.75,-90.,-11.));
#11962=CARTESIAN_POINT('',(144.243120823656,-100.,69.4812226388656));
#11963=CARTESIAN_POINT('Origin',(-248.75,-100.,-11.));
#11964=CARTESIAN_POINT('',(144.243120823656,-90.,69.4812226388656));
#11965=CARTESIAN_POINT('Origin',(153.949790963574,-90.,71.4486650954416));
#11966=CARTESIAN_POINT('',(153.949790963574,-90.,71.4486650954416));
#11967=CARTESIAN_POINT('',(144.243120823656,-90.,69.4812226388656));
#11968=CARTESIAN_POINT('',(153.949790963574,-100.,71.4486650954416));
#11969=CARTESIAN_POINT('',(144.243120823656,-100.,69.4812226388656));
#11970=CARTESIAN_POINT('',(153.949790963574,-90.,71.4486650954416));
#11971=CARTESIAN_POINT('Origin',(141.950147914348,-90.,79.9627101160065));
#11972=CARTESIAN_POINT('',(141.950147914348,-90.,79.9627101160065));
#11973=CARTESIAN_POINT('',(153.949790963574,-90.,71.4486650954416));
#11974=CARTESIAN_POINT('',(141.950147914348,-100.,79.9627101160065));
#11975=CARTESIAN_POINT('',(153.949790963574,-100.,71.4486650954416));
#11976=CARTESIAN_POINT('',(141.950147914348,-90.,79.9627101160065));
#11977=CARTESIAN_POINT('Origin',(-248.75,-90.,-11.));
#11978=CARTESIAN_POINT('',(141.699196494057,-90.,81.0339348789805));
#11979=CARTESIAN_POINT('Origin',(-248.75,-90.,-11.));
#11980=CARTESIAN_POINT('',(141.699196494057,-100.,81.0339348789805));
#11981=CARTESIAN_POINT('Origin',(-248.75,-100.,-11.));
#11982=CARTESIAN_POINT('',(141.699196494057,-90.,81.0339348789805));
#11983=CARTESIAN_POINT('Origin',(151.343634615587,-90.,83.2867305521624));
#11984=CARTESIAN_POINT('',(151.343634615587,-90.,83.2867305521624));
#11985=CARTESIAN_POINT('',(141.699196494057,-90.,81.0339348789805));
#11986=CARTESIAN_POINT('',(151.343634615587,-100.,83.2867305521624));
#11987=CARTESIAN_POINT('',(141.699196494057,-100.,81.0339348789805));
#11988=CARTESIAN_POINT('',(151.343634615587,-90.,83.2867305521624));
#11989=CARTESIAN_POINT('Origin',(139.098165821582,-90.,91.4432549306037));
#11990=CARTESIAN_POINT('',(139.098165821582,-90.,91.4432549306037));
#11991=CARTESIAN_POINT('',(151.343634615587,-90.,83.2867305521624));
#11992=CARTESIAN_POINT('',(139.098165821582,-100.,91.4432549306037));
#11993=CARTESIAN_POINT('',(151.343634615587,-100.,83.2867305521624));
#11994=CARTESIAN_POINT('',(139.098165821582,-90.,91.4432549306037));
#11995=CARTESIAN_POINT('Origin',(-248.75,-90.,-11.));
#11996=CARTESIAN_POINT('',(138.815737626069,-90.,92.5066144288608));
#11997=CARTESIAN_POINT('Origin',(-248.75,-90.,-11.));
#11998=CARTESIAN_POINT('',(138.815737626069,-100.,92.5066144288608));
#11999=CARTESIAN_POINT('Origin',(-248.75,-100.,-11.));
#12000=CARTESIAN_POINT('',(138.815737626069,-90.,92.5066144288608));
#12001=CARTESIAN_POINT('Origin',(148.389556927866,-90.,95.0428042880094));
#12002=CARTESIAN_POINT('',(148.389556927866,-90.,95.0428042880094));
#12003=CARTESIAN_POINT('',(138.815737626069,-90.,92.5066144288608));
#12004=CARTESIAN_POINT('',(148.389556927866,-100.,95.0428042880094));
#12005=CARTESIAN_POINT('',(138.815737626069,-100.,92.5066144288608));
#12006=CARTESIAN_POINT('',(148.389556927866,-90.,95.0428042880094));
#12007=CARTESIAN_POINT('Origin',(135.908911046147,-90.,102.834715112459));
#12008=CARTESIAN_POINT('',(135.908911046147,-90.,102.834715112459));
#12009=CARTESIAN_POINT('',(148.389556927866,-90.,95.0428042880094));
#12010=CARTESIAN_POINT('',(135.908911046147,-100.,102.834715112459));
#12011=CARTESIAN_POINT('',(148.389556927866,-100.,95.0428042880094));
#12012=CARTESIAN_POINT('',(135.908911046147,-90.,102.834715112459));
#12013=CARTESIAN_POINT('Origin',(-248.75,-90.,-11.));
#12014=CARTESIAN_POINT('',(135.595251674909,-90.,103.889284648805));
#12015=CARTESIAN_POINT('Origin',(-248.75,-90.,-11.));
#12016=CARTESIAN_POINT('',(135.595251674909,-100.,103.889284648805));
#12017=CARTESIAN_POINT('Origin',(-248.75,-100.,-11.));
#12018=CARTESIAN_POINT('',(135.595251674909,-90.,103.889284648805));
#12019=CARTESIAN_POINT('Origin',(145.090126765742,-90.,106.706663223757));
#12020=CARTESIAN_POINT('',(145.090126765742,-90.,106.706663223757));
#12021=CARTESIAN_POINT('',(135.595251674909,-90.,103.889284648805));
#12022=CARTESIAN_POINT('',(145.090126765742,-100.,106.706663223757));
#12023=CARTESIAN_POINT('',(135.595251674909,-100.,103.889284648805));
#12024=CARTESIAN_POINT('',(145.090126765742,-90.,106.706663223757));
#12025=CARTESIAN_POINT('Origin',(132.385156963318,-90.,114.127184650216));
#12026=CARTESIAN_POINT('',(132.385156963318,-90.,114.127184650216));
#12027=CARTESIAN_POINT('',(145.090126765742,-90.,106.706663223757));
#12028=CARTESIAN_POINT('',(132.385156963318,-100.,114.127184650216));
#12029=CARTESIAN_POINT('',(145.090126765742,-100.,106.706663223757));
#12030=CARTESIAN_POINT('',(132.385156963318,-90.,114.127184650216));
#12031=CARTESIAN_POINT('Origin',(-248.75,-90.,-11.));
#12032=CARTESIAN_POINT('',(132.040539174479,-90.,115.172047171207));
#12033=CARTESIAN_POINT('Origin',(-248.75,-90.,-11.));
#12034=CARTESIAN_POINT('',(132.040539174479,-100.,115.172047171207));
#12035=CARTESIAN_POINT('Origin',(-248.75,-100.,-11.));
#12036=CARTESIAN_POINT('',(132.040539174479,-90.,115.172047171207));
#12037=CARTESIAN_POINT('Origin',(141.448213312983,-90.,118.268164470152));
#12038=CARTESIAN_POINT('',(141.448213312983,-90.,118.268164470152));
#12039=CARTESIAN_POINT('',(132.040539174479,-90.,115.172047171207));
#12040=CARTESIAN_POINT('',(141.448213312983,-100.,118.268164470152));
#12041=CARTESIAN_POINT('',(132.040539174479,-100.,115.172047171207));
#12042=CARTESIAN_POINT('',(141.448213312983,-90.,118.268164470152));
#12043=CARTESIAN_POINT('Origin',(128.529967828897,-90.,125.310843614763));
#12044=CARTESIAN_POINT('',(128.529967828897,-90.,125.310843614763));
#12045=CARTESIAN_POINT('',(141.448213312983,-90.,118.268164470152));
#12046=CARTESIAN_POINT('',(128.529967828897,-100.,125.310843614763));
#12047=CARTESIAN_POINT('',(141.448213312983,-100.,118.268164470152));
#12048=CARTESIAN_POINT('',(128.529967828897,-90.,125.310843614763));
#12049=CARTESIAN_POINT('Origin',(-248.75,-90.,-11.));
#12050=CARTESIAN_POINT('',(128.154691302013,-90.,126.345090508171));
#12051=CARTESIAN_POINT('Origin',(-248.75,-90.,-11.));
#12052=CARTESIAN_POINT('',(128.154691302013,-100.,126.345090508171));
#12053=CARTESIAN_POINT('Origin',(-248.75,-100.,-11.));
#12054=CARTESIAN_POINT('',(128.154691302013,-90.,126.345090508171));
#12055=CARTESIAN_POINT('Origin',(137.466983576756,-90.,129.717254148163));
#12056=CARTESIAN_POINT('',(137.466983576756,-90.,129.717254148163));
#12057=CARTESIAN_POINT('',(128.154691302013,-90.,126.345090508171));
#12058=CARTESIAN_POINT('',(137.466983576756,-100.,129.717254148163));
#12059=CARTESIAN_POINT('',(128.154691302013,-100.,126.345090508171));
#12060=CARTESIAN_POINT('',(137.466983576756,-90.,129.717254148163));
#12061=CARTESIAN_POINT('Origin',(124.346696114539,-90.,136.375966698637));
#12062=CARTESIAN_POINT('',(124.346696114539,-90.,136.375966698637));
#12063=CARTESIAN_POINT('',(137.466983576756,-90.,129.717254148163));
#12064=CARTESIAN_POINT('',(124.346696114539,-100.,136.375966698637));
#12065=CARTESIAN_POINT('',(137.466983576756,-100.,129.717254148163));
#12066=CARTESIAN_POINT('',(124.346696114539,-90.,136.375966698637));
#12067=CARTESIAN_POINT('Origin',(-248.75,-90.,-11.));
#12068=CARTESIAN_POINT('',(123.941087189997,-90.,137.398698583584));
#12069=CARTESIAN_POINT('Origin',(-248.75,-90.,-11.));
#12070=CARTESIAN_POINT('',(123.941087189997,-100.,137.398698583584));
#12071=CARTESIAN_POINT('Origin',(-248.75,-100.,-11.));
#12072=CARTESIAN_POINT('',(123.941087189997,-90.,137.398698583584));
#12073=CARTESIAN_POINT('Origin',(133.149899633593,-90.,141.043976131837));
#12074=CARTESIAN_POINT('',(133.149899633593,-90.,141.043976131837));
#12075=CARTESIAN_POINT('',(123.941087189997,-90.,137.398698583584));
#12076=CARTESIAN_POINT('',(133.149899633593,-100.,141.043976131837));
#12077=CARTESIAN_POINT('',(123.941087189997,-100.,137.398698583584));
#12078=CARTESIAN_POINT('',(133.149899633593,-90.,141.043976131837));
#12079=CARTESIAN_POINT('Origin',(119.838979592437,-90.,147.312931673153));
#12080=CARTESIAN_POINT('',(119.838979592437,-90.,147.312931673153));
#12081=CARTESIAN_POINT('',(133.149899633593,-90.,141.043976131837));
#12082=CARTESIAN_POINT('',(119.838979592437,-100.,147.312931673153));
#12083=CARTESIAN_POINT('',(133.149899633593,-100.,141.043976131837));
#12084=CARTESIAN_POINT('',(119.838979592437,-90.,147.312931673153));
#12085=CARTESIAN_POINT('Origin',(-248.75,-90.,-11.));
#12086=CARTESIAN_POINT('',(119.403390987673,-90.,148.323259182209));
#12087=CARTESIAN_POINT('Origin',(-248.75,-90.,-11.));
#12088=CARTESIAN_POINT('',(119.403390987673,-100.,148.323259182209));
#12089=CARTESIAN_POINT('Origin',(-248.75,-100.,-11.));
#12090=CARTESIAN_POINT('',(119.403390987673,-90.,148.323259182209));
#12091=CARTESIAN_POINT('Origin',(128.500715618775,-90.,152.238480706141));
#12092=CARTESIAN_POINT('',(128.500715618775,-90.,152.238480706141));
#12093=CARTESIAN_POINT('',(119.403390987673,-90.,148.323259182209));
#12094=CARTESIAN_POINT('',(128.500715618775,-100.,152.238480706141));
#12095=CARTESIAN_POINT('',(119.403390987673,-100.,148.323259182209));
#12096=CARTESIAN_POINT('',(128.500715618775,-90.,152.238480706141));
#12097=CARTESIAN_POINT('Origin',(115.010738171922,-90.,158.112227755892));
#12098=CARTESIAN_POINT('',(115.010738171922,-90.,158.112227755892));
#12099=CARTESIAN_POINT('',(128.500715618775,-90.,152.238480706141));
#12100=CARTESIAN_POINT('',(115.010738171922,-100.,158.112227755892));
#12101=CARTESIAN_POINT('',(128.500715618775,-100.,152.238480706141));
#12102=CARTESIAN_POINT('',(115.010738171922,-90.,158.112227755892));
#12103=CARTESIAN_POINT('Origin',(-248.75,-90.,-11.));
#12104=CARTESIAN_POINT('',(114.545548674694,-90.,159.109272308469));
#12105=CARTESIAN_POINT('Origin',(-248.75,-90.,-11.));
#12106=CARTESIAN_POINT('',(114.545548674694,-100.,159.109272308469));
#12107=CARTESIAN_POINT('Origin',(-248.75,-100.,-11.));
#12108=CARTESIAN_POINT('',(114.545548674694,-90.,159.109272308469));
#12109=CARTESIAN_POINT('Origin',(123.523474461734,-90.,163.291033132274));
#12110=CARTESIAN_POINT('',(123.523474461734,-90.,163.291033132274));
#12111=CARTESIAN_POINT('',(114.545548674694,-90.,159.109272308469));
#12112=CARTESIAN_POINT('',(123.523474461734,-100.,163.291033132274));
#12113=CARTESIAN_POINT('',(114.545548674694,-100.,159.109272308469));
#12114=CARTESIAN_POINT('',(123.523474461734,-90.,163.291033132274));
#12115=CARTESIAN_POINT('Origin',(109.866170490709,-90.,168.764463881272));
#12116=CARTESIAN_POINT('',(109.866170490709,-90.,168.764463881272));
#12117=CARTESIAN_POINT('',(123.523474461734,-90.,163.291033132274));
#12118=CARTESIAN_POINT('',(109.866170490709,-100.,168.764463881272));
#12119=CARTESIAN_POINT('',(123.523474461734,-100.,163.291033132274));
#12120=CARTESIAN_POINT('',(109.866170490709,-90.,168.764463881272));
#12121=CARTESIAN_POINT('Origin',(-248.75,-90.,-11.));
#12122=CARTESIAN_POINT('',(109.371784629704,-90.,169.747358447639));
#12123=CARTESIAN_POINT('Origin',(-248.75,-90.,-11.));
#12124=CARTESIAN_POINT('',(109.371784629704,-100.,169.747358447639));
#12125=CARTESIAN_POINT('Origin',(-248.75,-100.,-11.));
#12126=CARTESIAN_POINT('',(109.371784629704,-90.,169.747358447639));
#12127=CARTESIAN_POINT('Origin',(118.222504370324,-90.,174.192022112993));
#12128=CARTESIAN_POINT('',(118.222504370324,-90.,174.192022112993));
#12129=CARTESIAN_POINT('',(109.371784629704,-90.,169.747358447639));
#12130=CARTESIAN_POINT('',(118.222504370324,-100.,174.192022112993));
#12131=CARTESIAN_POINT('',(109.371784629704,-100.,169.747358447639));
#12132=CARTESIAN_POINT('',(118.222504370324,-90.,174.192022112993));
#12133=CARTESIAN_POINT('Origin',(104.409750263761,-90.,179.26037686702));
#12134=CARTESIAN_POINT('',(104.409750263761,-90.,179.26037686702));
#12135=CARTESIAN_POINT('',(118.222504370324,-90.,174.192022112993));
#12136=CARTESIAN_POINT('',(104.409750263761,-100.,179.26037686702));
#12137=CARTESIAN_POINT('',(118.222504370324,-100.,174.192022112993));
#12138=CARTESIAN_POINT('',(104.409750263761,-90.,179.26037686702));
#12139=CARTESIAN_POINT('Origin',(-248.75,-90.,-11.));
#12140=CARTESIAN_POINT('',(103.88659795682,-90.,180.22826672227));
#12141=CARTESIAN_POINT('Origin',(-248.75,-90.,-11.));
#12142=CARTESIAN_POINT('',(103.88659795682,-100.,180.22826672227));
#12143=CARTESIAN_POINT('Origin',(-248.75,-100.,-11.));
#12144=CARTESIAN_POINT('',(103.88659795682,-90.,180.22826672227));
#12145=CARTESIAN_POINT('Origin',(112.602415067012,-90.,184.931968150593));
#12146=CARTESIAN_POINT('',(112.602415067012,-90.,184.931968150593));
#12147=CARTESIAN_POINT('',(103.88659795682,-90.,180.22826672227));
#12148=CARTESIAN_POINT('',(112.602415067012,-100.,184.931968150593));
#12149=CARTESIAN_POINT('',(103.88659795682,-100.,180.22826672227));
#12150=CARTESIAN_POINT('',(112.602415067012,-90.,184.931968150593));
#12151=CARTESIAN_POINT('Origin',(98.646222392949,-90.,189.59083946943));
#12152=CARTESIAN_POINT('',(98.646222392949,-90.,189.59083946943));
#12153=CARTESIAN_POINT('',(112.602415067012,-90.,184.931968150593));
#12154=CARTESIAN_POINT('',(98.646222392949,-100.,189.59083946943));
#12155=CARTESIAN_POINT('',(112.602415067012,-100.,184.931968150593));
#12156=CARTESIAN_POINT('',(98.646222392949,-90.,189.59083946943));
#12157=CARTESIAN_POINT('Origin',(-248.75,-90.,-11.));
#12158=CARTESIAN_POINT('',(98.0947585732068,-90.,190.542882936752));
#12159=CARTESIAN_POINT('Origin',(-248.75,-90.,-11.));
#12160=CARTESIAN_POINT('',(98.0947585732068,-100.,190.542882936752));
#12161=CARTESIAN_POINT('Origin',(-248.75,-100.,-11.));
#12162=CARTESIAN_POINT('',(98.0947585732068,-90.,190.542882936752));
#12163=CARTESIAN_POINT('Origin',(106.668093780262,-90.,195.501531790279));
#12164=CARTESIAN_POINT('',(106.668093780262,-90.,195.501531790279));
#12165=CARTESIAN_POINT('',(98.0947585732068,-90.,190.542882936752));
#12166=CARTESIAN_POINT('',(106.668093780262,-100.,195.501531790279));
#12167=CARTESIAN_POINT('',(98.0947585732068,-100.,190.542882936752));
#12168=CARTESIAN_POINT('',(106.668093780262,-90.,195.501531790279));
#12169=CARTESIAN_POINT('Origin',(92.5805988408867,-90.,199.746868320418));
#12170=CARTESIAN_POINT('',(92.5805988408867,-90.,199.746868320418));
#12171=CARTESIAN_POINT('',(106.668093780262,-90.,195.501531790279));
#12172=CARTESIAN_POINT('',(92.5805988408867,-100.,199.746868320418));
#12173=CARTESIAN_POINT('',(106.668093780262,-100.,195.501531790279));
#12174=CARTESIAN_POINT('',(92.5805988408867,-90.,199.746868320418));
#12175=CARTESIAN_POINT('Origin',(-248.75,-90.,-11.));
#12176=CARTESIAN_POINT('',(92.0013030611637,-90.,200.682237503014));
#12177=CARTESIAN_POINT('Origin',(-248.75,-90.,-11.));
#12178=CARTESIAN_POINT('',(92.0013030611637,-100.,200.682237503014));
#12179=CARTESIAN_POINT('Origin',(-248.75,-100.,-11.));
#12180=CARTESIAN_POINT('',(92.0013030611637,-90.,200.682237503014));
#12181=CARTESIAN_POINT('Origin',(100.424700994606,-90.,205.891521741756));
#12182=CARTESIAN_POINT('',(100.424700994606,-90.,205.891521741756));
#12183=CARTESIAN_POINT('',(92.0013030611637,-90.,200.682237503014));
#12184=CARTESIAN_POINT('',(100.424700994606,-100.,205.891521741756));
#12185=CARTESIAN_POINT('',(92.0013030611637,-100.,200.682237503014));
#12186=CARTESIAN_POINT('',(100.424700994606,-90.,205.891521741756));
#12187=CARTESIAN_POINT('Origin',(86.2181542725271,-90.,209.71963173945));
#12188=CARTESIAN_POINT('',(86.2181542725271,-90.,209.71963173945));
#12189=CARTESIAN_POINT('',(100.424700994606,-90.,205.891521741756));
#12190=CARTESIAN_POINT('',(86.2181542725271,-100.,209.71963173945));
#12191=CARTESIAN_POINT('',(100.424700994606,-100.,205.891521741756));
#12192=CARTESIAN_POINT('',(86.2181542725271,-90.,209.71963173945));
#12193=CARTESIAN_POINT('Origin',(-248.75,-90.,-11.));
#12194=CARTESIAN_POINT('',(85.6115302883104,-90.,210.637513240477));
#12195=CARTESIAN_POINT('Origin',(-248.75,-90.,-11.));
#12196=CARTESIAN_POINT('',(85.6115302883104,-100.,210.637513240477));
#12197=CARTESIAN_POINT('Origin',(-248.75,-100.,-11.));
#12198=CARTESIAN_POINT('',(85.6115302883104,-90.,210.637513240477));
#12199=CARTESIAN_POINT('Origin',(93.8776659630844,-90.,216.092902871965));
#12200=CARTESIAN_POINT('',(93.8776659630844,-90.,216.092902871965));
#12201=CARTESIAN_POINT('',(85.6115302883104,-90.,210.637513240477));
#12202=CARTESIAN_POINT('',(93.8776659630844,-100.,216.092902871965));
#12203=CARTESIAN_POINT('',(85.6115302883104,-100.,210.637513240477));
#12204=CARTESIAN_POINT('',(93.8776659630844,-90.,216.092902871965));
#12205=CARTESIAN_POINT('Origin',(79.5644214683161,-90.,219.500457413574));
#12206=CARTESIAN_POINT('',(79.5644214683161,-90.,219.500457413574));
#12207=CARTESIAN_POINT('',(93.8776659630844,-90.,216.092902871965));
#12208=CARTESIAN_POINT('',(79.5644214683161,-100.,219.500457413574));
#12209=CARTESIAN_POINT('',(93.8776659630844,-100.,216.092902871965));
#12210=CARTESIAN_POINT('',(79.5644214683161,-90.,219.500457413574));
#12211=CARTESIAN_POINT('Origin',(-248.75,-90.,-11.));
#12212=CARTESIAN_POINT('',(78.9309967996936,-90.,220.400053043474));
#12213=CARTESIAN_POINT('Origin',(-248.75,-90.,-11.));
#12214=CARTESIAN_POINT('',(78.9309967996936,-100.,220.400053043474));
#12215=CARTESIAN_POINT('Origin',(-248.75,-100.,-11.));
#12216=CARTESIAN_POINT('',(78.9309967996936,-90.,220.400053043474));
#12217=CARTESIAN_POINT('Origin',(87.0326819859716,-90.,226.096804062043));
#12218=CARTESIAN_POINT('',(87.0326819859716,-90.,226.096804062043));
#12219=CARTESIAN_POINT('',(78.9309967996936,-90.,220.400053043474));
#12220=CARTESIAN_POINT('',(87.0326819859716,-100.,226.096804062043));
#12221=CARTESIAN_POINT('',(78.9309967996936,-100.,220.400053043474));
#12222=CARTESIAN_POINT('',(87.0326819859716,-90.,226.096804062043));
#12223=CARTESIAN_POINT('Origin',(72.6251865128881,-90.,229.08083993886));
#12224=CARTESIAN_POINT('',(72.6251865128881,-90.,229.08083993886));
#12225=CARTESIAN_POINT('',(87.0326819859716,-90.,226.096804062043));
#12226=CARTESIAN_POINT('',(72.6251865128881,-100.,229.08083993886));
#12227=CARTESIAN_POINT('',(87.0326819859716,-100.,226.096804062043));
#12228=CARTESIAN_POINT('',(72.6251865128881,-90.,229.08083993886));
#12229=CARTESIAN_POINT('Origin',(-248.75,-90.,-11.));
#12230=CARTESIAN_POINT('',(71.9655119858172,-90.,229.961367409464));
#12231=CARTESIAN_POINT('Origin',(-248.75,-90.,-11.));
#12232=CARTESIAN_POINT('',(71.9655119858172,-100.,229.961367409464));
#12233=CARTESIAN_POINT('Origin',(-248.75,-100.,-11.));
#12234=CARTESIAN_POINT('',(71.9655119858172,-90.,229.961367409464));
#12235=CARTESIAN_POINT('Origin',(79.8957014598809,-90.,235.894525921637));
#12236=CARTESIAN_POINT('',(79.8957014598809,-90.,235.894525921637));
#12237=CARTESIAN_POINT('',(71.9655119858172,-90.,229.961367409464));
#12238=CARTESIAN_POINT('',(79.8957014598809,-100.,235.894525921637));
#12239=CARTESIAN_POINT('',(71.9655119858172,-100.,229.961367409464));
#12240=CARTESIAN_POINT('',(79.8957014598809,-90.,235.894525921637));
#12241=CARTESIAN_POINT('Origin',(65.4064837634872,-90.,238.452448216697));
#12242=CARTESIAN_POINT('',(65.4064837634872,-90.,238.452448216697));
#12243=CARTESIAN_POINT('',(79.8957014598809,-90.,235.894525921637));
#12244=CARTESIAN_POINT('',(65.4064837634872,-100.,238.452448216697));
#12245=CARTESIAN_POINT('',(79.8957014598809,-100.,235.894525921637));
#12246=CARTESIAN_POINT('',(65.4064837634872,-90.,238.452448216697));
#12247=CARTESIAN_POINT('Origin',(-248.75,-90.,-11.));
#12248=CARTESIAN_POINT('',(64.7211330307966,-90.,239.313141821503));
#12249=CARTESIAN_POINT('Origin',(-248.75,-90.,-11.));
#12250=CARTESIAN_POINT('',(64.7211330307966,-100.,239.313141821503));
#12251=CARTESIAN_POINT('Origin',(-248.75,-100.,-11.));
#12252=CARTESIAN_POINT('',(64.7211330307966,-90.,239.313141821503));
#12253=CARTESIAN_POINT('Origin',(72.4729307015627,-90.,245.477548353898));
#12254=CARTESIAN_POINT('',(72.4729307015627,-90.,245.477548353898));
#12255=CARTESIAN_POINT('',(64.7211330307966,-90.,239.313141821503));
#12256=CARTESIAN_POINT('',(72.4729307015627,-100.,245.477548353898));
#12257=CARTESIAN_POINT('',(64.7211330307966,-100.,239.313141821503));
#12258=CARTESIAN_POINT('',(72.4729307015627,-90.,245.477548353898));
#12259=CARTESIAN_POINT('Origin',(57.914590602492,-90.,247.607132698516));
#12260=CARTESIAN_POINT('',(57.914590602492,-90.,247.607132698516));
#12261=CARTESIAN_POINT('',(72.4729307015627,-90.,245.477548353898));
#12262=CARTESIAN_POINT('',(57.914590602492,-100.,247.607132698516));
#12263=CARTESIAN_POINT('',(72.4729307015627,-100.,245.477548353898));
#12264=CARTESIAN_POINT('',(57.914590602492,-90.,247.607132698516));
#12265=CARTESIAN_POINT('Origin',(-248.75,-90.,-11.));
#12266=CARTESIAN_POINT('',(57.2041596450333,-90.,248.447243978549));
#12267=CARTESIAN_POINT('Origin',(-248.75,-90.,-11.));
#12268=CARTESIAN_POINT('',(57.2041596450333,-100.,248.447243978549));
#12269=CARTESIAN_POINT('Origin',(-248.75,-100.,-11.));
#12270=CARTESIAN_POINT('',(57.2041596450333,-90.,248.447243978549));
#12271=CARTESIAN_POINT('Origin',(64.7708245508928,-90.,254.837537964553));
#12272=CARTESIAN_POINT('',(64.7708245508928,-90.,254.837537964553));
#12273=CARTESIAN_POINT('',(57.2041596450333,-90.,248.447243978549));
#12274=CARTESIAN_POINT('',(64.7708245508928,-100.,254.837537964553));
#12275=CARTESIAN_POINT('',(57.2041596450333,-100.,248.447243978549));
#12276=CARTESIAN_POINT('',(64.7708245508928,-90.,254.837537964553));
#12277=CARTESIAN_POINT('Origin',(50.156021978605,-90.,256.536932472636));
#12278=CARTESIAN_POINT('',(50.156021978605,-90.,256.536932472636));
#12279=CARTESIAN_POINT('',(64.7708245508928,-90.,254.837537964553));
#12280=CARTESIAN_POINT('',(50.156021978605,-100.,256.536932472636));
#12281=CARTESIAN_POINT('',(64.7708245508928,-100.,254.837537964553));
#12282=CARTESIAN_POINT('',(50.156021978605,-90.,256.536932472636));
#12283=CARTESIAN_POINT('Origin',(-248.75,-90.,-11.));
#12284=CARTESIAN_POINT('',(49.421128586988,-90.,257.355730867305));
#12285=CARTESIAN_POINT('Origin',(-248.75,-90.,-11.));
#12286=CARTESIAN_POINT('',(49.421128586988,-100.,257.355730867305));
#12287=CARTESIAN_POINT('Origin',(-248.75,-100.,-11.));
#12288=CARTESIAN_POINT('',(49.421128586988,-90.,257.355730867305));
#12289=CARTESIAN_POINT('Origin',(56.7960807577449,-90.,263.966355308624));
#12290=CARTESIAN_POINT('',(56.7960807577449,-90.,263.966355308624));
#12291=CARTESIAN_POINT('',(49.421128586988,-90.,257.355730867305));
#12292=CARTESIAN_POINT('',(56.7960807577449,-100.,263.966355308624));
#12293=CARTESIAN_POINT('',(49.421128586988,-100.,257.355730867305));
#12294=CARTESIAN_POINT('',(56.7960807577449,-90.,263.966355308624));
#12295=CARTESIAN_POINT('Origin',(42.1375247414545,-90.,265.234082187068));
#12296=CARTESIAN_POINT('',(42.1375247414545,-90.,265.234082187068));
#12297=CARTESIAN_POINT('',(56.7960807577449,-90.,263.966355308624));
#12298=CARTESIAN_POINT('',(42.1375247414545,-100.,265.234082187068));
#12299=CARTESIAN_POINT('',(56.7960807577449,-100.,263.966355308624));
#12300=CARTESIAN_POINT('',(42.1375247414545,-90.,265.234082187068));
#12301=CARTESIAN_POINT('Origin',(-248.75,-90.,-11.));
#12302=CARTESIAN_POINT('',(41.3788079788167,-90.,266.030855669462));
#12303=CARTESIAN_POINT('Origin',(-248.75,-90.,-11.));
#12304=CARTESIAN_POINT('',(41.3788079788167,-100.,266.030855669462));
#12305=CARTESIAN_POINT('Origin',(-248.75,-100.,-11.));
#12306=CARTESIAN_POINT('',(41.3788079788167,-90.,266.030855669462));
#12307=CARTESIAN_POINT('Origin',(48.5556341576288,-90.,272.856061968486));
#12308=CARTESIAN_POINT('',(48.5556341576288,-90.,272.856061968486));
#12309=CARTESIAN_POINT('',(41.3788079788167,-90.,266.030855669462));
#12310=CARTESIAN_POINT('',(48.5556341576288,-100.,272.856061968486));
#12311=CARTESIAN_POINT('',(41.3788079788167,-100.,266.030855669462));
#12312=CARTESIAN_POINT('',(48.5556341576288,-90.,272.856061968486));
#12313=CARTESIAN_POINT('Origin',(33.8660717745359,-90.,273.691018802266));
#12314=CARTESIAN_POINT('',(33.8660717745359,-90.,273.691018802266));
#12315=CARTESIAN_POINT('',(48.5556341576288,-90.,272.856061968486));
#12316=CARTESIAN_POINT('',(33.8660717745359,-100.,273.691018802266));
#12317=CARTESIAN_POINT('',(48.5556341576288,-100.,272.856061968486));
#12318=CARTESIAN_POINT('',(33.8660717745359,-90.,273.691018802266));
#12319=CARTESIAN_POINT('Origin',(-248.75,-90.,-11.));
#12320=CARTESIAN_POINT('',(33.0841914208129,-90.,274.465074498335));
#12321=CARTESIAN_POINT('Origin',(-248.75,-90.,-11.));
#12322=CARTESIAN_POINT('',(33.0841914208129,-100.,274.465074498335));
#12323=CARTESIAN_POINT('Origin',(-248.75,-100.,-11.));
#12324=CARTESIAN_POINT('',(33.0841914208129,-90.,274.465074498335));
#12325=CARTESIAN_POINT('Origin',(40.0566506411586,-90.,281.498927457115));
#12326=CARTESIAN_POINT('',(40.0566506411586,-90.,281.498927457115));
#12327=CARTESIAN_POINT('',(33.0841914208129,-90.,274.465074498335));
#12328=CARTESIAN_POINT('',(40.0566506411586,-100.,281.498927457115));
#12329=CARTESIAN_POINT('',(33.0841914208129,-100.,274.465074498335));
#12330=CARTESIAN_POINT('',(40.0566506411586,-90.,281.498927457115));
#12331=CARTESIAN_POINT('Origin',(25.3488559315935,-90.,281.900388167946));
#12332=CARTESIAN_POINT('',(25.3488559315935,-90.,281.900388167946));
#12333=CARTESIAN_POINT('',(40.0566506411586,-90.,281.498927457115));
#12334=CARTESIAN_POINT('',(25.3488559315935,-100.,281.900388167946));
#12335=CARTESIAN_POINT('',(40.0566506411586,-100.,281.498927457115));
#12336=CARTESIAN_POINT('',(25.3488559315935,-90.,281.900388167946));
#12337=CARTESIAN_POINT('Origin',(-248.75,-90.,-11.));
#12338=CARTESIAN_POINT('',(24.544491909775,-90.,282.65105295902));
#12339=CARTESIAN_POINT('Origin',(-248.75,-90.,-11.));
#12340=CARTESIAN_POINT('',(24.544491909775,-100.,282.65105295902));
#12341=CARTESIAN_POINT('Origin',(-248.75,-100.,-11.));
#12342=CARTESIAN_POINT('',(24.544491909775,-90.,282.65105295902));
#12343=CARTESIAN_POINT('Origin',(31.3065209225963,-90.,289.887435940516));
#12344=CARTESIAN_POINT('',(31.3065209225963,-90.,289.887435940516));
#12345=CARTESIAN_POINT('',(24.544491909775,-90.,282.65105295902));
#12346=CARTESIAN_POINT('',(31.3065209225963,-100.,289.887435940516));
#12347=CARTESIAN_POINT('',(24.544491909775,-100.,282.65105295902));
#12348=CARTESIAN_POINT('',(31.3065209225963,-90.,289.887435940516));
#12349=CARTESIAN_POINT('Origin',(16.5932837817163,-90.,289.85505141825));
#12350=CARTESIAN_POINT('',(16.5932837817163,-90.,289.85505141825));
#12351=CARTESIAN_POINT('',(31.3065209225963,-90.,289.887435940516));
#12352=CARTESIAN_POINT('',(16.5932837817163,-100.,289.85505141825));
#12353=CARTESIAN_POINT('',(31.3065209225963,-100.,289.887435940516));
#12354=CARTESIAN_POINT('',(16.5932837817163,-90.,289.85505141825));
#12355=CARTESIAN_POINT('Origin',(-248.75,-90.,-11.));
#12356=CARTESIAN_POINT('',(15.7671355665848,-90.,290.581672526386));
#12357=CARTESIAN_POINT('Origin',(-248.75,-90.,-11.));
#12358=CARTESIAN_POINT('',(15.7671355665848,-100.,290.581672526386));
#12359=CARTESIAN_POINT('Origin',(-248.75,-100.,-11.));
#12360=CARTESIAN_POINT('',(15.7671355665848,-90.,290.581672526386));
#12361=CARTESIAN_POINT('Origin',(22.3128541128876,-90.,298.014292773493));
#12362=CARTESIAN_POINT('',(22.3128541128876,-90.,298.014292773493));
#12363=CARTESIAN_POINT('',(15.7671355665848,-90.,290.581672526386));
#12364=CARTESIAN_POINT('',(22.3128541128876,-100.,298.014292773493));
#12365=CARTESIAN_POINT('',(15.7671355665848,-100.,290.581672526386));
#12366=CARTESIAN_POINT('',(22.3128541128876,-90.,298.014292773493));
#12367=CARTESIAN_POINT('Origin',(7.60696916858725,-90.,297.548091179703));
#12368=CARTESIAN_POINT('',(7.60696916858725,-90.,297.548091179703));
#12369=CARTESIAN_POINT('',(22.3128541128876,-90.,298.014292773493));
#12370=CARTESIAN_POINT('',(7.60696916858725,-100.,297.548091179703));
#12371=CARTESIAN_POINT('',(22.3128541128876,-100.,298.014292773493));
#12372=CARTESIAN_POINT('',(7.60696916858725,-90.,297.548091179703));
#12373=CARTESIAN_POINT('Origin',(-248.75,-90.,-11.));
#12374=CARTESIAN_POINT('',(6.75975517845542,-90.,298.25003673534));
#12375=CARTESIAN_POINT('Origin',(-248.75,-90.,-11.));
#12376=CARTESIAN_POINT('',(6.75975517845542,-100.,298.25003673534));
#12377=CARTESIAN_POINT('Origin',(-248.75,-100.,-11.));
#12378=CARTESIAN_POINT('',(6.75975517845542,-90.,298.25003673534));
#12379=CARTESIAN_POINT('Origin',(13.0834711027813,-90.,305.872430843069));
#12380=CARTESIAN_POINT('',(13.0834711027813,-90.,305.872430843069));
#12381=CARTESIAN_POINT('',(6.75975517845542,-90.,298.25003673534));
#12382=CARTESIAN_POINT('',(13.0834711027813,-100.,305.872430843069));
#12383=CARTESIAN_POINT('',(6.75975517845542,-100.,298.25003673534));
#12384=CARTESIAN_POINT('',(13.0834711027813,-90.,305.872430843069));
#12385=CARTESIAN_POINT('Origin',(-1.60227341051353,-90.,304.972817586562));
#12386=CARTESIAN_POINT('',(-1.60227341051353,-90.,304.972817586562));
#12387=CARTESIAN_POINT('',(13.0834711027813,-90.,305.872430843069));
#12388=CARTESIAN_POINT('',(-1.60227341051353,-100.,304.972817586562));
#12389=CARTESIAN_POINT('',(13.0834711027813,-100.,305.872430843069));
#12390=CARTESIAN_POINT('',(-1.60227341051353,-90.,304.972817586562));
#12391=CARTESIAN_POINT('Origin',(-248.75,-90.,-11.));
#12392=CARTESIAN_POINT('',(-2.46981643853978,-90.,305.649477177994));
#12393=CARTESIAN_POINT('Origin',(-248.75,-90.,-11.));
#12394=CARTESIAN_POINT('',(-2.46981643853978,-100.,305.649477177994));
#12395=CARTESIAN_POINT('Origin',(-248.75,-100.,-11.));
#12396=CARTESIAN_POINT('',(-2.46981643853978,-90.,305.649477177994));
#12397=CARTESIAN_POINT('Origin',(3.62639776178371,-90.,313.455016714047));
#12398=CARTESIAN_POINT('',(3.62639776178371,-90.,313.455016714047));
#12399=CARTESIAN_POINT('',(-2.46981643853978,-90.,305.649477177994));
#12400=CARTESIAN_POINT('',(3.62639776178371,-100.,313.455016714047));
#12401=CARTESIAN_POINT('',(-2.46981643853978,-100.,305.649477177994));
#12402=CARTESIAN_POINT('',(3.62639776178371,-90.,313.455016714047));
#12403=CARTESIAN_POINT('Origin',(-11.0127440410606,-90.,312.124018941422));
#12404=CARTESIAN_POINT('',(-11.0127440410606,-90.,312.124018941422));
#12405=CARTESIAN_POINT('',(3.62639776178371,-90.,313.455016714047));
#12406=CARTESIAN_POINT('',(-11.0127440410606,-100.,312.124018941422));
#12407=CARTESIAN_POINT('',(3.62639776178371,-100.,313.455016714047));
#12408=CARTESIAN_POINT('',(-11.0127440410606,-90.,312.124018941422));
#12409=CARTESIAN_POINT('Origin',(1.6009100769434,-90.,328.212047406186));
#12410=CARTESIAN_POINT('',(13.74059251302,-90.,344.660665598694));
#12411=CARTESIAN_POINT('Origin',(1.6009100769434,-90.,328.212047406186));
#12412=CARTESIAN_POINT('',(13.74059251302,-100.,344.660665598694));
#12413=CARTESIAN_POINT('Origin',(1.6009100769434,-100.,328.212047406186));
#12414=CARTESIAN_POINT('',(13.74059251302,-90.,344.660665598694));
#12415=CARTESIAN_POINT('Origin',(-248.75,-90.,-11.));
#12416=CARTESIAN_POINT('',(192.853953123223,-90.,8.5389047258));
#12417=CARTESIAN_POINT('Origin',(-248.75,-90.,-11.));
#12418=CARTESIAN_POINT('',(192.853953123223,-100.,8.5389047258));
#12419=CARTESIAN_POINT('Origin',(-248.75,-100.,-11.));
#12420=CARTESIAN_POINT('',(192.853953123223,-90.,8.5389047258));
#12421=CARTESIAN_POINT('Origin',(194.508550023976,-90.,-18.0000000000001));
#12422=CARTESIAN_POINT('',(194.508550023976,-90.,-18.0000000000001));
#12423=CARTESIAN_POINT('',(192.853953123223,-90.,8.5389047258));
#12424=CARTESIAN_POINT('',(194.508550023976,-100.,-18.0000000000001));
#12425=CARTESIAN_POINT('',(192.853953123223,-100.,8.5389047258));
#12426=CARTESIAN_POINT('',(194.508550023976,-90.,-18.0000000000001));
#12427=CARTESIAN_POINT('Origin',(153.370758531533,-90.,-18.0000000000001));
#12428=CARTESIAN_POINT('',(153.370758531533,-90.,-18.0000000000001));
#12429=CARTESIAN_POINT('',(153.370758531533,-90.,-18.0000000000001));
#12430=CARTESIAN_POINT('',(153.370758531533,-100.,-18.0000000000001));
#12431=CARTESIAN_POINT('',(153.370758531533,-100.,-18.0000000000001));
#12432=CARTESIAN_POINT('',(153.370758531533,-90.,-18.0000000000001));
#12433=CARTESIAN_POINT('Origin',(152.248528939873,-90.,0.));
#12434=CARTESIAN_POINT('',(152.248528939873,-90.,0.));
#12435=CARTESIAN_POINT('',(152.248528939873,-100.,0.));
#12436=CARTESIAN_POINT('Origin',(87.833074972982,-100.,165.32767878057));
#12437=CARTESIAN_POINT('Origin',(87.833074972982,-90.,165.32767878057));
#12438=CARTESIAN_POINT('Origin',(123.000001832843,-90.,97.0000014454126));
#12439=CARTESIAN_POINT('',(121.500001832843,-100.,97.0000014454126));
#12440=CARTESIAN_POINT('Origin',(123.000001832843,-100.,97.0000014454126));
#12441=CARTESIAN_POINT('',(121.500001832843,-90.,97.0000014454126));
#12442=CARTESIAN_POINT('',(121.500001832843,-90.,97.0000014454126));
#12443=CARTESIAN_POINT('Origin',(123.000001832843,-90.,97.0000014454126));
#12444=CARTESIAN_POINT('Origin',(107.239474629027,-90.,96.0636818849445));
#12445=CARTESIAN_POINT('',(107.239474629027,-90.,96.0636818849445));
#12446=CARTESIAN_POINT('',(117.084744718663,-90.,97.8160108672191));
#12447=CARTESIAN_POINT('',(107.239474629027,-90.,96.0636818849445));
#12448=CARTESIAN_POINT('',(117.084744718663,-100.,97.8160108672191));
#12449=CARTESIAN_POINT('',(117.084744718663,-90.,97.8160108672191));
#12450=CARTESIAN_POINT('',(107.239474629027,-100.,96.0636818849445));
#12451=CARTESIAN_POINT('',(107.239474629027,-100.,96.0636818849445));
#12452=CARTESIAN_POINT('',(107.239474629027,-90.,96.0636818849445));
#12453=CARTESIAN_POINT('Origin',(107.519847266191,-90.,94.4884386706028));
#12454=CARTESIAN_POINT('',(107.800219903355,-90.,92.913195456261));
#12455=CARTESIAN_POINT('Origin',(107.519847266191,-90.,94.4884386706028));
#12456=CARTESIAN_POINT('',(107.800219903355,-100.,92.913195456261));
#12457=CARTESIAN_POINT('Origin',(107.519847266191,-100.,94.4884386706028));
#12458=CARTESIAN_POINT('',(107.800219903355,-90.,92.913195456261));
#12459=CARTESIAN_POINT('Origin',(117.645489992991,-90.,94.6655244385356));
#12460=CARTESIAN_POINT('',(117.645489992991,-90.,94.6655244385356));
#12461=CARTESIAN_POINT('',(117.645489992991,-90.,94.6655244385356));
#12462=CARTESIAN_POINT('',(117.645489992991,-100.,94.6655244385356));
#12463=CARTESIAN_POINT('',(117.645489992991,-100.,94.6655244385356));
#12464=CARTESIAN_POINT('',(117.645489992991,-90.,94.6655244385356));
#12465=CARTESIAN_POINT('Origin',(117.365117355827,-90.,96.2407676528774));
#12466=CARTESIAN_POINT('Origin',(117.365117355827,-90.,96.2407676528774));
#12467=CARTESIAN_POINT('Origin',(117.365117355827,-100.,96.2407676528774));
#12468=CARTESIAN_POINT('Origin',(-248.75,-90.,-11.));
#12469=CARTESIAN_POINT('',(138.815737626069,-90.,92.5066144288608));
#12470=CARTESIAN_POINT('',(138.815444555181,-90.,92.507711783647));
#12471=CARTESIAN_POINT('Origin',(-248.75,-90.,-11.));
#12472=CARTESIAN_POINT('',(138.815737626069,-100.,92.5066144288608));
#12473=CARTESIAN_POINT('',(138.815737626069,-90.,92.5066144288608));
#12474=CARTESIAN_POINT('',(138.815444555181,-100.,92.507711783647));
#12475=CARTESIAN_POINT('Origin',(-248.75,-100.,-11.));
#12476=CARTESIAN_POINT('',(138.815444555181,-90.,92.507711783647));
#12477=CARTESIAN_POINT('Origin',(108.433960749319,-90.,91.6639408722528));
#12478=CARTESIAN_POINT('',(108.433960749319,-90.,91.6639408722528));
#12479=CARTESIAN_POINT('',(108.433960749319,-90.,91.6639408722528));
#12480=CARTESIAN_POINT('',(108.433960749319,-100.,91.6639408722528));
#12481=CARTESIAN_POINT('',(108.433960749319,-100.,91.6639408722528));
#12482=CARTESIAN_POINT('',(108.433960749319,-90.,91.6639408722528));
#12483=CARTESIAN_POINT('Ctrl Pts',(108.242454972601,-90.,97.7547528281695));
#12484=CARTESIAN_POINT('Ctrl Pts',(108.242454972601,-100.,97.7547528281695));
#12485=CARTESIAN_POINT('Ctrl Pts',(104.926968595439,-90.,96.6649960203109));
#12486=CARTESIAN_POINT('Ctrl Pts',(104.926968595439,-100.,96.6649960203109));
#12487=CARTESIAN_POINT('Ctrl Pts',(101.510407958812,-90.,93.2691321658271));
#12488=CARTESIAN_POINT('Ctrl Pts',(101.510407958812,-100.,93.2691321658271));
#12489=CARTESIAN_POINT('Ctrl Pts',(105.970471351601,-90.,92.1416361594591));
#12490=CARTESIAN_POINT('Ctrl Pts',(105.970471351601,-100.,92.1416361594591));
#12491=CARTESIAN_POINT('Ctrl Pts',(108.433960749319,-90.,91.6639408722528));
#12492=CARTESIAN_POINT('Ctrl Pts',(108.433960749319,-100.,91.6639408722528));
#12493=CARTESIAN_POINT('',(108.242454972601,-90.,97.7547528281695));
#12494=CARTESIAN_POINT('Ctrl Pts',(108.242454972601,-90.,97.7547528281695));
#12495=CARTESIAN_POINT('Ctrl Pts',(104.926968595439,-90.,96.6649960203109));
#12496=CARTESIAN_POINT('Ctrl Pts',(101.510407958812,-90.,93.2691321658271));
#12497=CARTESIAN_POINT('Ctrl Pts',(105.970471351601,-90.,92.1416361594591));
#12498=CARTESIAN_POINT('Ctrl Pts',(108.433960749319,-90.,91.6639408722528));
#12499=CARTESIAN_POINT('',(108.242454972601,-100.,97.7547528281695));
#12500=CARTESIAN_POINT('Ctrl Pts',(108.242454972601,-100.,97.7547528281695));
#12501=CARTESIAN_POINT('Ctrl Pts',(104.926968595439,-100.,96.6649960203109));
#12502=CARTESIAN_POINT('Ctrl Pts',(101.510407958812,-100.,93.2691321658271));
#12503=CARTESIAN_POINT('Ctrl Pts',(105.970471351601,-100.,92.1416361594591));
#12504=CARTESIAN_POINT('Ctrl Pts',(108.433960749319,-100.,91.6639408722528));
#12505=CARTESIAN_POINT('',(108.242454972601,-90.,97.7547528281695));
#12506=CARTESIAN_POINT('Origin',(135.321037992898,-90.,102.430480361618));
#12507=CARTESIAN_POINT('',(135.321037992898,-90.,102.430480361618));
#12508=CARTESIAN_POINT('',(135.321037992898,-90.,102.430480361618));
#12509=CARTESIAN_POINT('',(135.321037992898,-100.,102.430480361618));
#12510=CARTESIAN_POINT('',(135.321037992898,-100.,102.430480361618));
#12511=CARTESIAN_POINT('',(135.321037992898,-90.,102.430480361618));
#12512=CARTESIAN_POINT('Origin',(135.491192510833,-90.,101.445062967806));
#12513=CARTESIAN_POINT('',(136.020776305041,-90.,102.293320596662));
#12514=CARTESIAN_POINT('Origin',(135.491192510833,-90.,101.445062967806));
#12515=CARTESIAN_POINT('',(136.020776305041,-100.,102.293320596662));
#12516=CARTESIAN_POINT('Origin',(135.491192510833,-100.,101.445062967806));
#12517=CARTESIAN_POINT('',(136.020776305041,-90.,102.293320596662));
#12518=CARTESIAN_POINT('Origin',(147.859260272866,-90.,94.9023239889402));
#12519=CARTESIAN_POINT('',(147.859260272866,-90.,94.9023239889402));
#12520=CARTESIAN_POINT('',(147.859260272866,-90.,94.9023239889402));
#12521=CARTESIAN_POINT('',(147.859260272866,-100.,94.9023239889402));
#12522=CARTESIAN_POINT('',(147.859260272866,-100.,94.9023239889402));
#12523=CARTESIAN_POINT('',(147.859260272866,-90.,94.9023239889402));
#12524=CARTESIAN_POINT('Origin',(138.815737626069,-90.,92.5066144288608));
#12525=CARTESIAN_POINT('',(138.815737626069,-90.,92.5066144288608));
#12526=CARTESIAN_POINT('',(138.815737626069,-100.,92.5066144288608));
#12527=CARTESIAN_POINT('Origin',(124.684834115839,-100.,97.0545019200296));
#12528=CARTESIAN_POINT('Origin',(124.684834115839,-90.,97.0545019200296));
#12529=CARTESIAN_POINT('Origin',(-248.75,90.,-11.));
#12530=CARTESIAN_POINT('',(-253.75,80.,-11.));
#12531=CARTESIAN_POINT('Origin',(-248.75,80.,-11.));
#12532=CARTESIAN_POINT('',(-253.75,90.,-11.));
#12533=CARTESIAN_POINT('',(-253.75,90.,-11.));
#12534=CARTESIAN_POINT('Origin',(-248.75,90.,-11.));
#12535=CARTESIAN_POINT('Origin',(-249.,90.,-12.));
#12536=CARTESIAN_POINT('',(-255.,90.,-12.));
#12537=CARTESIAN_POINT('',(-249.,90.,-18.));
#12538=CARTESIAN_POINT('Origin',(-249.,90.,-12.));
#12539=CARTESIAN_POINT('',(-249.,80.,-18.));
#12540=CARTESIAN_POINT('',(-249.,90.,-18.));
#12541=CARTESIAN_POINT('',(-255.,80.,-12.));
#12542=CARTESIAN_POINT('Origin',(-249.,80.,-12.));
#12543=CARTESIAN_POINT('',(-255.,90.,-12.));
#12544=CARTESIAN_POINT('Origin',(-248.5,90.,-18.));
#12545=CARTESIAN_POINT('',(-248.5,90.,-18.));
#12546=CARTESIAN_POINT('',(-249.,90.,-18.));
#12547=CARTESIAN_POINT('',(-248.5,80.,-18.));
#12548=CARTESIAN_POINT('',(-248.5,90.,-18.));
#12549=CARTESIAN_POINT('',(-249.,80.,-18.));
#12550=CARTESIAN_POINT('Origin',(-248.5,90.,-12.));
#12551=CARTESIAN_POINT('',(-242.5,90.,-12.));
#12552=CARTESIAN_POINT('Origin',(-248.5,90.,-12.));
#12553=CARTESIAN_POINT('',(-242.5,80.,-12.));
#12554=CARTESIAN_POINT('',(-242.5,90.,-12.));
#12555=CARTESIAN_POINT('Origin',(-248.5,80.,-12.));
#12556=CARTESIAN_POINT('Origin',(-242.5,90.,0.));
#12557=CARTESIAN_POINT('',(-242.5,90.,0.));
#12558=CARTESIAN_POINT('',(-242.5,90.,0.));
#12559=CARTESIAN_POINT('',(-242.5,80.,0.));
#12560=CARTESIAN_POINT('',(-242.5,90.,0.));
#12561=CARTESIAN_POINT('',(-242.5,80.,0.));
#12562=CARTESIAN_POINT('Origin',(-255.,90.,0.));
#12563=CARTESIAN_POINT('',(-255.,90.,0.));
#12564=CARTESIAN_POINT('',(-255.,90.,0.));
#12565=CARTESIAN_POINT('',(-255.,80.,0.));
#12566=CARTESIAN_POINT('',(-255.,90.,0.));
#12567=CARTESIAN_POINT('',(-255.,80.,0.));
#12568=CARTESIAN_POINT('Origin',(-255.,90.,-12.));
#12569=CARTESIAN_POINT('',(-255.,90.,0.));
#12570=CARTESIAN_POINT('',(-255.,80.,0.));
#12571=CARTESIAN_POINT('Origin',(-248.75,90.,-9.));
#12572=CARTESIAN_POINT('Origin',(-248.75,80.,-9.));
#12573=CARTESIAN_POINT('Origin',(-247.5,40.,-10.5));
#12574=CARTESIAN_POINT('',(-242.5,70.,-10.5));
#12575=CARTESIAN_POINT('',(-247.5,70.,-5.49999999999999));
#12576=CARTESIAN_POINT('Origin',(-247.5,70.,-10.5));
#12577=CARTESIAN_POINT('',(-242.5,80.,-10.5));
#12578=CARTESIAN_POINT('',(-242.5,40.,-10.5));
#12579=CARTESIAN_POINT('',(-247.5,80.,-5.49999999999999));
#12580=CARTESIAN_POINT('Origin',(-247.5,80.,-10.5));
#12581=CARTESIAN_POINT('',(-247.5,40.,-5.49999999999999));
#12582=CARTESIAN_POINT('Origin',(-255.,80.,-18.));
#12583=CARTESIAN_POINT('',(-242.5,80.,-18.));
#12584=CARTESIAN_POINT('',(-242.5,80.,-18.));
#12585=CARTESIAN_POINT('',(-255.,80.,-18.));
#12586=CARTESIAN_POINT('',(-255.,80.,-18.));
#12587=CARTESIAN_POINT('',(-255.,80.,-10.5));
#12588=CARTESIAN_POINT('',(-255.,80.,-18.));
#12589=CARTESIAN_POINT('',(-250.,80.,-5.49999999999999));
#12590=CARTESIAN_POINT('Origin',(-250.,80.,-10.5));
#12591=CARTESIAN_POINT('',(-255.,80.,-5.49999999999999));
#12592=CARTESIAN_POINT('',(-253.75,80.,-11.));
#12593=CARTESIAN_POINT('Origin',(-248.75,80.,-11.));
#12594=CARTESIAN_POINT('Origin',(-37.5,0.,-5.49999999999999));
#12595=CARTESIAN_POINT('',(-250.,70.,-5.49999999999999));
#12596=CARTESIAN_POINT('',(-250.,35.,-5.49999999999999));
#12597=CARTESIAN_POINT('',(-242.5,70.,-5.49999999999999));
#12598=CARTESIAN_POINT('Origin',(-250.,35.,-10.5));
#12599=CARTESIAN_POINT('',(-255.,70.,-10.5));
#12600=CARTESIAN_POINT('',(-255.,35.,-10.5));
#12601=CARTESIAN_POINT('Origin',(-250.,70.,-10.5));
#12602=CARTESIAN_POINT('Origin',(-248.75,80.,-11.));
#12603=CARTESIAN_POINT('',(-253.75,70.,-11.));
#12604=CARTESIAN_POINT('',(-253.75,80.,-11.));
#12605=CARTESIAN_POINT('Origin',(-248.75,70.,-11.));
#12606=CARTESIAN_POINT('Origin',(-255.,70.,-18.));
#12607=CARTESIAN_POINT('',(-255.,70.,-18.));
#12608=CARTESIAN_POINT('',(-255.,80.,-18.));
#12609=CARTESIAN_POINT('',(-255.,70.,-18.));
#12610=CARTESIAN_POINT('Origin',(-242.5,70.,-18.));
#12611=CARTESIAN_POINT('',(-242.5,70.,-18.));
#12612=CARTESIAN_POINT('',(-242.5,70.,-18.));
#12613=CARTESIAN_POINT('',(-242.5,70.,-18.));
#12614=CARTESIAN_POINT('Origin',(-242.5,80.,-18.));
#12615=CARTESIAN_POINT('',(-242.5,80.,-18.));
#12616=CARTESIAN_POINT('Origin',(-37.5,0.,-18.));
#12617=CARTESIAN_POINT('Origin',(106.721371139152,90.,117.486447801949));
#12618=CARTESIAN_POINT('',(105.121371139152,102.,117.486447801949));
#12619=CARTESIAN_POINT('Origin',(106.721371139152,102.,117.486447801949));
#12620=CARTESIAN_POINT('',(105.121371139152,90.,117.486447801949));
#12621=CARTESIAN_POINT('',(105.121371139152,90.,117.486447801949));
#12622=CARTESIAN_POINT('Origin',(106.721371139152,90.,117.486447801949));
#12623=CARTESIAN_POINT('Origin',(106.721371139152,102.,117.486447801949));
#12624=CARTESIAN_POINT('Origin',(106.721371139152,90.,117.486447801949));
#12625=CARTESIAN_POINT('Origin',(192.061679750949,65.25,-18.));
#12626=CARTESIAN_POINT('',(190.561679750949,65.25,-13.));
#12627=CARTESIAN_POINT('Origin',(192.061679750949,65.25,-13.));
#12628=CARTESIAN_POINT('',(190.561679750949,65.25,-18.));
#12629=CARTESIAN_POINT('',(190.561679750949,65.25,-18.));
#12630=CARTESIAN_POINT('Origin',(192.061679750949,65.25,-18.));
#12631=CARTESIAN_POINT('Origin',(192.061679750949,23.75,-18.));
#12632=CARTESIAN_POINT('',(190.561679750949,23.75,-13.));
#12633=CARTESIAN_POINT('Origin',(192.061679750949,23.75,-13.));
#12634=CARTESIAN_POINT('',(190.561679750949,23.75,-18.));
#12635=CARTESIAN_POINT('',(190.561679750949,23.75,-18.));
#12636=CARTESIAN_POINT('Origin',(192.061679750949,23.75,-18.));
#12637=CARTESIAN_POINT('Origin',(192.061679750949,86.,-18.));
#12638=CARTESIAN_POINT('',(190.561679750949,86.,-13.));
#12639=CARTESIAN_POINT('Origin',(192.061679750949,86.,-13.));
#12640=CARTESIAN_POINT('',(190.561679750949,86.,-18.));
#12641=CARTESIAN_POINT('',(190.561679750949,86.,-18.));
#12642=CARTESIAN_POINT('Origin',(192.061679750949,86.,-18.));
#12643=CARTESIAN_POINT('Origin',(160.102417601881,44.5,-18.));
#12644=CARTESIAN_POINT('',(158.602417601881,44.5,-13.));
#12645=CARTESIAN_POINT('Origin',(160.102417601881,44.5,-13.));
#12646=CARTESIAN_POINT('',(158.602417601881,44.5,-18.));
#12647=CARTESIAN_POINT('',(158.602417601881,44.5,-18.));
#12648=CARTESIAN_POINT('Origin',(160.102417601881,44.5,-18.));
#12649=CARTESIAN_POINT('Origin',(192.061679750949,3.00000000000001,-18.));
#12650=CARTESIAN_POINT('',(190.561679750949,3.00000000000001,-13.));
#12651=CARTESIAN_POINT('Origin',(192.061679750949,3.00000000000001,-13.));
#12652=CARTESIAN_POINT('',(190.561679750949,3.00000000000001,-18.));
#12653=CARTESIAN_POINT('',(190.561679750949,3.00000000000001,-18.));
#12654=CARTESIAN_POINT('Origin',(192.061679750949,3.00000000000001,-18.));
#12655=CARTESIAN_POINT('Origin',(160.102417601881,86.,-18.));
#12656=CARTESIAN_POINT('',(158.602417601881,86.,-13.));
#12657=CARTESIAN_POINT('Origin',(160.102417601881,86.,-13.));
#12658=CARTESIAN_POINT('',(158.602417601881,86.,-18.));
#12659=CARTESIAN_POINT('',(158.602417601881,86.,-18.));
#12660=CARTESIAN_POINT('Origin',(160.102417601881,86.,-18.));
#12661=CARTESIAN_POINT('Origin',(192.061679750949,44.5,-18.));
#12662=CARTESIAN_POINT('',(190.561679750949,44.5,-13.));
#12663=CARTESIAN_POINT('Origin',(192.061679750949,44.5,-13.));
#12664=CARTESIAN_POINT('',(190.561679750949,44.5,-18.));
#12665=CARTESIAN_POINT('',(190.561679750949,44.5,-18.));
#12666=CARTESIAN_POINT('Origin',(192.061679750949,44.5,-18.));
#12667=CARTESIAN_POINT('Origin',(160.102417601881,23.75,-18.));
#12668=CARTESIAN_POINT('',(158.602417601881,23.75,-13.));
#12669=CARTESIAN_POINT('Origin',(160.102417601881,23.75,-13.));
#12670=CARTESIAN_POINT('',(158.602417601881,23.75,-18.));
#12671=CARTESIAN_POINT('',(158.602417601881,23.75,-18.));
#12672=CARTESIAN_POINT('Origin',(160.102417601881,23.75,-18.));
#12673=CARTESIAN_POINT('Origin',(160.102417601881,3.00000000000001,-18.));
#12674=CARTESIAN_POINT('',(158.602417601881,3.00000000000001,-13.));
#12675=CARTESIAN_POINT('Origin',(160.102417601881,3.00000000000001,-13.));
#12676=CARTESIAN_POINT('',(158.602417601881,3.00000000000001,-18.));
#12677=CARTESIAN_POINT('',(158.602417601881,3.00000000000001,-18.));
#12678=CARTESIAN_POINT('Origin',(160.102417601881,3.00000000000001,-18.));
#12679=CARTESIAN_POINT('Origin',(160.102417601881,65.25,-18.));
#12680=CARTESIAN_POINT('',(158.602417601881,65.25,-13.));
#12681=CARTESIAN_POINT('Origin',(160.102417601881,65.25,-13.));
#12682=CARTESIAN_POINT('',(158.602417601881,65.25,-18.));
#12683=CARTESIAN_POINT('',(158.602417601881,65.25,-18.));
#12684=CARTESIAN_POINT('Origin',(160.102417601881,65.25,-18.));
#12685=CARTESIAN_POINT('Origin',(197.061679750949,4.44089209850063E-15,
-18.));
#12686=CARTESIAN_POINT('',(197.061679750949,4.44089209850063E-15,-18.));
#12687=CARTESIAN_POINT('',(155.102417601881,1.83186799063151E-14,-18.));
#12688=CARTESIAN_POINT('',(197.061679750949,4.44089209850063E-15,-18.));
#12689=CARTESIAN_POINT('',(197.061679750949,8.88178419700125E-15,-13.));
#12690=CARTESIAN_POINT('',(197.061679750949,4.44089209850063E-15,-18.));
#12691=CARTESIAN_POINT('',(155.102417601881,1.77635683940025E-14,-13.));
#12692=CARTESIAN_POINT('',(197.061679750949,4.44089209850063E-15,-13.));
#12693=CARTESIAN_POINT('',(155.102417601881,1.83186799063151E-14,-18.));
#12694=CARTESIAN_POINT('Origin',(197.061679750949,90.,-18.));
#12695=CARTESIAN_POINT('',(197.061679750949,90.,-18.));
#12696=CARTESIAN_POINT('',(197.061679750949,90.,-18.));
#12697=CARTESIAN_POINT('',(197.061679750949,90.,-13.));
#12698=CARTESIAN_POINT('',(197.061679750949,90.,-18.));
#12699=CARTESIAN_POINT('',(197.061679750949,90.,-13.));
#12700=CARTESIAN_POINT('Origin',(155.102417601881,90.,-18.));
#12701=CARTESIAN_POINT('',(155.102417601881,90.,-18.));
#12702=CARTESIAN_POINT('',(155.102417601881,90.,-18.));
#12703=CARTESIAN_POINT('',(155.102417601881,90.,-13.));
#12704=CARTESIAN_POINT('',(155.102417601881,90.,-18.));
#12705=CARTESIAN_POINT('',(155.102417601881,90.,-13.));
#12706=CARTESIAN_POINT('Origin',(155.102417601881,1.77635683940025E-14,
-18.));
#12707=CARTESIAN_POINT('',(155.102417601881,90.,-18.));
#12708=CARTESIAN_POINT('',(155.102417601881,90.,-13.));
#12709=CARTESIAN_POINT('Origin',(176.082048676415,45.,-18.));
#12710=CARTESIAN_POINT('Origin',(176.082048676415,45.,-13.));
#12711=CARTESIAN_POINT('Origin',(-248.75,90.,-11.));
#12712=CARTESIAN_POINT('',(152.248528939873,90.,0.));
#12713=CARTESIAN_POINT('',(151.8027320857,90.,10.8707345748896));
#12714=CARTESIAN_POINT('Origin',(-248.75,90.,-11.));
#12715=CARTESIAN_POINT('',(151.8027320857,100.,10.8707345748896));
#12716=CARTESIAN_POINT('',(151.8027320857,90.,10.8707345748896));
#12717=CARTESIAN_POINT('',(152.248528939873,100.,0.));
#12718=CARTESIAN_POINT('Origin',(-248.75,100.,-11.));
#12719=CARTESIAN_POINT('',(152.248528939873,90.,0.));
#12720=CARTESIAN_POINT('Origin',(161.693123921149,90.,11.3907580035856));
#12721=CARTESIAN_POINT('',(161.693123921149,90.,11.3907580035856));
#12722=CARTESIAN_POINT('',(151.8027320857,90.,10.8707345748896));
#12723=CARTESIAN_POINT('',(161.693123921149,100.,11.3907580035856));
#12724=CARTESIAN_POINT('',(161.693123921149,90.,11.3907580035856));
#12725=CARTESIAN_POINT('',(151.8027320857,100.,10.8707345748896));
#12726=CARTESIAN_POINT('Origin',(151.074544028459,90.,21.5753619224238));
#12727=CARTESIAN_POINT('',(151.074544028459,90.,21.5753619224238));
#12728=CARTESIAN_POINT('',(161.693123921149,90.,11.3907580035856));
#12729=CARTESIAN_POINT('',(151.074544028459,100.,21.5753619224238));
#12730=CARTESIAN_POINT('',(151.074544028459,90.,21.5753619224238));
#12731=CARTESIAN_POINT('',(161.693123921149,100.,11.3907580035856));
#12732=CARTESIAN_POINT('Origin',(-248.75,90.,-11.));
#12733=CARTESIAN_POINT('',(150.983696312218,90.,22.6718316213249));
#12734=CARTESIAN_POINT('Origin',(-248.75,90.,-11.));
#12735=CARTESIAN_POINT('',(150.983696312218,100.,22.6718316213249));
#12736=CARTESIAN_POINT('',(150.983696312218,90.,22.6718316213249));
#12737=CARTESIAN_POINT('Origin',(-248.75,100.,-11.));
#12738=CARTESIAN_POINT('Origin',(160.854454514214,90.,23.4832547802498));
#12739=CARTESIAN_POINT('',(160.854454514214,90.,23.4832547802498));
#12740=CARTESIAN_POINT('',(150.983696312218,90.,22.6718316213249));
#12741=CARTESIAN_POINT('',(160.854454514214,100.,23.4832547802498));
#12742=CARTESIAN_POINT('',(160.854454514214,90.,23.4832547802498));
#12743=CARTESIAN_POINT('',(150.983696312218,100.,22.6718316213249));
#12744=CARTESIAN_POINT('Origin',(149.940190672232,90.,33.3503334111641));
#12745=CARTESIAN_POINT('',(149.940190672232,90.,33.3503334111641));
#12746=CARTESIAN_POINT('',(160.854454514214,90.,23.4832547802498));
#12747=CARTESIAN_POINT('',(149.940190672232,100.,33.3503334111641));
#12748=CARTESIAN_POINT('',(149.940190672232,90.,33.3503334111641));
#12749=CARTESIAN_POINT('',(160.854454514214,100.,23.4832547802498));
#12750=CARTESIAN_POINT('Origin',(-248.75,90.,-11.));
#12751=CARTESIAN_POINT('',(149.817052201276,90.,34.4436476501298));
#12752=CARTESIAN_POINT('Origin',(-248.75,90.,-11.));
#12753=CARTESIAN_POINT('',(149.817052201276,100.,34.4436476501298));
#12754=CARTESIAN_POINT('',(149.817052201276,90.,34.4436476501298));
#12755=CARTESIAN_POINT('Origin',(-248.75,100.,-11.));
#12756=CARTESIAN_POINT('Origin',(159.659593160582,90.,35.5457649258769));
#12757=CARTESIAN_POINT('',(159.659593160582,90.,35.5457649258769));
#12758=CARTESIAN_POINT('',(149.817052201276,90.,34.4436476501298));
#12759=CARTESIAN_POINT('',(159.659593160582,100.,35.5457649258769));
#12760=CARTESIAN_POINT('',(159.659593160582,90.,35.5457649258769));
#12761=CARTESIAN_POINT('',(149.817052201276,100.,34.4436476501298));
#12762=CARTESIAN_POINT('Origin',(148.459136410827,90.,45.0867378593844));
#12763=CARTESIAN_POINT('',(148.459136410827,90.,45.0867378593844));
#12764=CARTESIAN_POINT('',(159.659593160582,90.,35.5457649258769));
#12765=CARTESIAN_POINT('',(148.459136410827,100.,45.0867378593844));
#12766=CARTESIAN_POINT('',(148.459136410827,90.,45.0867378593844));
#12767=CARTESIAN_POINT('',(159.659593160582,100.,35.5457649258769));
#12768=CARTESIAN_POINT('Origin',(-248.75,90.,-11.));
#12769=CARTESIAN_POINT('',(148.303814266343,90.,46.1759458925845));
#12770=CARTESIAN_POINT('Origin',(-248.75,90.,-11.));
#12771=CARTESIAN_POINT('',(148.303814266343,100.,46.1759458925845));
#12772=CARTESIAN_POINT('',(148.303814266343,90.,46.1759458925845));
#12773=CARTESIAN_POINT('Origin',(-248.75,100.,-11.));
#12774=CARTESIAN_POINT('Origin',(158.10957891143,90.,47.5677988842048));
#12775=CARTESIAN_POINT('',(158.10957891143,90.,47.5677988842048));
#12776=CARTESIAN_POINT('',(148.303814266343,90.,46.1759458925845));
#12777=CARTESIAN_POINT('',(158.10957891143,100.,47.5677988842048));
#12778=CARTESIAN_POINT('',(158.10957891143,90.,47.5677988842048));
#12779=CARTESIAN_POINT('',(148.303814266343,100.,46.1759458925845));
#12780=CARTESIAN_POINT('Origin',(146.632669168715,90.,56.7743692922678));
#12781=CARTESIAN_POINT('',(146.632669168715,90.,56.7743692922678));
#12782=CARTESIAN_POINT('',(158.10957891143,90.,47.5677988842048));
#12783=CARTESIAN_POINT('',(146.632669168715,100.,56.7743692922678));
#12784=CARTESIAN_POINT('',(146.632669168715,90.,56.7743692922678));
#12785=CARTESIAN_POINT('',(158.10957891143,100.,47.5677988842048));
#12786=CARTESIAN_POINT('Origin',(-248.75,90.,-11.));
#12787=CARTESIAN_POINT('',(146.445298418808,90.,57.8585239446278));
#12788=CARTESIAN_POINT('Origin',(-248.75,90.,-11.));
#12789=CARTESIAN_POINT('',(146.445298418808,100.,57.8585239446278));
#12790=CARTESIAN_POINT('',(146.445298418808,90.,57.8585239446278));
#12791=CARTESIAN_POINT('Origin',(-248.75,100.,-11.));
#12792=CARTESIAN_POINT('Origin',(156.205759658822,90.,59.5389022970552));
#12793=CARTESIAN_POINT('',(156.205759658822,90.,59.5389022970552));
#12794=CARTESIAN_POINT('',(146.445298418808,90.,57.8585239446278));
#12795=CARTESIAN_POINT('',(156.205759658822,100.,59.5389022970552));
#12796=CARTESIAN_POINT('',(156.205759658822,90.,59.5389022970552));
#12797=CARTESIAN_POINT('',(146.445298418808,100.,57.8585239446278));
#12798=CARTESIAN_POINT('Origin',(144.462377241422,90.,68.4030641480012));
#12799=CARTESIAN_POINT('',(144.462377241422,90.,68.4030641480012));
#12800=CARTESIAN_POINT('',(156.205759658822,90.,59.5389022970552));
#12801=CARTESIAN_POINT('',(144.462377241422,100.,68.4030641480012));
#12802=CARTESIAN_POINT('',(144.462377241422,90.,68.4030641480012));
#12803=CARTESIAN_POINT('',(156.205759658822,100.,59.5389022970552));
#12804=CARTESIAN_POINT('Origin',(-248.75,90.,-11.));
#12805=CARTESIAN_POINT('',(144.243120823656,90.,69.4812226388656));
#12806=CARTESIAN_POINT('Origin',(-248.75,90.,-11.));
#12807=CARTESIAN_POINT('',(144.243120823656,100.,69.4812226388656));
#12808=CARTESIAN_POINT('',(144.243120823656,90.,69.4812226388656));
#12809=CARTESIAN_POINT('Origin',(-248.75,100.,-11.));
#12810=CARTESIAN_POINT('Origin',(153.949790963574,90.,71.4486650954416));
#12811=CARTESIAN_POINT('',(153.949790963574,90.,71.4486650954416));
#12812=CARTESIAN_POINT('',(144.243120823656,90.,69.4812226388656));
#12813=CARTESIAN_POINT('',(153.949790963574,100.,71.4486650954416));
#12814=CARTESIAN_POINT('',(153.949790963574,90.,71.4486650954416));
#12815=CARTESIAN_POINT('',(144.243120823656,100.,69.4812226388656));
#12816=CARTESIAN_POINT('Origin',(141.950147914348,90.,79.9627101160065));
#12817=CARTESIAN_POINT('',(141.950147914348,90.,79.9627101160065));
#12818=CARTESIAN_POINT('',(153.949790963574,90.,71.4486650954416));
#12819=CARTESIAN_POINT('',(141.950147914348,100.,79.9627101160065));
#12820=CARTESIAN_POINT('',(141.950147914348,90.,79.9627101160065));
#12821=CARTESIAN_POINT('',(153.949790963574,100.,71.4486650954416));
#12822=CARTESIAN_POINT('Origin',(-248.75,90.,-11.));
#12823=CARTESIAN_POINT('',(141.699196494057,90.,81.0339348789805));
#12824=CARTESIAN_POINT('Origin',(-248.75,90.,-11.));
#12825=CARTESIAN_POINT('',(141.699196494057,100.,81.0339348789805));
#12826=CARTESIAN_POINT('',(141.699196494057,90.,81.0339348789805));
#12827=CARTESIAN_POINT('Origin',(-248.75,100.,-11.));
#12828=CARTESIAN_POINT('Origin',(151.343634615587,90.,83.2867305521624));
#12829=CARTESIAN_POINT('',(151.343634615587,90.,83.2867305521624));
#12830=CARTESIAN_POINT('',(141.699196494057,90.,81.0339348789805));
#12831=CARTESIAN_POINT('',(151.343634615587,100.,83.2867305521624));
#12832=CARTESIAN_POINT('',(151.343634615587,90.,83.2867305521624));
#12833=CARTESIAN_POINT('',(141.699196494057,100.,81.0339348789805));
#12834=CARTESIAN_POINT('Origin',(139.098165821582,90.,91.4432549306037));
#12835=CARTESIAN_POINT('',(139.098165821582,90.,91.4432549306037));
#12836=CARTESIAN_POINT('',(151.343634615587,90.,83.2867305521624));
#12837=CARTESIAN_POINT('',(139.098165821582,100.,91.4432549306037));
#12838=CARTESIAN_POINT('',(139.098165821582,90.,91.4432549306037));
#12839=CARTESIAN_POINT('',(151.343634615587,100.,83.2867305521624));
#12840=CARTESIAN_POINT('Origin',(-248.75,90.,-11.));
#12841=CARTESIAN_POINT('',(138.815737626069,90.,92.5066144288608));
#12842=CARTESIAN_POINT('Origin',(-248.75,90.,-11.));
#12843=CARTESIAN_POINT('',(138.815737626069,100.,92.5066144288608));
#12844=CARTESIAN_POINT('',(138.815737626069,90.,92.5066144288608));
#12845=CARTESIAN_POINT('Origin',(-248.75,100.,-11.));
#12846=CARTESIAN_POINT('Origin',(148.389556927866,90.,95.0428042880094));
#12847=CARTESIAN_POINT('',(148.389556927866,90.,95.0428042880094));
#12848=CARTESIAN_POINT('',(138.815737626069,90.,92.5066144288608));
#12849=CARTESIAN_POINT('',(148.389556927866,100.,95.0428042880094));
#12850=CARTESIAN_POINT('',(148.389556927866,90.,95.0428042880094));
#12851=CARTESIAN_POINT('',(138.815737626069,100.,92.5066144288608));
#12852=CARTESIAN_POINT('Origin',(135.908911046147,90.,102.834715112459));
#12853=CARTESIAN_POINT('',(135.908911046147,90.,102.834715112459));
#12854=CARTESIAN_POINT('',(148.389556927866,90.,95.0428042880094));
#12855=CARTESIAN_POINT('',(135.908911046147,100.,102.834715112459));
#12856=CARTESIAN_POINT('',(135.908911046147,90.,102.834715112459));
#12857=CARTESIAN_POINT('',(148.389556927866,100.,95.0428042880094));
#12858=CARTESIAN_POINT('Origin',(-248.75,90.,-11.));
#12859=CARTESIAN_POINT('',(135.595251674909,90.,103.889284648805));
#12860=CARTESIAN_POINT('Origin',(-248.75,90.,-11.));
#12861=CARTESIAN_POINT('',(135.595251674909,100.,103.889284648805));
#12862=CARTESIAN_POINT('',(135.595251674909,90.,103.889284648805));
#12863=CARTESIAN_POINT('Origin',(-248.75,100.,-11.));
#12864=CARTESIAN_POINT('Origin',(145.090126765742,90.,106.706663223757));
#12865=CARTESIAN_POINT('',(145.090126765742,90.,106.706663223757));
#12866=CARTESIAN_POINT('',(135.595251674909,90.,103.889284648805));
#12867=CARTESIAN_POINT('',(145.090126765742,100.,106.706663223757));
#12868=CARTESIAN_POINT('',(145.090126765742,90.,106.706663223757));
#12869=CARTESIAN_POINT('',(135.595251674909,100.,103.889284648805));
#12870=CARTESIAN_POINT('Origin',(132.385156963318,90.,114.127184650216));
#12871=CARTESIAN_POINT('',(132.385156963318,90.,114.127184650216));
#12872=CARTESIAN_POINT('',(145.090126765742,90.,106.706663223757));
#12873=CARTESIAN_POINT('',(132.385156963318,100.,114.127184650216));
#12874=CARTESIAN_POINT('',(132.385156963318,90.,114.127184650216));
#12875=CARTESIAN_POINT('',(145.090126765742,100.,106.706663223757));
#12876=CARTESIAN_POINT('Origin',(-248.75,90.,-11.));
#12877=CARTESIAN_POINT('',(132.040539174479,90.,115.172047171207));
#12878=CARTESIAN_POINT('Origin',(-248.75,90.,-11.));
#12879=CARTESIAN_POINT('',(132.040539174479,100.,115.172047171207));
#12880=CARTESIAN_POINT('',(132.040539174479,90.,115.172047171207));
#12881=CARTESIAN_POINT('Origin',(-248.75,100.,-11.));
#12882=CARTESIAN_POINT('Origin',(141.448213312983,90.,118.268164470152));
#12883=CARTESIAN_POINT('',(141.448213312983,90.,118.268164470152));
#12884=CARTESIAN_POINT('',(132.040539174479,90.,115.172047171207));
#12885=CARTESIAN_POINT('',(141.448213312983,100.,118.268164470152));
#12886=CARTESIAN_POINT('',(141.448213312983,90.,118.268164470152));
#12887=CARTESIAN_POINT('',(132.040539174479,100.,115.172047171207));
#12888=CARTESIAN_POINT('Origin',(128.529967828897,90.,125.310843614763));
#12889=CARTESIAN_POINT('',(128.529967828897,90.,125.310843614763));
#12890=CARTESIAN_POINT('',(141.448213312983,90.,118.268164470152));
#12891=CARTESIAN_POINT('',(128.529967828897,100.,125.310843614763));
#12892=CARTESIAN_POINT('',(128.529967828897,90.,125.310843614763));
#12893=CARTESIAN_POINT('',(141.448213312983,100.,118.268164470152));
#12894=CARTESIAN_POINT('Origin',(-248.75,90.,-11.));
#12895=CARTESIAN_POINT('',(128.154691302013,90.,126.345090508171));
#12896=CARTESIAN_POINT('Origin',(-248.75,90.,-11.));
#12897=CARTESIAN_POINT('',(128.154691302013,100.,126.345090508171));
#12898=CARTESIAN_POINT('',(128.154691302013,90.,126.345090508171));
#12899=CARTESIAN_POINT('Origin',(-248.75,100.,-11.));
#12900=CARTESIAN_POINT('Origin',(137.466983576756,90.,129.717254148163));
#12901=CARTESIAN_POINT('',(137.466983576756,90.,129.717254148163));
#12902=CARTESIAN_POINT('',(128.154691302013,90.,126.345090508171));
#12903=CARTESIAN_POINT('',(137.466983576756,100.,129.717254148163));
#12904=CARTESIAN_POINT('',(137.466983576756,90.,129.717254148163));
#12905=CARTESIAN_POINT('',(128.154691302013,100.,126.345090508171));
#12906=CARTESIAN_POINT('Origin',(124.346696114539,90.,136.375966698637));
#12907=CARTESIAN_POINT('',(124.346696114539,90.,136.375966698637));
#12908=CARTESIAN_POINT('',(137.466983576756,90.,129.717254148163));
#12909=CARTESIAN_POINT('',(124.346696114539,100.,136.375966698637));
#12910=CARTESIAN_POINT('',(124.346696114539,90.,136.375966698637));
#12911=CARTESIAN_POINT('',(137.466983576756,100.,129.717254148163));
#12912=CARTESIAN_POINT('Origin',(-248.75,90.,-11.));
#12913=CARTESIAN_POINT('',(123.941087189997,90.,137.398698583584));
#12914=CARTESIAN_POINT('Origin',(-248.75,90.,-11.));
#12915=CARTESIAN_POINT('',(123.941087189997,100.,137.398698583584));
#12916=CARTESIAN_POINT('',(123.941087189997,90.,137.398698583584));
#12917=CARTESIAN_POINT('Origin',(-248.75,100.,-11.));
#12918=CARTESIAN_POINT('Origin',(133.149899633593,90.,141.043976131837));
#12919=CARTESIAN_POINT('',(133.149899633593,90.,141.043976131837));
#12920=CARTESIAN_POINT('',(123.941087189997,90.,137.398698583584));
#12921=CARTESIAN_POINT('',(133.149899633593,100.,141.043976131837));
#12922=CARTESIAN_POINT('',(133.149899633593,90.,141.043976131837));
#12923=CARTESIAN_POINT('',(123.941087189997,100.,137.398698583584));
#12924=CARTESIAN_POINT('Origin',(119.838979592437,90.,147.312931673153));
#12925=CARTESIAN_POINT('',(119.838979592437,90.,147.312931673153));
#12926=CARTESIAN_POINT('',(133.149899633593,90.,141.043976131837));
#12927=CARTESIAN_POINT('',(119.838979592437,100.,147.312931673153));
#12928=CARTESIAN_POINT('',(119.838979592437,90.,147.312931673153));
#12929=CARTESIAN_POINT('',(133.149899633593,100.,141.043976131837));
#12930=CARTESIAN_POINT('Origin',(-248.75,90.,-11.));
#12931=CARTESIAN_POINT('',(119.403390987673,90.,148.323259182209));
#12932=CARTESIAN_POINT('Origin',(-248.75,90.,-11.));
#12933=CARTESIAN_POINT('',(119.403390987673,100.,148.323259182209));
#12934=CARTESIAN_POINT('',(119.403390987673,90.,148.323259182209));
#12935=CARTESIAN_POINT('Origin',(-248.75,100.,-11.));
#12936=CARTESIAN_POINT('Origin',(128.500715618775,90.,152.238480706141));
#12937=CARTESIAN_POINT('',(128.500715618775,90.,152.238480706141));
#12938=CARTESIAN_POINT('',(119.403390987673,90.,148.323259182209));
#12939=CARTESIAN_POINT('',(128.500715618775,100.,152.238480706141));
#12940=CARTESIAN_POINT('',(128.500715618775,90.,152.238480706141));
#12941=CARTESIAN_POINT('',(119.403390987673,100.,148.323259182209));
#12942=CARTESIAN_POINT('Origin',(115.010738171922,90.,158.112227755892));
#12943=CARTESIAN_POINT('',(115.010738171922,90.,158.112227755892));
#12944=CARTESIAN_POINT('',(128.500715618775,90.,152.238480706141));
#12945=CARTESIAN_POINT('',(115.010738171922,100.,158.112227755892));
#12946=CARTESIAN_POINT('',(115.010738171922,90.,158.112227755892));
#12947=CARTESIAN_POINT('',(128.500715618775,100.,152.238480706141));
#12948=CARTESIAN_POINT('Origin',(-248.75,90.,-11.));
#12949=CARTESIAN_POINT('',(114.545548674694,90.,159.109272308469));
#12950=CARTESIAN_POINT('Origin',(-248.75,90.,-11.));
#12951=CARTESIAN_POINT('',(114.545548674694,100.,159.109272308469));
#12952=CARTESIAN_POINT('',(114.545548674694,90.,159.109272308469));
#12953=CARTESIAN_POINT('Origin',(-248.75,100.,-11.));
#12954=CARTESIAN_POINT('Origin',(123.523474461734,90.,163.291033132274));
#12955=CARTESIAN_POINT('',(123.523474461734,90.,163.291033132274));
#12956=CARTESIAN_POINT('',(114.545548674694,90.,159.109272308469));
#12957=CARTESIAN_POINT('',(123.523474461734,100.,163.291033132274));
#12958=CARTESIAN_POINT('',(123.523474461734,90.,163.291033132274));
#12959=CARTESIAN_POINT('',(114.545548674694,100.,159.109272308469));
#12960=CARTESIAN_POINT('Origin',(109.866170490709,90.,168.764463881272));
#12961=CARTESIAN_POINT('',(109.866170490709,90.,168.764463881272));
#12962=CARTESIAN_POINT('',(123.523474461734,90.,163.291033132274));
#12963=CARTESIAN_POINT('',(109.866170490709,100.,168.764463881272));
#12964=CARTESIAN_POINT('',(109.866170490709,90.,168.764463881272));
#12965=CARTESIAN_POINT('',(123.523474461734,100.,163.291033132274));
#12966=CARTESIAN_POINT('Origin',(-248.75,90.,-11.));
#12967=CARTESIAN_POINT('',(109.371784629704,90.,169.747358447639));
#12968=CARTESIAN_POINT('Origin',(-248.75,90.,-11.));
#12969=CARTESIAN_POINT('',(109.371784629704,100.,169.747358447639));
#12970=CARTESIAN_POINT('',(109.371784629704,90.,169.747358447639));
#12971=CARTESIAN_POINT('Origin',(-248.75,100.,-11.));
#12972=CARTESIAN_POINT('Origin',(118.222504370324,90.,174.192022112993));
#12973=CARTESIAN_POINT('',(118.222504370324,90.,174.192022112993));
#12974=CARTESIAN_POINT('',(109.371784629704,90.,169.747358447639));
#12975=CARTESIAN_POINT('',(118.222504370324,100.,174.192022112993));
#12976=CARTESIAN_POINT('',(118.222504370324,90.,174.192022112993));
#12977=CARTESIAN_POINT('',(109.371784629704,100.,169.747358447639));
#12978=CARTESIAN_POINT('Origin',(104.409750263761,90.,179.26037686702));
#12979=CARTESIAN_POINT('',(104.409750263761,90.,179.26037686702));
#12980=CARTESIAN_POINT('',(118.222504370324,90.,174.192022112993));
#12981=CARTESIAN_POINT('',(104.409750263761,100.,179.26037686702));
#12982=CARTESIAN_POINT('',(104.409750263761,90.,179.26037686702));
#12983=CARTESIAN_POINT('',(118.222504370324,100.,174.192022112993));
#12984=CARTESIAN_POINT('Origin',(-248.75,90.,-11.));
#12985=CARTESIAN_POINT('',(103.88659795682,90.,180.22826672227));
#12986=CARTESIAN_POINT('Origin',(-248.75,90.,-11.));
#12987=CARTESIAN_POINT('',(103.88659795682,100.,180.22826672227));
#12988=CARTESIAN_POINT('',(103.88659795682,90.,180.22826672227));
#12989=CARTESIAN_POINT('Origin',(-248.75,100.,-11.));
#12990=CARTESIAN_POINT('Origin',(112.602415067012,90.,184.931968150593));
#12991=CARTESIAN_POINT('',(112.602415067012,90.,184.931968150593));
#12992=CARTESIAN_POINT('',(103.88659795682,90.,180.22826672227));
#12993=CARTESIAN_POINT('',(112.602415067012,100.,184.931968150593));
#12994=CARTESIAN_POINT('',(112.602415067012,90.,184.931968150593));
#12995=CARTESIAN_POINT('',(103.88659795682,100.,180.22826672227));
#12996=CARTESIAN_POINT('Origin',(98.646222392949,90.,189.59083946943));
#12997=CARTESIAN_POINT('',(98.646222392949,90.,189.59083946943));
#12998=CARTESIAN_POINT('',(112.602415067012,90.,184.931968150593));
#12999=CARTESIAN_POINT('',(98.646222392949,100.,189.59083946943));
#13000=CARTESIAN_POINT('',(98.646222392949,90.,189.59083946943));
#13001=CARTESIAN_POINT('',(112.602415067012,100.,184.931968150593));
#13002=CARTESIAN_POINT('Origin',(-248.75,90.,-11.));
#13003=CARTESIAN_POINT('',(98.0947585732068,90.,190.542882936752));
#13004=CARTESIAN_POINT('Origin',(-248.75,90.,-11.));
#13005=CARTESIAN_POINT('',(98.0947585732068,100.,190.542882936752));
#13006=CARTESIAN_POINT('',(98.0947585732068,90.,190.542882936752));
#13007=CARTESIAN_POINT('Origin',(-248.75,100.,-11.));
#13008=CARTESIAN_POINT('Origin',(106.668093780262,90.,195.501531790279));
#13009=CARTESIAN_POINT('',(106.668093780262,90.,195.501531790279));
#13010=CARTESIAN_POINT('',(98.0947585732068,90.,190.542882936752));
#13011=CARTESIAN_POINT('',(106.668093780262,100.,195.501531790279));
#13012=CARTESIAN_POINT('',(106.668093780262,90.,195.501531790279));
#13013=CARTESIAN_POINT('',(98.0947585732068,100.,190.542882936752));
#13014=CARTESIAN_POINT('Origin',(92.5805988408867,90.,199.746868320418));
#13015=CARTESIAN_POINT('',(92.5805988408867,90.,199.746868320418));
#13016=CARTESIAN_POINT('',(106.668093780262,90.,195.501531790279));
#13017=CARTESIAN_POINT('',(92.5805988408867,100.,199.746868320418));
#13018=CARTESIAN_POINT('',(92.5805988408867,90.,199.746868320418));
#13019=CARTESIAN_POINT('',(106.668093780262,100.,195.501531790279));
#13020=CARTESIAN_POINT('Origin',(-248.75,90.,-11.));
#13021=CARTESIAN_POINT('',(92.0013030611637,90.,200.682237503014));
#13022=CARTESIAN_POINT('Origin',(-248.75,90.,-11.));
#13023=CARTESIAN_POINT('',(92.0013030611637,100.,200.682237503014));
#13024=CARTESIAN_POINT('',(92.0013030611637,90.,200.682237503014));
#13025=CARTESIAN_POINT('Origin',(-248.75,100.,-11.));
#13026=CARTESIAN_POINT('Origin',(100.424700994606,90.,205.891521741756));
#13027=CARTESIAN_POINT('',(100.424700994606,90.,205.891521741756));
#13028=CARTESIAN_POINT('',(92.0013030611637,90.,200.682237503014));
#13029=CARTESIAN_POINT('',(100.424700994606,100.,205.891521741756));
#13030=CARTESIAN_POINT('',(100.424700994606,90.,205.891521741756));
#13031=CARTESIAN_POINT('',(92.0013030611637,100.,200.682237503014));
#13032=CARTESIAN_POINT('Origin',(86.2181542725271,90.,209.71963173945));
#13033=CARTESIAN_POINT('',(86.2181542725271,90.,209.71963173945));
#13034=CARTESIAN_POINT('',(100.424700994606,90.,205.891521741756));
#13035=CARTESIAN_POINT('',(86.2181542725271,100.,209.71963173945));
#13036=CARTESIAN_POINT('',(86.2181542725271,90.,209.71963173945));
#13037=CARTESIAN_POINT('',(100.424700994606,100.,205.891521741756));
#13038=CARTESIAN_POINT('Origin',(-248.75,90.,-11.));
#13039=CARTESIAN_POINT('',(85.6115302883104,90.,210.637513240477));
#13040=CARTESIAN_POINT('Origin',(-248.75,90.,-11.));
#13041=CARTESIAN_POINT('',(85.6115302883104,100.,210.637513240477));
#13042=CARTESIAN_POINT('',(85.6115302883104,90.,210.637513240477));
#13043=CARTESIAN_POINT('Origin',(-248.75,100.,-11.));
#13044=CARTESIAN_POINT('Origin',(93.8776659630844,90.,216.092902871965));
#13045=CARTESIAN_POINT('',(93.8776659630844,90.,216.092902871965));
#13046=CARTESIAN_POINT('',(85.6115302883104,90.,210.637513240477));
#13047=CARTESIAN_POINT('',(93.8776659630844,100.,216.092902871965));
#13048=CARTESIAN_POINT('',(93.8776659630844,90.,216.092902871965));
#13049=CARTESIAN_POINT('',(85.6115302883104,100.,210.637513240477));
#13050=CARTESIAN_POINT('Origin',(79.5644214683161,90.,219.500457413574));
#13051=CARTESIAN_POINT('',(79.5644214683161,90.,219.500457413574));
#13052=CARTESIAN_POINT('',(93.8776659630844,90.,216.092902871965));
#13053=CARTESIAN_POINT('',(79.5644214683161,100.,219.500457413574));
#13054=CARTESIAN_POINT('',(79.5644214683161,90.,219.500457413574));
#13055=CARTESIAN_POINT('',(93.8776659630844,100.,216.092902871965));
#13056=CARTESIAN_POINT('Origin',(-248.75,90.,-11.));
#13057=CARTESIAN_POINT('',(78.9309967996936,90.,220.400053043474));
#13058=CARTESIAN_POINT('Origin',(-248.75,90.,-11.));
#13059=CARTESIAN_POINT('',(78.9309967996936,100.,220.400053043474));
#13060=CARTESIAN_POINT('',(78.9309967996936,90.,220.400053043474));
#13061=CARTESIAN_POINT('Origin',(-248.75,100.,-11.));
#13062=CARTESIAN_POINT('Origin',(87.0326819859716,90.,226.096804062043));
#13063=CARTESIAN_POINT('',(87.0326819859716,90.,226.096804062043));
#13064=CARTESIAN_POINT('',(78.9309967996936,90.,220.400053043474));
#13065=CARTESIAN_POINT('',(87.0326819859716,100.,226.096804062043));
#13066=CARTESIAN_POINT('',(87.0326819859716,90.,226.096804062043));
#13067=CARTESIAN_POINT('',(78.9309967996936,100.,220.400053043474));
#13068=CARTESIAN_POINT('Origin',(72.6251865128881,90.,229.08083993886));
#13069=CARTESIAN_POINT('',(72.6251865128881,90.,229.08083993886));
#13070=CARTESIAN_POINT('',(87.0326819859716,90.,226.096804062043));
#13071=CARTESIAN_POINT('',(72.6251865128881,100.,229.08083993886));
#13072=CARTESIAN_POINT('',(72.6251865128881,90.,229.08083993886));
#13073=CARTESIAN_POINT('',(87.0326819859716,100.,226.096804062043));
#13074=CARTESIAN_POINT('Origin',(-248.75,90.,-11.));
#13075=CARTESIAN_POINT('',(71.9655119858172,90.,229.961367409464));
#13076=CARTESIAN_POINT('Origin',(-248.75,90.,-11.));
#13077=CARTESIAN_POINT('',(71.9655119858172,100.,229.961367409464));
#13078=CARTESIAN_POINT('',(71.9655119858172,90.,229.961367409464));
#13079=CARTESIAN_POINT('Origin',(-248.75,100.,-11.));
#13080=CARTESIAN_POINT('Origin',(79.8957014598809,90.,235.894525921637));
#13081=CARTESIAN_POINT('',(79.8957014598809,90.,235.894525921637));
#13082=CARTESIAN_POINT('',(71.9655119858172,90.,229.961367409464));
#13083=CARTESIAN_POINT('',(79.8957014598809,100.,235.894525921637));
#13084=CARTESIAN_POINT('',(79.8957014598809,90.,235.894525921637));
#13085=CARTESIAN_POINT('',(71.9655119858172,100.,229.961367409464));
#13086=CARTESIAN_POINT('Origin',(65.4064837634872,90.,238.452448216697));
#13087=CARTESIAN_POINT('',(65.4064837634872,90.,238.452448216697));
#13088=CARTESIAN_POINT('',(79.8957014598809,90.,235.894525921637));
#13089=CARTESIAN_POINT('',(65.4064837634872,100.,238.452448216697));
#13090=CARTESIAN_POINT('',(65.4064837634872,90.,238.452448216697));
#13091=CARTESIAN_POINT('',(79.8957014598809,100.,235.894525921637));
#13092=CARTESIAN_POINT('Origin',(-248.75,90.,-11.));
#13093=CARTESIAN_POINT('',(64.7211330307966,90.,239.313141821503));
#13094=CARTESIAN_POINT('Origin',(-248.75,90.,-11.));
#13095=CARTESIAN_POINT('',(64.7211330307966,100.,239.313141821503));
#13096=CARTESIAN_POINT('',(64.7211330307966,90.,239.313141821503));
#13097=CARTESIAN_POINT('Origin',(-248.75,100.,-11.));
#13098=CARTESIAN_POINT('Origin',(72.4729307015627,90.,245.477548353898));
#13099=CARTESIAN_POINT('',(72.4729307015627,90.,245.477548353898));
#13100=CARTESIAN_POINT('',(64.7211330307966,90.,239.313141821503));
#13101=CARTESIAN_POINT('',(72.4729307015627,100.,245.477548353898));
#13102=CARTESIAN_POINT('',(72.4729307015627,90.,245.477548353898));
#13103=CARTESIAN_POINT('',(64.7211330307966,100.,239.313141821503));
#13104=CARTESIAN_POINT('Origin',(57.914590602492,90.,247.607132698516));
#13105=CARTESIAN_POINT('',(57.914590602492,90.,247.607132698516));
#13106=CARTESIAN_POINT('',(72.4729307015627,90.,245.477548353898));
#13107=CARTESIAN_POINT('',(57.914590602492,100.,247.607132698516));
#13108=CARTESIAN_POINT('',(57.914590602492,90.,247.607132698516));
#13109=CARTESIAN_POINT('',(72.4729307015627,100.,245.477548353898));
#13110=CARTESIAN_POINT('Origin',(-248.75,90.,-11.));
#13111=CARTESIAN_POINT('',(57.2041596450333,90.,248.447243978549));
#13112=CARTESIAN_POINT('Origin',(-248.75,90.,-11.));
#13113=CARTESIAN_POINT('',(57.2041596450333,100.,248.447243978549));
#13114=CARTESIAN_POINT('',(57.2041596450333,90.,248.447243978549));
#13115=CARTESIAN_POINT('Origin',(-248.75,100.,-11.));
#13116=CARTESIAN_POINT('Origin',(64.7708245508928,90.,254.837537964553));
#13117=CARTESIAN_POINT('',(64.7708245508928,90.,254.837537964553));
#13118=CARTESIAN_POINT('',(57.2041596450333,90.,248.447243978549));
#13119=CARTESIAN_POINT('',(64.7708245508928,100.,254.837537964553));
#13120=CARTESIAN_POINT('',(64.7708245508928,90.,254.837537964553));
#13121=CARTESIAN_POINT('',(57.2041596450333,100.,248.447243978549));
#13122=CARTESIAN_POINT('Origin',(50.156021978605,90.,256.536932472636));
#13123=CARTESIAN_POINT('',(50.156021978605,90.,256.536932472636));
#13124=CARTESIAN_POINT('',(64.7708245508928,90.,254.837537964553));
#13125=CARTESIAN_POINT('',(50.156021978605,100.,256.536932472636));
#13126=CARTESIAN_POINT('',(50.156021978605,90.,256.536932472636));
#13127=CARTESIAN_POINT('',(64.7708245508928,100.,254.837537964553));
#13128=CARTESIAN_POINT('Origin',(-248.75,90.,-11.));
#13129=CARTESIAN_POINT('',(49.421128586988,90.,257.355730867305));
#13130=CARTESIAN_POINT('Origin',(-248.75,90.,-11.));
#13131=CARTESIAN_POINT('',(49.421128586988,100.,257.355730867305));
#13132=CARTESIAN_POINT('',(49.421128586988,90.,257.355730867305));
#13133=CARTESIAN_POINT('Origin',(-248.75,100.,-11.));
#13134=CARTESIAN_POINT('Origin',(56.7960807577449,90.,263.966355308624));
#13135=CARTESIAN_POINT('',(56.7960807577449,90.,263.966355308624));
#13136=CARTESIAN_POINT('',(49.421128586988,90.,257.355730867305));
#13137=CARTESIAN_POINT('',(56.7960807577449,100.,263.966355308624));
#13138=CARTESIAN_POINT('',(56.7960807577449,90.,263.966355308624));
#13139=CARTESIAN_POINT('',(49.421128586988,100.,257.355730867305));
#13140=CARTESIAN_POINT('Origin',(42.1375247414545,90.,265.234082187068));
#13141=CARTESIAN_POINT('',(42.1375247414545,90.,265.234082187068));
#13142=CARTESIAN_POINT('',(56.7960807577449,90.,263.966355308624));
#13143=CARTESIAN_POINT('',(42.1375247414545,100.,265.234082187068));
#13144=CARTESIAN_POINT('',(42.1375247414545,90.,265.234082187068));
#13145=CARTESIAN_POINT('',(56.7960807577449,100.,263.966355308624));
#13146=CARTESIAN_POINT('Origin',(-248.75,90.,-11.));
#13147=CARTESIAN_POINT('',(41.3788079788167,90.,266.030855669462));
#13148=CARTESIAN_POINT('Origin',(-248.75,90.,-11.));
#13149=CARTESIAN_POINT('',(41.3788079788167,100.,266.030855669462));
#13150=CARTESIAN_POINT('',(41.3788079788167,90.,266.030855669462));
#13151=CARTESIAN_POINT('Origin',(-248.75,100.,-11.));
#13152=CARTESIAN_POINT('Origin',(48.5556341576288,90.,272.856061968486));
#13153=CARTESIAN_POINT('',(48.5556341576288,90.,272.856061968486));
#13154=CARTESIAN_POINT('',(41.3788079788167,90.,266.030855669462));
#13155=CARTESIAN_POINT('',(48.5556341576288,100.,272.856061968486));
#13156=CARTESIAN_POINT('',(48.5556341576288,90.,272.856061968486));
#13157=CARTESIAN_POINT('',(41.3788079788167,100.,266.030855669462));
#13158=CARTESIAN_POINT('Origin',(33.8660717745359,90.,273.691018802266));
#13159=CARTESIAN_POINT('',(33.8660717745359,90.,273.691018802266));
#13160=CARTESIAN_POINT('',(48.5556341576288,90.,272.856061968486));
#13161=CARTESIAN_POINT('',(33.8660717745359,100.,273.691018802266));
#13162=CARTESIAN_POINT('',(33.8660717745359,90.,273.691018802266));
#13163=CARTESIAN_POINT('',(48.5556341576288,100.,272.856061968486));
#13164=CARTESIAN_POINT('Origin',(-248.75,90.,-11.));
#13165=CARTESIAN_POINT('',(33.0841914208129,90.,274.465074498335));
#13166=CARTESIAN_POINT('Origin',(-248.75,90.,-11.));
#13167=CARTESIAN_POINT('',(33.0841914208129,100.,274.465074498335));
#13168=CARTESIAN_POINT('',(33.0841914208129,90.,274.465074498335));
#13169=CARTESIAN_POINT('Origin',(-248.75,100.,-11.));
#13170=CARTESIAN_POINT('Origin',(40.0566506411586,90.,281.498927457115));
#13171=CARTESIAN_POINT('',(40.0566506411586,90.,281.498927457115));
#13172=CARTESIAN_POINT('',(33.0841914208129,90.,274.465074498335));
#13173=CARTESIAN_POINT('',(40.0566506411586,100.,281.498927457115));
#13174=CARTESIAN_POINT('',(40.0566506411586,90.,281.498927457115));
#13175=CARTESIAN_POINT('',(33.0841914208129,100.,274.465074498335));
#13176=CARTESIAN_POINT('Origin',(25.3488559315935,90.,281.900388167946));
#13177=CARTESIAN_POINT('',(25.3488559315935,90.,281.900388167946));
#13178=CARTESIAN_POINT('',(40.0566506411586,90.,281.498927457115));
#13179=CARTESIAN_POINT('',(25.3488559315935,100.,281.900388167946));
#13180=CARTESIAN_POINT('',(25.3488559315935,90.,281.900388167946));
#13181=CARTESIAN_POINT('',(40.0566506411586,100.,281.498927457115));
#13182=CARTESIAN_POINT('Origin',(-248.75,90.,-11.));
#13183=CARTESIAN_POINT('',(24.544491909775,90.,282.65105295902));
#13184=CARTESIAN_POINT('Origin',(-248.75,90.,-11.));
#13185=CARTESIAN_POINT('',(24.544491909775,100.,282.65105295902));
#13186=CARTESIAN_POINT('',(24.544491909775,90.,282.65105295902));
#13187=CARTESIAN_POINT('Origin',(-248.75,100.,-11.));
#13188=CARTESIAN_POINT('Origin',(31.3065209225963,90.,289.887435940516));
#13189=CARTESIAN_POINT('',(31.3065209225963,90.,289.887435940516));
#13190=CARTESIAN_POINT('',(24.544491909775,90.,282.65105295902));
#13191=CARTESIAN_POINT('',(31.3065209225963,100.,289.887435940516));
#13192=CARTESIAN_POINT('',(31.3065209225963,90.,289.887435940516));
#13193=CARTESIAN_POINT('',(24.544491909775,100.,282.65105295902));
#13194=CARTESIAN_POINT('Origin',(16.5932837817163,90.,289.85505141825));
#13195=CARTESIAN_POINT('',(16.5932837817163,90.,289.85505141825));
#13196=CARTESIAN_POINT('',(31.3065209225963,90.,289.887435940516));
#13197=CARTESIAN_POINT('',(16.5932837817163,100.,289.85505141825));
#13198=CARTESIAN_POINT('',(16.5932837817163,90.,289.85505141825));
#13199=CARTESIAN_POINT('',(31.3065209225963,100.,289.887435940516));
#13200=CARTESIAN_POINT('Origin',(-248.75,90.,-11.));
#13201=CARTESIAN_POINT('',(15.7671355665848,90.,290.581672526386));
#13202=CARTESIAN_POINT('Origin',(-248.75,90.,-11.));
#13203=CARTESIAN_POINT('',(15.7671355665848,100.,290.581672526386));
#13204=CARTESIAN_POINT('',(15.7671355665848,90.,290.581672526386));
#13205=CARTESIAN_POINT('Origin',(-248.75,100.,-11.));
#13206=CARTESIAN_POINT('Origin',(22.3128541128876,90.,298.014292773493));
#13207=CARTESIAN_POINT('',(22.3128541128876,90.,298.014292773493));
#13208=CARTESIAN_POINT('',(15.7671355665848,90.,290.581672526386));
#13209=CARTESIAN_POINT('',(22.3128541128876,100.,298.014292773493));
#13210=CARTESIAN_POINT('',(22.3128541128876,90.,298.014292773493));
#13211=CARTESIAN_POINT('',(15.7671355665848,100.,290.581672526386));
#13212=CARTESIAN_POINT('Origin',(7.60696916858725,90.,297.548091179703));
#13213=CARTESIAN_POINT('',(7.60696916858725,90.,297.548091179703));
#13214=CARTESIAN_POINT('',(22.3128541128876,90.,298.014292773493));
#13215=CARTESIAN_POINT('',(7.60696916858725,100.,297.548091179703));
#13216=CARTESIAN_POINT('',(7.60696916858725,90.,297.548091179703));
#13217=CARTESIAN_POINT('',(22.3128541128876,100.,298.014292773493));
#13218=CARTESIAN_POINT('Origin',(-248.75,90.,-11.));
#13219=CARTESIAN_POINT('',(6.75975517845542,90.,298.25003673534));
#13220=CARTESIAN_POINT('Origin',(-248.75,90.,-11.));
#13221=CARTESIAN_POINT('',(6.75975517845542,100.,298.25003673534));
#13222=CARTESIAN_POINT('',(6.75975517845542,90.,298.25003673534));
#13223=CARTESIAN_POINT('Origin',(-248.75,100.,-11.));
#13224=CARTESIAN_POINT('Origin',(13.0834711027813,90.,305.872430843069));
#13225=CARTESIAN_POINT('',(13.0834711027813,90.,305.872430843069));
#13226=CARTESIAN_POINT('',(6.75975517845542,90.,298.25003673534));
#13227=CARTESIAN_POINT('',(13.0834711027813,100.,305.872430843069));
#13228=CARTESIAN_POINT('',(13.0834711027813,90.,305.872430843069));
#13229=CARTESIAN_POINT('',(6.75975517845542,100.,298.25003673534));
#13230=CARTESIAN_POINT('Origin',(-1.60227341051353,90.,304.972817586562));
#13231=CARTESIAN_POINT('',(-1.60227341051353,90.,304.972817586562));
#13232=CARTESIAN_POINT('',(13.0834711027813,90.,305.872430843069));
#13233=CARTESIAN_POINT('',(-1.60227341051353,100.,304.972817586562));
#13234=CARTESIAN_POINT('',(-1.60227341051353,90.,304.972817586562));
#13235=CARTESIAN_POINT('',(13.0834711027813,100.,305.872430843069));
#13236=CARTESIAN_POINT('Origin',(-248.75,90.,-11.));
#13237=CARTESIAN_POINT('',(-2.46981643853978,90.,305.649477177994));
#13238=CARTESIAN_POINT('Origin',(-248.75,90.,-11.));
#13239=CARTESIAN_POINT('',(-2.46981643853978,100.,305.649477177994));
#13240=CARTESIAN_POINT('',(-2.46981643853978,90.,305.649477177994));
#13241=CARTESIAN_POINT('Origin',(-248.75,100.,-11.));
#13242=CARTESIAN_POINT('Origin',(3.62639776178371,90.,313.455016714047));
#13243=CARTESIAN_POINT('',(3.62639776178371,90.,313.455016714047));
#13244=CARTESIAN_POINT('',(-2.46981643853978,90.,305.649477177994));
#13245=CARTESIAN_POINT('',(3.62639776178371,100.,313.455016714047));
#13246=CARTESIAN_POINT('',(3.62639776178371,90.,313.455016714047));
#13247=CARTESIAN_POINT('',(-2.46981643853978,100.,305.649477177994));
#13248=CARTESIAN_POINT('Origin',(-11.0127440410606,90.,312.124018941422));
#13249=CARTESIAN_POINT('',(-11.0127440410606,90.,312.124018941422));
#13250=CARTESIAN_POINT('',(3.62639776178371,90.,313.455016714047));
#13251=CARTESIAN_POINT('',(-11.0127440410606,100.,312.124018941422));
#13252=CARTESIAN_POINT('',(-11.0127440410606,90.,312.124018941422));
#13253=CARTESIAN_POINT('',(3.62639776178371,100.,313.455016714047));
#13254=CARTESIAN_POINT('Origin',(1.6009100769434,90.,328.212047406186));
#13255=CARTESIAN_POINT('',(13.74059251302,90.,344.660665598694));
#13256=CARTESIAN_POINT('Origin',(1.6009100769434,90.,328.212047406186));
#13257=CARTESIAN_POINT('',(13.74059251302,100.,344.660665598694));
#13258=CARTESIAN_POINT('',(13.74059251302,90.,344.660665598694));
#13259=CARTESIAN_POINT('Origin',(1.6009100769434,100.,328.212047406186));
#13260=CARTESIAN_POINT('Origin',(-248.75,90.,-11.));
#13261=CARTESIAN_POINT('',(192.853953123223,90.,8.5389047258));
#13262=CARTESIAN_POINT('Origin',(-248.75,90.,-11.));
#13263=CARTESIAN_POINT('',(192.853953123223,100.,8.5389047258));
#13264=CARTESIAN_POINT('',(192.853953123223,90.,8.5389047258));
#13265=CARTESIAN_POINT('Origin',(-248.75,100.,-11.));
#13266=CARTESIAN_POINT('Origin',(194.508550023976,90.,-18.0000000000001));
#13267=CARTESIAN_POINT('',(194.508550023976,90.,-18.0000000000001));
#13268=CARTESIAN_POINT('',(192.853953123223,90.,8.5389047258));
#13269=CARTESIAN_POINT('',(194.508550023976,100.,-18.0000000000001));
#13270=CARTESIAN_POINT('',(194.508550023976,90.,-18.0000000000001));
#13271=CARTESIAN_POINT('',(192.853953123223,100.,8.5389047258));
#13272=CARTESIAN_POINT('Origin',(153.370758531533,90.,-18.0000000000001));
#13273=CARTESIAN_POINT('',(153.370758531533,90.,-18.0000000000001));
#13274=CARTESIAN_POINT('',(153.370758531533,90.,-18.0000000000001));
#13275=CARTESIAN_POINT('',(153.370758531533,100.,-18.0000000000001));
#13276=CARTESIAN_POINT('',(153.370758531533,90.,-18.0000000000001));
#13277=CARTESIAN_POINT('',(153.370758531533,100.,-18.0000000000001));
#13278=CARTESIAN_POINT('Origin',(152.248528939873,90.,0.));
#13279=CARTESIAN_POINT('',(152.248528939873,90.,0.));
#13280=CARTESIAN_POINT('',(152.248528939873,100.,0.));
#13281=CARTESIAN_POINT('Origin',(87.833074972982,100.,165.32767878057));
#13282=CARTESIAN_POINT('Origin',(87.833074972982,90.,165.32767878057));
#13283=CARTESIAN_POINT('Origin',(123.000001832843,90.,97.0000014454126));
#13284=CARTESIAN_POINT('',(121.500001832843,100.,97.0000014454126));
#13285=CARTESIAN_POINT('Origin',(123.000001832843,100.,97.0000014454126));
#13286=CARTESIAN_POINT('',(121.500001832843,90.,97.0000014454126));
#13287=CARTESIAN_POINT('',(121.500001832843,90.,97.0000014454126));
#13288=CARTESIAN_POINT('Origin',(123.000001832843,90.,97.0000014454126));
#13289=CARTESIAN_POINT('Origin',(107.239474629027,90.,96.0636818849445));
#13290=CARTESIAN_POINT('',(107.239474629027,90.,96.0636818849445));
#13291=CARTESIAN_POINT('',(117.084744718663,90.,97.8160108672191));
#13292=CARTESIAN_POINT('',(107.239474629027,90.,96.0636818849445));
#13293=CARTESIAN_POINT('',(107.239474629027,100.,96.0636818849445));
#13294=CARTESIAN_POINT('',(107.239474629027,90.,96.0636818849445));
#13295=CARTESIAN_POINT('',(117.084744718663,100.,97.8160108672191));
#13296=CARTESIAN_POINT('',(107.239474629027,100.,96.0636818849445));
#13297=CARTESIAN_POINT('',(117.084744718663,90.,97.8160108672191));
#13298=CARTESIAN_POINT('Origin',(107.519847266191,90.,94.4884386706028));
#13299=CARTESIAN_POINT('',(107.800219903355,90.,92.913195456261));
#13300=CARTESIAN_POINT('Origin',(107.519847266191,90.,94.4884386706028));
#13301=CARTESIAN_POINT('',(107.800219903355,100.,92.913195456261));
#13302=CARTESIAN_POINT('',(107.800219903355,90.,92.913195456261));
#13303=CARTESIAN_POINT('Origin',(107.519847266191,100.,94.4884386706028));
#13304=CARTESIAN_POINT('Origin',(117.645489992991,90.,94.6655244385356));
#13305=CARTESIAN_POINT('',(117.645489992991,90.,94.6655244385356));
#13306=CARTESIAN_POINT('',(117.645489992991,90.,94.6655244385356));
#13307=CARTESIAN_POINT('',(117.645489992991,100.,94.6655244385356));
#13308=CARTESIAN_POINT('',(117.645489992991,90.,94.6655244385356));
#13309=CARTESIAN_POINT('',(117.645489992991,100.,94.6655244385356));
#13310=CARTESIAN_POINT('Origin',(117.365117355827,90.,96.2407676528774));
#13311=CARTESIAN_POINT('Origin',(117.365117355827,90.,96.2407676528774));
#13312=CARTESIAN_POINT('Origin',(117.365117355827,100.,96.2407676528774));
#13313=CARTESIAN_POINT('Origin',(-248.75,90.,-11.));
#13314=CARTESIAN_POINT('',(138.815737626069,90.,92.5066144288608));
#13315=CARTESIAN_POINT('',(138.815444555181,90.,92.507711783647));
#13316=CARTESIAN_POINT('Origin',(-248.75,90.,-11.));
#13317=CARTESIAN_POINT('',(138.815444555181,100.,92.507711783647));
#13318=CARTESIAN_POINT('',(138.815444555181,90.,92.507711783647));
#13319=CARTESIAN_POINT('',(138.815737626069,100.,92.5066144288608));
#13320=CARTESIAN_POINT('Origin',(-248.75,100.,-11.));
#13321=CARTESIAN_POINT('',(138.815737626069,90.,92.5066144288608));
#13322=CARTESIAN_POINT('Origin',(108.433960749319,90.,91.6639408722528));
#13323=CARTESIAN_POINT('',(108.433960749319,90.,91.6639408722528));
#13324=CARTESIAN_POINT('',(108.433960749319,90.,91.6639408722528));
#13325=CARTESIAN_POINT('',(108.433960749319,100.,91.6639408722528));
#13326=CARTESIAN_POINT('',(108.433960749319,90.,91.6639408722528));
#13327=CARTESIAN_POINT('',(108.433960749319,100.,91.6639408722528));
#13328=CARTESIAN_POINT('Ctrl Pts',(108.242454972601,90.,97.7547528281695));
#13329=CARTESIAN_POINT('Ctrl Pts',(108.242454972601,100.,97.7547528281695));
#13330=CARTESIAN_POINT('Ctrl Pts',(104.926968595439,90.,96.6649960203109));
#13331=CARTESIAN_POINT('Ctrl Pts',(104.926968595439,100.,96.6649960203109));
#13332=CARTESIAN_POINT('Ctrl Pts',(101.510407958812,90.,93.2691321658271));
#13333=CARTESIAN_POINT('Ctrl Pts',(101.510407958812,100.,93.2691321658271));
#13334=CARTESIAN_POINT('Ctrl Pts',(105.970471351601,90.,92.1416361594591));
#13335=CARTESIAN_POINT('Ctrl Pts',(105.970471351601,100.,92.1416361594591));
#13336=CARTESIAN_POINT('Ctrl Pts',(108.433960749319,90.,91.6639408722528));
#13337=CARTESIAN_POINT('Ctrl Pts',(108.433960749319,100.,91.6639408722528));
#13338=CARTESIAN_POINT('',(108.242454972601,90.,97.7547528281695));
#13339=CARTESIAN_POINT('Ctrl Pts',(108.242454972601,90.,97.7547528281695));
#13340=CARTESIAN_POINT('Ctrl Pts',(104.926968595439,90.,96.6649960203109));
#13341=CARTESIAN_POINT('Ctrl Pts',(101.510407958812,90.,93.2691321658271));
#13342=CARTESIAN_POINT('Ctrl Pts',(105.970471351601,90.,92.1416361594591));
#13343=CARTESIAN_POINT('Ctrl Pts',(108.433960749319,90.,91.6639408722528));
#13344=CARTESIAN_POINT('',(108.242454972601,100.,97.7547528281695));
#13345=CARTESIAN_POINT('',(108.242454972601,90.,97.7547528281695));
#13346=CARTESIAN_POINT('Ctrl Pts',(108.242454972601,100.,97.7547528281695));
#13347=CARTESIAN_POINT('Ctrl Pts',(104.926968595439,100.,96.6649960203109));
#13348=CARTESIAN_POINT('Ctrl Pts',(101.510407958812,100.,93.2691321658271));
#13349=CARTESIAN_POINT('Ctrl Pts',(105.970471351601,100.,92.1416361594591));
#13350=CARTESIAN_POINT('Ctrl Pts',(108.433960749319,100.,91.6639408722528));
#13351=CARTESIAN_POINT('Origin',(135.321037992898,90.,102.430480361618));
#13352=CARTESIAN_POINT('',(135.321037992898,90.,102.430480361618));
#13353=CARTESIAN_POINT('',(135.321037992898,90.,102.430480361618));
#13354=CARTESIAN_POINT('',(135.321037992898,100.,102.430480361618));
#13355=CARTESIAN_POINT('',(135.321037992898,90.,102.430480361618));
#13356=CARTESIAN_POINT('',(135.321037992898,100.,102.430480361618));
#13357=CARTESIAN_POINT('Origin',(135.491192510833,90.,101.445062967806));
#13358=CARTESIAN_POINT('',(136.020776305041,90.,102.293320596662));
#13359=CARTESIAN_POINT('Origin',(135.491192510833,90.,101.445062967806));
#13360=CARTESIAN_POINT('',(136.020776305041,100.,102.293320596662));
#13361=CARTESIAN_POINT('',(136.020776305041,90.,102.293320596662));
#13362=CARTESIAN_POINT('Origin',(135.491192510833,100.,101.445062967806));
#13363=CARTESIAN_POINT('Origin',(147.859260272866,90.,94.9023239889402));
#13364=CARTESIAN_POINT('',(147.859260272866,90.,94.9023239889402));
#13365=CARTESIAN_POINT('',(147.859260272866,90.,94.9023239889402));
#13366=CARTESIAN_POINT('',(147.859260272866,100.,94.9023239889402));
#13367=CARTESIAN_POINT('',(147.859260272866,90.,94.9023239889402));
#13368=CARTESIAN_POINT('',(147.859260272866,100.,94.9023239889402));
#13369=CARTESIAN_POINT('Origin',(138.815737626069,90.,92.5066144288608));
#13370=CARTESIAN_POINT('',(138.815737626069,90.,92.5066144288608));
#13371=CARTESIAN_POINT('',(138.815737626069,100.,92.5066144288608));
#13372=CARTESIAN_POINT('Origin',(124.684834115839,100.,97.0545019200296));
#13373=CARTESIAN_POINT('Origin',(124.684834115839,90.,97.0545019200296));
#13374=CARTESIAN_POINT('Origin',(-51.3757355300636,-8.88178419700125E-15,
165.));
#13375=CARTESIAN_POINT('',(-255.,90.,165.));
#13376=CARTESIAN_POINT('',(-255.,-90.,165.));
#13377=CARTESIAN_POINT('',(-255.,45.,165.));
#13378=CARTESIAN_POINT('',(152.248528939873,90.,165.));
#13379=CARTESIAN_POINT('',(50.4363967049046,90.,165.));
#13380=CARTESIAN_POINT('',(152.248528939873,-90.,165.));
#13381=CARTESIAN_POINT('',(152.248528939873,-45.,165.));
#13382=CARTESIAN_POINT('',(-153.187867765032,-90.,165.));
#13383=CARTESIAN_POINT('',(-250.,-85.,165.));
#13384=CARTESIAN_POINT('',(-250.,85.,165.));
#13385=CARTESIAN_POINT('',(-250.,45.,165.));
#13386=CARTESIAN_POINT('',(147.248528939873,-85.,165.));
#13387=CARTESIAN_POINT('',(-153.187867765032,-85.,165.));
#13388=CARTESIAN_POINT('',(147.248528939873,85.,165.));
#13389=CARTESIAN_POINT('',(147.248528939873,-45.,165.));
#13390=CARTESIAN_POINT('',(50.4363967049046,85.,165.));
#13391=CARTESIAN_POINT('Origin',(152.248528939873,-90.,0.));
#13392=CARTESIAN_POINT('',(152.248528939873,80.,175.));
#13393=CARTESIAN_POINT('Origin',(152.248528939873,80.,165.));
#13394=CARTESIAN_POINT('',(152.248528939873,-80.,175.));
#13395=CARTESIAN_POINT('',(152.248528939873,90.,175.));
#13396=CARTESIAN_POINT('Origin',(152.248528939873,-80.,165.));
#13397=CARTESIAN_POINT('Origin',(147.248528939873,-90.,0.));
#13398=CARTESIAN_POINT('',(147.248528939873,-85.,170.));
#13399=CARTESIAN_POINT('',(147.248528939873,-85.,0.));
#13400=CARTESIAN_POINT('',(147.248528939873,85.,170.));
#13401=CARTESIAN_POINT('',(147.248528939873,-45.,170.));
#13402=CARTESIAN_POINT('',(147.248528939873,85.,0.));
#13403=CARTESIAN_POINT('Origin',(-255.,-85.,0.));
#13404=CARTESIAN_POINT('',(-250.,-85.,170.));
#13405=CARTESIAN_POINT('',(-250.,-85.,0.));
#13406=CARTESIAN_POINT('',(-153.187867765032,-85.,170.));
#13407=CARTESIAN_POINT('Origin',(-255.,90.,0.));
#13408=CARTESIAN_POINT('',(-255.,-80.,175.));
#13409=CARTESIAN_POINT('Origin',(-255.,-80.,165.));
#13410=CARTESIAN_POINT('',(-255.,80.,175.));
#13411=CARTESIAN_POINT('',(-255.,-90.,175.));
#13412=CARTESIAN_POINT('Origin',(-255.,80.,165.));
#13413=CARTESIAN_POINT('Origin',(50.4363967049046,80.,165.));
#13414=CARTESIAN_POINT('',(50.4363967049046,80.,175.));
#13415=CARTESIAN_POINT('Origin',(-51.3757355300636,-1.77635683940025E-14,
175.));
#13416=CARTESIAN_POINT('',(-153.187867765032,-80.,175.));
#13417=CARTESIAN_POINT('Origin',(-153.187867765032,-80.,165.));
#13418=CARTESIAN_POINT('Origin',(-250.,90.,0.));
#13419=CARTESIAN_POINT('',(-250.,85.,170.));
#13420=CARTESIAN_POINT('',(-250.,85.,0.));
#13421=CARTESIAN_POINT('',(-250.,45.,170.));
#13422=CARTESIAN_POINT('Origin',(152.248528939873,85.,0.));
#13423=CARTESIAN_POINT('',(50.4363967049046,85.,170.));
#13424=CARTESIAN_POINT('Origin',(-51.3757355300636,-1.77635683940025E-14,
170.));
#13425=CARTESIAN_POINT('Origin',(-186.199846578373,78.5,80.));
#13426=CARTESIAN_POINT('',(-184.199846578373,73.5,80.));
#13427=CARTESIAN_POINT('Origin',(-184.199846578373,78.5,80.));
#13428=CARTESIAN_POINT('',(-186.199846578373,73.5,80.));
#13429=CARTESIAN_POINT('',(-186.199846578373,73.5,80.));
#13430=CARTESIAN_POINT('Origin',(-186.199846578373,78.5,80.));
#13431=CARTESIAN_POINT('Origin',(-186.199846578373,73.0000012665987,83.5));
#13432=CARTESIAN_POINT('',(-186.199846578373,73.0000012665987,83.5));
#13433=CARTESIAN_POINT('',(-186.199846578373,73.0000012665987,76.4999997615814));
#13434=CARTESIAN_POINT('',(-186.199846578373,73.0000012665987,83.5));
#13435=CARTESIAN_POINT('',(-184.199846578373,73.0000012665987,76.4999997615814));
#13436=CARTESIAN_POINT('',(-186.199846578373,73.0000012665987,76.4999997615814));
#13437=CARTESIAN_POINT('',(-184.199846578373,73.0000012665987,83.5));
#13438=CARTESIAN_POINT('',(-184.199846578373,73.0000012665987,83.5));
#13439=CARTESIAN_POINT('',(-186.199846578373,73.0000012665987,83.5));
#13440=CARTESIAN_POINT('Origin',(-186.199846578373,77.5000012665987,83.5));
#13441=CARTESIAN_POINT('',(-186.199846578373,77.5000012665987,88.));
#13442=CARTESIAN_POINT('Origin',(-186.199846578373,77.5000012665987,83.5));
#13443=CARTESIAN_POINT('',(-184.199846578373,77.5000012665987,88.));
#13444=CARTESIAN_POINT('Origin',(-184.199846578373,77.5000012665987,83.5));
#13445=CARTESIAN_POINT('',(-186.199846578373,77.5000012665987,88.));
#13446=CARTESIAN_POINT('Origin',(-186.199846578373,85.0000012665987,88.));
#13447=CARTESIAN_POINT('',(-186.199846578373,85.0000012665987,88.));
#13448=CARTESIAN_POINT('',(-186.199846578373,85.0000012665987,88.));
#13449=CARTESIAN_POINT('',(-184.199846578373,85.0000012665987,88.));
#13450=CARTESIAN_POINT('',(-184.199846578373,85.0000012665987,88.));
#13451=CARTESIAN_POINT('',(-186.199846578373,85.0000012665987,88.));
#13452=CARTESIAN_POINT('Origin',(-186.199846578373,85.0000012665987,71.9999997615814));
#13453=CARTESIAN_POINT('',(-186.199846578373,85.0000012665987,71.9999997615814));
#13454=CARTESIAN_POINT('',(-186.199846578373,85.0000012665987,71.9999997615814));
#13455=CARTESIAN_POINT('',(-184.199846578373,85.0000012665987,71.9999997615814));
#13456=CARTESIAN_POINT('',(-184.199846578373,85.0000012665987,71.9999997615814));
#13457=CARTESIAN_POINT('',(-186.199846578373,85.0000012665987,71.9999997615814));
#13458=CARTESIAN_POINT('Origin',(-186.199846578373,77.5000012665987,71.9999997615814));
#13459=CARTESIAN_POINT('',(-186.199846578373,77.5000012665987,71.9999997615814));
#13460=CARTESIAN_POINT('',(-186.199846578373,77.5000012665987,71.9999997615814));
#13461=CARTESIAN_POINT('',(-184.199846578373,77.5000012665987,71.9999997615814));
#13462=CARTESIAN_POINT('',(-184.199846578373,77.5000012665987,71.9999997615814));
#13463=CARTESIAN_POINT('',(-186.199846578373,77.5000012665987,71.9999997615814));
#13464=CARTESIAN_POINT('Origin',(-186.199846578373,77.5000012665987,76.4999997615814));
#13465=CARTESIAN_POINT('Origin',(-186.199846578373,77.5000012665987,76.4999997615814));
#13466=CARTESIAN_POINT('Origin',(-184.199846578373,77.5000012665987,76.4999997615814));
#13467=CARTESIAN_POINT('Origin',(-184.199846578373,79.0000012665987,79.9999998807907));
#13468=CARTESIAN_POINT('Origin',(-186.199846578373,79.0000012665987,79.9999998807907));
#13469=CARTESIAN_POINT('Origin',(-186.199846578373,-78.5,80.));
#13470=CARTESIAN_POINT('',(-184.199846578373,-73.5,80.));
#13471=CARTESIAN_POINT('Origin',(-184.199846578373,-78.5,80.));
#13472=CARTESIAN_POINT('',(-186.199846578373,-73.5,80.));
#13473=CARTESIAN_POINT('',(-186.199846578373,-73.5,80.));
#13474=CARTESIAN_POINT('Origin',(-186.199846578373,-78.5,80.));
#13475=CARTESIAN_POINT('Origin',(-186.199846578373,-73.0000012665987,83.5));
#13476=CARTESIAN_POINT('',(-186.199846578373,-73.0000012665987,83.5));
#13477=CARTESIAN_POINT('',(-186.199846578373,-73.0000012665987,76.4999997615814));
#13478=CARTESIAN_POINT('',(-186.199846578373,-73.0000012665987,83.5));
#13479=CARTESIAN_POINT('',(-184.199846578373,-73.0000012665987,83.5));
#13480=CARTESIAN_POINT('',(-186.199846578373,-73.0000012665987,83.5));
#13481=CARTESIAN_POINT('',(-184.199846578373,-73.0000012665987,76.4999997615814));
#13482=CARTESIAN_POINT('',(-184.199846578373,-73.0000012665987,83.5));
#13483=CARTESIAN_POINT('',(-186.199846578373,-73.0000012665987,76.4999997615814));
#13484=CARTESIAN_POINT('Origin',(-186.199846578373,-77.5000012665987,83.5));
#13485=CARTESIAN_POINT('',(-186.199846578373,-77.5000012665987,88.));
#13486=CARTESIAN_POINT('Origin',(-186.199846578373,-77.5000012665987,83.5));
#13487=CARTESIAN_POINT('',(-184.199846578373,-77.5000012665987,88.));
#13488=CARTESIAN_POINT('',(-186.199846578373,-77.5000012665987,88.));
#13489=CARTESIAN_POINT('Origin',(-184.199846578373,-77.5000012665987,83.5));
#13490=CARTESIAN_POINT('Origin',(-186.199846578373,-85.0000012665987,88.));
#13491=CARTESIAN_POINT('',(-186.199846578373,-85.0000012665987,88.));
#13492=CARTESIAN_POINT('',(-186.199846578373,-85.0000012665987,88.));
#13493=CARTESIAN_POINT('',(-184.199846578373,-85.0000012665987,88.));
#13494=CARTESIAN_POINT('',(-186.199846578373,-85.0000012665987,88.));
#13495=CARTESIAN_POINT('',(-184.199846578373,-85.0000012665987,88.));
#13496=CARTESIAN_POINT('Origin',(-186.199846578373,-85.0000012665987,71.9999997615814));
#13497=CARTESIAN_POINT('',(-186.199846578373,-85.0000012665987,71.9999997615814));
#13498=CARTESIAN_POINT('',(-186.199846578373,-85.0000012665987,71.9999997615814));
#13499=CARTESIAN_POINT('',(-184.199846578373,-85.0000012665987,71.9999997615814));
#13500=CARTESIAN_POINT('',(-186.199846578373,-85.0000012665987,71.9999997615814));
#13501=CARTESIAN_POINT('',(-184.199846578373,-85.0000012665987,71.9999997615814));
#13502=CARTESIAN_POINT('Origin',(-186.199846578373,-77.5000012665987,71.9999997615814));
#13503=CARTESIAN_POINT('',(-186.199846578373,-77.5000012665987,71.9999997615814));
#13504=CARTESIAN_POINT('',(-186.199846578373,-77.5000012665987,71.9999997615814));
#13505=CARTESIAN_POINT('',(-184.199846578373,-77.5000012665987,71.9999997615814));
#13506=CARTESIAN_POINT('',(-186.199846578373,-77.5000012665987,71.9999997615814));
#13507=CARTESIAN_POINT('',(-184.199846578373,-77.5000012665987,71.9999997615814));
#13508=CARTESIAN_POINT('Origin',(-186.199846578373,-77.5000012665987,76.4999997615814));
#13509=CARTESIAN_POINT('Origin',(-186.199846578373,-77.5000012665987,76.4999997615814));
#13510=CARTESIAN_POINT('Origin',(-184.199846578373,-77.5000012665987,76.4999997615814));
#13511=CARTESIAN_POINT('Origin',(-184.199846578373,-79.0000012665987,79.9999998807907));
#13512=CARTESIAN_POINT('Origin',(-186.199846578373,-79.0000012665987,79.9999998807907));
#13513=CARTESIAN_POINT('Origin',(-236.199846578373,78.5,80.));
#13514=CARTESIAN_POINT('',(-238.199846578373,73.5,80.));
#13515=CARTESIAN_POINT('Origin',(-238.199846578373,78.5,80.));
#13516=CARTESIAN_POINT('',(-236.199846578373,73.5,80.));
#13517=CARTESIAN_POINT('',(-236.199846578373,73.5,80.));
#13518=CARTESIAN_POINT('Origin',(-236.199846578373,78.5,80.));
#13519=CARTESIAN_POINT('Origin',(-236.199846578373,73.0000012665987,83.5));
#13520=CARTESIAN_POINT('',(-236.199846578373,73.0000012665987,83.5));
#13521=CARTESIAN_POINT('',(-236.199846578373,73.0000012665987,76.4999997615814));
#13522=CARTESIAN_POINT('',(-236.199846578373,73.0000012665987,83.5));
#13523=CARTESIAN_POINT('',(-238.199846578373,73.0000012665987,83.5));
#13524=CARTESIAN_POINT('',(-236.199846578373,73.0000012665987,83.5));
#13525=CARTESIAN_POINT('',(-238.199846578373,73.0000012665987,76.4999997615814));
#13526=CARTESIAN_POINT('',(-238.199846578373,73.0000012665987,83.5));
#13527=CARTESIAN_POINT('',(-236.199846578373,73.0000012665987,76.4999997615814));
#13528=CARTESIAN_POINT('Origin',(-236.199846578373,77.5000012665987,83.5));
#13529=CARTESIAN_POINT('',(-236.199846578373,77.5000012665987,88.));
#13530=CARTESIAN_POINT('Origin',(-236.199846578373,77.5000012665987,83.5));
#13531=CARTESIAN_POINT('',(-238.199846578373,77.5000012665987,88.));
#13532=CARTESIAN_POINT('',(-236.199846578373,77.5000012665987,88.));
#13533=CARTESIAN_POINT('Origin',(-238.199846578373,77.5000012665987,83.5));
#13534=CARTESIAN_POINT('Origin',(-236.199846578373,85.0000012665987,88.));
#13535=CARTESIAN_POINT('',(-236.199846578373,85.0000012665987,88.));
#13536=CARTESIAN_POINT('',(-236.199846578373,85.0000012665987,88.));
#13537=CARTESIAN_POINT('',(-238.199846578373,85.0000012665987,88.));
#13538=CARTESIAN_POINT('',(-236.199846578373,85.0000012665987,88.));
#13539=CARTESIAN_POINT('',(-238.199846578373,85.0000012665987,88.));
#13540=CARTESIAN_POINT('Origin',(-236.199846578373,85.0000012665987,71.9999997615814));
#13541=CARTESIAN_POINT('',(-236.199846578373,85.0000012665987,71.9999997615814));
#13542=CARTESIAN_POINT('',(-236.199846578373,85.0000012665987,71.9999997615814));
#13543=CARTESIAN_POINT('',(-238.199846578373,85.0000012665987,71.9999997615814));
#13544=CARTESIAN_POINT('',(-236.199846578373,85.0000012665987,71.9999997615814));
#13545=CARTESIAN_POINT('',(-238.199846578373,85.0000012665987,71.9999997615814));
#13546=CARTESIAN_POINT('Origin',(-236.199846578373,77.5000012665987,71.9999997615814));
#13547=CARTESIAN_POINT('',(-236.199846578373,77.5000012665987,71.9999997615814));
#13548=CARTESIAN_POINT('',(-236.199846578373,77.5000012665987,71.9999997615814));
#13549=CARTESIAN_POINT('',(-238.199846578373,77.5000012665987,71.9999997615814));
#13550=CARTESIAN_POINT('',(-236.199846578373,77.5000012665987,71.9999997615814));
#13551=CARTESIAN_POINT('',(-238.199846578373,77.5000012665987,71.9999997615814));
#13552=CARTESIAN_POINT('Origin',(-236.199846578373,77.5000012665987,76.4999997615814));
#13553=CARTESIAN_POINT('Origin',(-236.199846578373,77.5000012665987,76.4999997615814));
#13554=CARTESIAN_POINT('Origin',(-238.199846578373,77.5000012665987,76.4999997615814));
#13555=CARTESIAN_POINT('Origin',(-238.199846578373,79.0000012665987,79.9999998807907));
#13556=CARTESIAN_POINT('Origin',(-236.199846578373,79.0000012665987,79.9999998807907));
#13557=CARTESIAN_POINT('Origin',(-236.199846578373,-78.5,80.));
#13558=CARTESIAN_POINT('',(-238.199846578373,-73.5,80.));
#13559=CARTESIAN_POINT('Origin',(-238.199846578373,-78.5,80.));
#13560=CARTESIAN_POINT('',(-236.199846578373,-73.5,80.));
#13561=CARTESIAN_POINT('',(-236.199846578373,-73.5,80.));
#13562=CARTESIAN_POINT('Origin',(-236.199846578373,-78.5,80.));
#13563=CARTESIAN_POINT('Origin',(-236.199846578373,-73.0000012665987,83.5));
#13564=CARTESIAN_POINT('',(-236.199846578373,-73.0000012665987,83.5));
#13565=CARTESIAN_POINT('',(-236.199846578373,-73.0000012665987,76.4999997615814));
#13566=CARTESIAN_POINT('',(-236.199846578373,-73.0000012665987,83.5));
#13567=CARTESIAN_POINT('',(-238.199846578373,-73.0000012665987,76.4999997615814));
#13568=CARTESIAN_POINT('',(-236.199846578373,-73.0000012665987,76.4999997615814));
#13569=CARTESIAN_POINT('',(-238.199846578373,-73.0000012665987,83.5));
#13570=CARTESIAN_POINT('',(-238.199846578373,-73.0000012665987,83.5));
#13571=CARTESIAN_POINT('',(-236.199846578373,-73.0000012665987,83.5));
#13572=CARTESIAN_POINT('Origin',(-236.199846578373,-77.5000012665987,83.5));
#13573=CARTESIAN_POINT('',(-236.199846578373,-77.5000012665987,88.));
#13574=CARTESIAN_POINT('Origin',(-236.199846578373,-77.5000012665987,83.5));
#13575=CARTESIAN_POINT('',(-238.199846578373,-77.5000012665987,88.));
#13576=CARTESIAN_POINT('Origin',(-238.199846578373,-77.5000012665987,83.5));
#13577=CARTESIAN_POINT('',(-236.199846578373,-77.5000012665987,88.));
#13578=CARTESIAN_POINT('Origin',(-236.199846578373,-85.0000012665987,88.));
#13579=CARTESIAN_POINT('',(-236.199846578373,-85.0000012665987,88.));
#13580=CARTESIAN_POINT('',(-236.199846578373,-85.0000012665987,88.));
#13581=CARTESIAN_POINT('',(-238.199846578373,-85.0000012665987,88.));
#13582=CARTESIAN_POINT('',(-238.199846578373,-85.0000012665987,88.));
#13583=CARTESIAN_POINT('',(-236.199846578373,-85.0000012665987,88.));
#13584=CARTESIAN_POINT('Origin',(-236.199846578373,-85.0000012665987,71.9999997615814));
#13585=CARTESIAN_POINT('',(-236.199846578373,-85.0000012665987,71.9999997615814));
#13586=CARTESIAN_POINT('',(-236.199846578373,-85.0000012665987,71.9999997615814));
#13587=CARTESIAN_POINT('',(-238.199846578373,-85.0000012665987,71.9999997615814));
#13588=CARTESIAN_POINT('',(-238.199846578373,-85.0000012665987,71.9999997615814));
#13589=CARTESIAN_POINT('',(-236.199846578373,-85.0000012665987,71.9999997615814));
#13590=CARTESIAN_POINT('Origin',(-236.199846578373,-77.5000012665987,71.9999997615814));
#13591=CARTESIAN_POINT('',(-236.199846578373,-77.5000012665987,71.9999997615814));
#13592=CARTESIAN_POINT('',(-236.199846578373,-77.5000012665987,71.9999997615814));
#13593=CARTESIAN_POINT('',(-238.199846578373,-77.5000012665987,71.9999997615814));
#13594=CARTESIAN_POINT('',(-238.199846578373,-77.5000012665987,71.9999997615814));
#13595=CARTESIAN_POINT('',(-236.199846578373,-77.5000012665987,71.9999997615814));
#13596=CARTESIAN_POINT('Origin',(-236.199846578373,-77.5000012665987,76.4999997615814));
#13597=CARTESIAN_POINT('Origin',(-236.199846578373,-77.5000012665987,76.4999997615814));
#13598=CARTESIAN_POINT('Origin',(-238.199846578373,-77.5000012665987,76.4999997615814));
#13599=CARTESIAN_POINT('Origin',(-238.199846578373,-79.0000012665987,79.9999998807907));
#13600=CARTESIAN_POINT('Origin',(-236.199846578373,-79.0000012665987,79.9999998807907));
#13601=UNCERTAINTY_MEASURE_WITH_UNIT(LENGTH_MEASURE(0.01),#13605,
'DISTANCE_ACCURACY_VALUE',
'Maximum model space distance between geometric entities at asserted c
onnectivities');
#13602=UNCERTAINTY_MEASURE_WITH_UNIT(LENGTH_MEASURE(0.01),#13605,
'DISTANCE_ACCURACY_VALUE',
'Maximum model space distance between geometric entities at asserted c
onnectivities');
#13603=(
GEOMETRIC_REPRESENTATION_CONTEXT(3)
GLOBAL_UNCERTAINTY_ASSIGNED_CONTEXT((#13601))
GLOBAL_UNIT_ASSIGNED_CONTEXT((#13605,#13607,#13608))
REPRESENTATION_CONTEXT('','3D')
);
#13604=(
GEOMETRIC_REPRESENTATION_CONTEXT(3)
GLOBAL_UNCERTAINTY_ASSIGNED_CONTEXT((#13602))
GLOBAL_UNIT_ASSIGNED_CONTEXT((#13605,#13607,#13608))
REPRESENTATION_CONTEXT('','3D')
);
#13605=(
LENGTH_UNIT()
NAMED_UNIT(*)
SI_UNIT(.MILLI.,.METRE.)
);
#13606=(
LENGTH_UNIT()
NAMED_UNIT(*)
SI_UNIT($,.METRE.)
);
#13607=(
NAMED_UNIT(*)
PLANE_ANGLE_UNIT()
SI_UNIT($,.RADIAN.)
);
#13608=(
NAMED_UNIT(*)
SI_UNIT($,.STERADIAN.)
SOLID_ANGLE_UNIT()
);
#13609=SHAPE_DEFINITION_REPRESENTATION(#13610,#13611);
#13610=PRODUCT_DEFINITION_SHAPE('',$,#13613);
#13611=SHAPE_REPRESENTATION('',(#8221),#13603);
#13612=PRODUCT_DEFINITION_CONTEXT('part definition',#13617,'design');
#13613=PRODUCT_DEFINITION('2026-07-15-18-16-33-200','housing',#13614,#13612);
#13614=PRODUCT_DEFINITION_FORMATION('',$,#13619);
#13615=PRODUCT_RELATED_PRODUCT_CATEGORY('housing','housing',(#13619));
#13616=APPLICATION_PROTOCOL_DEFINITION('international standard',
'automotive_design',2009,#13617);
#13617=APPLICATION_CONTEXT(
'Core Data for Automotive Mechanical Design Process');
#13618=PRODUCT_CONTEXT('part definition',#13617,'mechanical');
#13619=PRODUCT('2026-07-15-18-16-33-200','housing',$,(#13618));
#13620=PRESENTATION_STYLE_ASSIGNMENT((#13625));
#13621=PRESENTATION_STYLE_ASSIGNMENT((#13626));
#13622=PRESENTATION_STYLE_ASSIGNMENT((#13627));
#13623=PRESENTATION_STYLE_ASSIGNMENT((#13628));
#13624=PRESENTATION_STYLE_ASSIGNMENT((#13629));
#13625=SURFACE_STYLE_USAGE(.BOTH.,#13630);
#13626=SURFACE_STYLE_USAGE(.BOTH.,#13631);
#13627=SURFACE_STYLE_USAGE(.BOTH.,#13632);
#13628=SURFACE_STYLE_USAGE(.BOTH.,#13633);
#13629=SURFACE_STYLE_USAGE(.BOTH.,#13634);
#13630=SURFACE_SIDE_STYLE('',(#13635));
#13631=SURFACE_SIDE_STYLE('',(#13636));
#13632=SURFACE_SIDE_STYLE('',(#13637));
#13633=SURFACE_SIDE_STYLE('',(#13638));
#13634=SURFACE_SIDE_STYLE('',(#13639));
#13635=SURFACE_STYLE_FILL_AREA(#13640);
#13636=SURFACE_STYLE_FILL_AREA(#13641);
#13637=SURFACE_STYLE_FILL_AREA(#13642);
#13638=SURFACE_STYLE_FILL_AREA(#13643);
#13639=SURFACE_STYLE_FILL_AREA(#13644);
#13640=FILL_AREA_STYLE('Steel - Satin',(#13645));
#13641=FILL_AREA_STYLE('ABS (White)',(#13646));
#13642=FILL_AREA_STYLE('Polymide (Kapton)',(#13647));
#13643=FILL_AREA_STYLE('Plastic - Textured - Regular',(#13648));
#13644=FILL_AREA_STYLE('Acrylic (Clear)',(#13649));
#13645=FILL_AREA_STYLE_COLOUR('Steel - Satin',#13650);
#13646=FILL_AREA_STYLE_COLOUR('ABS (White)',#13651);
#13647=FILL_AREA_STYLE_COLOUR('Polymide (Kapton)',#13652);
#13648=FILL_AREA_STYLE_COLOUR('Plastic - Textured - Regular',#13653);
#13649=FILL_AREA_STYLE_COLOUR('Acrylic (Clear)',#13654);
#13650=COLOUR_RGB('Steel - Satin',0.627450980392157,0.627450980392157,0.627450980392157);
#13651=COLOUR_RGB('ABS (White)',0.964705882352941,0.964705882352941,0.952941176470588);
#13652=COLOUR_RGB('Polymide (Kapton)',0.784313725490196,0.556862745098039,
0.0274509803921569);
#13653=COLOUR_RGB('Plastic - Textured - Regular',0.0980392156862745,0.0980392156862745,
0.0980392156862745);
#13654=COLOUR_RGB('Acrylic (Clear)',0.964705882352941,0.964705882352941,
0.952941176470588);
ENDSEC;
END-ISO-10303-21;
