ISO-10303-21;
HEADER;
/* Generated by software containing ST-Developer
 * from STEP Tools, Inc. (www.steptools.com) 
 */

FILE_DESCRIPTION(
/* description */ (''),
/* implementation_level */ '2;1');

FILE_NAME(
/* name */ 'Projector Lens mount.step',
/* time_stamp */ '2026-09-03T18:03:55+02:00',
/* author */ (''),
/* organization */ (''),
/* preprocessor_version */ 'ST-DEVELOPER v20.1',
/* originating_system */ 'Autodesk Translation Framework v15.8.0.0',
/* authorisation */ '');

FILE_SCHEMA (('AUTOMOTIVE_DESIGN { 1 0 10303 214 3 1 1 }'));
ENDSEC;

DATA;
#10=MECHANICAL_DESIGN_GEOMETRIC_PRESENTATION_REPRESENTATION('',(#23,#24,
#25),#2069);
#11=ITEM_DEFINED_TRANSFORMATION($,$,#1169,#1278);
#12=ITEM_DEFINED_TRANSFORMATION($,$,#1237,#1279);
#13=(
REPRESENTATION_RELATIONSHIP($,$,#2083,#2082)
REPRESENTATION_RELATIONSHIP_WITH_TRANSFORMATION(#11)
SHAPE_REPRESENTATION_RELATIONSHIP()
);
#14=(
REPRESENTATION_RELATIONSHIP($,$,#2084,#2082)
REPRESENTATION_RELATIONSHIP_WITH_TRANSFORMATION(#12)
SHAPE_REPRESENTATION_RELATIONSHIP()
);
#15=CONTEXT_DEPENDENT_SHAPE_REPRESENTATION(#13,#2080);
#16=CONTEXT_DEPENDENT_SHAPE_REPRESENTATION(#14,#2081);
#17=NEXT_ASSEMBLY_USAGE_OCCURRENCE('gYRO:1','gYRO:1','gYRO:1',#2086,#2087,
'gYRO:1');
#18=NEXT_ASSEMBLY_USAGE_OCCURRENCE('Frame:1','Frame:1','Frame:1',#2086,
#2088,'Frame:1');
#19=SHAPE_REPRESENTATION_RELATIONSHIP('SRR','None',#2083,#21);
#20=SHAPE_REPRESENTATION_RELATIONSHIP('SRR','None',#2084,#22);
#21=ADVANCED_BREP_SHAPE_REPRESENTATION('',(#26,#27),#2067);
#22=ADVANCED_BREP_SHAPE_REPRESENTATION('',(#28),#2068);
#23=STYLED_ITEM('',(#2101),#26);
#24=STYLED_ITEM('',(#2101),#27);
#25=STYLED_ITEM('',(#2101),#28);
#26=MANIFOLD_SOLID_BREP('Body1',#1142);
#27=MANIFOLD_SOLID_BREP('Body2',#1143);
#28=MANIFOLD_SOLID_BREP('Body1',#1144);
#29=TOROIDAL_SURFACE('',#1186,37.4999983347952,0.499999988824129);
#30=TOROIDAL_SURFACE('',#1230,37.4999983347952,0.499999988824129);
#31=FACE_BOUND('',#145,.T.);
#32=FACE_BOUND('',#150,.T.);
#33=FACE_BOUND('',#158,.T.);
#34=FACE_BOUND('',#160,.T.);
#35=FACE_BOUND('',#167,.T.);
#36=FACE_BOUND('',#171,.T.);
#37=FACE_BOUND('',#180,.T.);
#38=FACE_BOUND('',#184,.T.);
#39=FACE_BOUND('',#185,.T.);
#40=FACE_BOUND('',#187,.T.);
#41=FACE_BOUND('',#198,.T.);
#42=FACE_BOUND('',#200,.T.);
#43=FACE_BOUND('',#201,.T.);
#44=FACE_BOUND('',#202,.T.);
#45=FACE_BOUND('',#210,.T.);
#46=FACE_BOUND('',#211,.T.);
#47=FACE_BOUND('',#212,.T.);
#48=FACE_BOUND('',#218,.T.);
#49=B_SPLINE_CURVE_WITH_KNOTS('',3,(#1614,#1615,#1616,#1617,#1618,#1619,
#1620,#1621),.UNSPECIFIED.,.F.,.F.,(4,2,2,4),(0.306859304980102,0.361633752347073,
0.421906044832887,0.482178337318701),.UNSPECIFIED.);
#50=B_SPLINE_CURVE_WITH_KNOTS('',3,(#1623,#1624,#1625,#1626,#1627,#1628,
#1629,#1630,#1631,#1632,#1633,#1634,#1635,#1636),.UNSPECIFIED.,.F.,.F.,
(4,2,2,2,2,2,4),(0.,0.0602722924858136,0.120544584971627,0.180816876815489,
0.24108916865935,0.301361460503212,0.306859304980102),.UNSPECIFIED.);
#51=B_SPLINE_CURVE_WITH_KNOTS('',3,(#1653,#1654,#1655,#1656,#1657,#1658,
#1659,#1660,#1661,#1662,#1663,#1664,#1665,#1666,#1667,#1668,#1669,#1670),
 .UNSPECIFIED.,.F.,.F.,(4,2,2,2,2,2,2,2,4),(-0.482178337318701,-0.421906044832887,
-0.361633752347073,-0.301361460503212,-0.24108916865935,-0.180816876815489,
-0.120544584971627,-0.0602722924858136,0.),.UNSPECIFIED.);
#52=B_SPLINE_CURVE_WITH_KNOTS('',3,(#1792,#1793,#1794,#1795,#1796,#1797,
#1798,#1799,#1800,#1801,#1802,#1803,#1804,#1805),.UNSPECIFIED.,.F.,.F.,
(4,2,2,2,2,2,4),(-0.306859304980102,-0.301361460503212,-0.24108916865935,
-0.180816876815489,-0.120544584971627,-0.0602722924858136,0.),
 .UNSPECIFIED.);
#53=B_SPLINE_CURVE_WITH_KNOTS('',3,(#1806,#1807,#1808,#1809,#1810,#1811,
#1812,#1813),.UNSPECIFIED.,.F.,.F.,(4,2,2,4),(-0.482178337318701,-0.421906044832887,
-0.361633752347074,-0.306859304980102),.UNSPECIFIED.);
#54=B_SPLINE_CURVE_WITH_KNOTS('',3,(#1823,#1824,#1825,#1826,#1827,#1828,
#1829,#1830,#1831,#1832,#1833,#1834,#1835,#1836,#1837,#1838,#1839,#1840),
 .UNSPECIFIED.,.F.,.F.,(4,2,2,2,2,2,2,2,4),(0.,0.0602722924858136,0.120544584971627,
0.180816876815489,0.24108916865935,0.301361460503212,0.361633752347074,
0.421906044832887,0.482178337318701),.UNSPECIFIED.);
#55=B_SPLINE_CURVE_WITH_KNOTS('',3,(#1875,#1876,#1877,#1878,#1879,#1880,
#1881,#1882,#1883,#1884,#1885,#1886,#1887,#1888,#1889,#1890,#1891,#1892,
#1893,#1894),.UNSPECIFIED.,.F.,.F.,(4,2,2,2,2,2,2,2,2,4),(0.247426026051442,
0.307743955713225,0.368061885375009,0.428608039771281,0.489154194167553,
0.549700348563825,0.610246502960097,0.670564432621881,0.730882362283664,
0.75437617364188),.UNSPECIFIED.);
#56=B_SPLINE_CURVE_WITH_KNOTS('',3,(#1895,#1896,#1897,#1898),
 .UNSPECIFIED.,.F.,.F.,(4,4),(0.223932214693226,0.247426026051442),
 .UNSPECIFIED.);
#57=B_SPLINE_CURVE_WITH_KNOTS('',3,(#1905,#1906,#1907,#1908,#1909,#1910,
#1911,#1912),.UNSPECIFIED.,.F.,.F.,(4,2,2,4),(0.223622501748746,0.260149901127371,
0.305042370665691,0.319779576282964),.UNSPECIFIED.);
#58=B_SPLINE_CURVE_WITH_KNOTS('',3,(#1916,#1917,#1918,#1919),
 .UNSPECIFIED.,.F.,.F.,(4,4),(0.724240267798725,0.747005379636087),
 .UNSPECIFIED.);
#59=B_SPLINE_CURVE_WITH_KNOTS('',3,(#1921,#1922,#1923,#1924,#1925,#1926,
#1927,#1928),.UNSPECIFIED.,.F.,.F.,(4,2,2,4),(0.65084830510187,0.665585510719143,
0.710477980257463,0.724240267798725),.UNSPECIFIED.);
#60=B_SPLINE_CURVE_WITH_KNOTS('',3,(#1932,#1933,#1934,#1935,#1936,#1937,
#1938,#1939,#1940,#1941,#1942,#1943,#1944,#1945,#1946,#1947,#1948,#1949),
 .UNSPECIFIED.,.F.,.F.,(4,2,2,2,2,2,2,2,4),(0.319779576282964,0.35006219475362,
0.395082018841549,0.440197979766983,0.485313940692417,0.530429901617851,
0.575545862543285,0.620565686631214,0.65084830510187),.UNSPECIFIED.);
#61=CYLINDRICAL_SURFACE('',#1172,1.6);
#62=CYLINDRICAL_SURFACE('',#1179,1.6);
#63=CYLINDRICAL_SURFACE('',#1180,37.5);
#64=CYLINDRICAL_SURFACE('',#1188,67.5);
#65=CYLINDRICAL_SURFACE('',#1189,1.6);
#66=CYLINDRICAL_SURFACE('',#1192,2.75000000000002);
#67=CYLINDRICAL_SURFACE('',#1196,2.74999999999999);
#68=CYLINDRICAL_SURFACE('',#1202,1.6);
#69=CYLINDRICAL_SURFACE('',#1205,2.75000000000002);
#70=CYLINDRICAL_SURFACE('',#1209,2.74999999999999);
#71=CYLINDRICAL_SURFACE('',#1218,1.6);
#72=CYLINDRICAL_SURFACE('',#1221,67.5);
#73=CYLINDRICAL_SURFACE('',#1227,1.6);
#74=CYLINDRICAL_SURFACE('',#1234,37.5);
#75=CYLINDRICAL_SURFACE('',#1238,5.1);
#76=CYLINDRICAL_SURFACE('',#1241,5.1);
#77=CYLINDRICAL_SURFACE('',#1244,1.6);
#78=CYLINDRICAL_SURFACE('',#1247,1.6);
#79=CYLINDRICAL_SURFACE('',#1250,67.5);
#80=CYLINDRICAL_SURFACE('',#1254,67.5);
#81=CYLINDRICAL_SURFACE('',#1257,67.5);
#82=CYLINDRICAL_SURFACE('',#1261,67.5);
#83=FACE_OUTER_BOUND('',#142,.T.);
#84=FACE_OUTER_BOUND('',#143,.T.);
#85=FACE_OUTER_BOUND('',#144,.T.);
#86=FACE_OUTER_BOUND('',#146,.T.);
#87=FACE_OUTER_BOUND('',#147,.T.);
#88=FACE_OUTER_BOUND('',#148,.T.);
#89=FACE_OUTER_BOUND('',#149,.T.);
#90=FACE_OUTER_BOUND('',#151,.T.);
#91=FACE_OUTER_BOUND('',#152,.T.);
#92=FACE_OUTER_BOUND('',#153,.T.);
#93=FACE_OUTER_BOUND('',#154,.T.);
#94=FACE_OUTER_BOUND('',#155,.T.);
#95=FACE_OUTER_BOUND('',#156,.T.);
#96=FACE_OUTER_BOUND('',#157,.T.);
#97=FACE_OUTER_BOUND('',#159,.T.);
#98=FACE_OUTER_BOUND('',#161,.T.);
#99=FACE_OUTER_BOUND('',#162,.T.);
#100=FACE_OUTER_BOUND('',#163,.T.);
#101=FACE_OUTER_BOUND('',#164,.T.);
#102=FACE_OUTER_BOUND('',#165,.T.);
#103=FACE_OUTER_BOUND('',#166,.T.);
#104=FACE_OUTER_BOUND('',#168,.T.);
#105=FACE_OUTER_BOUND('',#169,.T.);
#106=FACE_OUTER_BOUND('',#170,.T.);
#107=FACE_OUTER_BOUND('',#172,.T.);
#108=FACE_OUTER_BOUND('',#173,.T.);
#109=FACE_OUTER_BOUND('',#174,.T.);
#110=FACE_OUTER_BOUND('',#175,.T.);
#111=FACE_OUTER_BOUND('',#176,.T.);
#112=FACE_OUTER_BOUND('',#177,.T.);
#113=FACE_OUTER_BOUND('',#178,.T.);
#114=FACE_OUTER_BOUND('',#179,.T.);
#115=FACE_OUTER_BOUND('',#181,.T.);
#116=FACE_OUTER_BOUND('',#182,.T.);
#117=FACE_OUTER_BOUND('',#183,.T.);
#118=FACE_OUTER_BOUND('',#186,.T.);
#119=FACE_OUTER_BOUND('',#188,.T.);
#120=FACE_OUTER_BOUND('',#189,.T.);
#121=FACE_OUTER_BOUND('',#190,.T.);
#122=FACE_OUTER_BOUND('',#191,.T.);
#123=FACE_OUTER_BOUND('',#192,.T.);
#124=FACE_OUTER_BOUND('',#193,.T.);
#125=FACE_OUTER_BOUND('',#194,.T.);
#126=FACE_OUTER_BOUND('',#195,.T.);
#127=FACE_OUTER_BOUND('',#196,.T.);
#128=FACE_OUTER_BOUND('',#197,.T.);
#129=FACE_OUTER_BOUND('',#199,.T.);
#130=FACE_OUTER_BOUND('',#203,.T.);
#131=FACE_OUTER_BOUND('',#204,.T.);
#132=FACE_OUTER_BOUND('',#205,.T.);
#133=FACE_OUTER_BOUND('',#206,.T.);
#134=FACE_OUTER_BOUND('',#207,.T.);
#135=FACE_OUTER_BOUND('',#208,.T.);
#136=FACE_OUTER_BOUND('',#209,.T.);
#137=FACE_OUTER_BOUND('',#213,.T.);
#138=FACE_OUTER_BOUND('',#214,.T.);
#139=FACE_OUTER_BOUND('',#215,.T.);
#140=FACE_OUTER_BOUND('',#216,.T.);
#141=FACE_OUTER_BOUND('',#217,.T.);
#142=EDGE_LOOP('',(#730,#731));
#143=EDGE_LOOP('',(#732,#733,#734,#735,#736));
#144=EDGE_LOOP('',(#737,#738,#739,#740,#741,#742,#743,#744));
#145=EDGE_LOOP('',(#745));
#146=EDGE_LOOP('',(#746,#747));
#147=EDGE_LOOP('',(#748,#749,#750,#751));
#148=EDGE_LOOP('',(#752,#753,#754,#755,#756));
#149=EDGE_LOOP('',(#757));
#150=EDGE_LOOP('',(#758));
#151=EDGE_LOOP('',(#759,#760,#761,#762,#763));
#152=EDGE_LOOP('',(#764,#765,#766,#767,#768,#769,#770,#771));
#153=EDGE_LOOP('',(#772,#773,#774,#775));
#154=EDGE_LOOP('',(#776,#777,#778,#779));
#155=EDGE_LOOP('',(#780,#781,#782,#783));
#156=EDGE_LOOP('',(#784,#785,#786,#787));
#157=EDGE_LOOP('',(#788,#789,#790,#791,#792,#793));
#158=EDGE_LOOP('',(#794));
#159=EDGE_LOOP('',(#795,#796,#797,#798,#799,#800));
#160=EDGE_LOOP('',(#801));
#161=EDGE_LOOP('',(#802,#803,#804,#805));
#162=EDGE_LOOP('',(#806,#807,#808,#809));
#163=EDGE_LOOP('',(#810,#811,#812,#813));
#164=EDGE_LOOP('',(#814,#815,#816,#817));
#165=EDGE_LOOP('',(#818,#819,#820,#821));
#166=EDGE_LOOP('',(#822,#823,#824,#825,#826,#827));
#167=EDGE_LOOP('',(#828));
#168=EDGE_LOOP('',(#829,#830,#831,#832));
#169=EDGE_LOOP('',(#833,#834,#835,#836,#837,#838,#839,#840,#841,#842));
#170=EDGE_LOOP('',(#843,#844,#845,#846,#847,#848));
#171=EDGE_LOOP('',(#849));
#172=EDGE_LOOP('',(#850,#851,#852,#853,#854,#855,#856,#857,#858,#859));
#173=EDGE_LOOP('',(#860,#861,#862,#863));
#174=EDGE_LOOP('',(#864,#865,#866,#867,#868));
#175=EDGE_LOOP('',(#869,#870));
#176=EDGE_LOOP('',(#871,#872,#873,#874,#875,#876,#877,#878));
#177=EDGE_LOOP('',(#879,#880));
#178=EDGE_LOOP('',(#881,#882,#883,#884));
#179=EDGE_LOOP('',(#885,#886,#887,#888,#889,#890,#891,#892));
#180=EDGE_LOOP('',(#893));
#181=EDGE_LOOP('',(#894,#895,#896,#897,#898));
#182=EDGE_LOOP('',(#899,#900,#901,#902,#903));
#183=EDGE_LOOP('',(#904));
#184=EDGE_LOOP('',(#905,#906,#907,#908));
#185=EDGE_LOOP('',(#909));
#186=EDGE_LOOP('',(#910,#911,#912,#913));
#187=EDGE_LOOP('',(#914,#915,#916));
#188=EDGE_LOOP('',(#917,#918,#919,#920,#921,#922,#923,#924,#925,#926,#927));
#189=EDGE_LOOP('',(#928,#929,#930,#931,#932,#933));
#190=EDGE_LOOP('',(#934,#935,#936,#937,#938,#939,#940,#941));
#191=EDGE_LOOP('',(#942,#943,#944,#945));
#192=EDGE_LOOP('',(#946,#947,#948,#949));
#193=EDGE_LOOP('',(#950,#951,#952,#953));
#194=EDGE_LOOP('',(#954,#955,#956,#957));
#195=EDGE_LOOP('',(#958,#959,#960,#961));
#196=EDGE_LOOP('',(#962,#963,#964,#965));
#197=EDGE_LOOP('',(#966,#967,#968,#969));
#198=EDGE_LOOP('',(#970));
#199=EDGE_LOOP('',(#971,#972,#973,#974,#975,#976,#977,#978));
#200=EDGE_LOOP('',(#979));
#201=EDGE_LOOP('',(#980));
#202=EDGE_LOOP('',(#981,#982,#983,#984,#985,#986,#987,#988));
#203=EDGE_LOOP('',(#989,#990));
#204=EDGE_LOOP('',(#991,#992));
#205=EDGE_LOOP('',(#993,#994,#995,#996));
#206=EDGE_LOOP('',(#997,#998,#999,#1000));
#207=EDGE_LOOP('',(#1001,#1002,#1003,#1004));
#208=EDGE_LOOP('',(#1005,#1006,#1007,#1008));
#209=EDGE_LOOP('',(#1009,#1010,#1011,#1012,#1013,#1014,#1015,#1016));
#210=EDGE_LOOP('',(#1017));
#211=EDGE_LOOP('',(#1018));
#212=EDGE_LOOP('',(#1019,#1020,#1021,#1022,#1023,#1024,#1025,#1026));
#213=EDGE_LOOP('',(#1027,#1028,#1029,#1030));
#214=EDGE_LOOP('',(#1031,#1032,#1033,#1034));
#215=EDGE_LOOP('',(#1035,#1036,#1037,#1038));
#216=EDGE_LOOP('',(#1039,#1040,#1041,#1042));
#217=EDGE_LOOP('',(#1043,#1044,#1045,#1046));
#218=EDGE_LOOP('',(#1047));
#219=CIRCLE('',#1171,1.6);
#220=CIRCLE('',#1174,67.5);
#221=CIRCLE('',#1175,67.5);
#222=CIRCLE('',#1176,37.9999983236194);
#223=CIRCLE('',#1178,1.6);
#224=CIRCLE('',#1181,37.5);
#225=CIRCLE('',#1182,37.5);
#226=CIRCLE('',#1183,37.5);
#227=CIRCLE('',#1185,67.5);
#228=CIRCLE('',#1187,0.499999988824129);
#229=CIRCLE('',#1190,1.6);
#230=CIRCLE('',#1191,1.6);
#231=CIRCLE('',#1193,2.75000000000002);
#232=CIRCLE('',#1194,2.75000000000002);
#233=CIRCLE('',#1197,2.74999999999999);
#234=CIRCLE('',#1198,2.74999999999999);
#235=CIRCLE('',#1203,1.6);
#236=CIRCLE('',#1204,1.6);
#237=CIRCLE('',#1206,2.75000000000002);
#238=CIRCLE('',#1207,2.75000000000002);
#239=CIRCLE('',#1210,2.74999999999999);
#240=CIRCLE('',#1211,2.74999999999999);
#241=CIRCLE('',#1219,1.6);
#242=CIRCLE('',#1222,67.5);
#243=CIRCLE('',#1223,67.5);
#244=CIRCLE('',#1224,67.5);
#245=CIRCLE('',#1226,1.6);
#246=CIRCLE('',#1229,37.9999983236194);
#247=CIRCLE('',#1231,37.5);
#248=CIRCLE('',#1232,37.5);
#249=CIRCLE('',#1233,0.499999988824129);
#250=CIRCLE('',#1235,37.5);
#251=CIRCLE('',#1239,5.1);
#252=CIRCLE('',#1240,5.1);
#253=CIRCLE('',#1242,5.1);
#254=CIRCLE('',#1243,5.1);
#255=CIRCLE('',#1245,1.6);
#256=CIRCLE('',#1246,1.6);
#257=CIRCLE('',#1248,1.6);
#258=CIRCLE('',#1249,1.6);
#259=CIRCLE('',#1251,67.5);
#260=CIRCLE('',#1252,67.5);
#261=CIRCLE('',#1255,67.5);
#262=CIRCLE('',#1256,67.5);
#263=CIRCLE('',#1258,67.5);
#264=CIRCLE('',#1259,67.5);
#265=CIRCLE('',#1262,67.5);
#266=CIRCLE('',#1263,67.5);
#267=LINE('',#1608,#366);
#268=LINE('',#1612,#367);
#269=LINE('',#1637,#368);
#270=LINE('',#1642,#369);
#271=LINE('',#1644,#370);
#272=LINE('',#1646,#371);
#273=LINE('',#1676,#372);
#274=LINE('',#1685,#373);
#275=LINE('',#1690,#374);
#276=LINE('',#1697,#375);
#277=LINE('',#1700,#376);
#278=LINE('',#1703,#377);
#279=LINE('',#1705,#378);
#280=LINE('',#1706,#379);
#281=LINE('',#1711,#380);
#282=LINE('',#1715,#381);
#283=LINE('',#1717,#382);
#284=LINE('',#1718,#383);
#285=LINE('',#1721,#384);
#286=LINE('',#1723,#385);
#287=LINE('',#1724,#386);
#288=LINE('',#1727,#387);
#289=LINE('',#1729,#388);
#290=LINE('',#1730,#389);
#291=LINE('',#1735,#390);
#292=LINE('',#1742,#391);
#293=LINE('',#1745,#392);
#294=LINE('',#1748,#393);
#295=LINE('',#1750,#394);
#296=LINE('',#1751,#395);
#297=LINE('',#1757,#396);
#298=LINE('',#1760,#397);
#299=LINE('',#1762,#398);
#300=LINE('',#1763,#399);
#301=LINE('',#1765,#400);
#302=LINE('',#1766,#401);
#303=LINE('',#1770,#402);
#304=LINE('',#1771,#403);
#305=LINE('',#1772,#404);
#306=LINE('',#1775,#405);
#307=LINE('',#1776,#406);
#308=LINE('',#1779,#407);
#309=LINE('',#1780,#408);
#310=LINE('',#1782,#409);
#311=LINE('',#1786,#410);
#312=LINE('',#1790,#411);
#313=LINE('',#1815,#412);
#314=LINE('',#1819,#413);
#315=LINE('',#1845,#414);
#316=LINE('',#1848,#415);
#317=LINE('',#1849,#416);
#318=LINE('',#1862,#417);
#319=LINE('',#1869,#418);
#320=LINE('',#1873,#419);
#321=LINE('',#1903,#420);
#322=LINE('',#1914,#421);
#323=LINE('',#1930,#422);
#324=LINE('',#1953,#423);
#325=LINE('',#1958,#424);
#326=LINE('',#1965,#425);
#327=LINE('',#1968,#426);
#328=LINE('',#1971,#427);
#329=LINE('',#1973,#428);
#330=LINE('',#1974,#429);
#331=LINE('',#1980,#430);
#332=LINE('',#1986,#431);
#333=LINE('',#1989,#432);
#334=LINE('',#1992,#433);
#335=LINE('',#1994,#434);
#336=LINE('',#1995,#435);
#337=LINE('',#2000,#436);
#338=LINE('',#2003,#437);
#339=LINE('',#2004,#438);
#340=LINE('',#2008,#439);
#341=LINE('',#2010,#440);
#342=LINE('',#2012,#441);
#343=LINE('',#2014,#442);
#344=LINE('',#2016,#443);
#345=LINE('',#2018,#444);
#346=LINE('',#2020,#445);
#347=LINE('',#2021,#446);
#348=LINE('',#2022,#447);
#349=LINE('',#2027,#448);
#350=LINE('',#2029,#449);
#351=LINE('',#2030,#450);
#352=LINE('',#2033,#451);
#353=LINE('',#2034,#452);
#354=LINE('',#2037,#453);
#355=LINE('',#2038,#454);
#356=LINE('',#2041,#455);
#357=LINE('',#2042,#456);
#358=LINE('',#2046,#457);
#359=LINE('',#2047,#458);
#360=LINE('',#2049,#459);
#361=LINE('',#2050,#460);
#362=LINE('',#2051,#461);
#363=LINE('',#2053,#462);
#364=LINE('',#2055,#463);
#365=LINE('',#2057,#464);
#366=VECTOR('',#1286,10.);
#367=VECTOR('',#1291,10.);
#368=VECTOR('',#1292,10.);
#369=VECTOR('',#1297,10.);
#370=VECTOR('',#1298,10.);
#371=VECTOR('',#1299,10.);
#372=VECTOR('',#1314,37.5);
#373=VECTOR('',#1329,67.5);
#374=VECTOR('',#1334,1.6);
#375=VECTOR('',#1341,10.);
#376=VECTOR('',#1344,10.);
#377=VECTOR('',#1347,10.);
#378=VECTOR('',#1348,10.);
#379=VECTOR('',#1349,10.);
#380=VECTOR('',#1354,10.);
#381=VECTOR('',#1359,10.);
#382=VECTOR('',#1360,10.);
#383=VECTOR('',#1361,10.);
#384=VECTOR('',#1364,10.);
#385=VECTOR('',#1365,10.);
#386=VECTOR('',#1366,10.);
#387=VECTOR('',#1369,10.);
#388=VECTOR('',#1370,10.);
#389=VECTOR('',#1371,10.);
#390=VECTOR('',#1376,1.6);
#391=VECTOR('',#1383,10.);
#392=VECTOR('',#1386,10.);
#393=VECTOR('',#1389,10.);
#394=VECTOR('',#1390,10.);
#395=VECTOR('',#1391,10.);
#396=VECTOR('',#1398,10.);
#397=VECTOR('',#1401,10.);
#398=VECTOR('',#1402,10.);
#399=VECTOR('',#1403,10.);
#400=VECTOR('',#1406,10.);
#401=VECTOR('',#1407,10.);
#402=VECTOR('',#1410,10.);
#403=VECTOR('',#1411,10.);
#404=VECTOR('',#1412,10.);
#405=VECTOR('',#1415,10.);
#406=VECTOR('',#1416,10.);
#407=VECTOR('',#1419,10.);
#408=VECTOR('',#1420,10.);
#409=VECTOR('',#1423,10.);
#410=VECTOR('',#1426,10.);
#411=VECTOR('',#1429,10.);
#412=VECTOR('',#1432,10.);
#413=VECTOR('',#1437,67.5);
#414=VECTOR('',#1444,10.);
#415=VECTOR('',#1449,10.);
#416=VECTOR('',#1450,10.);
#417=VECTOR('',#1467,37.5);
#418=VECTOR('',#1476,5.1);
#419=VECTOR('',#1479,10.);
#420=VECTOR('',#1484,5.1);
#421=VECTOR('',#1485,10.);
#422=VECTOR('',#1486,5.1);
#423=VECTOR('',#1493,1.6);
#424=VECTOR('',#1500,1.6);
#425=VECTOR('',#1507,10.);
#426=VECTOR('',#1510,10.);
#427=VECTOR('',#1513,10.);
#428=VECTOR('',#1514,10.);
#429=VECTOR('',#1515,10.);
#430=VECTOR('',#1522,10.);
#431=VECTOR('',#1527,10.);
#432=VECTOR('',#1530,10.);
#433=VECTOR('',#1533,10.);
#434=VECTOR('',#1534,10.);
#435=VECTOR('',#1535,10.);
#436=VECTOR('',#1540,10.);
#437=VECTOR('',#1545,10.);
#438=VECTOR('',#1546,10.);
#439=VECTOR('',#1549,10.);
#440=VECTOR('',#1550,10.);
#441=VECTOR('',#1551,10.);
#442=VECTOR('',#1552,10.);
#443=VECTOR('',#1553,10.);
#444=VECTOR('',#1554,10.);
#445=VECTOR('',#1555,10.);
#446=VECTOR('',#1556,10.);
#447=VECTOR('',#1557,10.);
#448=VECTOR('',#1564,10.);
#449=VECTOR('',#1565,10.);
#450=VECTOR('',#1566,10.);
#451=VECTOR('',#1569,10.);
#452=VECTOR('',#1570,10.);
#453=VECTOR('',#1573,10.);
#454=VECTOR('',#1574,10.);
#455=VECTOR('',#1577,10.);
#456=VECTOR('',#1578,10.);
#457=VECTOR('',#1581,10.);
#458=VECTOR('',#1582,10.);
#459=VECTOR('',#1583,10.);
#460=VECTOR('',#1584,10.);
#461=VECTOR('',#1585,10.);
#462=VECTOR('',#1588,10.);
#463=VECTOR('',#1591,10.);
#464=VECTOR('',#1594,10.);
#465=VERTEX_POINT('',#1606);
#466=VERTEX_POINT('',#1607);
#467=VERTEX_POINT('',#1611);
#468=VERTEX_POINT('',#1613);
#469=VERTEX_POINT('',#1622);
#470=VERTEX_POINT('',#1639);
#471=VERTEX_POINT('',#1641);
#472=VERTEX_POINT('',#1643);
#473=VERTEX_POINT('',#1645);
#474=VERTEX_POINT('',#1648);
#475=VERTEX_POINT('',#1672);
#476=VERTEX_POINT('',#1673);
#477=VERTEX_POINT('',#1675);
#478=VERTEX_POINT('',#1680);
#479=VERTEX_POINT('',#1687);
#480=VERTEX_POINT('',#1689);
#481=VERTEX_POINT('',#1693);
#482=VERTEX_POINT('',#1694);
#483=VERTEX_POINT('',#1696);
#484=VERTEX_POINT('',#1698);
#485=VERTEX_POINT('',#1702);
#486=VERTEX_POINT('',#1704);
#487=VERTEX_POINT('',#1708);
#488=VERTEX_POINT('',#1710);
#489=VERTEX_POINT('',#1714);
#490=VERTEX_POINT('',#1716);
#491=VERTEX_POINT('',#1720);
#492=VERTEX_POINT('',#1722);
#493=VERTEX_POINT('',#1726);
#494=VERTEX_POINT('',#1728);
#495=VERTEX_POINT('',#1732);
#496=VERTEX_POINT('',#1734);
#497=VERTEX_POINT('',#1738);
#498=VERTEX_POINT('',#1739);
#499=VERTEX_POINT('',#1741);
#500=VERTEX_POINT('',#1743);
#501=VERTEX_POINT('',#1747);
#502=VERTEX_POINT('',#1749);
#503=VERTEX_POINT('',#1753);
#504=VERTEX_POINT('',#1755);
#505=VERTEX_POINT('',#1759);
#506=VERTEX_POINT('',#1761);
#507=VERTEX_POINT('',#1768);
#508=VERTEX_POINT('',#1769);
#509=VERTEX_POINT('',#1774);
#510=VERTEX_POINT('',#1778);
#511=VERTEX_POINT('',#1784);
#512=VERTEX_POINT('',#1785);
#513=VERTEX_POINT('',#1787);
#514=VERTEX_POINT('',#1789);
#515=VERTEX_POINT('',#1791);
#516=VERTEX_POINT('',#1817);
#517=VERTEX_POINT('',#1820);
#518=VERTEX_POINT('',#1822);
#519=VERTEX_POINT('',#1843);
#520=VERTEX_POINT('',#1844);
#521=VERTEX_POINT('',#1851);
#522=VERTEX_POINT('',#1854);
#523=VERTEX_POINT('',#1855);
#524=VERTEX_POINT('',#1860);
#525=VERTEX_POINT('',#1866);
#526=VERTEX_POINT('',#1868);
#527=VERTEX_POINT('',#1871);
#528=VERTEX_POINT('',#1872);
#529=VERTEX_POINT('',#1874);
#530=VERTEX_POINT('',#1900);
#531=VERTEX_POINT('',#1902);
#532=VERTEX_POINT('',#1904);
#533=VERTEX_POINT('',#1913);
#534=VERTEX_POINT('',#1915);
#535=VERTEX_POINT('',#1920);
#536=VERTEX_POINT('',#1929);
#537=VERTEX_POINT('',#1951);
#538=VERTEX_POINT('',#1956);
#539=VERTEX_POINT('',#1961);
#540=VERTEX_POINT('',#1962);
#541=VERTEX_POINT('',#1964);
#542=VERTEX_POINT('',#1966);
#543=VERTEX_POINT('',#1970);
#544=VERTEX_POINT('',#1972);
#545=VERTEX_POINT('',#1976);
#546=VERTEX_POINT('',#1978);
#547=VERTEX_POINT('',#1982);
#548=VERTEX_POINT('',#1983);
#549=VERTEX_POINT('',#1985);
#550=VERTEX_POINT('',#1987);
#551=VERTEX_POINT('',#1991);
#552=VERTEX_POINT('',#1993);
#553=VERTEX_POINT('',#1997);
#554=VERTEX_POINT('',#1999);
#555=VERTEX_POINT('',#2006);
#556=VERTEX_POINT('',#2007);
#557=VERTEX_POINT('',#2009);
#558=VERTEX_POINT('',#2011);
#559=VERTEX_POINT('',#2013);
#560=VERTEX_POINT('',#2015);
#561=VERTEX_POINT('',#2017);
#562=VERTEX_POINT('',#2019);
#563=VERTEX_POINT('',#2026);
#564=VERTEX_POINT('',#2028);
#565=VERTEX_POINT('',#2032);
#566=VERTEX_POINT('',#2036);
#567=VERTEX_POINT('',#2040);
#568=VERTEX_POINT('',#2044);
#569=VERTEX_POINT('',#2045);
#570=VERTEX_POINT('',#2048);
#571=EDGE_CURVE('',#465,#466,#267,.T.);
#572=EDGE_CURVE('',#465,#466,#219,.T.);
#573=EDGE_CURVE('',#467,#465,#268,.T.);
#574=EDGE_CURVE('',#468,#467,#49,.T.);
#575=EDGE_CURVE('',#469,#468,#50,.T.);
#576=EDGE_CURVE('',#466,#469,#269,.T.);
#577=EDGE_CURVE('',#469,#470,#220,.T.);
#578=EDGE_CURVE('',#470,#471,#270,.T.);
#579=EDGE_CURVE('',#471,#472,#271,.T.);
#580=EDGE_CURVE('',#472,#473,#272,.T.);
#581=EDGE_CURVE('',#473,#467,#221,.T.);
#582=EDGE_CURVE('',#474,#474,#222,.T.);
#583=EDGE_CURVE('',#472,#471,#223,.T.);
#584=EDGE_CURVE('',#473,#470,#51,.T.);
#585=EDGE_CURVE('',#475,#476,#224,.T.);
#586=EDGE_CURVE('',#476,#477,#273,.T.);
#587=EDGE_CURVE('',#477,#477,#225,.T.);
#588=EDGE_CURVE('',#476,#475,#226,.T.);
#589=EDGE_CURVE('',#478,#478,#227,.T.);
#590=EDGE_CURVE('',#474,#475,#228,.T.);
#591=EDGE_CURVE('',#468,#478,#274,.T.);
#592=EDGE_CURVE('',#479,#479,#229,.T.);
#593=EDGE_CURVE('',#479,#480,#275,.T.);
#594=EDGE_CURVE('',#480,#480,#230,.T.);
#595=EDGE_CURVE('',#481,#482,#231,.T.);
#596=EDGE_CURVE('',#482,#483,#276,.T.);
#597=EDGE_CURVE('',#483,#484,#232,.T.);
#598=EDGE_CURVE('',#481,#484,#277,.T.);
#599=EDGE_CURVE('',#485,#482,#278,.T.);
#600=EDGE_CURVE('',#485,#486,#279,.T.);
#601=EDGE_CURVE('',#486,#483,#280,.T.);
#602=EDGE_CURVE('',#485,#487,#233,.T.);
#603=EDGE_CURVE('',#487,#488,#281,.T.);
#604=EDGE_CURVE('',#488,#486,#234,.T.);
#605=EDGE_CURVE('',#481,#489,#282,.T.);
#606=EDGE_CURVE('',#490,#489,#283,.T.);
#607=EDGE_CURVE('',#490,#487,#284,.T.);
#608=EDGE_CURVE('',#484,#491,#285,.T.);
#609=EDGE_CURVE('',#492,#488,#286,.T.);
#610=EDGE_CURVE('',#491,#492,#287,.T.);
#611=EDGE_CURVE('',#489,#493,#288,.T.);
#612=EDGE_CURVE('',#493,#494,#289,.T.);
#613=EDGE_CURVE('',#494,#490,#290,.T.);
#614=EDGE_CURVE('',#495,#495,#235,.T.);
#615=EDGE_CURVE('',#495,#496,#291,.T.);
#616=EDGE_CURVE('',#496,#496,#236,.T.);
#617=EDGE_CURVE('',#497,#498,#237,.T.);
#618=EDGE_CURVE('',#497,#499,#292,.T.);
#619=EDGE_CURVE('',#500,#499,#238,.T.);
#620=EDGE_CURVE('',#498,#500,#293,.T.);
#621=EDGE_CURVE('',#501,#498,#294,.T.);
#622=EDGE_CURVE('',#502,#500,#295,.T.);
#623=EDGE_CURVE('',#501,#502,#296,.T.);
#624=EDGE_CURVE('',#501,#503,#239,.T.);
#625=EDGE_CURVE('',#504,#502,#240,.T.);
#626=EDGE_CURVE('',#503,#504,#297,.T.);
#627=EDGE_CURVE('',#499,#505,#298,.T.);
#628=EDGE_CURVE('',#506,#505,#299,.T.);
#629=EDGE_CURVE('',#506,#504,#300,.T.);
#630=EDGE_CURVE('',#492,#506,#301,.T.);
#631=EDGE_CURVE('',#505,#491,#302,.T.);
#632=EDGE_CURVE('',#507,#508,#303,.T.);
#633=EDGE_CURVE('',#507,#493,#304,.T.);
#634=EDGE_CURVE('',#508,#497,#305,.T.);
#635=EDGE_CURVE('',#508,#509,#306,.T.);
#636=EDGE_CURVE('',#509,#503,#307,.T.);
#637=EDGE_CURVE('',#509,#510,#308,.T.);
#638=EDGE_CURVE('',#510,#494,#309,.T.);
#639=EDGE_CURVE('',#510,#507,#310,.T.);
#640=EDGE_CURVE('',#511,#512,#311,.T.);
#641=EDGE_CURVE('',#513,#511,#241,.T.);
#642=EDGE_CURVE('',#514,#513,#312,.T.);
#643=EDGE_CURVE('',#515,#514,#52,.T.);
#644=EDGE_CURVE('',#512,#515,#53,.T.);
#645=EDGE_CURVE('',#513,#511,#313,.T.);
#646=EDGE_CURVE('',#516,#516,#242,.T.);
#647=EDGE_CURVE('',#516,#515,#314,.T.);
#648=EDGE_CURVE('',#514,#517,#243,.T.);
#649=EDGE_CURVE('',#517,#518,#54,.T.);
#650=EDGE_CURVE('',#518,#512,#244,.T.);
#651=EDGE_CURVE('',#519,#520,#315,.T.);
#652=EDGE_CURVE('',#520,#519,#245,.T.);
#653=EDGE_CURVE('',#518,#519,#316,.T.);
#654=EDGE_CURVE('',#520,#517,#317,.T.);
#655=EDGE_CURVE('',#521,#521,#246,.T.);
#656=EDGE_CURVE('',#522,#523,#247,.T.);
#657=EDGE_CURVE('',#523,#522,#248,.T.);
#658=EDGE_CURVE('',#523,#521,#249,.T.);
#659=EDGE_CURVE('',#524,#524,#250,.T.);
#660=EDGE_CURVE('',#524,#522,#318,.T.);
#661=EDGE_CURVE('',#525,#525,#251,.T.);
#662=EDGE_CURVE('',#525,#526,#319,.T.);
#663=EDGE_CURVE('',#526,#526,#252,.T.);
#664=EDGE_CURVE('',#527,#528,#320,.T.);
#665=EDGE_CURVE('',#529,#527,#55,.T.);
#666=EDGE_CURVE('',#528,#529,#56,.T.);
#667=EDGE_CURVE('',#530,#530,#253,.T.);
#668=EDGE_CURVE('',#530,#531,#321,.T.);
#669=EDGE_CURVE('',#532,#531,#57,.T.);
#670=EDGE_CURVE('',#533,#532,#322,.T.);
#671=EDGE_CURVE('',#534,#533,#58,.T.);
#672=EDGE_CURVE('',#535,#534,#59,.T.);
#673=EDGE_CURVE('',#535,#536,#323,.T.);
#674=EDGE_CURVE('',#536,#536,#254,.T.);
#675=EDGE_CURVE('',#531,#535,#60,.T.);
#676=EDGE_CURVE('',#537,#537,#255,.T.);
#677=EDGE_CURVE('',#537,#529,#324,.T.);
#678=EDGE_CURVE('',#527,#528,#256,.T.);
#679=EDGE_CURVE('',#538,#538,#257,.T.);
#680=EDGE_CURVE('',#538,#534,#325,.T.);
#681=EDGE_CURVE('',#532,#533,#258,.T.);
#682=EDGE_CURVE('',#539,#540,#259,.T.);
#683=EDGE_CURVE('',#540,#541,#326,.T.);
#684=EDGE_CURVE('',#541,#542,#260,.T.);
#685=EDGE_CURVE('',#542,#539,#327,.T.);
#686=EDGE_CURVE('',#543,#540,#328,.T.);
#687=EDGE_CURVE('',#544,#543,#329,.T.);
#688=EDGE_CURVE('',#541,#544,#330,.T.);
#689=EDGE_CURVE('',#545,#544,#261,.T.);
#690=EDGE_CURVE('',#543,#546,#262,.T.);
#691=EDGE_CURVE('',#546,#545,#331,.T.);
#692=EDGE_CURVE('',#547,#548,#263,.T.);
#693=EDGE_CURVE('',#548,#549,#332,.T.);
#694=EDGE_CURVE('',#549,#550,#264,.T.);
#695=EDGE_CURVE('',#550,#547,#333,.T.);
#696=EDGE_CURVE('',#551,#548,#334,.T.);
#697=EDGE_CURVE('',#552,#551,#335,.T.);
#698=EDGE_CURVE('',#549,#552,#336,.T.);
#699=EDGE_CURVE('',#551,#553,#265,.T.);
#700=EDGE_CURVE('',#553,#554,#337,.T.);
#701=EDGE_CURVE('',#554,#552,#266,.T.);
#702=EDGE_CURVE('',#554,#542,#338,.T.);
#703=EDGE_CURVE('',#539,#553,#339,.T.);
#704=EDGE_CURVE('',#555,#556,#340,.T.);
#705=EDGE_CURVE('',#556,#557,#341,.T.);
#706=EDGE_CURVE('',#557,#558,#342,.T.);
#707=EDGE_CURVE('',#558,#559,#343,.T.);
#708=EDGE_CURVE('',#559,#560,#344,.T.);
#709=EDGE_CURVE('',#560,#561,#345,.T.);
#710=EDGE_CURVE('',#561,#562,#346,.T.);
#711=EDGE_CURVE('',#562,#555,#347,.T.);
#712=EDGE_CURVE('',#545,#550,#348,.T.);
#713=EDGE_CURVE('',#563,#558,#349,.T.);
#714=EDGE_CURVE('',#564,#563,#350,.T.);
#715=EDGE_CURVE('',#564,#559,#351,.T.);
#716=EDGE_CURVE('',#565,#564,#352,.T.);
#717=EDGE_CURVE('',#565,#560,#353,.T.);
#718=EDGE_CURVE('',#566,#565,#354,.T.);
#719=EDGE_CURVE('',#566,#561,#355,.T.);
#720=EDGE_CURVE('',#567,#566,#356,.T.);
#721=EDGE_CURVE('',#567,#562,#357,.T.);
#722=EDGE_CURVE('',#568,#569,#358,.T.);
#723=EDGE_CURVE('',#569,#567,#359,.T.);
#724=EDGE_CURVE('',#563,#570,#360,.T.);
#725=EDGE_CURVE('',#570,#568,#361,.T.);
#726=EDGE_CURVE('',#547,#546,#362,.T.);
#727=EDGE_CURVE('',#555,#569,#363,.T.);
#728=EDGE_CURVE('',#568,#556,#364,.T.);
#729=EDGE_CURVE('',#570,#557,#365,.T.);
#730=ORIENTED_EDGE('',*,*,#571,.F.);
#731=ORIENTED_EDGE('',*,*,#572,.T.);
#732=ORIENTED_EDGE('',*,*,#573,.F.);
#733=ORIENTED_EDGE('',*,*,#574,.F.);
#734=ORIENTED_EDGE('',*,*,#575,.F.);
#735=ORIENTED_EDGE('',*,*,#576,.F.);
#736=ORIENTED_EDGE('',*,*,#572,.F.);
#737=ORIENTED_EDGE('',*,*,#573,.T.);
#738=ORIENTED_EDGE('',*,*,#571,.T.);
#739=ORIENTED_EDGE('',*,*,#576,.T.);
#740=ORIENTED_EDGE('',*,*,#577,.T.);
#741=ORIENTED_EDGE('',*,*,#578,.T.);
#742=ORIENTED_EDGE('',*,*,#579,.T.);
#743=ORIENTED_EDGE('',*,*,#580,.T.);
#744=ORIENTED_EDGE('',*,*,#581,.T.);
#745=ORIENTED_EDGE('',*,*,#582,.T.);
#746=ORIENTED_EDGE('',*,*,#579,.F.);
#747=ORIENTED_EDGE('',*,*,#583,.F.);
#748=ORIENTED_EDGE('',*,*,#578,.F.);
#749=ORIENTED_EDGE('',*,*,#584,.F.);
#750=ORIENTED_EDGE('',*,*,#580,.F.);
#751=ORIENTED_EDGE('',*,*,#583,.T.);
#752=ORIENTED_EDGE('',*,*,#585,.T.);
#753=ORIENTED_EDGE('',*,*,#586,.T.);
#754=ORIENTED_EDGE('',*,*,#587,.F.);
#755=ORIENTED_EDGE('',*,*,#586,.F.);
#756=ORIENTED_EDGE('',*,*,#588,.T.);
#757=ORIENTED_EDGE('',*,*,#589,.T.);
#758=ORIENTED_EDGE('',*,*,#587,.T.);
#759=ORIENTED_EDGE('',*,*,#582,.F.);
#760=ORIENTED_EDGE('',*,*,#590,.T.);
#761=ORIENTED_EDGE('',*,*,#588,.F.);
#762=ORIENTED_EDGE('',*,*,#585,.F.);
#763=ORIENTED_EDGE('',*,*,#590,.F.);
#764=ORIENTED_EDGE('',*,*,#575,.T.);
#765=ORIENTED_EDGE('',*,*,#591,.T.);
#766=ORIENTED_EDGE('',*,*,#589,.F.);
#767=ORIENTED_EDGE('',*,*,#591,.F.);
#768=ORIENTED_EDGE('',*,*,#574,.T.);
#769=ORIENTED_EDGE('',*,*,#581,.F.);
#770=ORIENTED_EDGE('',*,*,#584,.T.);
#771=ORIENTED_EDGE('',*,*,#577,.F.);
#772=ORIENTED_EDGE('',*,*,#592,.T.);
#773=ORIENTED_EDGE('',*,*,#593,.T.);
#774=ORIENTED_EDGE('',*,*,#594,.T.);
#775=ORIENTED_EDGE('',*,*,#593,.F.);
#776=ORIENTED_EDGE('',*,*,#595,.T.);
#777=ORIENTED_EDGE('',*,*,#596,.T.);
#778=ORIENTED_EDGE('',*,*,#597,.T.);
#779=ORIENTED_EDGE('',*,*,#598,.F.);
#780=ORIENTED_EDGE('',*,*,#599,.F.);
#781=ORIENTED_EDGE('',*,*,#600,.T.);
#782=ORIENTED_EDGE('',*,*,#601,.T.);
#783=ORIENTED_EDGE('',*,*,#596,.F.);
#784=ORIENTED_EDGE('',*,*,#602,.T.);
#785=ORIENTED_EDGE('',*,*,#603,.T.);
#786=ORIENTED_EDGE('',*,*,#604,.T.);
#787=ORIENTED_EDGE('',*,*,#600,.F.);
#788=ORIENTED_EDGE('',*,*,#605,.T.);
#789=ORIENTED_EDGE('',*,*,#606,.F.);
#790=ORIENTED_EDGE('',*,*,#607,.T.);
#791=ORIENTED_EDGE('',*,*,#602,.F.);
#792=ORIENTED_EDGE('',*,*,#599,.T.);
#793=ORIENTED_EDGE('',*,*,#595,.F.);
#794=ORIENTED_EDGE('',*,*,#594,.F.);
#795=ORIENTED_EDGE('',*,*,#608,.F.);
#796=ORIENTED_EDGE('',*,*,#597,.F.);
#797=ORIENTED_EDGE('',*,*,#601,.F.);
#798=ORIENTED_EDGE('',*,*,#604,.F.);
#799=ORIENTED_EDGE('',*,*,#609,.F.);
#800=ORIENTED_EDGE('',*,*,#610,.F.);
#801=ORIENTED_EDGE('',*,*,#592,.F.);
#802=ORIENTED_EDGE('',*,*,#606,.T.);
#803=ORIENTED_EDGE('',*,*,#611,.T.);
#804=ORIENTED_EDGE('',*,*,#612,.T.);
#805=ORIENTED_EDGE('',*,*,#613,.T.);
#806=ORIENTED_EDGE('',*,*,#614,.F.);
#807=ORIENTED_EDGE('',*,*,#615,.T.);
#808=ORIENTED_EDGE('',*,*,#616,.F.);
#809=ORIENTED_EDGE('',*,*,#615,.F.);
#810=ORIENTED_EDGE('',*,*,#617,.F.);
#811=ORIENTED_EDGE('',*,*,#618,.T.);
#812=ORIENTED_EDGE('',*,*,#619,.F.);
#813=ORIENTED_EDGE('',*,*,#620,.F.);
#814=ORIENTED_EDGE('',*,*,#621,.T.);
#815=ORIENTED_EDGE('',*,*,#620,.T.);
#816=ORIENTED_EDGE('',*,*,#622,.F.);
#817=ORIENTED_EDGE('',*,*,#623,.F.);
#818=ORIENTED_EDGE('',*,*,#624,.F.);
#819=ORIENTED_EDGE('',*,*,#623,.T.);
#820=ORIENTED_EDGE('',*,*,#625,.F.);
#821=ORIENTED_EDGE('',*,*,#626,.F.);
#822=ORIENTED_EDGE('',*,*,#627,.T.);
#823=ORIENTED_EDGE('',*,*,#628,.F.);
#824=ORIENTED_EDGE('',*,*,#629,.T.);
#825=ORIENTED_EDGE('',*,*,#625,.T.);
#826=ORIENTED_EDGE('',*,*,#622,.T.);
#827=ORIENTED_EDGE('',*,*,#619,.T.);
#828=ORIENTED_EDGE('',*,*,#614,.T.);
#829=ORIENTED_EDGE('',*,*,#610,.T.);
#830=ORIENTED_EDGE('',*,*,#630,.T.);
#831=ORIENTED_EDGE('',*,*,#628,.T.);
#832=ORIENTED_EDGE('',*,*,#631,.T.);
#833=ORIENTED_EDGE('',*,*,#632,.F.);
#834=ORIENTED_EDGE('',*,*,#633,.T.);
#835=ORIENTED_EDGE('',*,*,#611,.F.);
#836=ORIENTED_EDGE('',*,*,#605,.F.);
#837=ORIENTED_EDGE('',*,*,#598,.T.);
#838=ORIENTED_EDGE('',*,*,#608,.T.);
#839=ORIENTED_EDGE('',*,*,#631,.F.);
#840=ORIENTED_EDGE('',*,*,#627,.F.);
#841=ORIENTED_EDGE('',*,*,#618,.F.);
#842=ORIENTED_EDGE('',*,*,#634,.F.);
#843=ORIENTED_EDGE('',*,*,#635,.F.);
#844=ORIENTED_EDGE('',*,*,#634,.T.);
#845=ORIENTED_EDGE('',*,*,#617,.T.);
#846=ORIENTED_EDGE('',*,*,#621,.F.);
#847=ORIENTED_EDGE('',*,*,#624,.T.);
#848=ORIENTED_EDGE('',*,*,#636,.F.);
#849=ORIENTED_EDGE('',*,*,#616,.T.);
#850=ORIENTED_EDGE('',*,*,#637,.F.);
#851=ORIENTED_EDGE('',*,*,#636,.T.);
#852=ORIENTED_EDGE('',*,*,#626,.T.);
#853=ORIENTED_EDGE('',*,*,#629,.F.);
#854=ORIENTED_EDGE('',*,*,#630,.F.);
#855=ORIENTED_EDGE('',*,*,#609,.T.);
#856=ORIENTED_EDGE('',*,*,#603,.F.);
#857=ORIENTED_EDGE('',*,*,#607,.F.);
#858=ORIENTED_EDGE('',*,*,#613,.F.);
#859=ORIENTED_EDGE('',*,*,#638,.F.);
#860=ORIENTED_EDGE('',*,*,#639,.F.);
#861=ORIENTED_EDGE('',*,*,#638,.T.);
#862=ORIENTED_EDGE('',*,*,#612,.F.);
#863=ORIENTED_EDGE('',*,*,#633,.F.);
#864=ORIENTED_EDGE('',*,*,#640,.F.);
#865=ORIENTED_EDGE('',*,*,#641,.F.);
#866=ORIENTED_EDGE('',*,*,#642,.F.);
#867=ORIENTED_EDGE('',*,*,#643,.F.);
#868=ORIENTED_EDGE('',*,*,#644,.F.);
#869=ORIENTED_EDGE('',*,*,#645,.F.);
#870=ORIENTED_EDGE('',*,*,#641,.T.);
#871=ORIENTED_EDGE('',*,*,#646,.F.);
#872=ORIENTED_EDGE('',*,*,#647,.T.);
#873=ORIENTED_EDGE('',*,*,#643,.T.);
#874=ORIENTED_EDGE('',*,*,#648,.T.);
#875=ORIENTED_EDGE('',*,*,#649,.T.);
#876=ORIENTED_EDGE('',*,*,#650,.T.);
#877=ORIENTED_EDGE('',*,*,#644,.T.);
#878=ORIENTED_EDGE('',*,*,#647,.F.);
#879=ORIENTED_EDGE('',*,*,#651,.F.);
#880=ORIENTED_EDGE('',*,*,#652,.F.);
#881=ORIENTED_EDGE('',*,*,#653,.F.);
#882=ORIENTED_EDGE('',*,*,#649,.F.);
#883=ORIENTED_EDGE('',*,*,#654,.F.);
#884=ORIENTED_EDGE('',*,*,#652,.T.);
#885=ORIENTED_EDGE('',*,*,#640,.T.);
#886=ORIENTED_EDGE('',*,*,#650,.F.);
#887=ORIENTED_EDGE('',*,*,#653,.T.);
#888=ORIENTED_EDGE('',*,*,#651,.T.);
#889=ORIENTED_EDGE('',*,*,#654,.T.);
#890=ORIENTED_EDGE('',*,*,#648,.F.);
#891=ORIENTED_EDGE('',*,*,#642,.T.);
#892=ORIENTED_EDGE('',*,*,#645,.T.);
#893=ORIENTED_EDGE('',*,*,#655,.F.);
#894=ORIENTED_EDGE('',*,*,#656,.F.);
#895=ORIENTED_EDGE('',*,*,#657,.F.);
#896=ORIENTED_EDGE('',*,*,#658,.T.);
#897=ORIENTED_EDGE('',*,*,#655,.T.);
#898=ORIENTED_EDGE('',*,*,#658,.F.);
#899=ORIENTED_EDGE('',*,*,#659,.F.);
#900=ORIENTED_EDGE('',*,*,#660,.T.);
#901=ORIENTED_EDGE('',*,*,#656,.T.);
#902=ORIENTED_EDGE('',*,*,#657,.T.);
#903=ORIENTED_EDGE('',*,*,#660,.F.);
#904=ORIENTED_EDGE('',*,*,#646,.T.);
#905=ORIENTED_EDGE('',*,*,#632,.T.);
#906=ORIENTED_EDGE('',*,*,#635,.T.);
#907=ORIENTED_EDGE('',*,*,#637,.T.);
#908=ORIENTED_EDGE('',*,*,#639,.T.);
#909=ORIENTED_EDGE('',*,*,#659,.T.);
#910=ORIENTED_EDGE('',*,*,#661,.F.);
#911=ORIENTED_EDGE('',*,*,#662,.T.);
#912=ORIENTED_EDGE('',*,*,#663,.F.);
#913=ORIENTED_EDGE('',*,*,#662,.F.);
#914=ORIENTED_EDGE('',*,*,#664,.F.);
#915=ORIENTED_EDGE('',*,*,#665,.F.);
#916=ORIENTED_EDGE('',*,*,#666,.F.);
#917=ORIENTED_EDGE('',*,*,#667,.F.);
#918=ORIENTED_EDGE('',*,*,#668,.T.);
#919=ORIENTED_EDGE('',*,*,#669,.F.);
#920=ORIENTED_EDGE('',*,*,#670,.F.);
#921=ORIENTED_EDGE('',*,*,#671,.F.);
#922=ORIENTED_EDGE('',*,*,#672,.F.);
#923=ORIENTED_EDGE('',*,*,#673,.T.);
#924=ORIENTED_EDGE('',*,*,#674,.F.);
#925=ORIENTED_EDGE('',*,*,#673,.F.);
#926=ORIENTED_EDGE('',*,*,#675,.F.);
#927=ORIENTED_EDGE('',*,*,#668,.F.);
#928=ORIENTED_EDGE('',*,*,#676,.F.);
#929=ORIENTED_EDGE('',*,*,#677,.T.);
#930=ORIENTED_EDGE('',*,*,#665,.T.);
#931=ORIENTED_EDGE('',*,*,#678,.T.);
#932=ORIENTED_EDGE('',*,*,#666,.T.);
#933=ORIENTED_EDGE('',*,*,#677,.F.);
#934=ORIENTED_EDGE('',*,*,#679,.F.);
#935=ORIENTED_EDGE('',*,*,#680,.T.);
#936=ORIENTED_EDGE('',*,*,#671,.T.);
#937=ORIENTED_EDGE('',*,*,#681,.F.);
#938=ORIENTED_EDGE('',*,*,#669,.T.);
#939=ORIENTED_EDGE('',*,*,#675,.T.);
#940=ORIENTED_EDGE('',*,*,#672,.T.);
#941=ORIENTED_EDGE('',*,*,#680,.F.);
#942=ORIENTED_EDGE('',*,*,#682,.T.);
#943=ORIENTED_EDGE('',*,*,#683,.T.);
#944=ORIENTED_EDGE('',*,*,#684,.T.);
#945=ORIENTED_EDGE('',*,*,#685,.T.);
#946=ORIENTED_EDGE('',*,*,#683,.F.);
#947=ORIENTED_EDGE('',*,*,#686,.F.);
#948=ORIENTED_EDGE('',*,*,#687,.F.);
#949=ORIENTED_EDGE('',*,*,#688,.F.);
#950=ORIENTED_EDGE('',*,*,#689,.T.);
#951=ORIENTED_EDGE('',*,*,#687,.T.);
#952=ORIENTED_EDGE('',*,*,#690,.T.);
#953=ORIENTED_EDGE('',*,*,#691,.T.);
#954=ORIENTED_EDGE('',*,*,#692,.T.);
#955=ORIENTED_EDGE('',*,*,#693,.T.);
#956=ORIENTED_EDGE('',*,*,#694,.T.);
#957=ORIENTED_EDGE('',*,*,#695,.T.);
#958=ORIENTED_EDGE('',*,*,#693,.F.);
#959=ORIENTED_EDGE('',*,*,#696,.F.);
#960=ORIENTED_EDGE('',*,*,#697,.F.);
#961=ORIENTED_EDGE('',*,*,#698,.F.);
#962=ORIENTED_EDGE('',*,*,#699,.T.);
#963=ORIENTED_EDGE('',*,*,#700,.T.);
#964=ORIENTED_EDGE('',*,*,#701,.T.);
#965=ORIENTED_EDGE('',*,*,#697,.T.);
#966=ORIENTED_EDGE('',*,*,#685,.F.);
#967=ORIENTED_EDGE('',*,*,#702,.F.);
#968=ORIENTED_EDGE('',*,*,#700,.F.);
#969=ORIENTED_EDGE('',*,*,#703,.F.);
#970=ORIENTED_EDGE('',*,*,#679,.T.);
#971=ORIENTED_EDGE('',*,*,#704,.T.);
#972=ORIENTED_EDGE('',*,*,#705,.T.);
#973=ORIENTED_EDGE('',*,*,#706,.T.);
#974=ORIENTED_EDGE('',*,*,#707,.T.);
#975=ORIENTED_EDGE('',*,*,#708,.T.);
#976=ORIENTED_EDGE('',*,*,#709,.T.);
#977=ORIENTED_EDGE('',*,*,#710,.T.);
#978=ORIENTED_EDGE('',*,*,#711,.T.);
#979=ORIENTED_EDGE('',*,*,#661,.T.);
#980=ORIENTED_EDGE('',*,*,#667,.T.);
#981=ORIENTED_EDGE('',*,*,#712,.T.);
#982=ORIENTED_EDGE('',*,*,#694,.F.);
#983=ORIENTED_EDGE('',*,*,#698,.T.);
#984=ORIENTED_EDGE('',*,*,#701,.F.);
#985=ORIENTED_EDGE('',*,*,#702,.T.);
#986=ORIENTED_EDGE('',*,*,#684,.F.);
#987=ORIENTED_EDGE('',*,*,#688,.T.);
#988=ORIENTED_EDGE('',*,*,#689,.F.);
#989=ORIENTED_EDGE('',*,*,#670,.T.);
#990=ORIENTED_EDGE('',*,*,#681,.T.);
#991=ORIENTED_EDGE('',*,*,#664,.T.);
#992=ORIENTED_EDGE('',*,*,#678,.F.);
#993=ORIENTED_EDGE('',*,*,#713,.F.);
#994=ORIENTED_EDGE('',*,*,#714,.F.);
#995=ORIENTED_EDGE('',*,*,#715,.T.);
#996=ORIENTED_EDGE('',*,*,#707,.F.);
#997=ORIENTED_EDGE('',*,*,#715,.F.);
#998=ORIENTED_EDGE('',*,*,#716,.F.);
#999=ORIENTED_EDGE('',*,*,#717,.T.);
#1000=ORIENTED_EDGE('',*,*,#708,.F.);
#1001=ORIENTED_EDGE('',*,*,#717,.F.);
#1002=ORIENTED_EDGE('',*,*,#718,.F.);
#1003=ORIENTED_EDGE('',*,*,#719,.T.);
#1004=ORIENTED_EDGE('',*,*,#709,.F.);
#1005=ORIENTED_EDGE('',*,*,#719,.F.);
#1006=ORIENTED_EDGE('',*,*,#720,.F.);
#1007=ORIENTED_EDGE('',*,*,#721,.T.);
#1008=ORIENTED_EDGE('',*,*,#710,.F.);
#1009=ORIENTED_EDGE('',*,*,#722,.T.);
#1010=ORIENTED_EDGE('',*,*,#723,.T.);
#1011=ORIENTED_EDGE('',*,*,#720,.T.);
#1012=ORIENTED_EDGE('',*,*,#718,.T.);
#1013=ORIENTED_EDGE('',*,*,#716,.T.);
#1014=ORIENTED_EDGE('',*,*,#714,.T.);
#1015=ORIENTED_EDGE('',*,*,#724,.T.);
#1016=ORIENTED_EDGE('',*,*,#725,.T.);
#1017=ORIENTED_EDGE('',*,*,#663,.T.);
#1018=ORIENTED_EDGE('',*,*,#674,.T.);
#1019=ORIENTED_EDGE('',*,*,#726,.T.);
#1020=ORIENTED_EDGE('',*,*,#690,.F.);
#1021=ORIENTED_EDGE('',*,*,#686,.T.);
#1022=ORIENTED_EDGE('',*,*,#682,.F.);
#1023=ORIENTED_EDGE('',*,*,#703,.T.);
#1024=ORIENTED_EDGE('',*,*,#699,.F.);
#1025=ORIENTED_EDGE('',*,*,#696,.T.);
#1026=ORIENTED_EDGE('',*,*,#692,.F.);
#1027=ORIENTED_EDGE('',*,*,#721,.F.);
#1028=ORIENTED_EDGE('',*,*,#723,.F.);
#1029=ORIENTED_EDGE('',*,*,#727,.F.);
#1030=ORIENTED_EDGE('',*,*,#711,.F.);
#1031=ORIENTED_EDGE('',*,*,#727,.T.);
#1032=ORIENTED_EDGE('',*,*,#722,.F.);
#1033=ORIENTED_EDGE('',*,*,#728,.T.);
#1034=ORIENTED_EDGE('',*,*,#704,.F.);
#1035=ORIENTED_EDGE('',*,*,#728,.F.);
#1036=ORIENTED_EDGE('',*,*,#725,.F.);
#1037=ORIENTED_EDGE('',*,*,#729,.T.);
#1038=ORIENTED_EDGE('',*,*,#705,.F.);
#1039=ORIENTED_EDGE('',*,*,#729,.F.);
#1040=ORIENTED_EDGE('',*,*,#724,.F.);
#1041=ORIENTED_EDGE('',*,*,#713,.T.);
#1042=ORIENTED_EDGE('',*,*,#706,.F.);
#1043=ORIENTED_EDGE('',*,*,#691,.F.);
#1044=ORIENTED_EDGE('',*,*,#726,.F.);
#1045=ORIENTED_EDGE('',*,*,#695,.F.);
#1046=ORIENTED_EDGE('',*,*,#712,.F.);
#1047=ORIENTED_EDGE('',*,*,#676,.T.);
#1048=PLANE('',#1170);
#1049=PLANE('',#1173);
#1050=PLANE('',#1177);
#1051=PLANE('',#1184);
#1052=PLANE('',#1195);
#1053=PLANE('',#1199);
#1054=PLANE('',#1200);
#1055=PLANE('',#1201);
#1056=PLANE('',#1208);
#1057=PLANE('',#1212);
#1058=PLANE('',#1213);
#1059=PLANE('',#1214);
#1060=PLANE('',#1215);
#1061=PLANE('',#1216);
#1062=PLANE('',#1217);
#1063=PLANE('',#1220);
#1064=PLANE('',#1225);
#1065=PLANE('',#1228);
#1066=PLANE('',#1236);
#1067=PLANE('',#1253);
#1068=PLANE('',#1260);
#1069=PLANE('',#1264);
#1070=PLANE('',#1265);
#1071=PLANE('',#1266);
#1072=PLANE('',#1267);
#1073=PLANE('',#1268);
#1074=PLANE('',#1269);
#1075=PLANE('',#1270);
#1076=PLANE('',#1271);
#1077=PLANE('',#1272);
#1078=PLANE('',#1273);
#1079=PLANE('',#1274);
#1080=PLANE('',#1275);
#1081=PLANE('',#1276);
#1082=PLANE('',#1277);
#1083=ADVANCED_FACE('',(#83),#1048,.F.);
#1084=ADVANCED_FACE('',(#84),#61,.F.);
#1085=ADVANCED_FACE('',(#85,#31),#1049,.T.);
#1086=ADVANCED_FACE('',(#86),#1050,.T.);
#1087=ADVANCED_FACE('',(#87),#62,.F.);
#1088=ADVANCED_FACE('',(#88),#63,.F.);
#1089=ADVANCED_FACE('',(#89,#32),#1051,.F.);
#1090=ADVANCED_FACE('',(#90),#29,.F.);
#1091=ADVANCED_FACE('',(#91),#64,.T.);
#1092=ADVANCED_FACE('',(#92),#65,.F.);
#1093=ADVANCED_FACE('',(#93),#66,.T.);
#1094=ADVANCED_FACE('',(#94),#1052,.F.);
#1095=ADVANCED_FACE('',(#95),#67,.T.);
#1096=ADVANCED_FACE('',(#96,#33),#1053,.F.);
#1097=ADVANCED_FACE('',(#97,#34),#1054,.T.);
#1098=ADVANCED_FACE('',(#98),#1055,.T.);
#1099=ADVANCED_FACE('',(#99),#68,.F.);
#1100=ADVANCED_FACE('',(#100),#69,.T.);
#1101=ADVANCED_FACE('',(#101),#1056,.T.);
#1102=ADVANCED_FACE('',(#102),#70,.T.);
#1103=ADVANCED_FACE('',(#103,#35),#1057,.F.);
#1104=ADVANCED_FACE('',(#104),#1058,.T.);
#1105=ADVANCED_FACE('',(#105),#1059,.T.);
#1106=ADVANCED_FACE('',(#106,#36),#1060,.T.);
#1107=ADVANCED_FACE('',(#107),#1061,.T.);
#1108=ADVANCED_FACE('',(#108),#1062,.T.);
#1109=ADVANCED_FACE('',(#109),#71,.F.);
#1110=ADVANCED_FACE('',(#110),#1063,.F.);
#1111=ADVANCED_FACE('',(#111),#72,.T.);
#1112=ADVANCED_FACE('',(#112),#1064,.T.);
#1113=ADVANCED_FACE('',(#113),#73,.F.);
#1114=ADVANCED_FACE('',(#114,#37),#1065,.F.);
#1115=ADVANCED_FACE('',(#115),#30,.F.);
#1116=ADVANCED_FACE('',(#116),#74,.F.);
#1117=ADVANCED_FACE('',(#117,#38,#39),#1066,.T.);
#1118=ADVANCED_FACE('',(#118,#40),#75,.F.);
#1119=ADVANCED_FACE('',(#119),#76,.F.);
#1120=ADVANCED_FACE('',(#120),#77,.F.);
#1121=ADVANCED_FACE('',(#121),#78,.F.);
#1122=ADVANCED_FACE('',(#122),#79,.F.);
#1123=ADVANCED_FACE('',(#123),#1067,.T.);
#1124=ADVANCED_FACE('',(#124),#80,.F.);
#1125=ADVANCED_FACE('',(#125),#81,.F.);
#1126=ADVANCED_FACE('',(#126),#1068,.T.);
#1127=ADVANCED_FACE('',(#127),#82,.F.);
#1128=ADVANCED_FACE('',(#128,#41),#1069,.T.);
#1129=ADVANCED_FACE('',(#129,#42,#43,#44),#1070,.T.);
#1130=ADVANCED_FACE('',(#130),#1071,.T.);
#1131=ADVANCED_FACE('',(#131),#1072,.F.);
#1132=ADVANCED_FACE('',(#132),#1073,.T.);
#1133=ADVANCED_FACE('',(#133),#1074,.T.);
#1134=ADVANCED_FACE('',(#134),#1075,.T.);
#1135=ADVANCED_FACE('',(#135),#1076,.T.);
#1136=ADVANCED_FACE('',(#136,#45,#46,#47),#1077,.T.);
#1137=ADVANCED_FACE('',(#137),#1078,.T.);
#1138=ADVANCED_FACE('',(#138),#1079,.T.);
#1139=ADVANCED_FACE('',(#139),#1080,.T.);
#1140=ADVANCED_FACE('',(#140),#1081,.T.);
#1141=ADVANCED_FACE('',(#141,#48),#1082,.T.);
#1142=CLOSED_SHELL('',(#1083,#1084,#1085,#1086,#1087,#1088,#1089,#1090,
#1091));
#1143=CLOSED_SHELL('',(#1092,#1093,#1094,#1095,#1096,#1097,#1098,#1099,
#1100,#1101,#1102,#1103,#1104,#1105,#1106,#1107,#1108,#1109,#1110,#1111,
#1112,#1113,#1114,#1115,#1116,#1117));
#1144=CLOSED_SHELL('',(#1118,#1119,#1120,#1121,#1122,#1123,#1124,#1125,
#1126,#1127,#1128,#1129,#1130,#1131,#1132,#1133,#1134,#1135,#1136,#1137,
#1138,#1139,#1140,#1141));
#1145=DERIVED_UNIT_ELEMENT(#1149,1.);
#1146=DERIVED_UNIT_ELEMENT(#2071,-3.);
#1147=DERIVED_UNIT_ELEMENT(#1149,1.);
#1148=DERIVED_UNIT_ELEMENT(#2071,-3.);
#1149=(
MASS_UNIT()
NAMED_UNIT(*)
SI_UNIT(.KILO.,.GRAM.)
);
#1150=DERIVED_UNIT((#1145,#1146));
#1151=DERIVED_UNIT((#1147,#1148));
#1152=MEASURE_REPRESENTATION_ITEM('density measure',
POSITIVE_RATIO_MEASURE(7850.),#1150);
#1153=MEASURE_REPRESENTATION_ITEM('density measure',
POSITIVE_RATIO_MEASURE(7850.),#1151);
#1154=PROPERTY_DEFINITION_REPRESENTATION(#1164,#1158);
#1155=PROPERTY_DEFINITION_REPRESENTATION(#1165,#1159);
#1156=PROPERTY_DEFINITION_REPRESENTATION(#1166,#1160);
#1157=PROPERTY_DEFINITION_REPRESENTATION(#1167,#1161);
#1158=REPRESENTATION('material name',(#1162),#2067);
#1159=REPRESENTATION('density',(#1152),#2067);
#1160=REPRESENTATION('material name',(#1163),#2068);
#1161=REPRESENTATION('density',(#1153),#2068);
#1162=DESCRIPTIVE_REPRESENTATION_ITEM('Steel','Steel');
#1163=DESCRIPTIVE_REPRESENTATION_ITEM('Steel','Steel');
#1164=PROPERTY_DEFINITION('material property','material name',#2087);
#1165=PROPERTY_DEFINITION('material property','density of part',#2087);
#1166=PROPERTY_DEFINITION('material property','material name',#2088);
#1167=PROPERTY_DEFINITION('material property','density of part',#2088);
#1168=AXIS2_PLACEMENT_3D('',#1603,#1280,#1281);
#1169=AXIS2_PLACEMENT_3D('',#1604,#1282,#1283);
#1170=AXIS2_PLACEMENT_3D('',#1605,#1284,#1285);
#1171=AXIS2_PLACEMENT_3D('',#1609,#1287,#1288);
#1172=AXIS2_PLACEMENT_3D('',#1610,#1289,#1290);
#1173=AXIS2_PLACEMENT_3D('',#1638,#1293,#1294);
#1174=AXIS2_PLACEMENT_3D('',#1640,#1295,#1296);
#1175=AXIS2_PLACEMENT_3D('',#1647,#1300,#1301);
#1176=AXIS2_PLACEMENT_3D('',#1649,#1302,#1303);
#1177=AXIS2_PLACEMENT_3D('',#1650,#1304,#1305);
#1178=AXIS2_PLACEMENT_3D('',#1651,#1306,#1307);
#1179=AXIS2_PLACEMENT_3D('',#1652,#1308,#1309);
#1180=AXIS2_PLACEMENT_3D('',#1671,#1310,#1311);
#1181=AXIS2_PLACEMENT_3D('',#1674,#1312,#1313);
#1182=AXIS2_PLACEMENT_3D('',#1677,#1315,#1316);
#1183=AXIS2_PLACEMENT_3D('',#1678,#1317,#1318);
#1184=AXIS2_PLACEMENT_3D('',#1679,#1319,#1320);
#1185=AXIS2_PLACEMENT_3D('',#1681,#1321,#1322);
#1186=AXIS2_PLACEMENT_3D('',#1682,#1323,#1324);
#1187=AXIS2_PLACEMENT_3D('',#1683,#1325,#1326);
#1188=AXIS2_PLACEMENT_3D('',#1684,#1327,#1328);
#1189=AXIS2_PLACEMENT_3D('',#1686,#1330,#1331);
#1190=AXIS2_PLACEMENT_3D('',#1688,#1332,#1333);
#1191=AXIS2_PLACEMENT_3D('',#1691,#1335,#1336);
#1192=AXIS2_PLACEMENT_3D('',#1692,#1337,#1338);
#1193=AXIS2_PLACEMENT_3D('',#1695,#1339,#1340);
#1194=AXIS2_PLACEMENT_3D('',#1699,#1342,#1343);
#1195=AXIS2_PLACEMENT_3D('',#1701,#1345,#1346);
#1196=AXIS2_PLACEMENT_3D('',#1707,#1350,#1351);
#1197=AXIS2_PLACEMENT_3D('',#1709,#1352,#1353);
#1198=AXIS2_PLACEMENT_3D('',#1712,#1355,#1356);
#1199=AXIS2_PLACEMENT_3D('',#1713,#1357,#1358);
#1200=AXIS2_PLACEMENT_3D('',#1719,#1362,#1363);
#1201=AXIS2_PLACEMENT_3D('',#1725,#1367,#1368);
#1202=AXIS2_PLACEMENT_3D('',#1731,#1372,#1373);
#1203=AXIS2_PLACEMENT_3D('',#1733,#1374,#1375);
#1204=AXIS2_PLACEMENT_3D('',#1736,#1377,#1378);
#1205=AXIS2_PLACEMENT_3D('',#1737,#1379,#1380);
#1206=AXIS2_PLACEMENT_3D('',#1740,#1381,#1382);
#1207=AXIS2_PLACEMENT_3D('',#1744,#1384,#1385);
#1208=AXIS2_PLACEMENT_3D('',#1746,#1387,#1388);
#1209=AXIS2_PLACEMENT_3D('',#1752,#1392,#1393);
#1210=AXIS2_PLACEMENT_3D('',#1754,#1394,#1395);
#1211=AXIS2_PLACEMENT_3D('',#1756,#1396,#1397);
#1212=AXIS2_PLACEMENT_3D('',#1758,#1399,#1400);
#1213=AXIS2_PLACEMENT_3D('',#1764,#1404,#1405);
#1214=AXIS2_PLACEMENT_3D('',#1767,#1408,#1409);
#1215=AXIS2_PLACEMENT_3D('',#1773,#1413,#1414);
#1216=AXIS2_PLACEMENT_3D('',#1777,#1417,#1418);
#1217=AXIS2_PLACEMENT_3D('',#1781,#1421,#1422);
#1218=AXIS2_PLACEMENT_3D('',#1783,#1424,#1425);
#1219=AXIS2_PLACEMENT_3D('',#1788,#1427,#1428);
#1220=AXIS2_PLACEMENT_3D('',#1814,#1430,#1431);
#1221=AXIS2_PLACEMENT_3D('',#1816,#1433,#1434);
#1222=AXIS2_PLACEMENT_3D('',#1818,#1435,#1436);
#1223=AXIS2_PLACEMENT_3D('',#1821,#1438,#1439);
#1224=AXIS2_PLACEMENT_3D('',#1841,#1440,#1441);
#1225=AXIS2_PLACEMENT_3D('',#1842,#1442,#1443);
#1226=AXIS2_PLACEMENT_3D('',#1846,#1445,#1446);
#1227=AXIS2_PLACEMENT_3D('',#1847,#1447,#1448);
#1228=AXIS2_PLACEMENT_3D('',#1850,#1451,#1452);
#1229=AXIS2_PLACEMENT_3D('',#1852,#1453,#1454);
#1230=AXIS2_PLACEMENT_3D('',#1853,#1455,#1456);
#1231=AXIS2_PLACEMENT_3D('',#1856,#1457,#1458);
#1232=AXIS2_PLACEMENT_3D('',#1857,#1459,#1460);
#1233=AXIS2_PLACEMENT_3D('',#1858,#1461,#1462);
#1234=AXIS2_PLACEMENT_3D('',#1859,#1463,#1464);
#1235=AXIS2_PLACEMENT_3D('',#1861,#1465,#1466);
#1236=AXIS2_PLACEMENT_3D('',#1863,#1468,#1469);
#1237=AXIS2_PLACEMENT_3D('',#1864,#1470,#1471);
#1238=AXIS2_PLACEMENT_3D('',#1865,#1472,#1473);
#1239=AXIS2_PLACEMENT_3D('',#1867,#1474,#1475);
#1240=AXIS2_PLACEMENT_3D('',#1870,#1477,#1478);
#1241=AXIS2_PLACEMENT_3D('',#1899,#1480,#1481);
#1242=AXIS2_PLACEMENT_3D('',#1901,#1482,#1483);
#1243=AXIS2_PLACEMENT_3D('',#1931,#1487,#1488);
#1244=AXIS2_PLACEMENT_3D('',#1950,#1489,#1490);
#1245=AXIS2_PLACEMENT_3D('',#1952,#1491,#1492);
#1246=AXIS2_PLACEMENT_3D('',#1954,#1494,#1495);
#1247=AXIS2_PLACEMENT_3D('',#1955,#1496,#1497);
#1248=AXIS2_PLACEMENT_3D('',#1957,#1498,#1499);
#1249=AXIS2_PLACEMENT_3D('',#1959,#1501,#1502);
#1250=AXIS2_PLACEMENT_3D('',#1960,#1503,#1504);
#1251=AXIS2_PLACEMENT_3D('',#1963,#1505,#1506);
#1252=AXIS2_PLACEMENT_3D('',#1967,#1508,#1509);
#1253=AXIS2_PLACEMENT_3D('',#1969,#1511,#1512);
#1254=AXIS2_PLACEMENT_3D('',#1975,#1516,#1517);
#1255=AXIS2_PLACEMENT_3D('',#1977,#1518,#1519);
#1256=AXIS2_PLACEMENT_3D('',#1979,#1520,#1521);
#1257=AXIS2_PLACEMENT_3D('',#1981,#1523,#1524);
#1258=AXIS2_PLACEMENT_3D('',#1984,#1525,#1526);
#1259=AXIS2_PLACEMENT_3D('',#1988,#1528,#1529);
#1260=AXIS2_PLACEMENT_3D('',#1990,#1531,#1532);
#1261=AXIS2_PLACEMENT_3D('',#1996,#1536,#1537);
#1262=AXIS2_PLACEMENT_3D('',#1998,#1538,#1539);
#1263=AXIS2_PLACEMENT_3D('',#2001,#1541,#1542);
#1264=AXIS2_PLACEMENT_3D('',#2002,#1543,#1544);
#1265=AXIS2_PLACEMENT_3D('',#2005,#1547,#1548);
#1266=AXIS2_PLACEMENT_3D('',#2023,#1558,#1559);
#1267=AXIS2_PLACEMENT_3D('',#2024,#1560,#1561);
#1268=AXIS2_PLACEMENT_3D('',#2025,#1562,#1563);
#1269=AXIS2_PLACEMENT_3D('',#2031,#1567,#1568);
#1270=AXIS2_PLACEMENT_3D('',#2035,#1571,#1572);
#1271=AXIS2_PLACEMENT_3D('',#2039,#1575,#1576);
#1272=AXIS2_PLACEMENT_3D('',#2043,#1579,#1580);
#1273=AXIS2_PLACEMENT_3D('',#2052,#1586,#1587);
#1274=AXIS2_PLACEMENT_3D('',#2054,#1589,#1590);
#1275=AXIS2_PLACEMENT_3D('',#2056,#1592,#1593);
#1276=AXIS2_PLACEMENT_3D('',#2058,#1595,#1596);
#1277=AXIS2_PLACEMENT_3D('',#2059,#1597,#1598);
#1278=AXIS2_PLACEMENT_3D('',#2060,#1599,#1600);
#1279=AXIS2_PLACEMENT_3D('',#2061,#1601,#1602);
#1280=DIRECTION('axis',(0.,0.,1.));
#1281=DIRECTION('refdir',(1.,0.,0.));
#1282=DIRECTION('axis',(0.,0.,1.));
#1283=DIRECTION('refdir',(1.,0.,0.));
#1284=DIRECTION('center_axis',(0.999951350200451,0.,-0.00986393594335426));
#1285=DIRECTION('ref_axis',(0.,1.,0.));
#1286=DIRECTION('',(0.00986393594335426,0.,0.999951350200451));
#1287=DIRECTION('center_axis',(-0.999951350200451,0.,0.00986393594335426));
#1288=DIRECTION('ref_axis',(0.,1.,0.));
#1289=DIRECTION('center_axis',(-0.999951350200451,0.,0.00986393594335426));
#1290=DIRECTION('ref_axis',(-1.20798375800233E-18,-1.,-1.22458722032606E-16));
#1291=DIRECTION('',(0.999951350200451,0.,-0.00986393594335426));
#1292=DIRECTION('',(-0.999951350200451,0.,0.00986393594335426));
#1293=DIRECTION('center_axis',(0.,1.,0.));
#1294=DIRECTION('ref_axis',(0.,0.,1.));
#1295=DIRECTION('center_axis',(0.,1.,0.));
#1296=DIRECTION('ref_axis',(1.,0.,0.));
#1297=DIRECTION('',(-0.999951350200451,0.,-0.00986393594335426));
#1298=DIRECTION('',(0.00986393594335426,0.,-0.999951350200451));
#1299=DIRECTION('',(0.999951350200451,0.,0.00986393594335426));
#1300=DIRECTION('center_axis',(0.,1.,0.));
#1301=DIRECTION('ref_axis',(1.,0.,0.));
#1302=DIRECTION('center_axis',(0.,-1.,0.));
#1303=DIRECTION('ref_axis',(0.,0.,-1.));
#1304=DIRECTION('center_axis',(0.999951350200451,0.,0.00986393594335426));
#1305=DIRECTION('ref_axis',(0.,1.,0.));
#1306=DIRECTION('center_axis',(-0.999951350200451,0.,-0.00986393594335426));
#1307=DIRECTION('ref_axis',(0.,1.,0.));
#1308=DIRECTION('center_axis',(-0.999951350200451,0.,-0.00986393594335426));
#1309=DIRECTION('ref_axis',(-1.20798375800233E-18,-1.,1.22458722032606E-16));
#1310=DIRECTION('center_axis',(0.,1.,0.));
#1311=DIRECTION('ref_axis',(1.,0.,0.));
#1312=DIRECTION('center_axis',(0.,1.,0.));
#1313=DIRECTION('ref_axis',(1.,0.,0.));
#1314=DIRECTION('',(0.,-1.,0.));
#1315=DIRECTION('center_axis',(0.,1.,0.));
#1316=DIRECTION('ref_axis',(1.,0.,0.));
#1317=DIRECTION('center_axis',(0.,1.,0.));
#1318=DIRECTION('ref_axis',(1.,0.,0.));
#1319=DIRECTION('center_axis',(0.,1.,0.));
#1320=DIRECTION('ref_axis',(1.,0.,0.));
#1321=DIRECTION('center_axis',(0.,-1.,0.));
#1322=DIRECTION('ref_axis',(1.,0.,0.));
#1323=DIRECTION('center_axis',(0.,-1.,0.));
#1324=DIRECTION('ref_axis',(0.,0.,-1.));
#1325=DIRECTION('center_axis',(1.,0.,1.22464679914735E-16));
#1326=DIRECTION('ref_axis',(-1.22464679914735E-16,0.,1.));
#1327=DIRECTION('center_axis',(0.,1.,0.));
#1328=DIRECTION('ref_axis',(1.,0.,0.));
#1329=DIRECTION('',(0.,-1.,0.));
#1330=DIRECTION('center_axis',(-1.,0.,3.46944695195361E-17));
#1331=DIRECTION('ref_axis',(0.,1.,0.));
#1332=DIRECTION('center_axis',(1.,0.,-3.46944695195361E-17));
#1333=DIRECTION('ref_axis',(0.,1.,0.));
#1334=DIRECTION('',(-1.,0.,3.46944695195361E-17));
#1335=DIRECTION('center_axis',(-1.,0.,3.46944695195361E-17));
#1336=DIRECTION('ref_axis',(0.,1.,0.));
#1337=DIRECTION('center_axis',(-1.,0.,3.46944695195361E-17));
#1338=DIRECTION('ref_axis',(-3.46944695195361E-17,6.05576195250081E-15,
-1.));
#1339=DIRECTION('center_axis',(1.,0.,-3.46944695195361E-17));
#1340=DIRECTION('ref_axis',(-3.46944695195361E-17,6.05576195250081E-15,
-1.));
#1341=DIRECTION('',(1.,0.,-3.46944695195361E-17));
#1342=DIRECTION('center_axis',(-1.,0.,3.46944695195361E-17));
#1343=DIRECTION('ref_axis',(-3.46944695195361E-17,6.05576195250081E-15,
-1.));
#1344=DIRECTION('',(1.,0.,-3.46944695195361E-17));
#1345=DIRECTION('center_axis',(-3.0814879110196E-32,-1.,-8.88178419700132E-16));
#1346=DIRECTION('ref_axis',(-3.46944695195361E-17,8.88178419700132E-16,
-1.));
#1347=DIRECTION('',(-3.46944695195361E-17,8.88178419700132E-16,-1.));
#1348=DIRECTION('',(1.,0.,-3.46944695195361E-17));
#1349=DIRECTION('',(-3.46944695195361E-17,8.88178419700132E-16,-1.));
#1350=DIRECTION('center_axis',(-1.,0.,3.46944695195361E-17));
#1351=DIRECTION('ref_axis',(-1.12054105855258E-31,1.,-3.22973970800046E-15));
#1352=DIRECTION('center_axis',(1.,0.,-3.46944695195361E-17));
#1353=DIRECTION('ref_axis',(-1.12054105855258E-31,1.,-3.22973970800046E-15));
#1354=DIRECTION('',(1.,0.,-3.46944695195361E-17));
#1355=DIRECTION('center_axis',(-1.,0.,3.46944695195361E-17));
#1356=DIRECTION('ref_axis',(-1.12054105855258E-31,1.,-3.22973970800046E-15));
#1357=DIRECTION('center_axis',(1.,0.,-3.46944695195361E-17));
#1358=DIRECTION('ref_axis',(0.,1.,0.));
#1359=DIRECTION('',(0.,-1.,0.));
#1360=DIRECTION('',(-3.46944695195361E-17,0.,-1.));
#1361=DIRECTION('',(0.,1.,0.));
#1362=DIRECTION('center_axis',(1.,0.,-3.46944695195361E-17));
#1363=DIRECTION('ref_axis',(0.,1.,0.));
#1364=DIRECTION('',(0.,-1.,0.));
#1365=DIRECTION('',(0.,1.,0.));
#1366=DIRECTION('',(3.46944695195361E-17,0.,1.));
#1367=DIRECTION('center_axis',(0.,1.,0.));
#1368=DIRECTION('ref_axis',(0.,0.,1.));
#1369=DIRECTION('',(-1.,0.,0.));
#1370=DIRECTION('',(0.,0.,1.));
#1371=DIRECTION('',(1.,0.,0.));
#1372=DIRECTION('center_axis',(-1.,0.,0.));
#1373=DIRECTION('ref_axis',(0.,1.,0.));
#1374=DIRECTION('center_axis',(1.,0.,0.));
#1375=DIRECTION('ref_axis',(0.,1.,0.));
#1376=DIRECTION('',(1.,0.,0.));
#1377=DIRECTION('center_axis',(-1.,0.,0.));
#1378=DIRECTION('ref_axis',(0.,1.,0.));
#1379=DIRECTION('center_axis',(-1.,0.,0.));
#1380=DIRECTION('ref_axis',(0.,6.05576195250081E-15,-1.));
#1381=DIRECTION('center_axis',(1.,0.,0.));
#1382=DIRECTION('ref_axis',(0.,6.05576195250081E-15,-1.));
#1383=DIRECTION('',(-1.,0.,0.));
#1384=DIRECTION('center_axis',(-1.,0.,0.));
#1385=DIRECTION('ref_axis',(0.,6.05576195250081E-15,-1.));
#1386=DIRECTION('',(-1.,0.,0.));
#1387=DIRECTION('center_axis',(0.,1.,8.88178419700132E-16));
#1388=DIRECTION('ref_axis',(0.,8.88178419700132E-16,-1.));
#1389=DIRECTION('',(0.,8.88178419700132E-16,-1.));
#1390=DIRECTION('',(0.,8.88178419700132E-16,-1.));
#1391=DIRECTION('',(-1.,0.,0.));
#1392=DIRECTION('center_axis',(-1.,0.,0.));
#1393=DIRECTION('ref_axis',(0.,1.,-3.22973970800046E-15));
#1394=DIRECTION('center_axis',(1.,0.,0.));
#1395=DIRECTION('ref_axis',(0.,1.,-3.22973970800046E-15));
#1396=DIRECTION('center_axis',(-1.,0.,0.));
#1397=DIRECTION('ref_axis',(0.,1.,-3.22973970800046E-15));
#1398=DIRECTION('',(-1.,0.,0.));
#1399=DIRECTION('center_axis',(1.,0.,0.));
#1400=DIRECTION('ref_axis',(0.,1.,0.));
#1401=DIRECTION('',(0.,-1.,0.));
#1402=DIRECTION('',(0.,0.,-1.));
#1403=DIRECTION('',(0.,1.,0.));
#1404=DIRECTION('center_axis',(0.,1.,0.));
#1405=DIRECTION('ref_axis',(0.,0.,1.));
#1406=DIRECTION('',(1.,0.,0.));
#1407=DIRECTION('',(-1.,0.,0.));
#1408=DIRECTION('center_axis',(0.,0.,-1.));
#1409=DIRECTION('ref_axis',(-1.,0.,0.));
#1410=DIRECTION('',(1.,0.,0.));
#1411=DIRECTION('',(0.,1.,0.));
#1412=DIRECTION('',(0.,1.,0.));
#1413=DIRECTION('center_axis',(1.,0.,0.));
#1414=DIRECTION('ref_axis',(0.,0.,-1.));
#1415=DIRECTION('',(0.,0.,1.));
#1416=DIRECTION('',(0.,1.,0.));
#1417=DIRECTION('center_axis',(0.,0.,1.));
#1418=DIRECTION('ref_axis',(1.,0.,0.));
#1419=DIRECTION('',(-1.,0.,0.));
#1420=DIRECTION('',(0.,1.,0.));
#1421=DIRECTION('center_axis',(-1.,0.,0.));
#1422=DIRECTION('ref_axis',(0.,0.,1.));
#1423=DIRECTION('',(0.,0.,-1.));
#1424=DIRECTION('center_axis',(-0.999951350200451,0.,0.00986393594335426));
#1425=DIRECTION('ref_axis',(0.,1.,0.));
#1426=DIRECTION('',(-0.999951350200451,0.,0.00986393594335426));
#1427=DIRECTION('center_axis',(-0.999951350200451,0.,0.00986393594335426));
#1428=DIRECTION('ref_axis',(0.,1.,0.));
#1429=DIRECTION('',(0.999951350200451,0.,-0.00986393594335426));
#1430=DIRECTION('center_axis',(0.999951350200451,0.,-0.00986393594335426));
#1431=DIRECTION('ref_axis',(0.,1.,0.));
#1432=DIRECTION('',(-0.00986393594335426,0.,-0.999951350200451));
#1433=DIRECTION('center_axis',(0.,1.,0.));
#1434=DIRECTION('ref_axis',(1.,0.,0.));
#1435=DIRECTION('center_axis',(0.,1.,0.));
#1436=DIRECTION('ref_axis',(1.,0.,0.));
#1437=DIRECTION('',(0.,-1.,0.));
#1438=DIRECTION('center_axis',(0.,1.,0.));
#1439=DIRECTION('ref_axis',(1.,0.,0.));
#1440=DIRECTION('center_axis',(0.,1.,0.));
#1441=DIRECTION('ref_axis',(1.,0.,0.));
#1442=DIRECTION('center_axis',(0.999951350200451,0.,0.00986393594335426));
#1443=DIRECTION('ref_axis',(0.,1.,0.));
#1444=DIRECTION('',(-0.00986393594335426,0.,0.999951350200451));
#1445=DIRECTION('center_axis',(-0.999951350200451,0.,-0.00986393594335426));
#1446=DIRECTION('ref_axis',(0.,1.,0.));
#1447=DIRECTION('center_axis',(-0.999951350200451,0.,-0.00986393594335426));
#1448=DIRECTION('ref_axis',(0.,1.,0.));
#1449=DIRECTION('',(-0.999951350200451,0.,-0.00986393594335426));
#1450=DIRECTION('',(0.999951350200451,0.,0.00986393594335426));
#1451=DIRECTION('center_axis',(0.,1.,0.));
#1452=DIRECTION('ref_axis',(0.,0.,1.));
#1453=DIRECTION('center_axis',(0.,-1.,0.));
#1454=DIRECTION('ref_axis',(0.,0.,-1.));
#1455=DIRECTION('center_axis',(0.,-1.,0.));
#1456=DIRECTION('ref_axis',(0.,0.,-1.));
#1457=DIRECTION('center_axis',(0.,-1.,0.));
#1458=DIRECTION('ref_axis',(1.,0.,0.));
#1459=DIRECTION('center_axis',(0.,-1.,0.));
#1460=DIRECTION('ref_axis',(1.,0.,0.));
#1461=DIRECTION('center_axis',(1.,0.,1.22464679914735E-16));
#1462=DIRECTION('ref_axis',(-1.22464679914735E-16,0.,1.));
#1463=DIRECTION('center_axis',(0.,1.,0.));
#1464=DIRECTION('ref_axis',(1.,0.,0.));
#1465=DIRECTION('center_axis',(0.,-1.,0.));
#1466=DIRECTION('ref_axis',(1.,0.,0.));
#1467=DIRECTION('',(0.,-1.,0.));
#1468=DIRECTION('center_axis',(0.,1.,0.));
#1469=DIRECTION('ref_axis',(1.,0.,0.));
#1470=DIRECTION('axis',(0.,0.,1.));
#1471=DIRECTION('refdir',(1.,0.,0.));
#1472=DIRECTION('center_axis',(0.,-1.,0.));
#1473=DIRECTION('ref_axis',(-1.,0.,0.));
#1474=DIRECTION('center_axis',(0.,-1.,0.));
#1475=DIRECTION('ref_axis',(-1.,0.,0.));
#1476=DIRECTION('',(0.,-1.,0.));
#1477=DIRECTION('center_axis',(0.,1.,0.));
#1478=DIRECTION('ref_axis',(-1.,0.,0.));
#1479=DIRECTION('',(0.,-1.,0.));
#1480=DIRECTION('center_axis',(0.,-1.,0.));
#1481=DIRECTION('ref_axis',(-1.,0.,0.));
#1482=DIRECTION('center_axis',(0.,-1.,0.));
#1483=DIRECTION('ref_axis',(-1.,0.,0.));
#1484=DIRECTION('',(0.,-1.,0.));
#1485=DIRECTION('',(0.,1.,0.));
#1486=DIRECTION('',(0.,-1.,0.));
#1487=DIRECTION('center_axis',(0.,1.,0.));
#1488=DIRECTION('ref_axis',(-1.,0.,0.));
#1489=DIRECTION('center_axis',(0.999951350200451,0.,0.00986393594335425));
#1490=DIRECTION('ref_axis',(0.,1.,0.));
#1491=DIRECTION('center_axis',(0.999951350200451,0.,0.00986393594335425));
#1492=DIRECTION('ref_axis',(0.,1.,0.));
#1493=DIRECTION('',(0.999951350200451,0.,0.00986393594335425));
#1494=DIRECTION('center_axis',(0.999951350200451,0.,0.00986393594335426));
#1495=DIRECTION('ref_axis',(0.,1.,0.));
#1496=DIRECTION('center_axis',(0.999951350200451,0.,-0.00986393594335425));
#1497=DIRECTION('ref_axis',(0.,1.,0.));
#1498=DIRECTION('center_axis',(-0.999951350200451,0.,0.00986393594335425));
#1499=DIRECTION('ref_axis',(0.,1.,0.));
#1500=DIRECTION('',(-0.999951350200451,0.,0.00986393594335425));
#1501=DIRECTION('center_axis',(0.999951350200451,0.,-0.00986393594335426));
#1502=DIRECTION('ref_axis',(0.,1.,0.));
#1503=DIRECTION('center_axis',(0.,1.,0.));
#1504=DIRECTION('ref_axis',(-0.710585651397266,0.,-0.703610710569646));
#1505=DIRECTION('center_axis',(0.,-1.,0.));
#1506=DIRECTION('ref_axis',(-0.710585651397266,0.,-0.703610710569646));
#1507=DIRECTION('',(0.,1.,0.));
#1508=DIRECTION('center_axis',(0.,1.,0.));
#1509=DIRECTION('ref_axis',(-0.710585651397266,0.,-0.703610710569646));
#1510=DIRECTION('',(0.,-1.,0.));
#1511=DIRECTION('center_axis',(0.,0.,1.));
#1512=DIRECTION('ref_axis',(1.,0.,0.));
#1513=DIRECTION('',(-1.,0.,0.));
#1514=DIRECTION('',(0.,-1.,0.));
#1515=DIRECTION('',(1.,0.,0.));
#1516=DIRECTION('center_axis',(0.,-1.,0.));
#1517=DIRECTION('ref_axis',(0.710585651397266,0.,-0.703610710569646));
#1518=DIRECTION('center_axis',(0.,1.,0.));
#1519=DIRECTION('ref_axis',(0.710585651397266,0.,-0.703610710569646));
#1520=DIRECTION('center_axis',(0.,-1.,0.));
#1521=DIRECTION('ref_axis',(0.710585651397266,0.,-0.703610710569646));
#1522=DIRECTION('',(0.,1.,0.));
#1523=DIRECTION('center_axis',(0.,1.,0.));
#1524=DIRECTION('ref_axis',(0.703610710569647,0.,0.710585651397266));
#1525=DIRECTION('center_axis',(0.,-1.,0.));
#1526=DIRECTION('ref_axis',(0.703610710569647,0.,0.710585651397266));
#1527=DIRECTION('',(0.,1.,0.));
#1528=DIRECTION('center_axis',(0.,1.,0.));
#1529=DIRECTION('ref_axis',(0.703610710569647,0.,0.710585651397266));
#1530=DIRECTION('',(0.,-1.,0.));
#1531=DIRECTION('center_axis',(0.,0.,-1.));
#1532=DIRECTION('ref_axis',(-1.,0.,0.));
#1533=DIRECTION('',(1.,0.,0.));
#1534=DIRECTION('',(0.,-1.,0.));
#1535=DIRECTION('',(-1.,0.,0.));
#1536=DIRECTION('center_axis',(0.,1.,0.));
#1537=DIRECTION('ref_axis',(-0.703610710569647,0.,0.710585651397266));
#1538=DIRECTION('center_axis',(0.,-1.,0.));
#1539=DIRECTION('ref_axis',(-0.703610710569647,0.,0.710585651397266));
#1540=DIRECTION('',(0.,1.,0.));
#1541=DIRECTION('center_axis',(0.,1.,0.));
#1542=DIRECTION('ref_axis',(-0.703610710569647,0.,0.710585651397266));
#1543=DIRECTION('center_axis',(0.999951350200451,0.,-0.00986393594335425));
#1544=DIRECTION('ref_axis',(-0.00986393594335425,0.,-0.999951350200451));
#1545=DIRECTION('',(-0.00986393594335425,0.,-0.999951350200451));
#1546=DIRECTION('',(0.00986393594335425,0.,0.999951350200451));
#1547=DIRECTION('center_axis',(0.,1.,0.));
#1548=DIRECTION('ref_axis',(0.,0.,1.));
#1549=DIRECTION('',(-1.1842378929335E-16,0.,-1.));
#1550=DIRECTION('',(-0.650791373454936,0.,-0.759256602366182));
#1551=DIRECTION('',(-1.,0.,0.));
#1552=DIRECTION('',(-0.650791373455895,0.,0.75925660236536));
#1553=DIRECTION('',(1.1842378929335E-16,0.,1.));
#1554=DIRECTION('',(0.650791373456314,0.,0.759256602365001));
#1555=DIRECTION('',(1.,0.,0.));
#1556=DIRECTION('',(0.650791373455359,0.,-0.759256602365819));
#1557=DIRECTION('',(-0.00986393594335425,0.,0.999951350200451));
#1558=DIRECTION('center_axis',(0.999951350200451,0.,-0.00986393594335426));
#1559=DIRECTION('ref_axis',(0.,1.,0.));
#1560=DIRECTION('center_axis',(0.999951350200451,0.,0.00986393594335426));
#1561=DIRECTION('ref_axis',(0.,1.,0.));
#1562=DIRECTION('center_axis',(-0.75925660236536,0.,-0.650791373455895));
#1563=DIRECTION('ref_axis',(-0.650791373455895,0.,0.75925660236536));
#1564=DIRECTION('',(0.,1.,0.));
#1565=DIRECTION('',(0.650791373455895,0.,-0.75925660236536));
#1566=DIRECTION('',(0.,1.,0.));
#1567=DIRECTION('center_axis',(-1.,0.,1.1842378929335E-16));
#1568=DIRECTION('ref_axis',(1.1842378929335E-16,0.,1.));
#1569=DIRECTION('',(-1.1842378929335E-16,0.,-1.));
#1570=DIRECTION('',(0.,1.,0.));
#1571=DIRECTION('center_axis',(-0.759256602365001,0.,0.650791373456314));
#1572=DIRECTION('ref_axis',(0.650791373456314,0.,0.759256602365001));
#1573=DIRECTION('',(-0.650791373456314,0.,-0.759256602365001));
#1574=DIRECTION('',(0.,1.,0.));
#1575=DIRECTION('center_axis',(0.,0.,1.));
#1576=DIRECTION('ref_axis',(1.,0.,0.));
#1577=DIRECTION('',(-1.,0.,0.));
#1578=DIRECTION('',(0.,1.,0.));
#1579=DIRECTION('center_axis',(0.,-1.,0.));
#1580=DIRECTION('ref_axis',(0.,0.,-1.));
#1581=DIRECTION('',(1.1842378929335E-16,0.,1.));
#1582=DIRECTION('',(-0.650791373455359,0.,0.759256602365819));
#1583=DIRECTION('',(1.,0.,0.));
#1584=DIRECTION('',(0.650791373454936,0.,0.759256602366182));
#1585=DIRECTION('',(0.00986393594335425,0.,-0.999951350200451));
#1586=DIRECTION('center_axis',(0.759256602365819,0.,0.650791373455359));
#1587=DIRECTION('ref_axis',(0.650791373455359,0.,-0.759256602365819));
#1588=DIRECTION('',(0.,-1.,0.));
#1589=DIRECTION('center_axis',(1.,0.,-1.1842378929335E-16));
#1590=DIRECTION('ref_axis',(-1.1842378929335E-16,0.,-1.));
#1591=DIRECTION('',(0.,1.,0.));
#1592=DIRECTION('center_axis',(0.759256602366182,0.,-0.650791373454936));
#1593=DIRECTION('ref_axis',(-0.650791373454936,0.,-0.759256602366182));
#1594=DIRECTION('',(0.,1.,0.));
#1595=DIRECTION('center_axis',(0.,0.,-1.));
#1596=DIRECTION('ref_axis',(-1.,0.,0.));
#1597=DIRECTION('center_axis',(-0.999951350200451,0.,-0.00986393594335425));
#1598=DIRECTION('ref_axis',(-0.00986393594335425,0.,0.999951350200451));
#1599=DIRECTION('',(-1.73472347597681E-17,0.,1.));
#1600=DIRECTION('',(1.,0.,1.73472347597681E-17));
#1601=DIRECTION('',(0.,0.,1.));
#1602=DIRECTION('',(1.,0.,0.));
#1603=CARTESIAN_POINT('',(0.,0.,0.));
#1604=CARTESIAN_POINT('',(0.,0.,0.));
#1605=CARTESIAN_POINT('Origin',(-59.9970810120271,0.,0.591836156601255));
#1606=CARTESIAN_POINT('',(-60.0128633095364,0.,-1.00808600371947));
#1607=CARTESIAN_POINT('',(-59.9812987145177,0.,2.19175831692198));
#1608=CARTESIAN_POINT('',(-59.9970810120271,0.,0.591836156601255));
#1609=CARTESIAN_POINT('Origin',(-59.9970810120271,0.,0.591836156601255));
#1610=CARTESIAN_POINT('Origin',(-69.9965945140316,0.,0.690475516034798));
#1611=CARTESIAN_POINT('',(-67.4935337313433,0.,-0.934293559877691));
#1612=CARTESIAN_POINT('',(-70.012376811541,0.,-0.909446644285924));
#1613=CARTESIAN_POINT('',(-67.5,-1.45488469833161,3.06887893877629E-11));
#1614=CARTESIAN_POINT('Ctrl Pts',(-67.5,-1.45488469833161,6.13693817985705E-11));
#1615=CARTESIAN_POINT('Ctrl Pts',(-67.5000000000002,-1.3742331084374,-0.176241679171795));
#1616=CARTESIAN_POINT('Ctrl Pts',(-67.4992848072829,-1.26046639143976,-0.336483056629182));
#1617=CARTESIAN_POINT('Ctrl Pts',(-67.4974142463635,-0.989317673418912,
-0.607663418613373));
#1618=CARTESIAN_POINT('Ctrl Pts',(-67.4960930358976,-0.809406284065396,
-0.730817244970527));
#1619=CARTESIAN_POINT('Ctrl Pts',(-67.4941271188537,-0.415201586175996,
-0.894132776342936));
#1620=CARTESIAN_POINT('Ctrl Pts',(-67.4935337313433,-0.200907641619379,
-0.934293559877818));
#1621=CARTESIAN_POINT('Ctrl Pts',(-67.4935337313433,3.46944695195361E-17,
-0.934293559877818));
#1622=CARTESIAN_POINT('',(-67.4619691363245,0.,2.26555076076354));
#1623=CARTESIAN_POINT('Ctrl Pts',(-67.4619691363245,-3.46944695195361E-17,
2.26555076076363));
#1624=CARTESIAN_POINT('Ctrl Pts',(-67.4619691363245,-0.200907641619379,
2.26555076076363));
#1625=CARTESIAN_POINT('Ctrl Pts',(-67.4633546566129,-0.415201586175996,
2.22540949799819));
#1626=CARTESIAN_POINT('Ctrl Pts',(-67.468541902237,-0.809406284065396,2.06216452839695));
#1627=CARTESIAN_POINT('Ctrl Pts',(-67.4722923003136,-0.989317673418912,
1.93906073049546));
#1628=CARTESIAN_POINT('Ctrl Pts',(-67.4798570651534,-1.27342402486505,1.65501517864597));
#1629=CARTESIAN_POINT('Ctrl Pts',(-67.4841671930178,-1.39655882836371,1.47513755230537));
#1630=CARTESIAN_POINT('Ctrl Pts',(-67.4916314736967,-1.55984702427043,1.0809873042997));
#1631=CARTESIAN_POINT('Ctrl Pts',(-67.4947343984441,-1.6,0.866713541539562));
#1632=CARTESIAN_POINT('Ctrl Pts',(-67.4986978786168,-1.6,0.464917810813262));
#1633=CARTESIAN_POINT('Ctrl Pts',(-67.4998225173711,-1.55984702427043,0.25062453341743));
#1634=CARTESIAN_POINT('Ctrl Pts',(-67.4999930413467,-1.47075561447158,0.0355343594394479));
#1635=CARTESIAN_POINT('Ctrl Pts',(-67.5,-1.46297989452924,0.0176898059717472));
#1636=CARTESIAN_POINT('Ctrl Pts',(-67.5,-1.45488469833161,6.13693621697812E-11));
#1637=CARTESIAN_POINT('',(-69.9808122165222,0.,2.29039767635552));
#1638=CARTESIAN_POINT('Origin',(0.,0.,0.));
#1639=CARTESIAN_POINT('',(67.4619691363245,0.,2.26555076076354));
#1640=CARTESIAN_POINT('Origin',(0.,0.,0.));
#1641=CARTESIAN_POINT('',(59.9812987145177,0.,2.19175831692198));
#1642=CARTESIAN_POINT('',(69.9808122165222,0.,2.29039767635552));
#1643=CARTESIAN_POINT('',(60.0128633095364,0.,-1.00808600371947));
#1644=CARTESIAN_POINT('',(59.9970810120271,0.,0.591836156601255));
#1645=CARTESIAN_POINT('',(67.4935337313433,0.,-0.934293559877691));
#1646=CARTESIAN_POINT('',(70.012376811541,0.,-0.909446644285924));
#1647=CARTESIAN_POINT('Origin',(0.,0.,0.));
#1648=CARTESIAN_POINT('',(-4.65365763146252E-15,0.,37.9999983236194));
#1649=CARTESIAN_POINT('Origin',(0.,0.,0.));
#1650=CARTESIAN_POINT('Origin',(59.9970810120271,0.,0.591836156601255));
#1651=CARTESIAN_POINT('Origin',(59.9970810120271,0.,0.591836156601255));
#1652=CARTESIAN_POINT('Origin',(69.9965945140316,0.,0.690475516034798));
#1653=CARTESIAN_POINT('Ctrl Pts',(67.4935337313433,0.,-0.934293559877818));
#1654=CARTESIAN_POINT('Ctrl Pts',(67.4935337313433,-0.200907641619378,-0.934293559877818));
#1655=CARTESIAN_POINT('Ctrl Pts',(67.4941271188537,-0.415201586175996,-0.894132776342937));
#1656=CARTESIAN_POINT('Ctrl Pts',(67.4960930358976,-0.809406284065395,-0.730817244970528));
#1657=CARTESIAN_POINT('Ctrl Pts',(67.4974142463635,-0.989317673418912,-0.607663418613373));
#1658=CARTESIAN_POINT('Ctrl Pts',(67.4993741974997,-1.27342402486505,-0.323523911004684));
#1659=CARTESIAN_POINT('Ctrl Pts',(67.5001350565081,-1.39655882836371,-0.143596262340826));
#1660=CARTESIAN_POINT('Ctrl Pts',(67.4998225173711,-1.55984702427043,0.25062453341743));
#1661=CARTESIAN_POINT('Ctrl Pts',(67.4986978786168,-1.6,0.464917810813262));
#1662=CARTESIAN_POINT('Ctrl Pts',(67.4947343984441,-1.6,0.866713541539562));
#1663=CARTESIAN_POINT('Ctrl Pts',(67.4916314736967,-1.55984702427043,1.0809873042997));
#1664=CARTESIAN_POINT('Ctrl Pts',(67.4841671930178,-1.39655882836371,1.47513755230537));
#1665=CARTESIAN_POINT('Ctrl Pts',(67.4798570651534,-1.27342402486505,1.65501517864597));
#1666=CARTESIAN_POINT('Ctrl Pts',(67.4722923003136,-0.989317673418912,1.93906073049546));
#1667=CARTESIAN_POINT('Ctrl Pts',(67.468541902237,-0.809406284065396,2.06216452839695));
#1668=CARTESIAN_POINT('Ctrl Pts',(67.4633546566129,-0.415201586175996,2.22540949799819));
#1669=CARTESIAN_POINT('Ctrl Pts',(67.4619691363245,-0.200907641619378,2.26555076076363));
#1670=CARTESIAN_POINT('Ctrl Pts',(67.4619691363245,1.04083408558608E-16,
2.26555076076363));
#1671=CARTESIAN_POINT('Origin',(0.,0.,0.));
#1672=CARTESIAN_POINT('',(-4.59242549680257E-15,-0.499999988821356,37.5));
#1673=CARTESIAN_POINT('',(-37.5,-0.499999988821356,4.59242549680257E-15));
#1674=CARTESIAN_POINT('Origin',(0.,-0.499999988821356,0.));
#1675=CARTESIAN_POINT('',(-37.5,-2.5,4.59242549680257E-15));
#1676=CARTESIAN_POINT('',(-37.5,0.,4.59242549680257E-15));
#1677=CARTESIAN_POINT('Origin',(0.,-2.5,0.));
#1678=CARTESIAN_POINT('Origin',(0.,-0.499999988821356,0.));
#1679=CARTESIAN_POINT('Origin',(0.,-2.5,0.));
#1680=CARTESIAN_POINT('',(-67.5,-2.5,8.26636589424464E-15));
#1681=CARTESIAN_POINT('Origin',(0.,-2.5,0.));
#1682=CARTESIAN_POINT('Origin',(0.,0.,0.));
#1683=CARTESIAN_POINT('Origin',(-4.59242529287381E-15,0.,37.4999983347952));
#1684=CARTESIAN_POINT('Origin',(0.,0.,0.));
#1685=CARTESIAN_POINT('',(-67.5,0.,8.26636589424464E-15));
#1686=CARTESIAN_POINT('Origin',(-7.97805554576093,6.5,-49.));
#1687=CARTESIAN_POINT('',(-6.97805554576093,4.9,-49.));
#1688=CARTESIAN_POINT('Origin',(-6.97805554576093,6.5,-49.));
#1689=CARTESIAN_POINT('',(-7.97805554576093,4.9,-49.));
#1690=CARTESIAN_POINT('',(-7.97805554576093,4.9,-49.));
#1691=CARTESIAN_POINT('Origin',(-7.97805554576093,6.5,-49.));
#1692=CARTESIAN_POINT('Origin',(-7.97805554576093,6.74999999999998,-50.25));
#1693=CARTESIAN_POINT('',(-7.97805554576093,6.75,-53.));
#1694=CARTESIAN_POINT('',(-7.97805554576093,9.5,-50.25));
#1695=CARTESIAN_POINT('Origin',(-7.97805554576093,6.74999999999998,-50.25));
#1696=CARTESIAN_POINT('',(-6.97805554576093,9.5,-50.25));
#1697=CARTESIAN_POINT('',(-7.97805554576093,9.5,-50.25));
#1698=CARTESIAN_POINT('',(-6.97805554576093,6.75,-53.));
#1699=CARTESIAN_POINT('Origin',(-6.97805554576093,6.74999999999998,-50.25));
#1700=CARTESIAN_POINT('',(-7.97805554576093,6.75,-53.));
#1701=CARTESIAN_POINT('Origin',(-7.97805554576093,9.49999999999999,-47.75));
#1702=CARTESIAN_POINT('',(-7.97805554576093,9.49999999999999,-47.75));
#1703=CARTESIAN_POINT('',(-7.97805554576093,9.49999999999999,-47.75));
#1704=CARTESIAN_POINT('',(-6.97805554576093,9.49999999999999,-47.75));
#1705=CARTESIAN_POINT('',(-7.97805554576093,9.49999999999999,-47.75));
#1706=CARTESIAN_POINT('',(-6.97805554576093,9.49999999999999,-47.75));
#1707=CARTESIAN_POINT('Origin',(-7.97805554576093,6.75,-47.75));
#1708=CARTESIAN_POINT('',(-7.97805554576093,6.75,-45.));
#1709=CARTESIAN_POINT('Origin',(-7.97805554576093,6.75,-47.75));
#1710=CARTESIAN_POINT('',(-6.97805554576093,6.75,-45.));
#1711=CARTESIAN_POINT('',(-7.97805554576093,6.75,-45.));
#1712=CARTESIAN_POINT('Origin',(-6.97805554576093,6.75,-47.75));
#1713=CARTESIAN_POINT('Origin',(-7.97805554576093,6.5,-49.));
#1714=CARTESIAN_POINT('',(-7.97805554576093,3.5,-53.));
#1715=CARTESIAN_POINT('',(-7.97805554576093,6.75,-53.));
#1716=CARTESIAN_POINT('',(-7.97805554576093,3.5,-45.));
#1717=CARTESIAN_POINT('',(-7.97805554576093,3.5,-49.));
#1718=CARTESIAN_POINT('',(-7.97805554576093,3.5,-45.));
#1719=CARTESIAN_POINT('Origin',(-6.97805554576093,6.5,-49.));
#1720=CARTESIAN_POINT('',(-6.97805554576093,3.5,-53.));
#1721=CARTESIAN_POINT('',(-6.97805554576093,6.75,-53.));
#1722=CARTESIAN_POINT('',(-6.97805554576093,3.5,-45.));
#1723=CARTESIAN_POINT('',(-6.97805554576093,3.5,-45.));
#1724=CARTESIAN_POINT('',(-6.97805554576093,3.5,-49.));
#1725=CARTESIAN_POINT('Origin',(0.,3.5,-49.));
#1726=CARTESIAN_POINT('',(-8.,3.5,-53.));
#1727=CARTESIAN_POINT('',(8.,3.5,-53.));
#1728=CARTESIAN_POINT('',(-8.,3.5,-45.));
#1729=CARTESIAN_POINT('',(-8.,3.5,-53.));
#1730=CARTESIAN_POINT('',(-8.,3.5,-45.));
#1731=CARTESIAN_POINT('Origin',(8.,6.5,-49.));
#1732=CARTESIAN_POINT('',(7.,4.9,-49.));
#1733=CARTESIAN_POINT('Origin',(7.,6.5,-49.));
#1734=CARTESIAN_POINT('',(8.,4.9,-49.));
#1735=CARTESIAN_POINT('',(8.,4.9,-49.));
#1736=CARTESIAN_POINT('Origin',(8.,6.5,-49.));
#1737=CARTESIAN_POINT('Origin',(8.,6.74999999999998,-50.25));
#1738=CARTESIAN_POINT('',(8.,6.75,-53.));
#1739=CARTESIAN_POINT('',(8.,9.5,-50.25));
#1740=CARTESIAN_POINT('Origin',(8.,6.74999999999998,-50.25));
#1741=CARTESIAN_POINT('',(7.,6.75,-53.));
#1742=CARTESIAN_POINT('',(8.,6.75,-53.));
#1743=CARTESIAN_POINT('',(7.,9.5,-50.25));
#1744=CARTESIAN_POINT('Origin',(7.,6.74999999999998,-50.25));
#1745=CARTESIAN_POINT('',(8.,9.5,-50.25));
#1746=CARTESIAN_POINT('Origin',(8.,9.49999999999999,-47.75));
#1747=CARTESIAN_POINT('',(8.,9.49999999999999,-47.75));
#1748=CARTESIAN_POINT('',(8.,9.49999999999999,-47.75));
#1749=CARTESIAN_POINT('',(7.,9.49999999999999,-47.75));
#1750=CARTESIAN_POINT('',(7.,9.49999999999999,-47.75));
#1751=CARTESIAN_POINT('',(8.,9.49999999999999,-47.75));
#1752=CARTESIAN_POINT('Origin',(8.,6.75,-47.75));
#1753=CARTESIAN_POINT('',(8.,6.75,-45.));
#1754=CARTESIAN_POINT('Origin',(8.,6.75,-47.75));
#1755=CARTESIAN_POINT('',(7.,6.75,-45.));
#1756=CARTESIAN_POINT('Origin',(7.,6.75,-47.75));
#1757=CARTESIAN_POINT('',(8.,6.75,-45.));
#1758=CARTESIAN_POINT('Origin',(7.,6.5,-49.));
#1759=CARTESIAN_POINT('',(7.,3.5,-53.));
#1760=CARTESIAN_POINT('',(7.,6.75,-53.));
#1761=CARTESIAN_POINT('',(7.,3.5,-45.));
#1762=CARTESIAN_POINT('',(7.,3.5,-49.));
#1763=CARTESIAN_POINT('',(7.,3.5,-45.));
#1764=CARTESIAN_POINT('Origin',(0.,3.5,-49.));
#1765=CARTESIAN_POINT('',(-8.,3.5,-45.));
#1766=CARTESIAN_POINT('',(8.,3.5,-53.));
#1767=CARTESIAN_POINT('Origin',(8.,2.5,-53.));
#1768=CARTESIAN_POINT('',(-8.,2.5,-53.));
#1769=CARTESIAN_POINT('',(8.,2.5,-53.));
#1770=CARTESIAN_POINT('',(4.,2.5,-53.));
#1771=CARTESIAN_POINT('',(-8.,2.5,-53.));
#1772=CARTESIAN_POINT('',(8.,2.5,-53.));
#1773=CARTESIAN_POINT('Origin',(8.,2.5,-45.));
#1774=CARTESIAN_POINT('',(8.,2.5,-45.));
#1775=CARTESIAN_POINT('',(8.,2.5,-22.5));
#1776=CARTESIAN_POINT('',(8.,2.5,-45.));
#1777=CARTESIAN_POINT('Origin',(-8.,2.5,-45.));
#1778=CARTESIAN_POINT('',(-8.,2.5,-45.));
#1779=CARTESIAN_POINT('',(-4.,2.5,-45.));
#1780=CARTESIAN_POINT('',(-8.,2.5,-45.));
#1781=CARTESIAN_POINT('Origin',(-8.,2.5,-53.));
#1782=CARTESIAN_POINT('',(-8.,2.5,-26.5));
#1783=CARTESIAN_POINT('Origin',(-69.9965945140316,0.,0.690475516034798));
#1784=CARTESIAN_POINT('',(-60.0128633095364,0.,-1.00808600371947));
#1785=CARTESIAN_POINT('',(-67.4935337313433,0.,-0.934293559877691));
#1786=CARTESIAN_POINT('',(-70.012376811541,0.,-0.909446644285924));
#1787=CARTESIAN_POINT('',(-59.9812987145177,0.,2.19175831692198));
#1788=CARTESIAN_POINT('Origin',(-59.9970810120271,0.,0.591836156601255));
#1789=CARTESIAN_POINT('',(-67.4619691363245,0.,2.26555076076354));
#1790=CARTESIAN_POINT('',(-69.9808122165222,0.,2.29039767635552));
#1791=CARTESIAN_POINT('',(-67.5,1.45488469833161,3.06887199988238E-11));
#1792=CARTESIAN_POINT('Ctrl Pts',(-67.5,1.45488469833161,6.13690477421286E-11));
#1793=CARTESIAN_POINT('Ctrl Pts',(-67.5,1.46297989452924,0.0176898059717467));
#1794=CARTESIAN_POINT('Ctrl Pts',(-67.4999930413467,1.47075561447158,0.0355343594394471));
#1795=CARTESIAN_POINT('Ctrl Pts',(-67.4998225173711,1.55984702427043,0.250624533417429));
#1796=CARTESIAN_POINT('Ctrl Pts',(-67.4986978786168,1.6,0.464917810813261));
#1797=CARTESIAN_POINT('Ctrl Pts',(-67.4947343984441,1.6,0.866713541539562));
#1798=CARTESIAN_POINT('Ctrl Pts',(-67.4916314736967,1.55984702427043,1.0809873042997));
#1799=CARTESIAN_POINT('Ctrl Pts',(-67.4841671930178,1.39655882836371,1.47513755230537));
#1800=CARTESIAN_POINT('Ctrl Pts',(-67.4798570651534,1.27342402486505,1.65501517864597));
#1801=CARTESIAN_POINT('Ctrl Pts',(-67.4722923003136,0.989317673418912,1.93906073049546));
#1802=CARTESIAN_POINT('Ctrl Pts',(-67.468541902237,0.809406284065396,2.06216452839695));
#1803=CARTESIAN_POINT('Ctrl Pts',(-67.4633546566129,0.415201586175996,2.22540949799819));
#1804=CARTESIAN_POINT('Ctrl Pts',(-67.4619691363245,0.200907641619378,2.26555076076363));
#1805=CARTESIAN_POINT('Ctrl Pts',(-67.4619691363245,-1.04083408558608E-16,
2.26555076076363));
#1806=CARTESIAN_POINT('Ctrl Pts',(-67.4935337313433,0.,-0.934293559877818));
#1807=CARTESIAN_POINT('Ctrl Pts',(-67.4935337313433,0.200907641619378,-0.934293559877818));
#1808=CARTESIAN_POINT('Ctrl Pts',(-67.4941271188537,0.415201586175996,-0.894132776342937));
#1809=CARTESIAN_POINT('Ctrl Pts',(-67.4960930358976,0.809406284065395,-0.730817244970528));
#1810=CARTESIAN_POINT('Ctrl Pts',(-67.4974142463635,0.989317673418911,-0.607663418613374));
#1811=CARTESIAN_POINT('Ctrl Pts',(-67.4992848072829,1.26046639143976,-0.336483056629183));
#1812=CARTESIAN_POINT('Ctrl Pts',(-67.5000000000002,1.3742331084374,-0.176241679171795));
#1813=CARTESIAN_POINT('Ctrl Pts',(-67.5,1.45488469833161,6.13690695483449E-11));
#1814=CARTESIAN_POINT('Origin',(-59.9970810120271,0.,0.591836156601255));
#1815=CARTESIAN_POINT('',(-59.9970810120271,0.,0.591836156601255));
#1816=CARTESIAN_POINT('Origin',(0.,0.,0.));
#1817=CARTESIAN_POINT('',(-67.5,2.5,8.26636589424464E-15));
#1818=CARTESIAN_POINT('Origin',(0.,2.5,0.));
#1819=CARTESIAN_POINT('',(-67.5,0.,8.26636589424464E-15));
#1820=CARTESIAN_POINT('',(67.4619691363245,0.,2.26555076076354));
#1821=CARTESIAN_POINT('Origin',(0.,0.,0.));
#1822=CARTESIAN_POINT('',(67.4935337313433,0.,-0.934293559877691));
#1823=CARTESIAN_POINT('Ctrl Pts',(67.4619691363245,3.46944695195361E-17,
2.26555076076363));
#1824=CARTESIAN_POINT('Ctrl Pts',(67.4619691363245,0.200907641619379,2.26555076076363));
#1825=CARTESIAN_POINT('Ctrl Pts',(67.4633546566129,0.415201586175996,2.22540949799819));
#1826=CARTESIAN_POINT('Ctrl Pts',(67.468541902237,0.809406284065396,2.06216452839695));
#1827=CARTESIAN_POINT('Ctrl Pts',(67.4722923003136,0.989317673418912,1.93906073049546));
#1828=CARTESIAN_POINT('Ctrl Pts',(67.4798570651534,1.27342402486505,1.65501517864597));
#1829=CARTESIAN_POINT('Ctrl Pts',(67.4841671930178,1.39655882836371,1.47513755230537));
#1830=CARTESIAN_POINT('Ctrl Pts',(67.4916314736967,1.55984702427043,1.0809873042997));
#1831=CARTESIAN_POINT('Ctrl Pts',(67.4947343984441,1.6,0.866713541539562));
#1832=CARTESIAN_POINT('Ctrl Pts',(67.4986978786168,1.6,0.464917810813262));
#1833=CARTESIAN_POINT('Ctrl Pts',(67.4998225173711,1.55984702427043,0.25062453341743));
#1834=CARTESIAN_POINT('Ctrl Pts',(67.5001350565081,1.39655882836371,-0.143596262340826));
#1835=CARTESIAN_POINT('Ctrl Pts',(67.4993741974997,1.27342402486505,-0.323523911004685));
#1836=CARTESIAN_POINT('Ctrl Pts',(67.4974142463635,0.989317673418912,-0.607663418613373));
#1837=CARTESIAN_POINT('Ctrl Pts',(67.4960930358976,0.809406284065396,-0.730817244970527));
#1838=CARTESIAN_POINT('Ctrl Pts',(67.4941271188537,0.415201586175996,-0.894132776342937));
#1839=CARTESIAN_POINT('Ctrl Pts',(67.4935337313433,0.200907641619379,-0.934293559877819));
#1840=CARTESIAN_POINT('Ctrl Pts',(67.4935337313433,6.93889390390723E-17,
-0.934293559877819));
#1841=CARTESIAN_POINT('Origin',(0.,0.,0.));
#1842=CARTESIAN_POINT('Origin',(59.9970810120271,0.,0.591836156601255));
#1843=CARTESIAN_POINT('',(60.0128633095364,0.,-1.00808600371947));
#1844=CARTESIAN_POINT('',(59.9812987145177,0.,2.19175831692198));
#1845=CARTESIAN_POINT('',(59.9970810120271,0.,0.591836156601255));
#1846=CARTESIAN_POINT('Origin',(59.9970810120271,0.,0.591836156601255));
#1847=CARTESIAN_POINT('Origin',(69.9965945140316,0.,0.690475516034798));
#1848=CARTESIAN_POINT('',(70.012376811541,0.,-0.909446644285924));
#1849=CARTESIAN_POINT('',(69.9808122165222,0.,2.29039767635552));
#1850=CARTESIAN_POINT('Origin',(0.,0.,0.));
#1851=CARTESIAN_POINT('',(-4.65365763146252E-15,0.,37.9999983236194));
#1852=CARTESIAN_POINT('Origin',(0.,0.,0.));
#1853=CARTESIAN_POINT('Origin',(0.,0.,0.));
#1854=CARTESIAN_POINT('',(-37.5,0.499999988821356,4.59242549680257E-15));
#1855=CARTESIAN_POINT('',(-4.59242549680257E-15,0.499999988821356,37.5));
#1856=CARTESIAN_POINT('Origin',(0.,0.499999988821356,0.));
#1857=CARTESIAN_POINT('Origin',(0.,0.499999988821356,0.));
#1858=CARTESIAN_POINT('Origin',(-4.59242529287381E-15,0.,37.4999983347952));
#1859=CARTESIAN_POINT('Origin',(0.,0.,0.));
#1860=CARTESIAN_POINT('',(-37.5,2.5,4.59242549680257E-15));
#1861=CARTESIAN_POINT('Origin',(0.,2.5,0.));
#1862=CARTESIAN_POINT('',(-37.5,0.,4.59242549680257E-15));
#1863=CARTESIAN_POINT('Origin',(0.,2.5,0.));
#1864=CARTESIAN_POINT('',(0.,0.,0.));
#1865=CARTESIAN_POINT('Origin',(80.,2.5,0.));
#1866=CARTESIAN_POINT('',(85.1,2.5,-6.2456986756515E-16));
#1867=CARTESIAN_POINT('Origin',(80.,2.5,0.));
#1868=CARTESIAN_POINT('',(85.1,-2.5,-6.2456986756515E-16));
#1869=CARTESIAN_POINT('',(85.1,2.5,6.2456986756515E-16));
#1870=CARTESIAN_POINT('Origin',(80.,-2.5,0.));
#1871=CARTESIAN_POINT('',(74.994032790231,1.58264132482115,0.974829366975582));
#1872=CARTESIAN_POINT('',(74.994032790231,-1.58264132482115,0.974829366975582));
#1873=CARTESIAN_POINT('',(74.994032790231,2.5,0.974829366975577));
#1874=CARTESIAN_POINT('',(74.9538804247955,-1.6,0.739376245722163));
#1875=CARTESIAN_POINT('Ctrl Pts',(74.9538804247955,-1.6,0.739376245722163));
#1876=CARTESIAN_POINT('Ctrl Pts',(74.924731637617,-1.6,0.540440634217501));
#1877=CARTESIAN_POINT('Ctrl Pts',(74.9066688631757,-1.56061814150833,0.326804378399908));
#1878=CARTESIAN_POINT('Ctrl Pts',(74.8966368528747,-1.3985168943441,-0.0671398261988521));
#1879=CARTESIAN_POINT('Ctrl Pts',(74.9040077962799,-1.27578352118077,-0.247424941157889));
#1880=CARTESIAN_POINT('Ctrl Pts',(74.9258518057037,-0.99191456736643,-0.532475421742388));
#1881=CARTESIAN_POINT('Ctrl Pts',(74.9416943543339,-0.811812895730755,-0.656059299811798));
#1882=CARTESIAN_POINT('Ctrl Pts',(74.9656844793913,-0.416789875509149,-0.820083645184765));
#1883=CARTESIAN_POINT('Ctrl Pts',(74.9731203088689,-0.20182051465424,-0.860511807526872));
#1884=CARTESIAN_POINT('Ctrl Pts',(74.9731203088689,0.20182051465424,-0.860511807526872));
#1885=CARTESIAN_POINT('Ctrl Pts',(74.9656844793913,0.416789875509148,-0.820083645184765));
#1886=CARTESIAN_POINT('Ctrl Pts',(74.9416943543339,0.811812895730755,-0.656059299811798));
#1887=CARTESIAN_POINT('Ctrl Pts',(74.9258518057037,0.99191456736643,-0.532475421742388));
#1888=CARTESIAN_POINT('Ctrl Pts',(74.9040077962799,1.27578352118077,-0.247424941157889));
#1889=CARTESIAN_POINT('Ctrl Pts',(74.8966368528747,1.3985168943441,-0.0671398261988524));
#1890=CARTESIAN_POINT('Ctrl Pts',(74.9066688631757,1.56061814150833,0.326804378399907));
#1891=CARTESIAN_POINT('Ctrl Pts',(74.924731637617,1.6,0.540440634217501));
#1892=CARTESIAN_POINT('Ctrl Pts',(74.9652338666516,1.6,0.816861593036448));
#1893=CARTESIAN_POINT('Ctrl Pts',(74.9786635109007,1.59433972179515,0.895904674129943));
#1894=CARTESIAN_POINT('Ctrl Pts',(74.994032790231,1.58264132482115,0.974829366975582));
#1895=CARTESIAN_POINT('Ctrl Pts',(74.994032790231,-1.58264132482115,0.974829366975582));
#1896=CARTESIAN_POINT('Ctrl Pts',(74.9786635109007,-1.59433972179515,0.895904674129943));
#1897=CARTESIAN_POINT('Ctrl Pts',(74.9652338666516,-1.6,0.816861593036448));
#1898=CARTESIAN_POINT('Ctrl Pts',(74.9538804247955,-1.6,0.739376245722163));
#1899=CARTESIAN_POINT('Origin',(-80.,2.5,0.));
#1900=CARTESIAN_POINT('',(-74.9,2.5,-6.2456986756515E-16));
#1901=CARTESIAN_POINT('Origin',(-80.,2.5,0.));
#1902=CARTESIAN_POINT('',(-74.9,1.41921159614781,2.6578120350397E-10));
#1903=CARTESIAN_POINT('',(-74.9,2.5,6.2456986756515E-16));
#1904=CARTESIAN_POINT('',(-74.994032790231,1.58264132482115,0.974829366975582));
#1905=CARTESIAN_POINT('Ctrl Pts',(-74.994032790231,1.58264132482115,0.974829366975581));
#1906=CARTESIAN_POINT('Ctrl Pts',(-74.9703696601129,1.60065262410333,0.853313892098416));
#1907=CARTESIAN_POINT('Ctrl Pts',(-74.9497595756198,1.60519425202986,0.722585766763662));
#1908=CARTESIAN_POINT('Ctrl Pts',(-74.9159167496271,1.57867263786792,0.433432522460277));
#1909=CARTESIAN_POINT('Ctrl Pts',(-74.905555968106,1.53869790783653,0.275438264311267));
#1910=CARTESIAN_POINT('Ctrl Pts',(-74.9006146187072,1.46395507818394,0.0913272928683333));
#1911=CARTESIAN_POINT('Ctrl Pts',(-74.9000000000048,1.44287747827043,0.0454630869793662));
#1912=CARTESIAN_POINT('Ctrl Pts',(-74.9,1.41921159614781,5.31561835163795E-10));
#1913=CARTESIAN_POINT('',(-74.994032790231,-1.58264132482115,0.974829366975582));
#1914=CARTESIAN_POINT('',(-74.994032790231,2.5,0.974829366975577));
#1915=CARTESIAN_POINT('',(-74.9538804247952,-1.6,0.739376245720926));
#1916=CARTESIAN_POINT('Ctrl Pts',(-74.9538804247952,-1.6,0.739376245719692));
#1917=CARTESIAN_POINT('Ctrl Pts',(-74.9656636350802,-1.60000000000012,0.819794690892159));
#1918=CARTESIAN_POINT('Ctrl Pts',(-74.9792851264847,-1.59386657626172,0.899096809426802));
#1919=CARTESIAN_POINT('Ctrl Pts',(-74.994032790231,-1.58264132482115,0.974829366975582));
#1920=CARTESIAN_POINT('',(-74.9,-1.41921159614781,2.6578123819844E-10));
#1921=CARTESIAN_POINT('Ctrl Pts',(-74.9,-1.41921159614781,5.31561834787049E-10));
#1922=CARTESIAN_POINT('Ctrl Pts',(-74.9000000000048,-1.44287747827043,0.0454630869793663));
#1923=CARTESIAN_POINT('Ctrl Pts',(-74.9006146187072,-1.46395507818394,0.0913272928683335));
#1924=CARTESIAN_POINT('Ctrl Pts',(-74.905555968106,-1.53869790783653,0.275438264311268));
#1925=CARTESIAN_POINT('Ctrl Pts',(-74.9159167496271,-1.57867263786792,0.433432522460277));
#1926=CARTESIAN_POINT('Ctrl Pts',(-74.940297073053,-1.59777877076546,0.641738105962125));
#1927=CARTESIAN_POINT('Ctrl Pts',(-74.9467570717776,-1.59999999999993,0.690760549298281));
#1928=CARTESIAN_POINT('Ctrl Pts',(-74.9538804247952,-1.6,0.739376245719692));
#1929=CARTESIAN_POINT('',(-74.9,-2.5,-6.2456986756515E-16));
#1930=CARTESIAN_POINT('',(-74.9,2.5,6.2456986756515E-16));
#1931=CARTESIAN_POINT('Origin',(-80.,-2.5,0.));
#1932=CARTESIAN_POINT('Ctrl Pts',(-74.9,1.41921159614781,5.31561669681047E-10));
#1933=CARTESIAN_POINT('Ctrl Pts',(-74.8999999999903,1.37058196460823,-0.0934194262682948));
#1934=CARTESIAN_POINT('Ctrl Pts',(-74.902657907142,1.31083168444308,-0.18504561799408));
#1935=CARTESIAN_POINT('Ctrl Pts',(-74.9137564551495,1.14047513390077,-0.394845880052235));
#1936=CARTESIAN_POINT('Ctrl Pts',(-74.9242572796399,1.0186036013399,-0.503911576095617));
#1937=CARTESIAN_POINT('Ctrl Pts',(-74.943680885381,0.76991300334196,-0.671385409562374));
#1938=CARTESIAN_POINT('Ctrl Pts',(-74.9542470232442,0.622703314054626,-0.743416215315775));
#1939=CARTESIAN_POINT('Ctrl Pts',(-74.9690880506366,0.312947011055589,-0.837983154457715));
#1940=CARTESIAN_POINT('Ctrl Pts',(-74.9731203088689,0.150386536418114,-0.860511807526872));
#1941=CARTESIAN_POINT('Ctrl Pts',(-74.9731203088689,-0.150386536418114,
-0.860511807526872));
#1942=CARTESIAN_POINT('Ctrl Pts',(-74.9690880506366,-0.312947011055589,
-0.837983154457716));
#1943=CARTESIAN_POINT('Ctrl Pts',(-74.9542470232442,-0.622703314054626,
-0.743416215315775));
#1944=CARTESIAN_POINT('Ctrl Pts',(-74.943680885381,-0.769913003341961,-0.671385409562374));
#1945=CARTESIAN_POINT('Ctrl Pts',(-74.9242572796399,-1.0186036013399,-0.503911576095617));
#1946=CARTESIAN_POINT('Ctrl Pts',(-74.9137564551495,-1.14047513390077,-0.394845880052234));
#1947=CARTESIAN_POINT('Ctrl Pts',(-74.902657907142,-1.31083168444308,-0.18504561799408));
#1948=CARTESIAN_POINT('Ctrl Pts',(-74.8999999999903,-1.37058196460823,-0.0934194262682946));
#1949=CARTESIAN_POINT('Ctrl Pts',(-74.9,-1.41921159614781,5.31561808458925E-10));
#1950=CARTESIAN_POINT('Origin',(69.9965945140316,0.,0.690475516034798));
#1951=CARTESIAN_POINT('',(69.9965945140316,-1.6,0.690475516034798));
#1952=CARTESIAN_POINT('Origin',(69.9965945140316,0.,0.690475516034798));
#1953=CARTESIAN_POINT('',(69.9965945140316,-1.6,0.690475516034798));
#1954=CARTESIAN_POINT('Origin',(74.9963512650338,0.,0.739795195751569));
#1955=CARTESIAN_POINT('Origin',(-69.9965945140316,0.,0.690475516034798));
#1956=CARTESIAN_POINT('',(-69.9965945140316,-1.6,0.690475516034798));
#1957=CARTESIAN_POINT('Origin',(-69.9965945140316,0.,0.690475516034798));
#1958=CARTESIAN_POINT('',(-69.9965945140316,-1.6,0.690475516034798));
#1959=CARTESIAN_POINT('Origin',(-74.9963512650338,0.,0.739795195751569));
#1960=CARTESIAN_POINT('Origin',(-2.52478267002918,0.,-2.49999999999957));
#1961=CARTESIAN_POINT('',(-70.0214988085596,-2.5,-1.83418432382317));
#1962=CARTESIAN_POINT('',(-2.52478267002918,-2.5,-69.9999999999996));
#1963=CARTESIAN_POINT('Origin',(-2.52478267002918,-2.5,-2.49999999999957));
#1964=CARTESIAN_POINT('',(-2.52478267002918,2.5,-69.9999999999996));
#1965=CARTESIAN_POINT('',(-2.52478267002918,0.,-69.9999999999996));
#1966=CARTESIAN_POINT('',(-70.0214988085596,2.5,-1.83418432382317));
#1967=CARTESIAN_POINT('Origin',(-2.52478267002918,2.5,-2.49999999999957));
#1968=CARTESIAN_POINT('',(-70.0214988085596,0.,-1.83418432382316));
#1969=CARTESIAN_POINT('Origin',(-70.6939147608172,0.,-69.9999999999996));
#1970=CARTESIAN_POINT('',(2.52478267002918,-2.5,-69.9999999999996));
#1971=CARTESIAN_POINT('',(-70.6939147608172,-2.5,-69.9999999999996));
#1972=CARTESIAN_POINT('',(2.52478267002918,2.5,-69.9999999999996));
#1973=CARTESIAN_POINT('',(2.52478267002918,0.,-69.9999999999996));
#1974=CARTESIAN_POINT('',(-70.6939147608172,2.5,-69.9999999999996));
#1975=CARTESIAN_POINT('Origin',(2.52478267002918,0.,-2.49999999999957));
#1976=CARTESIAN_POINT('',(70.0214988085596,2.5,-1.83418432382317));
#1977=CARTESIAN_POINT('Origin',(2.52478267002918,2.5,-2.49999999999957));
#1978=CARTESIAN_POINT('',(70.0214988085596,-2.5,-1.83418432382317));
#1979=CARTESIAN_POINT('Origin',(2.52478267002918,-2.5,-2.49999999999957));
#1980=CARTESIAN_POINT('',(70.0214988085596,0.,-1.83418432382316));
#1981=CARTESIAN_POINT('Origin',(2.47546059080314,0.,2.50000000000045));
#1982=CARTESIAN_POINT('',(69.9721767293336,-2.5,3.16581567617686));
#1983=CARTESIAN_POINT('',(2.47546059080314,-2.5,70.0000000000004));
#1984=CARTESIAN_POINT('Origin',(2.47546059080314,-2.5,2.50000000000045));
#1985=CARTESIAN_POINT('',(2.47546059080314,2.5,70.0000000000004));
#1986=CARTESIAN_POINT('',(2.47546059080314,0.,70.0000000000004));
#1987=CARTESIAN_POINT('',(69.9721767293336,2.5,3.16581567617686));
#1988=CARTESIAN_POINT('Origin',(2.47546059080314,2.5,2.50000000000045));
#1989=CARTESIAN_POINT('',(69.9721767293336,0.,3.16581567617686));
#1990=CARTESIAN_POINT('Origin',(69.3128965424881,0.,70.0000000000004));
#1991=CARTESIAN_POINT('',(-2.47546059080315,-2.5,70.0000000000004));
#1992=CARTESIAN_POINT('',(69.3128965424881,-2.5,70.0000000000004));
#1993=CARTESIAN_POINT('',(-2.47546059080315,2.5,70.0000000000004));
#1994=CARTESIAN_POINT('',(-2.47546059080315,0.,70.0000000000004));
#1995=CARTESIAN_POINT('',(69.3128965424881,2.5,70.0000000000004));
#1996=CARTESIAN_POINT('Origin',(-2.47546059080315,0.,2.50000000000044));
#1997=CARTESIAN_POINT('',(-69.9721767293336,-2.5,3.16581567617686));
#1998=CARTESIAN_POINT('Origin',(-2.47546059080315,-2.5,2.50000000000044));
#1999=CARTESIAN_POINT('',(-69.9721767293336,2.5,3.16581567617686));
#2000=CARTESIAN_POINT('',(-69.9721767293336,0.,3.16581567617686));
#2001=CARTESIAN_POINT('Origin',(-2.47546059080315,2.5,2.50000000000044));
#2002=CARTESIAN_POINT('Origin',(-69.3128965424881,0.,70.0000000000004));
#2003=CARTESIAN_POINT('',(-69.3128965424881,2.5,70.0000000000004));
#2004=CARTESIAN_POINT('',(-69.3128965424881,-2.5,70.0000000000004));
#2005=CARTESIAN_POINT('Origin',(7.28306304154103E-13,2.5,4.35207425653061E-13));
#2006=CARTESIAN_POINT('',(87.5000000000006,2.5,72.722230192899));
#2007=CARTESIAN_POINT('',(87.5000000000011,2.5,-72.7222301928977));
#2008=CARTESIAN_POINT('',(87.5000000000007,2.5,-74.9999999999996));
#2009=CARTESIAN_POINT('',(85.5476258796344,2.5,-74.9999999999984));
#2010=CARTESIAN_POINT('',(87.5000000000011,2.5,-72.7222301928977));
#2011=CARTESIAN_POINT('',(-85.5476258796306,2.5,-74.9999999999988));
#2012=CARTESIAN_POINT('',(-87.4999999999993,2.5,-74.9999999999996));
#2013=CARTESIAN_POINT('',(-87.4999999999996,2.5,-72.7222301929013));
#2014=CARTESIAN_POINT('',(-87.4999999999996,2.5,-72.7222301929013));
#2015=CARTESIAN_POINT('',(-87.4999999999992,2.5,72.7222301929055));
#2016=CARTESIAN_POINT('',(-87.4999999999993,2.5,75.0000000000004));
#2017=CARTESIAN_POINT('',(-85.5476258796303,2.5,75.0000000000004));
#2018=CARTESIAN_POINT('',(-87.4999999999992,2.5,72.7222301929055));
#2019=CARTESIAN_POINT('',(85.547625879632,2.5,74.9999999999994));
#2020=CARTESIAN_POINT('',(87.5000000000007,2.5,75.0000000000004));
#2021=CARTESIAN_POINT('',(87.5000000000006,2.5,72.722230192899));
#2022=CARTESIAN_POINT('',(69.3128965424881,2.5,70.0000000000004));
#2023=CARTESIAN_POINT('Origin',(-74.9963512650338,0.,0.739795195751569));
#2024=CARTESIAN_POINT('Origin',(74.9963512650338,0.,0.739795195751569));
#2025=CARTESIAN_POINT('Origin',(-85.5476258796306,0.,-74.9999999999988));
#2026=CARTESIAN_POINT('',(-85.5476258796306,-2.5,-74.9999999999988));
#2027=CARTESIAN_POINT('',(-85.5476258796306,0.,-74.9999999999988));
#2028=CARTESIAN_POINT('',(-87.4999999999996,-2.5,-72.7222301929013));
#2029=CARTESIAN_POINT('',(-87.4999999999996,-2.5,-72.7222301929013));
#2030=CARTESIAN_POINT('',(-87.4999999999996,0.,-72.7222301929013));
#2031=CARTESIAN_POINT('Origin',(-87.4999999999993,0.,-72.7222301929013));
#2032=CARTESIAN_POINT('',(-87.4999999999992,-2.5,72.7222301929055));
#2033=CARTESIAN_POINT('',(-87.4999999999993,-2.5,75.0000000000004));
#2034=CARTESIAN_POINT('',(-87.4999999999992,0.,72.7222301929055));
#2035=CARTESIAN_POINT('Origin',(-87.4999999999992,0.,72.7222301929055));
#2036=CARTESIAN_POINT('',(-85.5476258796303,-2.5,75.0000000000004));
#2037=CARTESIAN_POINT('',(-87.4999999999992,-2.5,72.7222301929055));
#2038=CARTESIAN_POINT('',(-85.5476258796303,0.,75.0000000000004));
#2039=CARTESIAN_POINT('Origin',(-85.5476258796303,0.,75.0000000000004));
#2040=CARTESIAN_POINT('',(85.547625879632,-2.5,74.9999999999994));
#2041=CARTESIAN_POINT('',(87.5000000000007,-2.5,75.0000000000004));
#2042=CARTESIAN_POINT('',(85.547625879632,0.,74.9999999999994));
#2043=CARTESIAN_POINT('Origin',(7.28306304154103E-13,-2.5,4.35207425653061E-13));
#2044=CARTESIAN_POINT('',(87.5000000000011,-2.5,-72.7222301928977));
#2045=CARTESIAN_POINT('',(87.5000000000006,-2.5,72.722230192899));
#2046=CARTESIAN_POINT('',(87.5000000000007,-2.5,-74.9999999999996));
#2047=CARTESIAN_POINT('',(87.5000000000006,-2.5,72.722230192899));
#2048=CARTESIAN_POINT('',(85.5476258796344,-2.5,-74.9999999999984));
#2049=CARTESIAN_POINT('',(-87.4999999999993,-2.5,-74.9999999999996));
#2050=CARTESIAN_POINT('',(87.5000000000011,-2.5,-72.7222301928977));
#2051=CARTESIAN_POINT('',(69.3128965424881,-2.5,70.0000000000004));
#2052=CARTESIAN_POINT('Origin',(85.547625879632,0.,74.9999999999994));
#2053=CARTESIAN_POINT('',(87.5000000000006,0.,72.722230192899));
#2054=CARTESIAN_POINT('Origin',(87.5000000000007,0.,72.722230192899));
#2055=CARTESIAN_POINT('',(87.5000000000011,0.,-72.7222301928977));
#2056=CARTESIAN_POINT('Origin',(87.5000000000011,0.,-72.7222301928977));
#2057=CARTESIAN_POINT('',(85.5476258796344,0.,-74.9999999999984));
#2058=CARTESIAN_POINT('Origin',(85.5476258796344,0.,-74.9999999999996));
#2059=CARTESIAN_POINT('Origin',(70.6939147608172,0.,-69.9999999999996));
#2060=CARTESIAN_POINT('',(-0.0109722271195345,0.,0.000108234611056468));
#2061=CARTESIAN_POINT('',(0.,0.,0.));
#2062=UNCERTAINTY_MEASURE_WITH_UNIT(LENGTH_MEASURE(0.01),#2070,
'DISTANCE_ACCURACY_VALUE',
'Maximum model space distance between geometric entities at asserted c
onnectivities');
#2063=UNCERTAINTY_MEASURE_WITH_UNIT(LENGTH_MEASURE(0.01),#2070,
'DISTANCE_ACCURACY_VALUE',
'Maximum model space distance between geometric entities at asserted c
onnectivities');
#2064=UNCERTAINTY_MEASURE_WITH_UNIT(LENGTH_MEASURE(0.01),#2070,
'DISTANCE_ACCURACY_VALUE',
'Maximum model space distance between geometric entities at asserted c
onnectivities');
#2065=UNCERTAINTY_MEASURE_WITH_UNIT(LENGTH_MEASURE(0.01),#2070,
'DISTANCE_ACCURACY_VALUE',
'Maximum model space distance between geometric entities at asserted c
onnectivities');
#2066=(
GEOMETRIC_REPRESENTATION_CONTEXT(3)
GLOBAL_UNCERTAINTY_ASSIGNED_CONTEXT((#2062))
GLOBAL_UNIT_ASSIGNED_CONTEXT((#2070,#2072,#2073))
REPRESENTATION_CONTEXT('','3D')
);
#2067=(
GEOMETRIC_REPRESENTATION_CONTEXT(3)
GLOBAL_UNCERTAINTY_ASSIGNED_CONTEXT((#2063))
GLOBAL_UNIT_ASSIGNED_CONTEXT((#2070,#2072,#2073))
REPRESENTATION_CONTEXT('','3D')
);
#2068=(
GEOMETRIC_REPRESENTATION_CONTEXT(3)
GLOBAL_UNCERTAINTY_ASSIGNED_CONTEXT((#2064))
GLOBAL_UNIT_ASSIGNED_CONTEXT((#2070,#2072,#2073))
REPRESENTATION_CONTEXT('','3D')
);
#2069=(
GEOMETRIC_REPRESENTATION_CONTEXT(3)
GLOBAL_UNCERTAINTY_ASSIGNED_CONTEXT((#2065))
GLOBAL_UNIT_ASSIGNED_CONTEXT((#2070,#2072,#2073))
REPRESENTATION_CONTEXT('','3D')
);
#2070=(
LENGTH_UNIT()
NAMED_UNIT(*)
SI_UNIT(.MILLI.,.METRE.)
);
#2071=(
LENGTH_UNIT()
NAMED_UNIT(*)
SI_UNIT($,.METRE.)
);
#2072=(
NAMED_UNIT(*)
PLANE_ANGLE_UNIT()
SI_UNIT($,.RADIAN.)
);
#2073=(
NAMED_UNIT(*)
SI_UNIT($,.STERADIAN.)
SOLID_ANGLE_UNIT()
);
#2074=SHAPE_DEFINITION_REPRESENTATION(#2077,#2082);
#2075=SHAPE_DEFINITION_REPRESENTATION(#2078,#2083);
#2076=SHAPE_DEFINITION_REPRESENTATION(#2079,#2084);
#2077=PRODUCT_DEFINITION_SHAPE('',$,#2086);
#2078=PRODUCT_DEFINITION_SHAPE('',$,#2087);
#2079=PRODUCT_DEFINITION_SHAPE('',$,#2088);
#2080=PRODUCT_DEFINITION_SHAPE($,$,#17);
#2081=PRODUCT_DEFINITION_SHAPE($,$,#18);
#2082=SHAPE_REPRESENTATION('',(#1168,#1278,#1279),#2066);
#2083=SHAPE_REPRESENTATION('',(#1169),#2067);
#2084=SHAPE_REPRESENTATION('',(#1237),#2068);
#2085=PRODUCT_DEFINITION_CONTEXT('part definition',#2096,'design');
#2086=PRODUCT_DEFINITION('2026-06-30-17-54-35-923',
'Projector Lens mount',#2089,#2085);
#2087=PRODUCT_DEFINITION('2026-08-02-16-02-17-877','gYRO',#2090,#2085);
#2088=PRODUCT_DEFINITION('2026-08-02-16-06-35-428','Frame',#2091,#2085);
#2089=PRODUCT_DEFINITION_FORMATION('',$,#2098);
#2090=PRODUCT_DEFINITION_FORMATION('',$,#2099);
#2091=PRODUCT_DEFINITION_FORMATION('',$,#2100);
#2092=PRODUCT_RELATED_PRODUCT_CATEGORY('Projector Lens mount',
'Projector Lens mount',(#2098));
#2093=PRODUCT_RELATED_PRODUCT_CATEGORY('gYRO','gYRO',(#2099));
#2094=PRODUCT_RELATED_PRODUCT_CATEGORY('Frame','Frame',(#2100));
#2095=APPLICATION_PROTOCOL_DEFINITION('international standard',
'automotive_design',2009,#2096);
#2096=APPLICATION_CONTEXT(
'Core Data for Automotive Mechanical Design Process');
#2097=PRODUCT_CONTEXT('part definition',#2096,'mechanical');
#2098=PRODUCT('2026-06-30-17-54-35-923','Projector Lens mount',$,(#2097));
#2099=PRODUCT('2026-08-02-16-02-17-877','gYRO',$,(#2097));
#2100=PRODUCT('2026-08-02-16-06-35-428','Frame',$,(#2097));
#2101=PRESENTATION_STYLE_ASSIGNMENT((#2102));
#2102=SURFACE_STYLE_USAGE(.BOTH.,#2103);
#2103=SURFACE_SIDE_STYLE('',(#2104));
#2104=SURFACE_STYLE_FILL_AREA(#2105);
#2105=FILL_AREA_STYLE('Plastic - Translucent Matte (White)',(#2106));
#2106=FILL_AREA_STYLE_COLOUR('Plastic - Translucent Matte (White)',#2107);
#2107=COLOUR_RGB('Plastic - Translucent Matte (White)',0.964705882352941,
0.964705882352941,0.952941176470588);
ENDSEC;
END-ISO-10303-21;
